启动AI数字员工全自动工作系统 v3.0 (P1任务版)...
✅ 注册仓库: xuanji_engine -> /workspace/projects/workspace/xuanji-engine-v2
✅ 注册仓库: ai_stock_app -> /workspace/projects/workspace/ai-stock-app
✅ 注册仓库: hanyu_learning -> /workspace/projects/workspace/han-yu-vietnamese-learning
✅ 注册AI员工: 陈元灵 (102) -> xuanji_engine
✅ 注册AI员工: 林对齐 (106) -> xuanji_engine
✅ 注册AI员工: 黄漂移 (107) -> xuanji_engine
✅ 注册AI员工: 周进化 (108) -> xuanji_engine
✅ 注册AI员工: 吴模板 (109) -> xuanji_engine
✅ 注册AI员工: 周禄存 (111) -> xuanji_engine
✅ 注册AI员工: 郑路由 (112) -> xuanji_engine
✅ 注册AI员工: 王规划 (113) -> xuanji_engine
✅ 注册AI员工: 冯优化 (114) -> xuanji_engine
✅ 注册AI员工: 钱调度 (115) -> xuanji_engine
✅ 注册AI员工: 蒋巨门 (119) -> xuanji_engine
✅ 注册AI员工: 沈记忆 (120) -> xuanji_engine
✅ 注册AI员工: 韩向量 (121) -> xuanji_engine
✅ 注册AI员工: 杨检索 (122) -> xuanji_engine
✅ 注册AI员工: 朱图谱 (123) -> xuanji_engine
✅ 注册AI员工: 伍廉贞 (163) -> xuanji_engine
✅ 注册AI员工: 余情绪 (164) -> xuanji_engine
✅ 注册AI员工: 元人格 (165) -> xuanji_engine
✅ 注册AI员工: 孟一致 (166) -> xuanji_engine
✅ 注册AI员工: 平心理 (167) -> xuanji_engine
✅ 注册AI员工: 谢武功 (127) -> xuanji_engine
✅ 注册AI员工: 邹接口 (128) -> xuanji_engine
✅ 注册AI员工: 喻发现 (129) -> xuanji_engine
✅ 注册AI员工: 柏依赖 (130) -> xuanji_engine
✅ 注册AI员工: 水版本 (131) -> xuanji_engine
✅ 注册AI员工: 章破军 (133) -> xuanji_engine
✅ 注册AI员工: 云沙箱 (134) -> xuanji_engine
✅ 注册AI员工: 苏容器 (135) -> xuanji_engine
✅ 注册AI员工: 潘外呼 (136) -> xuanji_engine
✅ 注册AI员工: 葛消息 (137) -> xuanji_engine
✅ 注册AI员工: 倪左辅 (146) -> xuanji_engine
✅ 注册AI员工: 汤K8s (147) -> xuanji_engine
✅ 注册AI员工: 殷用户 (148) -> xuanji_engine
✅ 注册AI员工: 罗隔离 (149) -> xuanji_engine
✅ 注册AI员工: 毕配置 (150) -> xuanji_engine
✅ 注册AI员工: 周右弼 (105) -> xuanji_engine
✅ 注册AI员工: 乐法律 (156) -> xuanji_engine
✅ 注册AI员工: 于道德 (157) -> xuanji_engine
✅ 注册AI员工: 时权限 (158) -> xuanji_engine
✅ 注册AI员工: 皮审计 (159) -> xuanji_engine
✅ 注册AI员工: 薛贪狼 (143) -> xuanji_engine
✅ 注册AI员工: 雷ASR (144) -> xuanji_engine
✅ 注册AI员工: 贺TTS (145) -> xuanji_engine
✅ 注册AI员工: 贡数字人 (176) -> xuanji_engine
✅ 注册AI员工: 赏界面 (177) -> xuanji_engine
✅ 注册AI员工: 齐辅弼 (161) -> xuanji_engine
✅ 注册AI员工: 康网关 (162) -> xuanji_engine
✅ 注册AI员工: 和产品 (168) -> xuanji_engine
✅ 注册AI员工: 穆文档 (169) -> xuanji_engine
✅ 注册AI员工: 财SDK (183) -> xuanji_engine

============================================================
🚀 AI数字员工全自动工作系统 v3.0 (P1任务版)
============================================================
总员工数: 50
项目数: 3
============================================================
⚠️ P0任务完成后自动继续P1任务
⚠️ 覆盖玄玑引擎全部10个组
============================================================

🚀 [陈元灵] 开始工作...
[陈元灵] ✅ 领取任务: [P0] XJ01-P0-001 - 多模态意图识别
[陈元灵] 📝 生成代码: /workspace/projects/workspace/xuanji-engine-v2/01/ziwei/star/xj01_p0_001.py
[陈元灵] ✅ Git提交成功: 2e6647e

🚀 [林对齐] 开始工作...
[林对齐] ✅ 领取任务: [P0] XJ01-P0-002 - 意图对齐机制
[林对齐] 📝 生成代码: /workspace/projects/workspace/xuanji-engine-v2/01/ziwei/star/xj01_p0_002.py
[林对齐] ✅ Git提交成功: b79033d

🚀 [黄漂移] 开始工作...
[黄漂移] ✅ 领取任务: [P0] XJ01-P0-003 - 意图漂移检测
[黄漂移] 📝 生成代码: /workspace/projects/workspace/xuanji-engine-v2/01/ziwei/star/xj01_p0_003.py
[黄漂移] ✅ Git提交成功: 29f073a

🚀 [周进化] 开始工作...
[周进化] ✅ 领取任务: [P1] XJ01-P1-002 - 自我进化体系
[周进化] 📝 生成代码: /workspace/projects/workspace/xuanji-engine-v2/01/ziwei/star/xj01_p1_002.py
[周进化] ✅ Git提交成功: 74d3151

🚀 [吴模板] 开始工作...
[吴模板] ✅ 领取任务: [P1] XJ01-P1-001 - 行业数字人模板
[吴模板] 📝 生成代码: /workspace/projects/workspace/xuanji-engine-v2/01/ziwei/star/xj01_p1_001.py
[吴模板] ✅ Git提交成功: 35a9e86

🚀 [周禄存] 开始工作...
[周禄存] ✅ 领取任务: [P0] XJ02-P0-001 - 10+模型集成
[周禄存] 📝 生成代码: /workspace/projects/workspace/xuanji-engine-v2/02/lucun/star/xj02_p0_001.py
[周禄存] ✅ Git提交成功: e3353c3

🚀 [郑路由] 开始工作...
[郑路由] ✅ 领取任务: [P0] XJ02-P0-002 - 动态路由算法
[郑路由] 📝 生成代码: /workspace/projects/workspace/xuanji-engine-v2/02/lucun/star/xj02_p0_002.py
[郑路由] ✅ Git提交成功: ae0a0f3

🚀 [王规划] 开始工作...

🚀 [冯优化] 开始工作...
[冯优化] ✅ 领取任务: [P0] XJ02-P0-003 - 资源优化系统
[冯优化] 📝 生成代码: /workspace/projects/workspace/xuanji-engine-v2/02/lucun/star/xj02_p0_003.py
[冯优化] ✅ Git提交成功: e03d65f

🚀 [钱调度] 开始工作...
[钱调度] ✅ 领取任务: [P1] XJ02-P1-001 - 任务拆解模块
[钱调度] 📝 生成代码: /workspace/projects/workspace/xuanji-engine-v2/02/lucun/star/xj02_p1_001.py
[钱调度] ✅ Git提交成功: 6220549

🚀 [蒋巨门] 开始工作...
[蒋巨门] ✅ 领取任务: [P1] XJ03-P1-001 - 瞬时记忆模块
[蒋巨门] 📝 生成代码: /workspace/projects/workspace/xuanji-engine-v2/03/jumen/star/xj03_p1_001.py
[蒋巨门] ⚠️ Git提交失败: 提交失败: 

🚀 [沈记忆] 开始工作...
[沈记忆] ✅ 领取任务: [P1] XJ03-P1-002 - 短期记忆Redis
[沈记忆] 📝 生成代码: /workspace/projects/workspace/xuanji-engine-v2/03/jumen/star/xj03_p1_002.py
[沈记忆] ⚠️ Git提交失败: 提交失败: 

🚀 [韩向量] 开始工作...
[韩向量] ✅ 领取任务: [P1] XJ03-P1-003 - 长期记忆向量库
[韩向量] 📝 生成代码: /workspace/projects/workspace/xuanji-engine-v2/03/jumen/star/xj03_p1_003.py
[韩向量] ⚠️ Git提交失败: 提交失败: 

🚀 [杨检索] 开始工作...
[杨检索] ✅ 领取任务: [P1] XJ03-P1-004 - 记忆检索API
[杨检索] 📝 生成代码: /workspace/projects/workspace/xuanji-engine-v2/03/jumen/star/xj03_p1_004.py
[杨检索] ⚠️ Git提交失败: 提交失败: 

🚀 [朱图谱] 开始工作...
[朱图谱] ✅ 领取任务: [P1] XJ03-P1-005 - Neo4j知识图谱
[朱图谱] 📝 生成代码: /workspace/projects/workspace/xuanji-engine-v2/03/jumen/star/xj03_p1_005.py
[朱图谱] ⚠️ Git提交失败: 提交失败: 

🚀 [伍廉贞] 开始工作...
[伍廉贞] ✅ 领取任务: [P1] XJ04-P1-001 - 情绪状态机
[伍廉贞] 📝 生成代码: /workspace/projects/workspace/xuanji-engine-v2/04/lianzheng/star/xj04_p1_001.py
[伍廉贞] ✅ Git提交成功: 5e93b1a

🚀 [余情绪] 开始工作...
[余情绪] ✅ 领取任务: [P1] XJ04-P1-002 - 人格配置系统
[余情绪] 📝 生成代码: /workspace/projects/workspace/xuanji-engine-v2/04/lianzheng/star/xj04_p1_002.py
[余情绪] ✅ Git提交成功: b036e2e

🚀 [元人格] 开始工作...
[元人格] ✅ 领取任务: [P1] XJ04-P1-003 - 人设一致性保障
[元人格] 📝 生成代码: /workspace/projects/workspace/xuanji-engine-v2/04/lianzheng/star/xj04_p1_003.py
[元人格] ✅ Git提交成功: 5cf766e

🚀 [孟一致] 开始工作...
[孟一致] ✅ 领取任务: [P1] XJ04-P1-004 - 情感交付模型
[孟一致] 📝 生成代码: /workspace/projects/workspace/xuanji-engine-v2/04/lianzheng/star/xj04_p1_004.py
[孟一致] ✅ Git提交成功: 06b40e8

🚀 [平心理] 开始工作...
[平心理] ✅ 领取任务: [P1] XJ04-P1-005 - 心理学模型
[平心理] 📝 生成代码: /workspace/projects/workspace/xuanji-engine-v2/04/lianzheng/star/xj04_p1_005.py
[平心理] ✅ Git提交成功: bd0ab12

🚀 [谢武功] 开始工作...
[谢武功] ✅ 领取任务: [P1] XJ05-P1-001 - 插件基类与接口
[谢武功] 📝 生成代码: /workspace/projects/workspace/xuanji-engine-v2/05/wuqu/star/xj05_p1_001.py
[谢武功] ✅ Git提交成功: 27f0791

🚀 [邹接口] 开始工作...
[邹接口] ✅ 领取任务: [P1] XJ05-P1-002 - 插件注册中心
[邹接口] 📝 生成代码: /workspace/projects/workspace/xuanji-engine-v2/05/wuqu/star/xj05_p1_002.py
[邹接口] ✅ Git提交成功: 2906c11

🚀 [喻发现] 开始工作...
[喻发现] ✅ 领取任务: [P1] XJ05-P1-003 - 插件发现机制
[喻发现] 📝 生成代码: /workspace/projects/workspace/xuanji-engine-v2/05/wuqu/star/xj05_p1_003.py
[喻发现] ✅ Git提交成功: e7763aa

🚀 [柏依赖] 开始工作...
[柏依赖] ✅ 领取任务: [P1] XJ05-P1-004 - 依赖解析引擎
[柏依赖] 📝 生成代码: /workspace/projects/workspace/xuanji-engine-v2/05/wuqu/star/xj05_p1_004.py
[柏依赖] ✅ Git提交成功: e757548

🚀 [水版本] 开始工作...
[水版本] ✅ 领取任务: [P1] XJ05-P1-005 - 版本管理系统
[水版本] 📝 生成代码: /workspace/projects/workspace/xuanji-engine-v2/05/wuqu/star/xj05_p1_005.py
[水版本] ✅ Git提交成功: c4e83af

🚀 [章破军] 开始工作...
[章破军] ✅ 领取任务: [P1] XJ06-P1-001 - 沙箱隔离环境
[章破军] 📝 生成代码: /workspace/projects/workspace/xuanji-engine-v2/06/pojun/star/xj06_p1_001.py
[章破军] ✅ Git提交成功: 019c774

🚀 [云沙箱] 开始工作...
[云沙箱] ✅ 领取任务: [P1] XJ06-P1-002 - Docker容器管理
[云沙箱] 📝 生成代码: /workspace/projects/workspace/xuanji-engine-v2/06/pojun/star/xj06_p1_002.py
[云沙箱] ✅ Git提交成功: 7449352

🚀 [苏容器] 开始工作...
[苏容器] ✅ 领取任务: [P1] XJ06-P1-003 - 插件执行引擎
[苏容器] 📝 生成代码: /workspace/projects/workspace/xuanji-engine-v2/06/pojun/star/xj06_p1_003.py
[苏容器] ✅ Git提交成功: 6564414

🚀 [潘外呼] 开始工作...
[潘外呼] ✅ 领取任务: [P1] XJ06-P1-004 - 电话外呼插件
[潘外呼] 📝 生成代码: /workspace/projects/workspace/xuanji-engine-v2/06/pojun/star/xj06_p1_004.py
[潘外呼] ✅ Git提交成功: 9f67c0b

🚀 [葛消息] 开始工作...
[葛消息] ✅ 领取任务: [P1] XJ06-P1-005 - 邮件短信插件
[葛消息] 📝 生成代码: /workspace/projects/workspace/xuanji-engine-v2/06/pojun/star/xj06_p1_005.py
[葛消息] ✅ Git提交成功: 5534b2d

🚀 [倪左辅] 开始工作...
[倪左辅] ✅ 领取任务: [P1] XJ07-P1-001 - K8s微服务部署
[倪左辅] 📝 生成代码: /workspace/projects/workspace/xuanji-engine-v2/07/zuofu/star/xj07_p1_001.py
[倪左辅] ✅ Git提交成功: 78be3d5

🚀 [汤K8s] 开始工作...
[汤K8s] ✅ 领取任务: [P1] XJ07-P1-002 - 用户管理模块
[汤K8s] 📝 生成代码: /workspace/projects/workspace/xuanji-engine-v2/07/zuofu/star/xj07_p1_002.py
[汤K8s] ✅ Git提交成功: e62d0c6

🚀 [殷用户] 开始工作...
[殷用户] ✅ 领取任务: [P1] XJ07-P1-003 - 租户隔离系统
[殷用户] 📝 生成代码: /workspace/projects/workspace/xuanji-engine-v2/07/zuofu/star/xj07_p1_003.py
[殷用户] ✅ Git提交成功: 6a5cfa6

🚀 [罗隔离] 开始工作...
[罗隔离] ✅ 领取任务: [P1] XJ07-P1-004 - 配置中心
[罗隔离] 📝 生成代码: /workspace/projects/workspace/xuanji-engine-v2/07/zuofu/star/xj07_p1_004.py
[罗隔离] ✅ Git提交成功: 17a763d

🚀 [毕配置] 开始工作...
[毕配置] ✅ 领取任务: [P1] XJ07-P1-005 - 日志监控系统
[毕配置] 📝 生成代码: /workspace/projects/workspace/xuanji-engine-v2/07/zuofu/star/xj07_p1_005.py
[毕配置] ✅ Git提交成功: e098b08

🚀 [周右弼] 开始工作...
[周右弼] ✅ 领取任务: [P1] XJ08-P1-001 - 法律红线拦截
[周右弼] 📝 生成代码: /workspace/projects/workspace/xuanji-engine-v2/08/youbi/star/xj08_p1_001.py
[周右弼] ✅ Git提交成功: ae77546

🚀 [乐法律] 开始工作...

🚀 [于道德] 开始工作...
[于道德] ✅ 领取任务: [P1] XJ08-P1-003 - 权限白名单系统
[于道德] 📝 生成代码: /workspace/projects/workspace/xuanji-engine-v2/08/youbi/star/xj08_p1_003.py
[于道德] ✅ Git提交成功: abda724

🚀 [时权限] 开始工作...
[时权限] ✅ 领取任务: [P1] XJ08-P1-004 - 审计日志系统
[时权限] 📝 生成代码: /workspace/projects/workspace/xuanji-engine-v2/08/youbi/star/xj08_p1_004.py
[时权限] ✅ Git提交成功: d9c8236

🚀 [皮审计] 开始工作...
[皮审计] ✅ 领取任务: [P1] XJ08-P1-005 - IntentGuard对齐
[皮审计] 📝 生成代码: /workspace/projects/workspace/xuanji-engine-v2/08/youbi/star/xj08_p1_005.py
[皮审计] ✅ Git提交成功: 84a1645

🚀 [薛贪狼] 开始工作...
[薛贪狼] ✅ 领取任务: [P1] XJ09-P1-001 - ASR语音识别
[薛贪狼] 📝 生成代码: /workspace/projects/workspace/xuanji-engine-v2/09/tanlang/star/xj09_p1_001.py
[薛贪狼] ✅ Git提交成功: 8b75b3a

🚀 [雷ASR] 开始工作...
[雷ASR] ✅ 领取任务: [P1] XJ09-P1-002 - TTS语音合成
[雷ASR] 📝 生成代码: /workspace/projects/workspace/xuanji-engine-v2/09/tanlang/star/xj09_p1_002.py
[雷ASR] ✅ Git提交成功: 04043e6

🚀 [贺TTS] 开始工作...
[贺TTS] ✅ 领取任务: [P1] XJ09-P1-003 - 2D数字人驱动
[贺TTS] 📝 生成代码: /workspace/projects/workspace/xuanji-engine-v2/09/tanlang/star/xj09_p1_003.py
[贺TTS] ✅ Git提交成功: 1d6bee1

🚀 [贡数字人] 开始工作...

🚀 [赏界面] 开始工作...

🚀 [齐辅弼] 开始工作...
[齐辅弼] ✅ 领取任务: [P1] XJ10-P1-001 - API网关
[齐辅弼] 📝 生成代码: /workspace/projects/workspace/xuanji-engine-v2/10/fubi/star/xj10_p1_001.py
[齐辅弼] ✅ Git提交成功: c31e6a3

🚀 [康网关] 开始工作...
[康网关] ✅ 领取任务: [P1] XJ10-P1-002 - 开发者文档
[康网关] 📝 生成代码: /workspace/projects/workspace/xuanji-engine-v2/10/fubi/star/xj10_p1_002.py
[康网关] ✅ Git提交成功: 0b760e6

🚀 [和产品] 开始工作...

🚀 [穆文档] 开始工作...

🚀 [财SDK] 开始工作...
[陈元灵] ✅ 领取任务: [P1] XJ01-P1-004 - Prompt工程优化
[陈元灵] 📝 生成代码: /workspace/projects/workspace/xuanji-engine-v2/01/ziwei/star/xj01_p1_004.py
[陈元灵] ✅ Git提交成功: 10d73ad
[林对齐] ✅ 领取任务: [P1] XJ01-P1-005 - CoT推理优化
[林对齐] 📝 生成代码: /workspace/projects/workspace/xuanji-engine-v2/01/ziwei/star/xj01_p1_005.py
[林对齐] ✅ Git提交成功: 979ec64
[郑路由] ✅ 领取任务: [P1] XJ02-P1-003 - 多模型路由
[郑路由] 📝 生成代码: /workspace/projects/workspace/xuanji-engine-v2/02/lucun/star/xj02_p1_003.py
[郑路由] ✅ Git提交成功: c3b0a3d
[伍廉贞] ✅ 领取任务: [P1] XJ10-P1-003 - 插件开发SDK
[伍廉贞] 📝 生成代码: /workspace/projects/workspace/xuanji-engine-v2/10/fubi/star/xj10_p1_003.py
[伍廉贞] ✅ Git提交成功: 4005f3c
[余情绪] ✅ 领取任务: [P1] XJ10-P1-004 - 演示环境
[余情绪] 📝 生成代码: /workspace/projects/workspace/xuanji-engine-v2/10/fubi/star/xj10_p1_004.py
[余情绪] ✅ Git提交成功: c6153c9
[元人格] ✅ 领取任务: [P1] XJ10-P1-005 - OpenAPI规范
[元人格] 📝 生成代码: /workspace/projects/workspace/xuanji-engine-v2/10/fubi/star/xj10_p1_005.py
[元人格] ✅ Git提交成功: 6354d43
[倪左辅] ✅ 领取任务: [P1] XJ09-P1-004 - Web端交互界面
[倪左辅] 📝 生成代码: /workspace/projects/workspace/xuanji-engine-v2/09/tanlang/star/xj09_p1_004.py
[倪左辅] ✅ Git提交成功: 2bb358e
[汤K8s] ✅ 领取任务: [P1] XJ09-P1-005 - 多模态输入处理
[汤K8s] 📝 生成代码: /workspace/projects/workspace/xuanji-engine-v2/09/tanlang/star/xj09_p1_005.py
[汤K8s] ✅ Git提交成功: f17b206
[王规划] ⏳ 暂无任务，休息60秒...
[乐法律] ⏳ 暂无任务，休息60秒...
[贡数字人] ⏳ 暂无任务，休息60秒...
[赏界面] ⏳ 暂无任务，休息60秒...
[和产品] ⏳ 暂无任务，休息60秒...
[穆文档] ⏳ 暂无任务，休息60秒...
[财SDK] ⏳ 暂无任务，休息60秒...
[黄漂移] ⏳ 暂无任务，休息60秒...
[周进化] ⏳ 暂无任务，休息60秒...
[吴模板] ⏳ 暂无任务，休息60秒...
[周禄存] ⏳ 暂无任务，休息60秒...
[冯优化] ⏳ 暂无任务，休息60秒...
[钱调度] ⏳ 暂无任务，休息60秒...
[蒋巨门] ⏳ 暂无任务，休息60秒...
[沈记忆] ⏳ 暂无任务，休息60秒...
[韩向量] ⏳ 暂无任务，休息60秒...
[杨检索] ⏳ 暂无任务，休息60秒...
[朱图谱] ⏳ 暂无任务，休息60秒...
[孟一致] ⏳ 暂无任务，休息60秒...
[平心理] ⏳ 暂无任务，休息60秒...
[谢武功] ⏳ 暂无任务，休息60秒...
[邹接口] ⏳ 暂无任务，休息60秒...
[喻发现] ⏳ 暂无任务，休息60秒...
[柏依赖] ⏳ 暂无任务，休息60秒...
[水版本] ⏳ 暂无任务，休息60秒...
[章破军] ⏳ 暂无任务，休息60秒...
[云沙箱] ⏳ 暂无任务，休息60秒...
[苏容器] ⏳ 暂无任务，休息60秒...
[潘外呼] ⏳ 暂无任务，休息60秒...
[葛消息] ⏳ 暂无任务，休息60秒...
[殷用户] ⏳ 暂无任务，休息60秒...
[罗隔离] ⏳ 暂无任务，休息60秒...
[毕配置] ⏳ 暂无任务，休息60秒...
[周右弼] ⏳ 暂无任务，休息60秒...
[于道德] ⏳ 暂无任务，休息60秒...
[时权限] ⏳ 暂无任务，休息60秒...
[皮审计] ⏳ 暂无任务，休息60秒...
[薛贪狼] ⏳ 暂无任务，休息60秒...
[雷ASR] ⏳ 暂无任务，休息60秒...
[贺TTS] ⏳ 暂无任务，休息60秒...
[齐辅弼] ⏳ 暂无任务，休息60秒...
[康网关] ⏳ 暂无任务，休息60秒...
[陈元灵] ⏳ 暂无任务，休息60秒...
[林对齐] ⏳ 暂无任务，休息60秒...
[郑路由] ⏳ 暂无任务，休息60秒...
[伍廉贞] ⏳ 暂无任务，休息60秒...
[余情绪] ⏳ 暂无任务，休息60秒...
[元人格] ⏳ 暂无任务，休息60秒...
[倪左辅] ⏳ 暂无任务，休息60秒...
[汤K8s] ⏳ 暂无任务，休息60秒...
[王规划] ⏳ 暂无任务，休息60秒...
[乐法律] ⏳ 暂无任务，休息60秒...
[贡数字人] ⏳ 暂无任务，休息60秒...
[赏界面] ⏳ 暂无任务，休息60秒...
[和产品] ⏳ 暂无任务，休息60秒...
[穆文档] ⏳ 暂无任务，休息60秒...
[财SDK] ⏳ 暂无任务，休息60秒...
[黄漂移] ⏳ 暂无任务，休息60秒...
[周进化] ⏳ 暂无任务，休息60秒...
[吴模板] ⏳ 暂无任务，休息60秒...
[周禄存] ⏳ 暂无任务，休息60秒...
[冯优化] ⏳ 暂无任务，休息60秒...
[钱调度] ⏳ 暂无任务，休息60秒...
[蒋巨门] ⏳ 暂无任务，休息60秒...
[沈记忆] ⏳ 暂无任务，休息60秒...
[韩向量] ⏳ 暂无任务，休息60秒...
[杨检索] ⏳ 暂无任务，休息60秒...
[朱图谱] ⏳ 暂无任务，休息60秒...
[孟一致] ⏳ 暂无任务，休息60秒...
[平心理] ⏳ 暂无任务，休息60秒...
[谢武功] ⏳ 暂无任务，休息60秒...
[邹接口] ⏳ 暂无任务，休息60秒...
[喻发现] ⏳ 暂无任务，休息60秒...
[柏依赖] ⏳ 暂无任务，休息60秒...
[水版本] ⏳ 暂无任务，休息60秒...
[章破军] ⏳ 暂无任务，休息60秒...
[云沙箱] ⏳ 暂无任务，休息60秒...
[苏容器] ⏳ 暂无任务，休息60秒...
[潘外呼] ⏳ 暂无任务，休息60秒...
[葛消息] ⏳ 暂无任务，休息60秒...
[殷用户] ⏳ 暂无任务，休息60秒...
[罗隔离] ⏳ 暂无任务，休息60秒...
[毕配置] ⏳ 暂无任务，休息60秒...
[周右弼] ⏳ 暂无任务，休息60秒...
[于道德] ⏳ 暂无任务，休息60秒...
[时权限] ⏳ 暂无任务，休息60秒...
[皮审计] ⏳ 暂无任务，休息60秒...
[薛贪狼] ⏳ 暂无任务，休息60秒...
[雷ASR] ⏳ 暂无任务，休息60秒...
[贺TTS] ⏳ 暂无任务，休息60秒...
[齐辅弼] ⏳ 暂无任务，休息60秒...
[康网关] ⏳ 暂无任务，休息60秒...
[陈元灵] ⏳ 暂无任务，休息60秒...
[林对齐] ⏳ 暂无任务，休息60秒...
[郑路由] ⏳ 暂无任务，休息60秒...
[伍廉贞] ⏳ 暂无任务，休息60秒...
[余情绪] ⏳ 暂无任务，休息60秒...
[元人格] ⏳ 暂无任务，休息60秒...
[倪左辅] ⏳ 暂无任务，休息60秒...
[汤K8s] ⏳ 暂无任务，休息60秒...
[王规划] ⏳ 暂无任务，休息60秒...
[乐法律] ⏳ 暂无任务，休息60秒...
[贡数字人] ⏳ 暂无任务，休息60秒...
[赏界面] ⏳ 暂无任务，休息60秒...
[和产品] ⏳ 暂无任务，休息60秒...
[穆文档] ⏳ 暂无任务，休息60秒...
[财SDK] ⏳ 暂无任务，休息60秒...
[黄漂移] ⏳ 暂无任务，休息60秒...
[周进化] ⏳ 暂无任务，休息60秒...
[吴模板] ⏳ 暂无任务，休息60秒...
[周禄存] ⏳ 暂无任务，休息60秒...
[冯优化] ⏳ 暂无任务，休息60秒...
[钱调度] ⏳ 暂无任务，休息60秒...
[蒋巨门] ⏳ 暂无任务，休息60秒...
[沈记忆] ⏳ 暂无任务，休息60秒...
[韩向量] ⏳ 暂无任务，休息60秒...
[杨检索] ⏳ 暂无任务，休息60秒...
[朱图谱] ⏳ 暂无任务，休息60秒...
[孟一致] ⏳ 暂无任务，休息60秒...
[平心理] ⏳ 暂无任务，休息60秒...
[谢武功] ⏳ 暂无任务，休息60秒...
[邹接口] ⏳ 暂无任务，休息60秒...
[喻发现] ⏳ 暂无任务，休息60秒...
[柏依赖] ⏳ 暂无任务，休息60秒...
[水版本] ⏳ 暂无任务，休息60秒...
[章破军] ⏳ 暂无任务，休息60秒...
[云沙箱] ⏳ 暂无任务，休息60秒...
[苏容器] ⏳ 暂无任务，休息60秒...
[潘外呼] ⏳ 暂无任务，休息60秒...
[葛消息] ⏳ 暂无任务，休息60秒...
[殷用户] ⏳ 暂无任务，休息60秒...
[罗隔离] ⏳ 暂无任务，休息60秒...
[毕配置] ⏳ 暂无任务，休息60秒...
[周右弼] ⏳ 暂无任务，休息60秒...
[于道德] ⏳ 暂无任务，休息60秒...
[时权限] ⏳ 暂无任务，休息60秒...
[皮审计] ⏳ 暂无任务，休息60秒...
[薛贪狼] ⏳ 暂无任务，休息60秒...
[雷ASR] ⏳ 暂无任务，休息60秒...
[贺TTS] ⏳ 暂无任务，休息60秒...
[齐辅弼] ⏳ 暂无任务，休息60秒...
[康网关] ⏳ 暂无任务，休息60秒...
[陈元灵] ⏳ 暂无任务，休息60秒...
[林对齐] ⏳ 暂无任务，休息60秒...
[郑路由] ⏳ 暂无任务，休息60秒...
[伍廉贞] ⏳ 暂无任务，休息60秒...
[余情绪] ⏳ 暂无任务，休息60秒...
[元人格] ⏳ 暂无任务，休息60秒...
[倪左辅] ⏳ 暂无任务，休息60秒...
[汤K8s] ⏳ 暂无任务，休息60秒...
[王规划] ⏳ 暂无任务，休息60秒...
[乐法律] ⏳ 暂无任务，休息60秒...
[贡数字人] ⏳ 暂无任务，休息60秒...
[赏界面] ⏳ 暂无任务，休息60秒...
[和产品] ⏳ 暂无任务，休息60秒...
[穆文档] ⏳ 暂无任务，休息60秒...
[财SDK] ⏳ 暂无任务，休息60秒...
[黄漂移] ⏳ 暂无任务，休息60秒...
[周进化] ⏳ 暂无任务，休息60秒...
[吴模板] ⏳ 暂无任务，休息60秒...
[周禄存] ⏳ 暂无任务，休息60秒...
[冯优化] ⏳ 暂无任务，休息60秒...
[钱调度] ⏳ 暂无任务，休息60秒...
[蒋巨门] ⏳ 暂无任务，休息60秒...
[沈记忆] ⏳ 暂无任务，休息60秒...
[韩向量] ⏳ 暂无任务，休息60秒...
[杨检索] ⏳ 暂无任务，休息60秒...
[朱图谱] ⏳ 暂无任务，休息60秒...
[孟一致] ⏳ 暂无任务，休息60秒...
[平心理] ⏳ 暂无任务，休息60秒...
[谢武功] ⏳ 暂无任务，休息60秒...
[邹接口] ⏳ 暂无任务，休息60秒...
[喻发现] ⏳ 暂无任务，休息60秒...
[柏依赖] ⏳ 暂无任务，休息60秒...
[水版本] ⏳ 暂无任务，休息60秒...
[章破军] ⏳ 暂无任务，休息60秒...
[云沙箱] ⏳ 暂无任务，休息60秒...
[苏容器] ⏳ 暂无任务，休息60秒...
[潘外呼] ⏳ 暂无任务，休息60秒...
[葛消息] ⏳ 暂无任务，休息60秒...
[殷用户] ⏳ 暂无任务，休息60秒...
[罗隔离] ⏳ 暂无任务，休息60秒...
[毕配置] ⏳ 暂无任务，休息60秒...
[周右弼] ⏳ 暂无任务，休息60秒...
[于道德] ⏳ 暂无任务，休息60秒...
[时权限] ⏳ 暂无任务，休息60秒...
[皮审计] ⏳ 暂无任务，休息60秒...
[薛贪狼] ⏳ 暂无任务，休息60秒...
[雷ASR] ⏳ 暂无任务，休息60秒...
[贺TTS] ⏳ 暂无任务，休息60秒...
[齐辅弼] ⏳ 暂无任务，休息60秒...
[康网关] ⏳ 暂无任务，休息60秒...
[陈元灵] ⏳ 暂无任务，休息60秒...
[林对齐] ⏳ 暂无任务，休息60秒...
[郑路由] ⏳ 暂无任务，休息60秒...
[伍廉贞] ⏳ 暂无任务，休息60秒...
[余情绪] ⏳ 暂无任务，休息60秒...
[元人格] ⏳ 暂无任务，休息60秒...
[倪左辅] ⏳ 暂无任务，休息60秒...
[汤K8s] ⏳ 暂无任务，休息60秒...
[王规划] ⏳ 暂无任务，休息60秒...
[乐法律] ⏳ 暂无任务，休息60秒...
[贡数字人] ⏳ 暂无任务，休息60秒...
[赏界面] ⏳ 暂无任务，休息60秒...
[和产品] ⏳ 暂无任务，休息60秒...
[穆文档] ⏳ 暂无任务，休息60秒...
[财SDK] ⏳ 暂无任务，休息60秒...
[黄漂移] ⏳ 暂无任务，休息60秒...
[周进化] ⏳ 暂无任务，休息60秒...
[吴模板] ⏳ 暂无任务，休息60秒...
[周禄存] ⏳ 暂无任务，休息60秒...
[冯优化] ⏳ 暂无任务，休息60秒...
[钱调度] ⏳ 暂无任务，休息60秒...
[蒋巨门] ⏳ 暂无任务，休息60秒...
[沈记忆] ⏳ 暂无任务，休息60秒...
[韩向量] ⏳ 暂无任务，休息60秒...
[杨检索] ⏳ 暂无任务，休息60秒...
[朱图谱] ⏳ 暂无任务，休息60秒...
[孟一致] ⏳ 暂无任务，休息60秒...
[平心理] ⏳ 暂无任务，休息60秒...
[谢武功] ⏳ 暂无任务，休息60秒...
[邹接口] ⏳ 暂无任务，休息60秒...
[喻发现] ⏳ 暂无任务，休息60秒...
[柏依赖] ⏳ 暂无任务，休息60秒...
[水版本] ⏳ 暂无任务，休息60秒...
[章破军] ⏳ 暂无任务，休息60秒...
[云沙箱] ⏳ 暂无任务，休息60秒...
[苏容器] ⏳ 暂无任务，休息60秒...
[潘外呼] ⏳ 暂无任务，休息60秒...
[葛消息] ⏳ 暂无任务，休息60秒...
[殷用户] ⏳ 暂无任务，休息60秒...
[罗隔离] ⏳ 暂无任务，休息60秒...
[毕配置] ⏳ 暂无任务，休息60秒...
[周右弼] ⏳ 暂无任务，休息60秒...
[于道德] ⏳ 暂无任务，休息60秒...
[时权限] ⏳ 暂无任务，休息60秒...
[皮审计] ⏳ 暂无任务，休息60秒...
[薛贪狼] ⏳ 暂无任务，休息60秒...
[雷ASR] ⏳ 暂无任务，休息60秒...
[贺TTS] ⏳ 暂无任务，休息60秒...
[齐辅弼] ⏳ 暂无任务，休息60秒...
[康网关] ⏳ 暂无任务，休息60秒...
[陈元灵] ⏳ 暂无任务，休息60秒...
[林对齐] ⏳ 暂无任务，休息60秒...
[郑路由] ⏳ 暂无任务，休息60秒...
[伍廉贞] ⏳ 暂无任务，休息60秒...
[余情绪] ⏳ 暂无任务，休息60秒...
[元人格] ⏳ 暂无任务，休息60秒...
[倪左辅] ⏳ 暂无任务，休息60秒...
[汤K8s] ⏳ 暂无任务，休息60秒...
[王规划] ⏳ 暂无任务，休息60秒...
[乐法律] ⏳ 暂无任务，休息60秒...
[贡数字人] ⏳ 暂无任务，休息60秒...
[赏界面] ⏳ 暂无任务，休息60秒...
[和产品] ⏳ 暂无任务，休息60秒...
[穆文档] ⏳ 暂无任务，休息60秒...
[财SDK] ⏳ 暂无任务，休息60秒...
[黄漂移] ⏳ 暂无任务，休息60秒...
[周进化] ⏳ 暂无任务，休息60秒...
[吴模板] ⏳ 暂无任务，休息60秒...
[周禄存] ⏳ 暂无任务，休息60秒...
[冯优化] ⏳ 暂无任务，休息60秒...
[钱调度] ⏳ 暂无任务，休息60秒...
[蒋巨门] ⏳ 暂无任务，休息60秒...
[沈记忆] ⏳ 暂无任务，休息60秒...
[韩向量] ⏳ 暂无任务，休息60秒...
[杨检索] ⏳ 暂无任务，休息60秒...
[朱图谱] ⏳ 暂无任务，休息60秒...
[孟一致] ⏳ 暂无任务，休息60秒...
[平心理] ⏳ 暂无任务，休息60秒...
[谢武功] ⏳ 暂无任务，休息60秒...
[邹接口] ⏳ 暂无任务，休息60秒...
[喻发现] ⏳ 暂无任务，休息60秒...
[柏依赖] ⏳ 暂无任务，休息60秒...
[水版本] ⏳ 暂无任务，休息60秒...
[章破军] ⏳ 暂无任务，休息60秒...
[云沙箱] ⏳ 暂无任务，休息60秒...
[苏容器] ⏳ 暂无任务，休息60秒...
[潘外呼] ⏳ 暂无任务，休息60秒...
[葛消息] ⏳ 暂无任务，休息60秒...
[殷用户] ⏳ 暂无任务，休息60秒...
[罗隔离] ⏳ 暂无任务，休息60秒...
[毕配置] ⏳ 暂无任务，休息60秒...
[周右弼] ⏳ 暂无任务，休息60秒...
[于道德] ⏳ 暂无任务，休息60秒...
[时权限] ⏳ 暂无任务，休息60秒...
[皮审计] ⏳ 暂无任务，休息60秒...
[薛贪狼] ⏳ 暂无任务，休息60秒...
[雷ASR] ⏳ 暂无任务，休息60秒...
[贺TTS] ⏳ 暂无任务，休息60秒...
[齐辅弼] ⏳ 暂无任务，休息60秒...
[康网关] ⏳ 暂无任务，休息60秒...
[陈元灵] ⏳ 暂无任务，休息60秒...
[林对齐] ⏳ 暂无任务，休息60秒...
[郑路由] ⏳ 暂无任务，休息60秒...
[伍廉贞] ⏳ 暂无任务，休息60秒...
[余情绪] ⏳ 暂无任务，休息60秒...
[元人格] ⏳ 暂无任务，休息60秒...
[倪左辅] ⏳ 暂无任务，休息60秒...
[汤K8s] ⏳ 暂无任务，休息60秒...
[王规划] ⏳ 暂无任务，休息60秒...
[乐法律] ⏳ 暂无任务，休息60秒...
[贡数字人] ⏳ 暂无任务，休息60秒...
[赏界面] ⏳ 暂无任务，休息60秒...
[和产品] ⏳ 暂无任务，休息60秒...
[穆文档] ⏳ 暂无任务，休息60秒...
[财SDK] ⏳ 暂无任务，休息60秒...
[黄漂移] ⏳ 暂无任务，休息60秒...
[周进化] ⏳ 暂无任务，休息60秒...
[吴模板] ⏳ 暂无任务，休息60秒...
[周禄存] ⏳ 暂无任务，休息60秒...
[冯优化] ⏳ 暂无任务，休息60秒...
[钱调度] ⏳ 暂无任务，休息60秒...
[蒋巨门] ⏳ 暂无任务，休息60秒...
[沈记忆] ⏳ 暂无任务，休息60秒...
[韩向量] ⏳ 暂无任务，休息60秒...
[杨检索] ⏳ 暂无任务，休息60秒...
[朱图谱] ⏳ 暂无任务，休息60秒...
[孟一致] ⏳ 暂无任务，休息60秒...
[平心理] ⏳ 暂无任务，休息60秒...
[谢武功] ⏳ 暂无任务，休息60秒...
[邹接口] ⏳ 暂无任务，休息60秒...
[喻发现] ⏳ 暂无任务，休息60秒...
[柏依赖] ⏳ 暂无任务，休息60秒...
[水版本] ⏳ 暂无任务，休息60秒...
[章破军] ⏳ 暂无任务，休息60秒...
[云沙箱] ⏳ 暂无任务，休息60秒...
[苏容器] ⏳ 暂无任务，休息60秒...
[潘外呼] ⏳ 暂无任务，休息60秒...
[葛消息] ⏳ 暂无任务，休息60秒...
[殷用户] ⏳ 暂无任务，休息60秒...
[罗隔离] ⏳ 暂无任务，休息60秒...
[毕配置] ⏳ 暂无任务，休息60秒...
[周右弼] ⏳ 暂无任务，休息60秒...
[于道德] ⏳ 暂无任务，休息60秒...
[时权限] ⏳ 暂无任务，休息60秒...
[皮审计] ⏳ 暂无任务，休息60秒...
[薛贪狼] ⏳ 暂无任务，休息60秒...
[雷ASR] ⏳ 暂无任务，休息60秒...
[贺TTS] ⏳ 暂无任务，休息60秒...
[齐辅弼] ⏳ 暂无任务，休息60秒...
[康网关] ⏳ 暂无任务，休息60秒...
[陈元灵] ⏳ 暂无任务，休息60秒...
[林对齐] ⏳ 暂无任务，休息60秒...
[郑路由] ⏳ 暂无任务，休息60秒...
[伍廉贞] ⏳ 暂无任务，休息60秒...
[余情绪] ⏳ 暂无任务，休息60秒...
[元人格] ⏳ 暂无任务，休息60秒...
[倪左辅] ⏳ 暂无任务，休息60秒...
[汤K8s] ⏳ 暂无任务，休息60秒...
[王规划] ⏳ 暂无任务，休息60秒...
[乐法律] ⏳ 暂无任务，休息60秒...
[贡数字人] ⏳ 暂无任务，休息60秒...
[赏界面] ⏳ 暂无任务，休息60秒...
[和产品] ⏳ 暂无任务，休息60秒...
[穆文档] ⏳ 暂无任务，休息60秒...
[财SDK] ⏳ 暂无任务，休息60秒...
[黄漂移] ⏳ 暂无任务，休息60秒...
[周进化] ⏳ 暂无任务，休息60秒...
[吴模板] ⏳ 暂无任务，休息60秒...
[周禄存] ⏳ 暂无任务，休息60秒...
[冯优化] ⏳ 暂无任务，休息60秒...
[钱调度] ⏳ 暂无任务，休息60秒...
[蒋巨门] ⏳ 暂无任务，休息60秒...
[沈记忆] ⏳ 暂无任务，休息60秒...
[韩向量] ⏳ 暂无任务，休息60秒...
[杨检索] ⏳ 暂无任务，休息60秒...
[朱图谱] ⏳ 暂无任务，休息60秒...
[孟一致] ⏳ 暂无任务，休息60秒...
[平心理] ⏳ 暂无任务，休息60秒...
[谢武功] ⏳ 暂无任务，休息60秒...
[邹接口] ⏳ 暂无任务，休息60秒...
[喻发现] ⏳ 暂无任务，休息60秒...
[柏依赖] ⏳ 暂无任务，休息60秒...
[水版本] ⏳ 暂无任务，休息60秒...
[章破军] ⏳ 暂无任务，休息60秒...
[云沙箱] ⏳ 暂无任务，休息60秒...
[苏容器] ⏳ 暂无任务，休息60秒...
[潘外呼] ⏳ 暂无任务，休息60秒...
[葛消息] ⏳ 暂无任务，休息60秒...
[殷用户] ⏳ 暂无任务，休息60秒...
[罗隔离] ⏳ 暂无任务，休息60秒...
[毕配置] ⏳ 暂无任务，休息60秒...
[周右弼] ⏳ 暂无任务，休息60秒...
[于道德] ⏳ 暂无任务，休息60秒...
[时权限] ⏳ 暂无任务，休息60秒...
[皮审计] ⏳ 暂无任务，休息60秒...
[薛贪狼] ⏳ 暂无任务，休息60秒...
[雷ASR] ⏳ 暂无任务，休息60秒...
[贺TTS] ⏳ 暂无任务，休息60秒...
[齐辅弼] ⏳ 暂无任务，休息60秒...
[康网关] ⏳ 暂无任务，休息60秒...
[陈元灵] ⏳ 暂无任务，休息60秒...
[林对齐] ⏳ 暂无任务，休息60秒...
[郑路由] ⏳ 暂无任务，休息60秒...
[伍廉贞] ⏳ 暂无任务，休息60秒...
[余情绪] ⏳ 暂无任务，休息60秒...
[元人格] ⏳ 暂无任务，休息60秒...
[倪左辅] ⏳ 暂无任务，休息60秒...
[汤K8s] ⏳ 暂无任务，休息60秒...
[王规划] ⏳ 暂无任务，休息60秒...
[乐法律] ⏳ 暂无任务，休息60秒...
[贡数字人] ⏳ 暂无任务，休息60秒...
[赏界面] ⏳ 暂无任务，休息60秒...
[和产品] ⏳ 暂无任务，休息60秒...
[穆文档] ⏳ 暂无任务，休息60秒...
[财SDK] ⏳ 暂无任务，休息60秒...
[黄漂移] ⏳ 暂无任务，休息60秒...
[周进化] ⏳ 暂无任务，休息60秒...
[吴模板] ⏳ 暂无任务，休息60秒...
[周禄存] ⏳ 暂无任务，休息60秒...
[冯优化] ⏳ 暂无任务，休息60秒...
[钱调度] ⏳ 暂无任务，休息60秒...
[蒋巨门] ⏳ 暂无任务，休息60秒...
[沈记忆] ⏳ 暂无任务，休息60秒...
[韩向量] ⏳ 暂无任务，休息60秒...
[杨检索] ⏳ 暂无任务，休息60秒...
[朱图谱] ⏳ 暂无任务，休息60秒...
[孟一致] ⏳ 暂无任务，休息60秒...
[平心理] ⏳ 暂无任务，休息60秒...
[谢武功] ⏳ 暂无任务，休息60秒...
[邹接口] ⏳ 暂无任务，休息60秒...
[喻发现] ⏳ 暂无任务，休息60秒...
[柏依赖] ⏳ 暂无任务，休息60秒...
[水版本] ⏳ 暂无任务，休息60秒...
[章破军] ⏳ 暂无任务，休息60秒...
[云沙箱] ⏳ 暂无任务，休息60秒...
[苏容器] ⏳ 暂无任务，休息60秒...
[潘外呼] ⏳ 暂无任务，休息60秒...
[葛消息] ⏳ 暂无任务，休息60秒...
[殷用户] ⏳ 暂无任务，休息60秒...
[罗隔离] ⏳ 暂无任务，休息60秒...
[毕配置] ⏳ 暂无任务，休息60秒...
[周右弼] ⏳ 暂无任务，休息60秒...
[于道德] ⏳ 暂无任务，休息60秒...
[时权限] ⏳ 暂无任务，休息60秒...
[皮审计] ⏳ 暂无任务，休息60秒...
[薛贪狼] ⏳ 暂无任务，休息60秒...
[雷ASR] ⏳ 暂无任务，休息60秒...
[贺TTS] ⏳ 暂无任务，休息60秒...
[齐辅弼] ⏳ 暂无任务，休息60秒...
[康网关] ⏳ 暂无任务，休息60秒...
[陈元灵] ⏳ 暂无任务，休息60秒...
[林对齐] ⏳ 暂无任务，休息60秒...
[郑路由] ⏳ 暂无任务，休息60秒...
[伍廉贞] ⏳ 暂无任务，休息60秒...
[余情绪] ⏳ 暂无任务，休息60秒...
[元人格] ⏳ 暂无任务，休息60秒...
[倪左辅] ⏳ 暂无任务，休息60秒...
[汤K8s] ⏳ 暂无任务，休息60秒...
[王规划] ⏳ 暂无任务，休息60秒...
[乐法律] ⏳ 暂无任务，休息60秒...
[贡数字人] ⏳ 暂无任务，休息60秒...
[赏界面] ⏳ 暂无任务，休息60秒...
[和产品] ⏳ 暂无任务，休息60秒...
[穆文档] ⏳ 暂无任务，休息60秒...
[财SDK] ⏳ 暂无任务，休息60秒...
[黄漂移] ⏳ 暂无任务，休息60秒...
[周进化] ⏳ 暂无任务，休息60秒...
[吴模板] ⏳ 暂无任务，休息60秒...
[周禄存] ⏳ 暂无任务，休息60秒...
[冯优化] ⏳ 暂无任务，休息60秒...
[钱调度] ⏳ 暂无任务，休息60秒...
[蒋巨门] ⏳ 暂无任务，休息60秒...
[沈记忆] ⏳ 暂无任务，休息60秒...
[韩向量] ⏳ 暂无任务，休息60秒...
[杨检索] ⏳ 暂无任务，休息60秒...
[朱图谱] ⏳ 暂无任务，休息60秒...
[孟一致] ⏳ 暂无任务，休息60秒...
[平心理] ⏳ 暂无任务，休息60秒...
[谢武功] ⏳ 暂无任务，休息60秒...
[邹接口] ⏳ 暂无任务，休息60秒...
[喻发现] ⏳ 暂无任务，休息60秒...
[柏依赖] ⏳ 暂无任务，休息60秒...
[水版本] ⏳ 暂无任务，休息60秒...
[章破军] ⏳ 暂无任务，休息60秒...
[云沙箱] ⏳ 暂无任务，休息60秒...
[苏容器] ⏳ 暂无任务，休息60秒...
[潘外呼] ⏳ 暂无任务，休息60秒...
[葛消息] ⏳ 暂无任务，休息60秒...
[殷用户] ⏳ 暂无任务，休息60秒...
[罗隔离] ⏳ 暂无任务，休息60秒...
[毕配置] ⏳ 暂无任务，休息60秒...
[周右弼] ⏳ 暂无任务，休息60秒...
[于道德] ⏳ 暂无任务，休息60秒...
[时权限] ⏳ 暂无任务，休息60秒...
[皮审计] ⏳ 暂无任务，休息60秒...
[薛贪狼] ⏳ 暂无任务，休息60秒...
[雷ASR] ⏳ 暂无任务，休息60秒...
[贺TTS] ⏳ 暂无任务，休息60秒...
[齐辅弼] ⏳ 暂无任务，休息60秒...
[康网关] ⏳ 暂无任务，休息60秒...
[陈元灵] ⏳ 暂无任务，休息60秒...
[林对齐] ⏳ 暂无任务，休息60秒...
[郑路由] ⏳ 暂无任务，休息60秒...
[伍廉贞] ⏳ 暂无任务，休息60秒...
[余情绪] ⏳ 暂无任务，休息60秒...
[元人格] ⏳ 暂无任务，休息60秒...
[倪左辅] ⏳ 暂无任务，休息60秒...
[汤K8s] ⏳ 暂无任务，休息60秒...
[王规划] ⏳ 暂无任务，休息60秒...
[乐法律] ⏳ 暂无任务，休息60秒...
[贡数字人] ⏳ 暂无任务，休息60秒...
[赏界面] ⏳ 暂无任务，休息60秒...
[和产品] ⏳ 暂无任务，休息60秒...
[穆文档] ⏳ 暂无任务，休息60秒...
[财SDK] ⏳ 暂无任务，休息60秒...
[黄漂移] ⏳ 暂无任务，休息60秒...
[周进化] ⏳ 暂无任务，休息60秒...
[吴模板] ⏳ 暂无任务，休息60秒...
[周禄存] ⏳ 暂无任务，休息60秒...
[冯优化] ⏳ 暂无任务，休息60秒...
[钱调度] ⏳ 暂无任务，休息60秒...
[蒋巨门] ⏳ 暂无任务，休息60秒...
[沈记忆] ⏳ 暂无任务，休息60秒...
[韩向量] ⏳ 暂无任务，休息60秒...
[杨检索] ⏳ 暂无任务，休息60秒...
[朱图谱] ⏳ 暂无任务，休息60秒...
[孟一致] ⏳ 暂无任务，休息60秒...
[平心理] ⏳ 暂无任务，休息60秒...
[谢武功] ⏳ 暂无任务，休息60秒...
[邹接口] ⏳ 暂无任务，休息60秒...
[喻发现] ⏳ 暂无任务，休息60秒...
[柏依赖] ⏳ 暂无任务，休息60秒...
[水版本] ⏳ 暂无任务，休息60秒...
[章破军] ⏳ 暂无任务，休息60秒...
[云沙箱] ⏳ 暂无任务，休息60秒...
[苏容器] ⏳ 暂无任务，休息60秒...
[潘外呼] ⏳ 暂无任务，休息60秒...
[葛消息] ⏳ 暂无任务，休息60秒...
[殷用户] ⏳ 暂无任务，休息60秒...
[罗隔离] ⏳ 暂无任务，休息60秒...
[毕配置] ⏳ 暂无任务，休息60秒...
[周右弼] ⏳ 暂无任务，休息60秒...
[于道德] ⏳ 暂无任务，休息60秒...
[时权限] ⏳ 暂无任务，休息60秒...
[皮审计] ⏳ 暂无任务，休息60秒...
[薛贪狼] ⏳ 暂无任务，休息60秒...
[雷ASR] ⏳ 暂无任务，休息60秒...
[贺TTS] ⏳ 暂无任务，休息60秒...
[齐辅弼] ⏳ 暂无任务，休息60秒...
[康网关] ⏳ 暂无任务，休息60秒...
[陈元灵] ⏳ 暂无任务，休息60秒...
[林对齐] ⏳ 暂无任务，休息60秒...
[郑路由] ⏳ 暂无任务，休息60秒...
[伍廉贞] ⏳ 暂无任务，休息60秒...
[余情绪] ⏳ 暂无任务，休息60秒...
[元人格] ⏳ 暂无任务，休息60秒...
[倪左辅] ⏳ 暂无任务，休息60秒...
[汤K8s] ⏳ 暂无任务，休息60秒...
[王规划] ⏳ 暂无任务，休息60秒...
[乐法律] ⏳ 暂无任务，休息60秒...
[贡数字人] ⏳ 暂无任务，休息60秒...
[赏界面] ⏳ 暂无任务，休息60秒...
[和产品] ⏳ 暂无任务，休息60秒...
[穆文档] ⏳ 暂无任务，休息60秒...
[财SDK] ⏳ 暂无任务，休息60秒...
[黄漂移] ⏳ 暂无任务，休息60秒...
[周进化] ⏳ 暂无任务，休息60秒...
[吴模板] ⏳ 暂无任务，休息60秒...
[周禄存] ⏳ 暂无任务，休息60秒...
[冯优化] ⏳ 暂无任务，休息60秒...
[钱调度] ⏳ 暂无任务，休息60秒...
[蒋巨门] ⏳ 暂无任务，休息60秒...
[沈记忆] ⏳ 暂无任务，休息60秒...
[韩向量] ⏳ 暂无任务，休息60秒...
[杨检索] ⏳ 暂无任务，休息60秒...
[朱图谱] ⏳ 暂无任务，休息60秒...
[孟一致] ⏳ 暂无任务，休息60秒...
[平心理] ⏳ 暂无任务，休息60秒...
[谢武功] ⏳ 暂无任务，休息60秒...
[邹接口] ⏳ 暂无任务，休息60秒...
[喻发现] ⏳ 暂无任务，休息60秒...
[柏依赖] ⏳ 暂无任务，休息60秒...
[水版本] ⏳ 暂无任务，休息60秒...
[章破军] ⏳ 暂无任务，休息60秒...
[云沙箱] ⏳ 暂无任务，休息60秒...
[苏容器] ⏳ 暂无任务，休息60秒...
[潘外呼] ⏳ 暂无任务，休息60秒...
[葛消息] ⏳ 暂无任务，休息60秒...
[殷用户] ⏳ 暂无任务，休息60秒...
[罗隔离] ⏳ 暂无任务，休息60秒...
[毕配置] ⏳ 暂无任务，休息60秒...
[周右弼] ⏳ 暂无任务，休息60秒...
[于道德] ⏳ 暂无任务，休息60秒...
[时权限] ⏳ 暂无任务，休息60秒...
[皮审计] ⏳ 暂无任务，休息60秒...
[薛贪狼] ⏳ 暂无任务，休息60秒...
[雷ASR] ⏳ 暂无任务，休息60秒...
[贺TTS] ⏳ 暂无任务，休息60秒...
[齐辅弼] ⏳ 暂无任务，休息60秒...
[康网关] ⏳ 暂无任务，休息60秒...
[陈元灵] ⏳ 暂无任务，休息60秒...
[林对齐] ⏳ 暂无任务，休息60秒...
[郑路由] ⏳ 暂无任务，休息60秒...
[伍廉贞] ⏳ 暂无任务，休息60秒...
[余情绪] ⏳ 暂无任务，休息60秒...
[元人格] ⏳ 暂无任务，休息60秒...
[倪左辅] ⏳ 暂无任务，休息60秒...
[汤K8s] ⏳ 暂无任务，休息60秒...
[王规划] ⏳ 暂无任务，休息60秒...
[乐法律] ⏳ 暂无任务，休息60秒...
[贡数字人] ⏳ 暂无任务，休息60秒...
[赏界面] ⏳ 暂无任务，休息60秒...
[和产品] ⏳ 暂无任务，休息60秒...
[穆文档] ⏳ 暂无任务，休息60秒...
[财SDK] ⏳ 暂无任务，休息60秒...
[黄漂移] ⏳ 暂无任务，休息60秒...
[周进化] ⏳ 暂无任务，休息60秒...
[吴模板] ⏳ 暂无任务，休息60秒...
[周禄存] ⏳ 暂无任务，休息60秒...
[冯优化] ⏳ 暂无任务，休息60秒...
[钱调度] ⏳ 暂无任务，休息60秒...
[蒋巨门] ⏳ 暂无任务，休息60秒...
[沈记忆] ⏳ 暂无任务，休息60秒...
[韩向量] ⏳ 暂无任务，休息60秒...
[杨检索] ⏳ 暂无任务，休息60秒...
[朱图谱] ⏳ 暂无任务，休息60秒...
[孟一致] ⏳ 暂无任务，休息60秒...
[平心理] ⏳ 暂无任务，休息60秒...
[谢武功] ⏳ 暂无任务，休息60秒...
[邹接口] ⏳ 暂无任务，休息60秒...
[喻发现] ⏳ 暂无任务，休息60秒...
[柏依赖] ⏳ 暂无任务，休息60秒...
[水版本] ⏳ 暂无任务，休息60秒...
[章破军] ⏳ 暂无任务，休息60秒...
[云沙箱] ⏳ 暂无任务，休息60秒...
[苏容器] ⏳ 暂无任务，休息60秒...
[潘外呼] ⏳ 暂无任务，休息60秒...
[葛消息] ⏳ 暂无任务，休息60秒...
[殷用户] ⏳ 暂无任务，休息60秒...
[罗隔离] ⏳ 暂无任务，休息60秒...
[毕配置] ⏳ 暂无任务，休息60秒...
[周右弼] ⏳ 暂无任务，休息60秒...
[于道德] ⏳ 暂无任务，休息60秒...
[时权限] ⏳ 暂无任务，休息60秒...
[皮审计] ⏳ 暂无任务，休息60秒...
[薛贪狼] ⏳ 暂无任务，休息60秒...
[雷ASR] ⏳ 暂无任务，休息60秒...
[贺TTS] ⏳ 暂无任务，休息60秒...
[齐辅弼] ⏳ 暂无任务，休息60秒...
[康网关] ⏳ 暂无任务，休息60秒...
[陈元灵] ⏳ 暂无任务，休息60秒...
[林对齐] ⏳ 暂无任务，休息60秒...
[郑路由] ⏳ 暂无任务，休息60秒...
[伍廉贞] ⏳ 暂无任务，休息60秒...
[余情绪] ⏳ 暂无任务，休息60秒...
[元人格] ⏳ 暂无任务，休息60秒...
[倪左辅] ⏳ 暂无任务，休息60秒...
[汤K8s] ⏳ 暂无任务，休息60秒...
[王规划] ⏳ 暂无任务，休息60秒...
[乐法律] ⏳ 暂无任务，休息60秒...
[贡数字人] ⏳ 暂无任务，休息60秒...
[赏界面] ⏳ 暂无任务，休息60秒...
[和产品] ⏳ 暂无任务，休息60秒...
[穆文档] ⏳ 暂无任务，休息60秒...
[财SDK] ⏳ 暂无任务，休息60秒...
[黄漂移] ⏳ 暂无任务，休息60秒...
[周进化] ⏳ 暂无任务，休息60秒...
[吴模板] ⏳ 暂无任务，休息60秒...
[周禄存] ⏳ 暂无任务，休息60秒...
[冯优化] ⏳ 暂无任务，休息60秒...
[钱调度] ⏳ 暂无任务，休息60秒...
[蒋巨门] ⏳ 暂无任务，休息60秒...
[沈记忆] ⏳ 暂无任务，休息60秒...
[韩向量] ⏳ 暂无任务，休息60秒...
[杨检索] ⏳ 暂无任务，休息60秒...
[朱图谱] ⏳ 暂无任务，休息60秒...
[孟一致] ⏳ 暂无任务，休息60秒...
[平心理] ⏳ 暂无任务，休息60秒...
[谢武功] ⏳ 暂无任务，休息60秒...
[邹接口] ⏳ 暂无任务，休息60秒...
[喻发现] ⏳ 暂无任务，休息60秒...
[柏依赖] ⏳ 暂无任务，休息60秒...
[水版本] ⏳ 暂无任务，休息60秒...
[章破军] ⏳ 暂无任务，休息60秒...
[云沙箱] ⏳ 暂无任务，休息60秒...
[苏容器] ⏳ 暂无任务，休息60秒...
[潘外呼] ⏳ 暂无任务，休息60秒...
[葛消息] ⏳ 暂无任务，休息60秒...
[殷用户] ⏳ 暂无任务，休息60秒...
[罗隔离] ⏳ 暂无任务，休息60秒...
[毕配置] ⏳ 暂无任务，休息60秒...
[周右弼] ⏳ 暂无任务，休息60秒...
[于道德] ⏳ 暂无任务，休息60秒...
[时权限] ⏳ 暂无任务，休息60秒...
[皮审计] ⏳ 暂无任务，休息60秒...
[薛贪狼] ⏳ 暂无任务，休息60秒...
[雷ASR] ⏳ 暂无任务，休息60秒...
[贺TTS] ⏳ 暂无任务，休息60秒...
[齐辅弼] ⏳ 暂无任务，休息60秒...
[康网关] ⏳ 暂无任务，休息60秒...
[陈元灵] ⏳ 暂无任务，休息60秒...
[林对齐] ⏳ 暂无任务，休息60秒...
[郑路由] ⏳ 暂无任务，休息60秒...
[伍廉贞] ⏳ 暂无任务，休息60秒...
[余情绪] ⏳ 暂无任务，休息60秒...
[元人格] ⏳ 暂无任务，休息60秒...
[倪左辅] ⏳ 暂无任务，休息60秒...
[汤K8s] ⏳ 暂无任务，休息60秒...
[王规划] ⏳ 暂无任务，休息60秒...
[乐法律] ⏳ 暂无任务，休息60秒...
[贡数字人] ⏳ 暂无任务，休息60秒...
[赏界面] ⏳ 暂无任务，休息60秒...
[和产品] ⏳ 暂无任务，休息60秒...
[穆文档] ⏳ 暂无任务，休息60秒...
[财SDK] ⏳ 暂无任务，休息60秒...
[黄漂移] ⏳ 暂无任务，休息60秒...
[周进化] ⏳ 暂无任务，休息60秒...
[吴模板] ⏳ 暂无任务，休息60秒...
[周禄存] ⏳ 暂无任务，休息60秒...
[冯优化] ⏳ 暂无任务，休息60秒...
[钱调度] ⏳ 暂无任务，休息60秒...
[蒋巨门] ⏳ 暂无任务，休息60秒...
[沈记忆] ⏳ 暂无任务，休息60秒...
[韩向量] ⏳ 暂无任务，休息60秒...
[杨检索] ⏳ 暂无任务，休息60秒...
[朱图谱] ⏳ 暂无任务，休息60秒...
[孟一致] ⏳ 暂无任务，休息60秒...
[平心理] ⏳ 暂无任务，休息60秒...
[谢武功] ⏳ 暂无任务，休息60秒...
[邹接口] ⏳ 暂无任务，休息60秒...
[喻发现] ⏳ 暂无任务，休息60秒...
[柏依赖] ⏳ 暂无任务，休息60秒...
[水版本] ⏳ 暂无任务，休息60秒...
[章破军] ⏳ 暂无任务，休息60秒...
[云沙箱] ⏳ 暂无任务，休息60秒...
[苏容器] ⏳ 暂无任务，休息60秒...
[潘外呼] ⏳ 暂无任务，休息60秒...
[葛消息] ⏳ 暂无任务，休息60秒...
[殷用户] ⏳ 暂无任务，休息60秒...
[罗隔离] ⏳ 暂无任务，休息60秒...
[毕配置] ⏳ 暂无任务，休息60秒...
[周右弼] ⏳ 暂无任务，休息60秒...
[于道德] ⏳ 暂无任务，休息60秒...
[时权限] ⏳ 暂无任务，休息60秒...
[皮审计] ⏳ 暂无任务，休息60秒...
[薛贪狼] ⏳ 暂无任务，休息60秒...
[雷ASR] ⏳ 暂无任务，休息60秒...
[贺TTS] ⏳ 暂无任务，休息60秒...
[齐辅弼] ⏳ 暂无任务，休息60秒...
[康网关] ⏳ 暂无任务，休息60秒...
[陈元灵] ⏳ 暂无任务，休息60秒...
[林对齐] ⏳ 暂无任务，休息60秒...
[郑路由] ⏳ 暂无任务，休息60秒...
[伍廉贞] ⏳ 暂无任务，休息60秒...
[余情绪] ⏳ 暂无任务，休息60秒...
[元人格] ⏳ 暂无任务，休息60秒...
[倪左辅] ⏳ 暂无任务，休息60秒...
[汤K8s] ⏳ 暂无任务，休息60秒...
[王规划] ⏳ 暂无任务，休息60秒...
[乐法律] ⏳ 暂无任务，休息60秒...
[贡数字人] ⏳ 暂无任务，休息60秒...
[赏界面] ⏳ 暂无任务，休息60秒...
[和产品] ⏳ 暂无任务，休息60秒...
[穆文档] ⏳ 暂无任务，休息60秒...
[财SDK] ⏳ 暂无任务，休息60秒...
[黄漂移] ⏳ 暂无任务，休息60秒...
[周进化] ⏳ 暂无任务，休息60秒...
[吴模板] ⏳ 暂无任务，休息60秒...
[周禄存] ⏳ 暂无任务，休息60秒...
[冯优化] ⏳ 暂无任务，休息60秒...
[钱调度] ⏳ 暂无任务，休息60秒...
[蒋巨门] ⏳ 暂无任务，休息60秒...
[沈记忆] ⏳ 暂无任务，休息60秒...
[韩向量] ⏳ 暂无任务，休息60秒...
[杨检索] ⏳ 暂无任务，休息60秒...
[朱图谱] ⏳ 暂无任务，休息60秒...
[孟一致] ⏳ 暂无任务，休息60秒...
[平心理] ⏳ 暂无任务，休息60秒...
[谢武功] ⏳ 暂无任务，休息60秒...
[邹接口] ⏳ 暂无任务，休息60秒...
[喻发现] ⏳ 暂无任务，休息60秒...
[柏依赖] ⏳ 暂无任务，休息60秒...
[水版本] ⏳ 暂无任务，休息60秒...
[章破军] ⏳ 暂无任务，休息60秒...
[云沙箱] ⏳ 暂无任务，休息60秒...
[苏容器] ⏳ 暂无任务，休息60秒...
[潘外呼] ⏳ 暂无任务，休息60秒...
[葛消息] ⏳ 暂无任务，休息60秒...
[殷用户] ⏳ 暂无任务，休息60秒...
[罗隔离] ⏳ 暂无任务，休息60秒...
[毕配置] ⏳ 暂无任务，休息60秒...
[周右弼] ⏳ 暂无任务，休息60秒...
[于道德] ⏳ 暂无任务，休息60秒...
[时权限] ⏳ 暂无任务，休息60秒...
[皮审计] ⏳ 暂无任务，休息60秒...
[薛贪狼] ⏳ 暂无任务，休息60秒...
[雷ASR] ⏳ 暂无任务，休息60秒...
[贺TTS] ⏳ 暂无任务，休息60秒...
[齐辅弼] ⏳ 暂无任务，休息60秒...
[康网关] ⏳ 暂无任务，休息60秒...
[陈元灵] ⏳ 暂无任务，休息60秒...
[林对齐] ⏳ 暂无任务，休息60秒...
[郑路由] ⏳ 暂无任务，休息60秒...
[伍廉贞] ⏳ 暂无任务，休息60秒...
[余情绪] ⏳ 暂无任务，休息60秒...
[元人格] ⏳ 暂无任务，休息60秒...
[倪左辅] ⏳ 暂无任务，休息60秒...
[汤K8s] ⏳ 暂无任务，休息60秒...
[王规划] ⏳ 暂无任务，休息60秒...
[乐法律] ⏳ 暂无任务，休息60秒...
[贡数字人] ⏳ 暂无任务，休息60秒...
[赏界面] ⏳ 暂无任务，休息60秒...
[和产品] ⏳ 暂无任务，休息60秒...
[穆文档] ⏳ 暂无任务，休息60秒...
[财SDK] ⏳ 暂无任务，休息60秒...
[黄漂移] ⏳ 暂无任务，休息60秒...
[周进化] ⏳ 暂无任务，休息60秒...
[吴模板] ⏳ 暂无任务，休息60秒...
[周禄存] ⏳ 暂无任务，休息60秒...
[冯优化] ⏳ 暂无任务，休息60秒...
[钱调度] ⏳ 暂无任务，休息60秒...
[蒋巨门] ⏳ 暂无任务，休息60秒...
[沈记忆] ⏳ 暂无任务，休息60秒...
[韩向量] ⏳ 暂无任务，休息60秒...
[杨检索] ⏳ 暂无任务，休息60秒...
[朱图谱] ⏳ 暂无任务，休息60秒...
[孟一致] ⏳ 暂无任务，休息60秒...
[平心理] ⏳ 暂无任务，休息60秒...
[谢武功] ⏳ 暂无任务，休息60秒...
[邹接口] ⏳ 暂无任务，休息60秒...
[喻发现] ⏳ 暂无任务，休息60秒...
[柏依赖] ⏳ 暂无任务，休息60秒...
[水版本] ⏳ 暂无任务，休息60秒...
[章破军] ⏳ 暂无任务，休息60秒...
[云沙箱] ⏳ 暂无任务，休息60秒...
[苏容器] ⏳ 暂无任务，休息60秒...
[潘外呼] ⏳ 暂无任务，休息60秒...
[葛消息] ⏳ 暂无任务，休息60秒...
[殷用户] ⏳ 暂无任务，休息60秒...
[罗隔离] ⏳ 暂无任务，休息60秒...
[毕配置] ⏳ 暂无任务，休息60秒...
[周右弼] ⏳ 暂无任务，休息60秒...
[于道德] ⏳ 暂无任务，休息60秒...
[时权限] ⏳ 暂无任务，休息60秒...
[皮审计] ⏳ 暂无任务，休息60秒...
[薛贪狼] ⏳ 暂无任务，休息60秒...
[雷ASR] ⏳ 暂无任务，休息60秒...
[贺TTS] ⏳ 暂无任务，休息60秒...
[齐辅弼] ⏳ 暂无任务，休息60秒...
[康网关] ⏳ 暂无任务，休息60秒...
[陈元灵] ⏳ 暂无任务，休息60秒...
[林对齐] ⏳ 暂无任务，休息60秒...
[郑路由] ⏳ 暂无任务，休息60秒...
[伍廉贞] ⏳ 暂无任务，休息60秒...
[余情绪] ⏳ 暂无任务，休息60秒...
[元人格] ⏳ 暂无任务，休息60秒...
[倪左辅] ⏳ 暂无任务，休息60秒...
[汤K8s] ⏳ 暂无任务，休息60秒...
[王规划] ⏳ 暂无任务，休息60秒...
[乐法律] ⏳ 暂无任务，休息60秒...
[贡数字人] ⏳ 暂无任务，休息60秒...
[赏界面] ⏳ 暂无任务，休息60秒...
[和产品] ⏳ 暂无任务，休息60秒...
[穆文档] ⏳ 暂无任务，休息60秒...
[财SDK] ⏳ 暂无任务，休息60秒...
[黄漂移] ⏳ 暂无任务，休息60秒...
[周进化] ⏳ 暂无任务，休息60秒...
[吴模板] ⏳ 暂无任务，休息60秒...
[周禄存] ⏳ 暂无任务，休息60秒...
[冯优化] ⏳ 暂无任务，休息60秒...
[钱调度] ⏳ 暂无任务，休息60秒...
[蒋巨门] ⏳ 暂无任务，休息60秒...
[沈记忆] ⏳ 暂无任务，休息60秒...
[韩向量] ⏳ 暂无任务，休息60秒...
[杨检索] ⏳ 暂无任务，休息60秒...
[朱图谱] ⏳ 暂无任务，休息60秒...
[孟一致] ⏳ 暂无任务，休息60秒...
[平心理] ⏳ 暂无任务，休息60秒...
[谢武功] ⏳ 暂无任务，休息60秒...
[邹接口] ⏳ 暂无任务，休息60秒...
[喻发现] ⏳ 暂无任务，休息60秒...
[柏依赖] ⏳ 暂无任务，休息60秒...
[水版本] ⏳ 暂无任务，休息60秒...
[章破军] ⏳ 暂无任务，休息60秒...
[云沙箱] ⏳ 暂无任务，休息60秒...
[苏容器] ⏳ 暂无任务，休息60秒...
[潘外呼] ⏳ 暂无任务，休息60秒...
[葛消息] ⏳ 暂无任务，休息60秒...
[殷用户] ⏳ 暂无任务，休息60秒...
[罗隔离] ⏳ 暂无任务，休息60秒...
[毕配置] ⏳ 暂无任务，休息60秒...
[周右弼] ⏳ 暂无任务，休息60秒...
[于道德] ⏳ 暂无任务，休息60秒...
[时权限] ⏳ 暂无任务，休息60秒...
[皮审计] ⏳ 暂无任务，休息60秒...
[薛贪狼] ⏳ 暂无任务，休息60秒...
[雷ASR] ⏳ 暂无任务，休息60秒...
[贺TTS] ⏳ 暂无任务，休息60秒...
[齐辅弼] ⏳ 暂无任务，休息60秒...
[康网关] ⏳ 暂无任务，休息60秒...
[陈元灵] ⏳ 暂无任务，休息60秒...
[林对齐] ⏳ 暂无任务，休息60秒...
[郑路由] ⏳ 暂无任务，休息60秒...
[伍廉贞] ⏳ 暂无任务，休息60秒...
[余情绪] ⏳ 暂无任务，休息60秒...
[元人格] ⏳ 暂无任务，休息60秒...
[倪左辅] ⏳ 暂无任务，休息60秒...
[汤K8s] ⏳ 暂无任务，休息60秒...
[王规划] ⏳ 暂无任务，休息60秒...
[乐法律] ⏳ 暂无任务，休息60秒...
[贡数字人] ⏳ 暂无任务，休息60秒...
[赏界面] ⏳ 暂无任务，休息60秒...
[和产品] ⏳ 暂无任务，休息60秒...
[穆文档] ⏳ 暂无任务，休息60秒...
[财SDK] ⏳ 暂无任务，休息60秒...
[黄漂移] ⏳ 暂无任务，休息60秒...
[周进化] ⏳ 暂无任务，休息60秒...
[吴模板] ⏳ 暂无任务，休息60秒...
[周禄存] ⏳ 暂无任务，休息60秒...
[冯优化] ⏳ 暂无任务，休息60秒...
[钱调度] ⏳ 暂无任务，休息60秒...
[蒋巨门] ⏳ 暂无任务，休息60秒...
[沈记忆] ⏳ 暂无任务，休息60秒...
[韩向量] ⏳ 暂无任务，休息60秒...
[杨检索] ⏳ 暂无任务，休息60秒...
[朱图谱] ⏳ 暂无任务，休息60秒...
[孟一致] ⏳ 暂无任务，休息60秒...
[平心理] ⏳ 暂无任务，休息60秒...
[谢武功] ⏳ 暂无任务，休息60秒...
[邹接口] ⏳ 暂无任务，休息60秒...
[喻发现] ⏳ 暂无任务，休息60秒...
[柏依赖] ⏳ 暂无任务，休息60秒...
[水版本] ⏳ 暂无任务，休息60秒...
[章破军] ⏳ 暂无任务，休息60秒...
[云沙箱] ⏳ 暂无任务，休息60秒...
[苏容器] ⏳ 暂无任务，休息60秒...
[潘外呼] ⏳ 暂无任务，休息60秒...
[葛消息] ⏳ 暂无任务，休息60秒...
[殷用户] ⏳ 暂无任务，休息60秒...
[罗隔离] ⏳ 暂无任务，休息60秒...
[毕配置] ⏳ 暂无任务，休息60秒...
[周右弼] ⏳ 暂无任务，休息60秒...
[于道德] ⏳ 暂无任务，休息60秒...
[时权限] ⏳ 暂无任务，休息60秒...
[皮审计] ⏳ 暂无任务，休息60秒...
[薛贪狼] ⏳ 暂无任务，休息60秒...
[雷ASR] ⏳ 暂无任务，休息60秒...
[贺TTS] ⏳ 暂无任务，休息60秒...
[齐辅弼] ⏳ 暂无任务，休息60秒...
[康网关] ⏳ 暂无任务，休息60秒...
[陈元灵] ⏳ 暂无任务，休息60秒...
[林对齐] ⏳ 暂无任务，休息60秒...
[郑路由] ⏳ 暂无任务，休息60秒...
[伍廉贞] ⏳ 暂无任务，休息60秒...
[余情绪] ⏳ 暂无任务，休息60秒...
[元人格] ⏳ 暂无任务，休息60秒...
[倪左辅] ⏳ 暂无任务，休息60秒...
[汤K8s] ⏳ 暂无任务，休息60秒...
[王规划] ⏳ 暂无任务，休息60秒...
[乐法律] ⏳ 暂无任务，休息60秒...
[贡数字人] ⏳ 暂无任务，休息60秒...
[赏界面] ⏳ 暂无任务，休息60秒...
[和产品] ⏳ 暂无任务，休息60秒...
[穆文档] ⏳ 暂无任务，休息60秒...
[财SDK] ⏳ 暂无任务，休息60秒...
[黄漂移] ⏳ 暂无任务，休息60秒...
[周进化] ⏳ 暂无任务，休息60秒...
[吴模板] ⏳ 暂无任务，休息60秒...
[周禄存] ⏳ 暂无任务，休息60秒...
[冯优化] ⏳ 暂无任务，休息60秒...
[钱调度] ⏳ 暂无任务，休息60秒...
[蒋巨门] ⏳ 暂无任务，休息60秒...
[沈记忆] ⏳ 暂无任务，休息60秒...
[韩向量] ⏳ 暂无任务，休息60秒...
[杨检索] ⏳ 暂无任务，休息60秒...
[朱图谱] ⏳ 暂无任务，休息60秒...
[孟一致] ⏳ 暂无任务，休息60秒...
[平心理] ⏳ 暂无任务，休息60秒...
[谢武功] ⏳ 暂无任务，休息60秒...
[邹接口] ⏳ 暂无任务，休息60秒...
[喻发现] ⏳ 暂无任务，休息60秒...
[柏依赖] ⏳ 暂无任务，休息60秒...
[水版本] ⏳ 暂无任务，休息60秒...
[章破军] ⏳ 暂无任务，休息60秒...
[云沙箱] ⏳ 暂无任务，休息60秒...
[苏容器] ⏳ 暂无任务，休息60秒...
[潘外呼] ⏳ 暂无任务，休息60秒...
[葛消息] ⏳ 暂无任务，休息60秒...
[殷用户] ⏳ 暂无任务，休息60秒...
[罗隔离] ⏳ 暂无任务，休息60秒...
[毕配置] ⏳ 暂无任务，休息60秒...
[周右弼] ⏳ 暂无任务，休息60秒...
[于道德] ⏳ 暂无任务，休息60秒...
[时权限] ⏳ 暂无任务，休息60秒...
[皮审计] ⏳ 暂无任务，休息60秒...
[薛贪狼] ⏳ 暂无任务，休息60秒...
[雷ASR] ⏳ 暂无任务，休息60秒...
[贺TTS] ⏳ 暂无任务，休息60秒...
[齐辅弼] ⏳ 暂无任务，休息60秒...
[康网关] ⏳ 暂无任务，休息60秒...
[陈元灵] ⏳ 暂无任务，休息60秒...
[林对齐] ⏳ 暂无任务，休息60秒...
[郑路由] ⏳ 暂无任务，休息60秒...
[伍廉贞] ⏳ 暂无任务，休息60秒...
[余情绪] ⏳ 暂无任务，休息60秒...
[元人格] ⏳ 暂无任务，休息60秒...
[倪左辅] ⏳ 暂无任务，休息60秒...
[汤K8s] ⏳ 暂无任务，休息60秒...
[王规划] ⏳ 暂无任务，休息60秒...
[乐法律] ⏳ 暂无任务，休息60秒...
[贡数字人] ⏳ 暂无任务，休息60秒...
[赏界面] ⏳ 暂无任务，休息60秒...
[和产品] ⏳ 暂无任务，休息60秒...
[穆文档] ⏳ 暂无任务，休息60秒...
[财SDK] ⏳ 暂无任务，休息60秒...
[黄漂移] ⏳ 暂无任务，休息60秒...
[周进化] ⏳ 暂无任务，休息60秒...
[吴模板] ⏳ 暂无任务，休息60秒...
[周禄存] ⏳ 暂无任务，休息60秒...
[冯优化] ⏳ 暂无任务，休息60秒...
[钱调度] ⏳ 暂无任务，休息60秒...
[蒋巨门] ⏳ 暂无任务，休息60秒...
[沈记忆] ⏳ 暂无任务，休息60秒...
[韩向量] ⏳ 暂无任务，休息60秒...
[杨检索] ⏳ 暂无任务，休息60秒...
[朱图谱] ⏳ 暂无任务，休息60秒...
[孟一致] ⏳ 暂无任务，休息60秒...
[平心理] ⏳ 暂无任务，休息60秒...
[谢武功] ⏳ 暂无任务，休息60秒...
[邹接口] ⏳ 暂无任务，休息60秒...
[喻发现] ⏳ 暂无任务，休息60秒...
[柏依赖] ⏳ 暂无任务，休息60秒...
[水版本] ⏳ 暂无任务，休息60秒...
[章破军] ⏳ 暂无任务，休息60秒...
[云沙箱] ⏳ 暂无任务，休息60秒...
[苏容器] ⏳ 暂无任务，休息60秒...
[潘外呼] ⏳ 暂无任务，休息60秒...
[葛消息] ⏳ 暂无任务，休息60秒...
[殷用户] ⏳ 暂无任务，休息60秒...
[罗隔离] ⏳ 暂无任务，休息60秒...
[毕配置] ⏳ 暂无任务，休息60秒...
[周右弼] ⏳ 暂无任务，休息60秒...
[于道德] ⏳ 暂无任务，休息60秒...
[时权限] ⏳ 暂无任务，休息60秒...
[皮审计] ⏳ 暂无任务，休息60秒...
[薛贪狼] ⏳ 暂无任务，休息60秒...
[雷ASR] ⏳ 暂无任务，休息60秒...
[贺TTS] ⏳ 暂无任务，休息60秒...
[齐辅弼] ⏳ 暂无任务，休息60秒...
[康网关] ⏳ 暂无任务，休息60秒...
[陈元灵] ⏳ 暂无任务，休息60秒...
[林对齐] ⏳ 暂无任务，休息60秒...
[郑路由] ⏳ 暂无任务，休息60秒...
[伍廉贞] ⏳ 暂无任务，休息60秒...
[余情绪] ⏳ 暂无任务，休息60秒...
[元人格] ⏳ 暂无任务，休息60秒...
[倪左辅] ⏳ 暂无任务，休息60秒...
[汤K8s] ⏳ 暂无任务，休息60秒...
[王规划] ⏳ 暂无任务，休息60秒...
[乐法律] ⏳ 暂无任务，休息60秒...
[贡数字人] ⏳ 暂无任务，休息60秒...
[赏界面] ⏳ 暂无任务，休息60秒...
[和产品] ⏳ 暂无任务，休息60秒...
[穆文档] ⏳ 暂无任务，休息60秒...
[财SDK] ⏳ 暂无任务，休息60秒...
[黄漂移] ⏳ 暂无任务，休息60秒...
[周进化] ⏳ 暂无任务，休息60秒...
[吴模板] ⏳ 暂无任务，休息60秒...
[周禄存] ⏳ 暂无任务，休息60秒...
[冯优化] ⏳ 暂无任务，休息60秒...
[钱调度] ⏳ 暂无任务，休息60秒...
[蒋巨门] ⏳ 暂无任务，休息60秒...
[沈记忆] ⏳ 暂无任务，休息60秒...
[韩向量] ⏳ 暂无任务，休息60秒...
[杨检索] ⏳ 暂无任务，休息60秒...
[朱图谱] ⏳ 暂无任务，休息60秒...
[孟一致] ⏳ 暂无任务，休息60秒...
[平心理] ⏳ 暂无任务，休息60秒...
[谢武功] ⏳ 暂无任务，休息60秒...
[邹接口] ⏳ 暂无任务，休息60秒...
[喻发现] ⏳ 暂无任务，休息60秒...
[柏依赖] ⏳ 暂无任务，休息60秒...
[水版本] ⏳ 暂无任务，休息60秒...
[章破军] ⏳ 暂无任务，休息60秒...
[云沙箱] ⏳ 暂无任务，休息60秒...
[苏容器] ⏳ 暂无任务，休息60秒...
[潘外呼] ⏳ 暂无任务，休息60秒...
[葛消息] ⏳ 暂无任务，休息60秒...
[殷用户] ⏳ 暂无任务，休息60秒...
[罗隔离] ⏳ 暂无任务，休息60秒...
[毕配置] ⏳ 暂无任务，休息60秒...
[周右弼] ⏳ 暂无任务，休息60秒...
[于道德] ⏳ 暂无任务，休息60秒...
[时权限] ⏳ 暂无任务，休息60秒...
[皮审计] ⏳ 暂无任务，休息60秒...
[薛贪狼] ⏳ 暂无任务，休息60秒...
[雷ASR] ⏳ 暂无任务，休息60秒...
[贺TTS] ⏳ 暂无任务，休息60秒...
[齐辅弼] ⏳ 暂无任务，休息60秒...
[康网关] ⏳ 暂无任务，休息60秒...
[陈元灵] ⏳ 暂无任务，休息60秒...
[林对齐] ⏳ 暂无任务，休息60秒...
[郑路由] ⏳ 暂无任务，休息60秒...
[伍廉贞] ⏳ 暂无任务，休息60秒...
[余情绪] ⏳ 暂无任务，休息60秒...
[元人格] ⏳ 暂无任务，休息60秒...
[倪左辅] ⏳ 暂无任务，休息60秒...
[汤K8s] ⏳ 暂无任务，休息60秒...
启动AI数字员工全自动工作系统 v3.0 (P1任务版)...
✅ 终极版任务加载成功: 135 个任务
✅ 注册仓库: xuanji_engine -> /workspace/projects/workspace/xuanji-engine-v2
✅ 注册仓库: ai_stock_app -> /workspace/projects/workspace/ai-stock-app
✅ 注册仓库: hanyu_learning -> /workspace/projects/workspace/han-yu-vietnamese-learning
✅ 注册AI员工: 陈元灵 (102) -> xuanji_engine
✅ 注册AI员工: 张一凡 (106) -> xuanji_engine
✅ 注册AI员工: 刘二明 (107) -> xuanji_engine
✅ 注册AI员工: 王三思 (108) -> xuanji_engine
✅ 注册AI员工: 赵四维 (109) -> xuanji_engine
✅ 注册AI员工: 孙五维 (110) -> xuanji_engine
✅ 注册AI员工: 周禄存 (111) -> xuanji_engine
✅ 注册AI员工: 吴存真 (112) -> xuanji_engine
✅ 注册AI员工: 郑存义 (113) -> xuanji_engine
✅ 注册AI员工: 钱存信 (114) -> xuanji_engine
✅ 注册AI员工: 冯存智 (115) -> xuanji_engine
✅ 注册AI员工: 陈存理 (116) -> xuanji_engine
✅ 注册AI员工: 褚存道 (117) -> xuanji_engine
✅ 注册AI员工: 卫存德 (118) -> xuanji_engine
✅ 注册AI员工: 蒋巨门 (119) -> xuanji_engine
✅ 注册AI员工: 沈巨明 (120) -> xuanji_engine
✅ 注册AI员工: 韩巨亮 (121) -> xuanji_engine
✅ 注册AI员工: 杨巨知 (122) -> xuanji_engine
✅ 注册AI员工: 朱巨信 (123) -> xuanji_engine
✅ 注册AI员工: 秦巨诚 (124) -> xuanji_engine
✅ 注册AI员工: 许巨真 (125) -> xuanji_engine
✅ 注册AI员工: 戚巨实 (126) -> xuanji_engine
✅ 注册AI员工: 伍廉贞 (163) -> xuanji_engine
✅ 注册AI员工: 余廉心 (164) -> xuanji_engine
✅ 注册AI员工: 元廉情 (165) -> xuanji_engine
✅ 注册AI员工: 孟廉意 (166) -> xuanji_engine
✅ 注册AI员工: 李廉智 (167) -> xuanji_engine
✅ 注册AI员工: 谢武功 (127) -> xuanji_engine
✅ 注册AI员工: 邹武全 (128) -> xuanji_engine
✅ 注册AI员工: 喻武能 (129) -> xuanji_engine
✅ 注册AI员工: 柏武技 (130) -> xuanji_engine
✅ 注册AI员工: 水武库 (131) -> xuanji_engine
✅ 注册AI员工: 窦武备 (132) -> xuanji_engine
✅ 注册AI员工: 章破军 (133) -> xuanji_engine
✅ 注册AI员工: 云破敌 (134) -> xuanji_engine
✅ 注册AI员工: 苏破阵 (135) -> xuanji_engine
✅ 注册AI员工: 潘破晓 (136) -> xuanji_engine
✅ 注册AI员工: 葛破浪 (137) -> xuanji_engine
✅ 注册AI员工: 奚破浪 (138) -> xuanji_engine
✅ 注册AI员工: 范破空 (139) -> xuanji_engine
✅ 注册AI员工: 柯破云 (140) -> xuanji_engine
✅ 注册AI员工: 厉破风 (141) -> xuanji_engine
✅ 注册AI员工: 岑破雷 (142) -> xuanji_engine
✅ 注册AI员工: 倪左辅 (146) -> xuanji_engine
✅ 注册AI员工: 汤左膀 (147) -> xuanji_engine
✅ 注册AI员工: 殷左翼 (148) -> xuanji_engine
✅ 注册AI员工: 殷左护 (149) -> xuanji_engine
✅ 注册AI员工: 罗左卫 (150) -> xuanji_engine
✅ 注册AI员工: 毕左护 (151) -> xuanji_engine
✅ 注册AI员工: 郝左持 (152) -> xuanji_engine
✅ 注册AI员工: 邬左扶 (153) -> xuanji_engine
✅ 注册AI员工: 安左助 (154) -> xuanji_engine
✅ 注册AI员工: 常左协 (155) -> xuanji_engine
✅ 注册AI员工: 李星辰 (101) -> xuanji_engine
✅ 注册AI员工: 周右弼 (105) -> xuanji_engine
✅ 注册AI员工: 乐右弼 (156) -> xuanji_engine
✅ 注册AI员工: 于右护 (157) -> xuanji_engine
✅ 注册AI员工: 时右卫 (158) -> xuanji_engine
✅ 注册AI员工: 皮右防 (159) -> xuanji_engine
✅ 注册AI员工: 卞右盾 (160) -> xuanji_engine
✅ 注册AI员工: 薛贪狼 (143) -> xuanji_engine
✅ 注册AI员工: 雷贪音 (144) -> xuanji_engine
✅ 注册AI员工: 贺贪形 (145) -> xuanji_engine
✅ 注册AI员工: 贡志强 (176) -> xuanji_engine
✅ 注册AI员工: 赏志明 (177) -> xuanji_engine
✅ 注册AI员工: 巴图 (178) -> xuanji_engine
✅ 注册AI员工: 弓志明 (179) -> xuanji_engine
✅ 注册AI员工: 母志明 (180) -> xuanji_engine
✅ 注册AI员工: 齐辅弼 (161) -> xuanji_engine
✅ 注册AI员工: 康辅星 (162) -> xuanji_engine
✅ 注册AI员工: 和产品 (168) -> xuanji_engine
✅ 注册AI员工: 穆产品 (169) -> xuanji_engine
✅ 注册AI员工: 财市场 (183) -> xuanji_engine
✅ 注册AI员工: 干市场 (184) -> xuanji_engine
✅ 注册AI员工: 曲市场 (185) -> xuanji_engine
✅ 注册AI员工: 桥客服 (188) -> xuanji_engine
✅ 注册AI员工: 银客服 (189) -> xuanji_engine
✅ 注册AI员工: 言客服 (190) -> xuanji_engine

============================================================
🚀 AI数字员工全自动工作系统 v3.0 (P1任务版)
============================================================
总员工数: 78
项目数: 3
============================================================
⚠️ P0任务完成后自动继续P1任务
⚠️ 覆盖玄玑引擎全部10个组
============================================================

🚀 [陈元灵] 开始工作...
[陈元灵] ✅ 领取任务: [P0] Task-01 - 个性化进化决策模块开发
[陈元灵] 📝 生成代码: /workspace/projects/workspace/xuanji-engine-v2/01/ziwei/star/task_01.py
[陈元灵] ⚠️ Git提交失败: 提交失败: 

🚀 [张一凡] 开始工作...
[张一凡] ✅ 领取任务: [P0] Task-02 - 用户个人知识图谱构建
[张一凡] 📝 生成代码: /workspace/projects/workspace/xuanji-engine-v2/01/ziwei/star/task_02.py
[张一凡] ⚠️ Git提交失败: 提交失败: 

🚀 [刘二明] 开始工作...
[刘二明] ✅ 领取任务: [P0] Task-03 - 知识实时同步机制实现
[刘二明] 📝 生成代码: /workspace/projects/workspace/xuanji-engine-v2/01/ziwei/star/task_03.py
[刘二明] ⚠️ Git提交失败: 提交失败: 

🚀 [王三思] 开始工作...
[王三思] ✅ 领取任务: [P0] Task-06 - 系统集成测试
[王三思] 📝 生成代码: /workspace/projects/workspace/xuanji-engine-v2/01/ziwei/star/task_06.py
[王三思] ⚠️ Git提交失败: 提交失败: 

🚀 [赵四维] 开始工作...
[赵四维] ✅ 领取任务: [P0] Task-07 - 文档编写与交付
[赵四维] 📝 生成代码: /workspace/projects/workspace/xuanji-engine-v2/01/ziwei/star/task_07.py
[赵四维] ✅ Git提交成功: 51b76af

🚀 [孙五维] 开始工作...

🚀 [周禄存] 开始工作...
[周禄存] ✅ 领取任务: [P0] Task-01 - 多模型统一接入协议设计
[周禄存] 📝 生成代码: /workspace/projects/workspace/xuanji-engine-v2/02/lucun/star/task_01.py
[周禄存] ⚠️ Git提交失败: 提交失败: 

🚀 [吴存真] 开始工作...
[吴存真] ✅ 领取任务: [P0] Task-02 - SpeechLLM接入实现
[吴存真] 📝 生成代码: /workspace/projects/workspace/xuanji-engine-v2/02/lucun/star/task_02.py
[吴存真] ⚠️ Git提交失败: 提交失败: 

🚀 [郑存义] 开始工作...
[郑存义] ✅ 领取任务: [P0] Task-03 - 智能调度引擎开发
[郑存义] 📝 生成代码: /workspace/projects/workspace/xuanji-engine-v2/02/lucun/star/task_03.py
[郑存义] ⚠️ Git提交失败: 提交失败: 

🚀 [钱存信] 开始工作...
[钱存信] ✅ 领取任务: [P0] Task-04 - 模型注册中心建设
[钱存信] 📝 生成代码: /workspace/projects/workspace/xuanji-engine-v2/02/lucun/star/task_04.py
[钱存信] ⚠️ Git提交失败: 提交失败: 

🚀 [冯存智] 开始工作...
[冯存智] ✅ 领取任务: [P0] Task-05 - 性能监控系统开发
[冯存智] 📝 生成代码: /workspace/projects/workspace/xuanji-engine-v2/02/lucun/star/task_05.py
[冯存智] ⚠️ Git提交失败: 提交失败: 

🚀 [陈存理] 开始工作...

🚀 [褚存道] 开始工作...

🚀 [卫存德] 开始工作...

🚀 [蒋巨门] 开始工作...
[蒋巨门] ✅ 领取任务: [P0] OBJ-03-001 - 个性化特征记忆库
[蒋巨门] 📝 生成代码: /workspace/projects/workspace/xuanji-engine-v2/03/jumen/star/obj_03_001.py
[蒋巨门] ⚠️ Git提交失败: 提交失败: 

🚀 [沈巨明] 开始工作...
[沈巨明] ✅ 领取任务: [P0] OBJ-03-002 - 智能检索系统
[沈巨明] 📝 生成代码: /workspace/projects/workspace/xuanji-engine-v2/03/jumen/star/obj_03_002.py
[沈巨明] ⚠️ Git提交失败: 提交失败: 

🚀 [韩巨亮] 开始工作...
[韩巨亮] ✅ 领取任务: [P0] OBJ-03-003 - 记忆持久化
[韩巨亮] 📝 生成代码: /workspace/projects/workspace/xuanji-engine-v2/03/jumen/star/obj_03_003.py
[韩巨亮] ⚠️ Git提交失败: 提交失败: 

🚀 [杨巨知] 开始工作...
[杨巨知] ✅ 领取任务: [P1] P2-03-007 - 记忆压缩算法
[杨巨知] 📝 生成代码: /workspace/projects/workspace/xuanji-engine-v2/03/jumen/star/p2_03_007.py
[杨巨知] ⚠️ Git提交失败: 提交失败: 

🚀 [朱巨信] 开始工作...
[朱巨信] ✅ 领取任务: [P1] P2-03-008 - 检索速度优化
[朱巨信] 📝 生成代码: /workspace/projects/workspace/xuanji-engine-v2/03/jumen/star/p2_03_008.py
[朱巨信] ⚠️ Git提交失败: 提交失败: 

🚀 [秦巨诚] 开始工作...

🚀 [许巨真] 开始工作...

🚀 [戚巨实] 开始工作...

🚀 [伍廉贞] 开始工作...
[伍廉贞] ✅ 领取任务: [P0] OBJ-04-001 - 个性化人格微调系统
[伍廉贞] 📝 生成代码: /workspace/projects/workspace/xuanji-engine-v2/04/lianzheng/star/obj_04_001.py
[伍廉贞] ⚠️ Git提交失败: 提交失败: 

🚀 [余廉心] 开始工作...
[余廉心] ✅ 领取任务: [P0] OBJ-04-002 - 数字分身系统
[余廉心] 📝 生成代码: /workspace/projects/workspace/xuanji-engine-v2/04/lianzheng/star/obj_04_002.py
[余廉心] ✅ Git提交成功: 6c28c33

🚀 [元廉情] 开始工作...
[元廉情] ✅ 领取任务: [P0] OBJ-04-003 - 人设一致性保障
[元廉情] 📝 生成代码: /workspace/projects/workspace/xuanji-engine-v2/04/lianzheng/star/obj_04_003.py
[元廉情] ⚠️ Git提交失败: 提交失败: 

🚀 [孟廉意] 开始工作...
[孟廉意] ✅ 领取任务: [P1] P2-04-009 - 人格模板丰富
[孟廉意] 📝 生成代码: /workspace/projects/workspace/xuanji-engine-v2/04/lianzheng/star/p2_04_009.py
[孟廉意] ✅ Git提交成功: e09cb73

🚀 [李廉智] 开始工作...
[李廉智] ✅ 领取任务: [P1] P2-04-010 - 情绪识别优化
[李廉智] 📝 生成代码: /workspace/projects/workspace/xuanji-engine-v2/04/lianzheng/star/p2_04_010.py
[李廉智] ✅ Git提交成功: 09e78e8

🚀 [谢武功] 开始工作...
[谢武功] ✅ 领取任务: [P0] OBJ-05-001 - 10万级插件库与能力分级
[谢武功] 📝 生成代码: /workspace/projects/workspace/xuanji-engine-v2/05/wuqu/star/obj_05_001.py
[谢武功] ⚠️ Git提交失败: 提交失败: 

🚀 [邹武全] 开始工作...
[邹武全] ✅ 领取任务: [P0] OBJ-05-002 - 插件自动化生产与定价系统（紫微星协同）
[邹武全] 📝 生成代码: /workspace/projects/workspace/xuanji-engine-v2/05/wuqu/star/obj_05_002.py
[邹武全] ✅ Git提交成功: 97ce491

🚀 [喻武能] 开始工作...
[喻武能] ✅ 领取任务: [P0] OBJ-05-003 - 五大宪法铁律执行
[喻武能] 📝 生成代码: /workspace/projects/workspace/xuanji-engine-v2/05/wuqu/star/obj_05_003.py
[喻武能] ⚠️ Git提交失败: 提交失败: 

🚀 [柏武技] 开始工作...
[柏武技] ✅ 领取任务: [P1] P2-05-011 - 插件模板扩充
[柏武技] 📝 生成代码: /workspace/projects/workspace/xuanji-engine-v2/05/wuqu/star/p2_05_011.py
[柏武技] ✅ Git提交成功: ddca592

🚀 [水武库] 开始工作...
[水武库] ✅ 领取任务: [P1] P2-05-012 - 插件测试工具
[水武库] 📝 生成代码: /workspace/projects/workspace/xuanji-engine-v2/05/wuqu/star/p2_05_012.py
[水武库] ⚠️ Git提交失败: 提交失败: 

🚀 [窦武备] 开始工作...

🚀 [章破军] 开始工作...
[章破军] ✅ 领取任务: [P0] OBJ-06-001 - 任务流程自动化
[章破军] 📝 生成代码: /workspace/projects/workspace/xuanji-engine-v2/06/pojun/star/obj_06_001.py
[章破军] ✅ Git提交成功: ac88d4e

🚀 [云破敌] 开始工作...
[云破敌] ✅ 领取任务: [P0] OBJ-06-002 - 多插件协同执行
[云破敌] 📝 生成代码: /workspace/projects/workspace/xuanji-engine-v2/06/pojun/star/obj_06_002.py
[云破敌] ⚠️ Git提交失败: 提交失败: 

🚀 [苏破阵] 开始工作...
[苏破阵] ✅ 领取任务: [P0] OBJ-06-003 - 智能错误处理
[苏破阵] 📝 生成代码: /workspace/projects/workspace/xuanji-engine-v2/06/pojun/star/obj_06_003.py
[苏破阵] ✅ Git提交成功: 3ee97ba

🚀 [潘破晓] 开始工作...
[潘破晓] ✅ 领取任务: [P1] P2-06-013 - 执行流程优化
[潘破晓] 📝 生成代码: /workspace/projects/workspace/xuanji-engine-v2/06/pojun/star/p2_06_013.py
[潘破晓] ⚠️ Git提交失败: 提交失败: 

🚀 [葛破浪] 开始工作...
[葛破浪] ✅ 领取任务: [P1] P2-06-014 - 错误处理增强
[葛破浪] 📝 生成代码: /workspace/projects/workspace/xuanji-engine-v2/06/pojun/star/p2_06_014.py
[葛破浪] ✅ Git提交成功: 5d14328

🚀 [奚破浪] 开始工作...

🚀 [范破空] 开始工作...

🚀 [柯破云] 开始工作...

🚀 [厉破风] 开始工作...

🚀 [岑破雷] 开始工作...

🚀 [倪左辅] 开始工作...
[倪左辅] ✅ 领取任务: [P0] OBJ-07-001 - 灵活计费引擎v2.0（算力成本导向+能力梯度定价）
[倪左辅] 📝 生成代码: /workspace/projects/workspace/xuanji-engine-v2/07/zuofu/star/obj_07_001.py
[倪左辅] ⚠️ Git提交失败: 提交失败: 

🚀 [汤左膀] 开始工作...
[汤左膀] ✅ 领取任务: [P0] OBJ-07-002 - 智能总控后台
[汤左膀] 📝 生成代码: /workspace/projects/workspace/xuanji-engine-v2/07/zuofu/star/obj_07_002.py
[汤左膀] ✅ Git提交成功: 85c036b

🚀 [殷左翼] 开始工作...
[殷左翼] ✅ 领取任务: [P0] OBJ-07-003 - 五端统一部署
[殷左翼] 📝 生成代码: /workspace/projects/workspace/xuanji-engine-v2/07/zuofu/star/obj_07_003.py
[殷左翼] ⚠️ Git提交失败: 提交失败: 

🚀 [殷左护] 开始工作...
[殷左护] ✅ 领取任务: [P0] OBJ-07-004 - 资源管理
[殷左护] 📝 生成代码: /workspace/projects/workspace/xuanji-engine-v2/07/zuofu/star/obj_07_004.py
[殷左护] ✅ Git提交成功: f5eaf46

🚀 [罗左卫] 开始工作...
[罗左卫] ✅ 领取任务: [P1] P2-07-015 - 部署脚本优化
[罗左卫] 📝 生成代码: /workspace/projects/workspace/xuanji-engine-v2/07/zuofu/star/p2_07_015.py
[罗左卫] ⚠️ Git提交失败: 提交失败: 

🚀 [毕左护] 开始工作...

🚀 [郝左持] 开始工作...

🚀 [邬左扶] 开始工作...

🚀 [安左助] 开始工作...

🚀 [常左协] 开始工作...

🚀 [李星辰] 开始工作...

🚀 [周右弼] 开始工作...
[周右弼] ✅ 领取任务: [P0] OBJ-08-001 - 计费权限控制v2.0
[周右弼] 📝 生成代码: /workspace/projects/workspace/xuanji-engine-v2/08/youbi/star/obj_08_001.py
[周右弼] ✅ Git提交成功: c2be213

🚀 [乐右弼] 开始工作...
[乐右弼] ✅ 领取任务: [P0] OBJ-08-002 - 等保三级合规
[乐右弼] 📝 生成代码: /workspace/projects/workspace/xuanji-engine-v2/08/youbi/star/obj_08_002.py
[乐右弼] ⚠️ Git提交失败: 提交失败: 

🚀 [于右护] 开始工作...
[于右护] ✅ 领取任务: [P0] OBJ-08-003 - 数据安全
[于右护] 📝 生成代码: /workspace/projects/workspace/xuanji-engine-v2/08/youbi/star/obj_08_003.py
[于右护] ✅ Git提交成功: b4d1fdb

🚀 [时右卫] 开始工作...
[时右卫] ✅ 领取任务: [P1] P2-08-017 - 安全策略完善
[时右卫] 📝 生成代码: /workspace/projects/workspace/xuanji-engine-v2/08/youbi/star/p2_08_017.py
[时右卫] ⚠️ Git提交失败: 提交失败: 

🚀 [皮右防] 开始工作...
[皮右防] ✅ 领取任务: [P1] P2-08-018 - 审计报表优化
[皮右防] 📝 生成代码: /workspace/projects/workspace/xuanji-engine-v2/08/youbi/star/p2_08_018.py
[皮右防] ✅ Git提交成功: cc46258

🚀 [卞右盾] 开始工作...

🚀 [薛贪狼] 开始工作...
[薛贪狼] ✅ 领取任务: [P0] OBJ-09-001 - 五端统一交互协议
[薛贪狼] 📝 生成代码: /workspace/projects/workspace/xuanji-engine-v2/09/tanlang/star/obj_09_001.py
[薛贪狼] ⚠️ Git提交失败: 提交失败: 

🚀 [雷贪音] 开始工作...
[雷贪音] ✅ 领取任务: [P0] OBJ-09-002 - 跨端状态同步
[雷贪音] 📝 生成代码: /workspace/projects/workspace/xuanji-engine-v2/09/tanlang/star/obj_09_002.py
[雷贪音] ✅ Git提交成功: 2c845b8

🚀 [贺贪形] 开始工作...
[贺贪形] ✅ 领取任务: [P0] OBJ-09-003 - 性能优化
[贺贪形] 📝 生成代码: /workspace/projects/workspace/xuanji-engine-v2/09/tanlang/star/obj_09_003.py
[贺贪形] ⚠️ Git提交失败: 提交失败: 

🚀 [贡志强] 开始工作...
[贡志强] ✅ 领取任务: [P1] P2-09-019 - 交互界面优化
[贡志强] 📝 生成代码: /workspace/projects/workspace/xuanji-engine-v2/09/tanlang/star/p2_09_019.py
[贡志强] ✅ Git提交成功: 482b856

🚀 [赏志明] 开始工作...
[赏志明] ✅ 领取任务: [P1] P2-09-020 - 语音识别优化
[赏志明] 📝 生成代码: /workspace/projects/workspace/xuanji-engine-v2/09/tanlang/star/p2_09_020.py
[赏志明] ⚠️ Git提交失败: 提交失败: 

🚀 [巴图] 开始工作...

🚀 [弓志明] 开始工作...

🚀 [母志明] 开始工作...

🚀 [齐辅弼] 开始工作...
[齐辅弼] ✅ 领取任务: [P0] OBJ-10-001 - 官方网站与文档
[齐辅弼] 📝 生成代码: /workspace/projects/workspace/xuanji-engine-v2/10/fubi/star/obj_10_001.py
[齐辅弼] ✅ Git提交成功: 72491c3

🚀 [康辅星] 开始工作...
[康辅星] ✅ 领取任务: [P0] OBJ-10-002 - 开发者开放平台
[康辅星] 📝 生成代码: /workspace/projects/workspace/xuanji-engine-v2/10/fubi/star/obj_10_002.py
[康辅星] ⚠️ Git提交失败: 提交失败: 

🚀 [和产品] 开始工作...
[和产品] ✅ 领取任务: [P0] OBJ-10-003 - 插件市场
[和产品] 📝 生成代码: /workspace/projects/workspace/xuanji-engine-v2/10/fubi/star/obj_10_003.py
[和产品] ✅ Git提交成功: e756943

🚀 [穆产品] 开始工作...
[穆产品] ✅ 领取任务: [P1] P2-10-021 - 文档结构优化
[穆产品] 📝 生成代码: /workspace/projects/workspace/xuanji-engine-v2/10/fubi/star/p2_10_021.py
[穆产品] ⚠️ Git提交失败: 提交失败: 

🚀 [财市场] 开始工作...
[财市场] ✅ 领取任务: [P1] P2-10-022 - 开发者体验优化
[财市场] 📝 生成代码: /workspace/projects/workspace/xuanji-engine-v2/10/fubi/star/p2_10_022.py
[财市场] ✅ Git提交成功: d308292

🚀 [干市场] 开始工作...

🚀 [曲市场] 开始工作...

🚀 [桥客服] 开始工作...

🚀 [银客服] 开始工作...

🚀 [言客服] 开始工作...
[陈元灵] ✅ 领取任务: [P0] C-01-001 - 全领域知识自动获取
[陈元灵] 📝 生成代码: /workspace/projects/workspace/xuanji-engine-v2/01/ziwei/star/c_01_001.py
[陈元灵] ⚠️ Git提交失败: 提交失败: 
[张一凡] ✅ 领取任务: [P0] C-01-002 - 知识切片自动生成
[张一凡] 📝 生成代码: /workspace/projects/workspace/xuanji-engine-v2/01/ziwei/star/c_01_002.py
[张一凡] ✅ Git提交成功: 91872c8
[刘二明] ✅ 领取任务: [P0] C-01-003 - 插件自动化封装
[刘二明] 📝 生成代码: /workspace/projects/workspace/xuanji-engine-v2/01/ziwei/star/c_01_003.py
[刘二明] ⚠️ Git提交失败: 提交失败: 
[王三思] ✅ 领取任务: [P0] C-01-004 - 智能定价系统
[王三思] 📝 生成代码: /workspace/projects/workspace/xuanji-engine-v2/01/ziwei/star/c_01_004.py
[王三思] ✅ Git提交成功: 2abc267
[赵四维] ✅ 领取任务: [P0] C-01-005 - 总控后台监控
[赵四维] 📝 生成代码: /workspace/projects/workspace/xuanji-engine-v2/01/ziwei/star/c_01_005.py
[赵四维] ✅ Git提交成功: 4e08c0b
[周禄存] ✅ 领取任务: [P0] Task-07 - 系统集成测试
[周禄存] 📝 生成代码: /workspace/projects/workspace/xuanji-engine-v2/02/lucun/star/task_07.py
[周禄存] ⚠️ Git提交失败: 提交失败: 
[吴存真] ✅ 领取任务: [P0] Task-08 - 文档编写与交付
[吴存真] 📝 生成代码: /workspace/projects/workspace/xuanji-engine-v2/02/lucun/star/task_08.py
[吴存真] ⚠️ Git提交失败: 提交失败: 
[郑存义] ✅ 领取任务: [P0] C-02-001 - 多模型统一接入
[郑存义] 📝 生成代码: /workspace/projects/workspace/xuanji-engine-v2/02/lucun/star/c_02_001.py
[郑存义] ⚠️ Git提交失败: 提交失败: 
[钱存信] ✅ 领取任务: [P0] C-02-002 - 智能调度引擎
[钱存信] 📝 生成代码: /workspace/projects/workspace/xuanji-engine-v2/02/lucun/star/c_02_002.py
[钱存信] ⚠️ Git提交失败: 提交失败: 
[冯存智] ✅ 领取任务: [P0] C-02-003 - 成本优化
[冯存智] 📝 生成代码: /workspace/projects/workspace/xuanji-engine-v2/02/lucun/star/c_02_003.py
[冯存智] ⚠️ Git提交失败: 提交失败: 
[蒋巨门] ✅ 领取任务: [P1] P3-03-005 - 记忆导出功能
[蒋巨门] 📝 生成代码: /workspace/projects/workspace/xuanji-engine-v2/03/jumen/star/p3_03_005.py
[蒋巨门] ⚠️ Git提交失败: 提交失败: 
[沈巨明] ✅ 领取任务: [P1] P3-03-006 - 记忆迁移工具
[沈巨明] 📝 生成代码: /workspace/projects/workspace/xuanji-engine-v2/03/jumen/star/p3_03_006.py
[沈巨明] ⚠️ Git提交失败: 提交失败: 
[韩巨亮] ✅ 领取任务: [P1] P4-03-005 - 长期记忆压缩
[韩巨亮] 📝 生成代码: /workspace/projects/workspace/xuanji-engine-v2/03/jumen/star/p4_03_005.py
[韩巨亮] ⚠️ Git提交失败: 提交失败: 
[杨巨知] ✅ 领取任务: [P1] P4-03-006 - 记忆隐私加密
[杨巨知] 📝 生成代码: /workspace/projects/workspace/xuanji-engine-v2/03/jumen/star/p4_03_006.py
[杨巨知] ⚠️ Git提交失败: 提交失败: 
[伍廉贞] ✅ 领取任务: [P1] P3-04-007 - 人格导入导出
[伍廉贞] 📝 生成代码: /workspace/projects/workspace/xuanji-engine-v2/04/lianzheng/star/p3_04_007.py
[伍廉贞] ⚠️ Git提交失败: 提交失败: 
[余廉心] ✅ 领取任务: [P1] P3-04-008 - 情绪分析报告
[余廉心] 📝 生成代码: /workspace/projects/workspace/xuanji-engine-v2/04/lianzheng/star/p3_04_008.py
[余廉心] ✅ Git提交成功: ff52e6b
[元廉情] ✅ 领取任务: [P1] P4-04-007 - 人格A/B测试
[元廉情] 📝 生成代码: /workspace/projects/workspace/xuanji-engine-v2/04/lianzheng/star/p4_04_007.py
[元廉情] ⚠️ Git提交失败: 提交失败: 
[孟廉意] ✅ 领取任务: [P1] P4-04-008 - 情绪预测引擎
[孟廉意] 📝 生成代码: /workspace/projects/workspace/xuanji-engine-v2/04/lianzheng/star/p4_04_008.py
[孟廉意] ✅ Git提交成功: 4a31208
[谢武功] ✅ 领取任务: [P1] P3-05-009 - 插件市场推广
[谢武功] 📝 生成代码: /workspace/projects/workspace/xuanji-engine-v2/05/wuqu/star/p3_05_009.py
[谢武功] ⚠️ Git提交失败: 提交失败: 
[邹武全] ✅ 领取任务: [P1] P3-05-010 - 插件评分系统
[邹武全] 📝 生成代码: /workspace/projects/workspace/xuanji-engine-v2/05/wuqu/star/p3_05_010.py
[邹武全] ✅ Git提交成功: cb88891
[喻武能] ✅ 领取任务: [P1] P4-05-009 - 插件AI增强
[喻武能] 📝 生成代码: /workspace/projects/workspace/xuanji-engine-v2/05/wuqu/star/p4_05_009.py
[喻武能] ⚠️ Git提交失败: 提交失败: 
[柏武技] ✅ 领取任务: [P1] P4-05-010 - 插件生态联盟
[柏武技] 📝 生成代码: /workspace/projects/workspace/xuanji-engine-v2/05/wuqu/star/p4_05_010.py
[柏武技] ✅ Git提交成功: 5c10c71
[章破军] ✅ 领取任务: [P1] P3-06-011 - 工作流可视化
[章破军] 📝 生成代码: /workspace/projects/workspace/xuanji-engine-v2/06/pojun/star/p3_06_011.py
[章破军] ⚠️ Git提交失败: 提交失败: 
[云破敌] ✅ 领取任务: [P1] P3-06-012 - 任务模板库
[云破敌] 📝 生成代码: /workspace/projects/workspace/xuanji-engine-v2/06/pojun/star/p3_06_012.py
[云破敌] ✅ Git提交成功: 3042856
[苏破阵] ✅ 领取任务: [P1] P4-06-011 - 跨系统编排
[苏破阵] 📝 生成代码: /workspace/projects/workspace/xuanji-engine-v2/06/pojun/star/p4_06_011.py
[苏破阵] ⚠️ Git提交失败: 提交失败: 
[潘破晓] ✅ 领取任务: [P1] P4-06-012 - 任务链智能优化
[潘破晓] 📝 生成代码: /workspace/projects/workspace/xuanji-engine-v2/06/pojun/star/p4_06_012.py
[潘破晓] ✅ Git提交成功: e4481a6
[倪左辅] ✅ 领取任务: [P1] P2-07-016 - 监控指标扩展
[倪左辅] 📝 生成代码: /workspace/projects/workspace/xuanji-engine-v2/07/zuofu/star/p2_07_016.py
[倪左辅] ⚠️ Git提交失败: 提交失败: 
[汤左膀] ✅ 领取任务: [P1] P3-07-013 - 多云部署支持
[汤左膀] 📝 生成代码: /workspace/projects/workspace/xuanji-engine-v2/07/zuofu/star/p3_07_013.py
[汤左膀] ✅ Git提交成功: edad188
[殷左翼] ✅ 领取任务: [P1] P3-07-014 - 成本优化工具
[殷左翼] 📝 生成代码: /workspace/projects/workspace/xuanji-engine-v2/07/zuofu/star/p3_07_014.py
[殷左翼] ⚠️ Git提交失败: 提交失败: 
[殷左护] ✅ 领取任务: [P1] P4-07-013 - 智能扩缩容
[殷左护] 📝 生成代码: /workspace/projects/workspace/xuanji-engine-v2/07/zuofu/star/p4_07_013.py
[殷左护] ✅ Git提交成功: f4460b7
[罗左卫] ✅ 领取任务: [P1] P4-07-014 - 灾难自动恢复
[罗左卫] 📝 生成代码: /workspace/projects/workspace/xuanji-engine-v2/07/zuofu/star/p4_07_014.py
[罗左卫] ⚠️ Git提交失败: 提交失败: 
[周右弼] ✅ 领取任务: [P1] P3-08-015 - GDPR合规支持
[周右弼] 📝 生成代码: /workspace/projects/workspace/xuanji-engine-v2/08/youbi/star/p3_08_015.py
[周右弼] ✅ Git提交成功: f0435e1
[乐右弼] ✅ 领取任务: [P1] P3-08-016 - 安全审计自动化
[乐右弼] 📝 生成代码: /workspace/projects/workspace/xuanji-engine-v2/08/youbi/star/p3_08_016.py
[乐右弼] ⚠️ Git提交失败: 提交失败: 
[于右护] ✅ 领取任务: [P1] P4-08-015 - 零信任架构
[于右护] 📝 生成代码: /workspace/projects/workspace/xuanji-engine-v2/08/youbi/star/p4_08_015.py
[于右护] ✅ Git提交成功: c4d5c63
[时右卫] ✅ 领取任务: [P1] P4-08-016 - 安全威胁狩猎
[时右卫] 📝 生成代码: /workspace/projects/workspace/xuanji-engine-v2/08/youbi/star/p4_08_016.py
[时右卫] ⚠️ Git提交失败: 提交失败: 
[薛贪狼] ✅ 领取任务: [P1] P3-09-017 - 视频通话功能
[薛贪狼] 📝 生成代码: /workspace/projects/workspace/xuanji-engine-v2/09/tanlang/star/p3_09_017.py
[薛贪狼] ✅ Git提交成功: 88cfb71
[雷贪音] ✅ 领取任务: [P1] P3-09-018 - 屏幕共享功能
[雷贪音] 📝 生成代码: /workspace/projects/workspace/xuanji-engine-v2/09/tanlang/star/p3_09_018.py
[雷贪音] ⚠️ Git提交失败: 提交失败: 
[贺贪形] ✅ 领取任务: [P1] P4-09-017 - 多模态理解
[贺贪形] 📝 生成代码: /workspace/projects/workspace/xuanji-engine-v2/09/tanlang/star/p4_09_017.py
[贺贪形] ✅ Git提交成功: af832ab
[贡志强] ✅ 领取任务: [P1] P4-09-018 - 情感计算引擎
[贡志强] 📝 生成代码: /workspace/projects/workspace/xuanji-engine-v2/09/tanlang/star/p4_09_018.py
[贡志强] ⚠️ Git提交失败: 提交失败: 
[齐辅弼] ✅ 领取任务: [P1] P3-10-019 - 高级文档生成
[齐辅弼] 📝 生成代码: /workspace/projects/workspace/xuanji-engine-v2/10/fubi/star/p3_10_019.py
[齐辅弼] ✅ Git提交成功: 5d8e15e
[康辅星] ✅ 领取任务: [P1] P3-10-020 - API测试套件
[康辅星] 📝 生成代码: /workspace/projects/workspace/xuanji-engine-v2/10/fubi/star/p3_10_020.py
[康辅星] ⚠️ Git提交失败: 提交失败: 
[和产品] ✅ 领取任务: [P1] P4-10-019 - 开发者社区平台
[和产品] 📝 生成代码: /workspace/projects/workspace/xuanji-engine-v2/10/fubi/star/p4_10_019.py
[和产品] ✅ Git提交成功: 143a227
[穆产品] ✅ 领取任务: [P1] P4-10-020 - 插件商业化平台
[穆产品] 📝 生成代码: /workspace/projects/workspace/xuanji-engine-v2/10/fubi/star/p4_10_020.py
[穆产品] ⚠️ Git提交失败: 提交失败: 
[陈元灵] ✅ 领取任务: [P0] C-01-006 - 个性化进化决策
[陈元灵] 📝 生成代码: /workspace/projects/workspace/xuanji-engine-v2/01/ziwei/star/c_01_006.py
[陈元灵] ✅ Git提交成功: 60c73c1
[张一凡] ✅ 领取任务: [P0] C-01-007 - 用户个人知识图谱
[张一凡] 📝 生成代码: /workspace/projects/workspace/xuanji-engine-v2/01/ziwei/star/c_01_007.py
[张一凡] ⚠️ Git提交失败: 提交失败: 
[刘二明] ✅ 领取任务: [P0] C-01-008 - 知识实时同步
[刘二明] 📝 生成代码: /workspace/projects/workspace/xuanji-engine-v2/01/ziwei/star/c_01_008.py
[刘二明] ✅ Git提交成功: b5abc7e
[王三思] ✅ 领取任务: [P1] Task-04 - 元灵系统性能优化
[王三思] 📝 生成代码: /workspace/projects/workspace/xuanji-engine-v2/01/ziwei/star/task_04.py
[王三思] ⚠️ Git提交失败: 提交失败: 
[赵四维] ✅ 领取任务: [P1] Task-05 - 自我进化能力增强
[赵四维] 📝 生成代码: /workspace/projects/workspace/xuanji-engine-v2/01/ziwei/star/task_05.py
[赵四维] ✅ Git提交成功: 50d2f69
[周禄存] ✅ 领取任务: [P0] C-02-004 - 性能监控
[周禄存] 📝 生成代码: /workspace/projects/workspace/xuanji-engine-v2/02/lucun/star/c_02_004.py
[周禄存] ⚠️ Git提交失败: 提交失败: 
[吴存真] ✅ 领取任务: [P1] Task-06 - 成本优化算法开发
[吴存真] 📝 生成代码: /workspace/projects/workspace/xuanji-engine-v2/02/lucun/star/task_06.py
[吴存真] ⚠️ Git提交失败: 提交失败: 
[郑存义] ✅ 领取任务: [P1] C-02-005 - 模型自动注册
[郑存义] 📝 生成代码: /workspace/projects/workspace/xuanji-engine-v2/02/lucun/star/c_02_005.py
[郑存义] ⚠️ Git提交失败: 提交失败: 
[钱存信] ✅ 领取任务: [P1] P2-02-004 - 调度算法优化
[钱存信] 📝 生成代码: /workspace/projects/workspace/xuanji-engine-v2/02/lucun/star/p2_02_004.py
[钱存信] ⚠️ Git提交失败: 提交失败: 
[冯存智] ✅ 领取任务: [P1] P2-02-005 - 负载均衡优化
[冯存智] 📝 生成代码: /workspace/projects/workspace/xuanji-engine-v2/02/lucun/star/p2_02_005.py
[冯存智] ⚠️ Git提交失败: 提交失败: 
[孙五维] ⏳ 暂无任务，休息60秒...
[陈存理] ⏳ 暂无任务，休息60秒...
[褚存道] ⏳ 暂无任务，休息60秒...
[卫存德] ⏳ 暂无任务，休息60秒...
[秦巨诚] ⏳ 暂无任务，休息60秒...
[许巨真] ⏳ 暂无任务，休息60秒...
[戚巨实] ⏳ 暂无任务，休息60秒...
[窦武备] ⏳ 暂无任务，休息60秒...
[奚破浪] ⏳ 暂无任务，休息60秒...
[范破空] ⏳ 暂无任务，休息60秒...
[柯破云] ⏳ 暂无任务，休息60秒...
[厉破风] ⏳ 暂无任务，休息60秒...
[岑破雷] ⏳ 暂无任务，休息60秒...
[毕左护] ⏳ 暂无任务，休息60秒...
[郝左持] ⏳ 暂无任务，休息60秒...
[邬左扶] ⏳ 暂无任务，休息60秒...
[安左助] ⏳ 暂无任务，休息60秒...
[常左协] ⏳ 暂无任务，休息60秒...
[李星辰] ⏳ 暂无任务，休息60秒...
[卞右盾] ⏳ 暂无任务，休息60秒...
[巴图] ⏳ 暂无任务，休息60秒...
[弓志明] ⏳ 暂无任务，休息60秒...
[母志明] ⏳ 暂无任务，休息60秒...
[陈元灵] ✅ 领取任务: [P1] P2-01-001 - UI美化优化
[陈元灵] 📝 生成代码: /workspace/projects/workspace/xuanji-engine-v2/01/ziwei/star/p2_01_001.py
[陈元灵] ✅ Git提交成功: 2fe9345
[张一凡] ✅ 领取任务: [P1] P2-01-002 - 性能微调
[张一凡] 📝 生成代码: /workspace/projects/workspace/xuanji-engine-v2/01/ziwei/star/p2_01_002.py
[张一凡] ⚠️ Git提交失败: 提交失败: 
[刘二明] ✅ 领取任务: [P1] P2-01-003 - 用户体验优化
[刘二明] 📝 生成代码: /workspace/projects/workspace/xuanji-engine-v2/01/ziwei/star/p2_01_003.py
[刘二明] ✅ Git提交成功: 51610b0
[王三思] ✅ 领取任务: [P1] P3-01-001 - 多语言知识库
[王三思] 📝 生成代码: /workspace/projects/workspace/xuanji-engine-v2/01/ziwei/star/p3_01_001.py
[王三思] ⚠️ Git提交失败: 提交失败: 
[赵四维] ✅ 领取任务: [P1] P3-01-002 - 跨平台知识同步
[赵四维] 📝 生成代码: /workspace/projects/workspace/xuanji-engine-v2/01/ziwei/star/p3_01_002.py
[赵四维] ✅ Git提交成功: fabe190
[周禄存] ✅ 领取任务: [P1] P2-02-006 - 缓存策略优化
[周禄存] 📝 生成代码: /workspace/projects/workspace/xuanji-engine-v2/02/lucun/star/p2_02_006.py
[周禄存] ⚠️ Git提交失败: 提交失败: 
[吴存真] ✅ 领取任务: [P1] P3-02-003 - 第三方模型接入
[吴存真] 📝 生成代码: /workspace/projects/workspace/xuanji-engine-v2/02/lucun/star/p3_02_003.py
[吴存真] ⚠️ Git提交失败: 提交失败: 
[郑存义] ✅ 领取任务: [P1] P3-02-004 - 自定义调度策略
[郑存义] 📝 生成代码: /workspace/projects/workspace/xuanji-engine-v2/02/lucun/star/p3_02_004.py
[郑存义] ⚠️ Git提交失败: 提交失败: 
[钱存信] ✅ 领取任务: [P1] P4-02-003 - SpeechLLM深度集成
[钱存信] 📝 生成代码: /workspace/projects/workspace/xuanji-engine-v2/02/lucun/star/p4_02_003.py
[钱存信] ⚠️ Git提交失败: 提交失败: 
[冯存智] ✅ 领取任务: [P1] P4-02-004 - 模型热切换引擎
[冯存智] 📝 生成代码: /workspace/projects/workspace/xuanji-engine-v2/02/lucun/star/p4_02_004.py
[冯存智] ⚠️ Git提交失败: 提交失败: 
[干市场] ⏳ 暂无任务，休息60秒...
[曲市场] ⏳ 暂无任务，休息60秒...
[桥客服] ⏳ 暂无任务，休息60秒...
[银客服] ⏳ 暂无任务，休息60秒...
[言客服] ⏳ 暂无任务，休息60秒...
[陈元灵] ✅ 领取任务: [P1] P4-01-001 - AI模型微调平台
[陈元灵] 📝 生成代码: /workspace/projects/workspace/xuanji-engine-v2/01/ziwei/star/p4_01_001.py
[陈元灵] ⚠️ Git提交失败: 提交失败: 
[张一凡] ✅ 领取任务: [P1] P4-01-002 - 知识图谱可视化
[张一凡] 📝 生成代码: /workspace/projects/workspace/xuanji-engine-v2/01/ziwei/star/p4_01_002.py
[张一凡] ✅ Git提交成功: e9f1a6b
[朱巨信] ⏳ 暂无任务，休息60秒...
[李廉智] ⏳ 暂无任务，休息60秒...
[水武库] ⏳ 暂无任务，休息60秒...
[葛破浪] ⏳ 暂无任务，休息60秒...
[皮右防] ⏳ 暂无任务，休息60秒...
[赏志明] ⏳ 暂无任务，休息60秒...
[财市场] ⏳ 暂无任务，休息60秒...
[蒋巨门] ⏳ 暂无任务，休息60秒...
[沈巨明] ⏳ 暂无任务，休息60秒...
[韩巨亮] ⏳ 暂无任务，休息60秒...
[杨巨知] ⏳ 暂无任务，休息60秒...
[伍廉贞] ⏳ 暂无任务，休息60秒...
[余廉心] ⏳ 暂无任务，休息60秒...
[元廉情] ⏳ 暂无任务，休息60秒...
[孟廉意] ⏳ 暂无任务，休息60秒...
[谢武功] ⏳ 暂无任务，休息60秒...
[邹武全] ⏳ 暂无任务，休息60秒...
[喻武能] ⏳ 暂无任务，休息60秒...
[柏武技] ⏳ 暂无任务，休息60秒...
[章破军] ⏳ 暂无任务，休息60秒...
[云破敌] ⏳ 暂无任务，休息60秒...
[苏破阵] ⏳ 暂无任务，休息60秒...
[潘破晓] ⏳ 暂无任务，休息60秒...
[倪左辅] ⏳ 暂无任务，休息60秒...
[汤左膀] ⏳ 暂无任务，休息60秒...
[殷左翼] ⏳ 暂无任务，休息60秒...
[殷左护] ⏳ 暂无任务，休息60秒...
[罗左卫] ⏳ 暂无任务，休息60秒...
[周右弼] ⏳ 暂无任务，休息60秒...
[乐右弼] ⏳ 暂无任务，休息60秒...
[于右护] ⏳ 暂无任务，休息60秒...
[时右卫] ⏳ 暂无任务，休息60秒...
[薛贪狼] ⏳ 暂无任务，休息60秒...
[雷贪音] ⏳ 暂无任务，休息60秒...
[贺贪形] ⏳ 暂无任务，休息60秒...
[贡志强] ⏳ 暂无任务，休息60秒...
[齐辅弼] ⏳ 暂无任务，休息60秒...
[康辅星] ⏳ 暂无任务，休息60秒...
[和产品] ⏳ 暂无任务，休息60秒...
[穆产品] ⏳ 暂无任务，休息60秒...
[刘二明] ⏳ 暂无任务，休息60秒...
[王三思] ⏳ 暂无任务，休息60秒...
[赵四维] ⏳ 暂无任务，休息60秒...
[周禄存] ⏳ 暂无任务，休息60秒...
[吴存真] ⏳ 暂无任务，休息60秒...
[郑存义] ⏳ 暂无任务，休息60秒...
[钱存信] ⏳ 暂无任务，休息60秒...
[冯存智] ⏳ 暂无任务，休息60秒...
[陈元灵] ⏳ 暂无任务，休息60秒...
[张一凡] ⏳ 暂无任务，休息60秒...
[孙五维] ⏳ 暂无任务，休息60秒...
[陈存理] ⏳ 暂无任务，休息60秒...
[褚存道] ⏳ 暂无任务，休息60秒...
[卫存德] ⏳ 暂无任务，休息60秒...
[秦巨诚] ⏳ 暂无任务，休息60秒...
[许巨真] ⏳ 暂无任务，休息60秒...
[戚巨实] ⏳ 暂无任务，休息60秒...
[窦武备] ⏳ 暂无任务，休息60秒...
[奚破浪] ⏳ 暂无任务，休息60秒...
[范破空] ⏳ 暂无任务，休息60秒...
[柯破云] ⏳ 暂无任务，休息60秒...
[厉破风] ⏳ 暂无任务，休息60秒...
[岑破雷] ⏳ 暂无任务，休息60秒...
[毕左护] ⏳ 暂无任务，休息60秒...
[郝左持] ⏳ 暂无任务，休息60秒...
[邬左扶] ⏳ 暂无任务，休息60秒...
[安左助] ⏳ 暂无任务，休息60秒...
[常左协] ⏳ 暂无任务，休息60秒...
[李星辰] ⏳ 暂无任务，休息60秒...
[卞右盾] ⏳ 暂无任务，休息60秒...
[巴图] ⏳ 暂无任务，休息60秒...
[弓志明] ⏳ 暂无任务，休息60秒...
[母志明] ⏳ 暂无任务，休息60秒...
[干市场] ⏳ 暂无任务，休息60秒...
[曲市场] ⏳ 暂无任务，休息60秒...
[桥客服] ⏳ 暂无任务，休息60秒...
[银客服] ⏳ 暂无任务，休息60秒...
[言客服] ⏳ 暂无任务，休息60秒...
[朱巨信] ⏳ 暂无任务，休息60秒...
[李廉智] ⏳ 暂无任务，休息60秒...
[水武库] ⏳ 暂无任务，休息60秒...
[葛破浪] ⏳ 暂无任务，休息60秒...
[皮右防] ⏳ 暂无任务，休息60秒...
[赏志明] ⏳ 暂无任务，休息60秒...
[财市场] ⏳ 暂无任务，休息60秒...
[蒋巨门] ⏳ 暂无任务，休息60秒...
[沈巨明] ⏳ 暂无任务，休息60秒...
[韩巨亮] ⏳ 暂无任务，休息60秒...
[杨巨知] ⏳ 暂无任务，休息60秒...
[伍廉贞] ⏳ 暂无任务，休息60秒...
[余廉心] ⏳ 暂无任务，休息60秒...
[元廉情] ⏳ 暂无任务，休息60秒...
[孟廉意] ⏳ 暂无任务，休息60秒...
[谢武功] ⏳ 暂无任务，休息60秒...
[邹武全] ⏳ 暂无任务，休息60秒...
[喻武能] ⏳ 暂无任务，休息60秒...
[柏武技] ⏳ 暂无任务，休息60秒...
[章破军] ⏳ 暂无任务，休息60秒...
[云破敌] ⏳ 暂无任务，休息60秒...
[苏破阵] ⏳ 暂无任务，休息60秒...
[潘破晓] ⏳ 暂无任务，休息60秒...
[倪左辅] ⏳ 暂无任务，休息60秒...
[汤左膀] ⏳ 暂无任务，休息60秒...
[殷左翼] ⏳ 暂无任务，休息60秒...
[殷左护] ⏳ 暂无任务，休息60秒...
[罗左卫] ⏳ 暂无任务，休息60秒...
[周右弼] ⏳ 暂无任务，休息60秒...
[乐右弼] ⏳ 暂无任务，休息60秒...
[于右护] ⏳ 暂无任务，休息60秒...
[时右卫] ⏳ 暂无任务，休息60秒...
[薛贪狼] ⏳ 暂无任务，休息60秒...
[雷贪音] ⏳ 暂无任务，休息60秒...
[贺贪形] ⏳ 暂无任务，休息60秒...
[贡志强] ⏳ 暂无任务，休息60秒...
[齐辅弼] ⏳ 暂无任务，休息60秒...
[康辅星] ⏳ 暂无任务，休息60秒...
[和产品] ⏳ 暂无任务，休息60秒...
[穆产品] ⏳ 暂无任务，休息60秒...
[刘二明] ⏳ 暂无任务，休息60秒...
[王三思] ⏳ 暂无任务，休息60秒...
[赵四维] ⏳ 暂无任务，休息60秒...
[周禄存] ⏳ 暂无任务，休息60秒...
[吴存真] ⏳ 暂无任务，休息60秒...
[郑存义] ⏳ 暂无任务，休息60秒...
[钱存信] ⏳ 暂无任务，休息60秒...
[冯存智] ⏳ 暂无任务，休息60秒...
[陈元灵] ⏳ 暂无任务，休息60秒...
[张一凡] ⏳ 暂无任务，休息60秒...
[孙五维] ⏳ 暂无任务，休息60秒...
[陈存理] ⏳ 暂无任务，休息60秒...
[褚存道] ⏳ 暂无任务，休息60秒...
[卫存德] ⏳ 暂无任务，休息60秒...
[秦巨诚] ⏳ 暂无任务，休息60秒...
[许巨真] ⏳ 暂无任务，休息60秒...
[戚巨实] ⏳ 暂无任务，休息60秒...
[窦武备] ⏳ 暂无任务，休息60秒...
[奚破浪] ⏳ 暂无任务，休息60秒...
[范破空] ⏳ 暂无任务，休息60秒...
[柯破云] ⏳ 暂无任务，休息60秒...
[厉破风] ⏳ 暂无任务，休息60秒...
[岑破雷] ⏳ 暂无任务，休息60秒...
[毕左护] ⏳ 暂无任务，休息60秒...
[郝左持] ⏳ 暂无任务，休息60秒...
[邬左扶] ⏳ 暂无任务，休息60秒...
[安左助] ⏳ 暂无任务，休息60秒...
[常左协] ⏳ 暂无任务，休息60秒...
[李星辰] ⏳ 暂无任务，休息60秒...
[卞右盾] ⏳ 暂无任务，休息60秒...
[巴图] ⏳ 暂无任务，休息60秒...
[弓志明] ⏳ 暂无任务，休息60秒...
[母志明] ⏳ 暂无任务，休息60秒...
[干市场] ⏳ 暂无任务，休息60秒...
[曲市场] ⏳ 暂无任务，休息60秒...
[桥客服] ⏳ 暂无任务，休息60秒...
[银客服] ⏳ 暂无任务，休息60秒...
[言客服] ⏳ 暂无任务，休息60秒...
[朱巨信] ⏳ 暂无任务，休息60秒...
[李廉智] ⏳ 暂无任务，休息60秒...
[水武库] ⏳ 暂无任务，休息60秒...
[葛破浪] ⏳ 暂无任务，休息60秒...
[皮右防] ⏳ 暂无任务，休息60秒...
[赏志明] ⏳ 暂无任务，休息60秒...
[财市场] ⏳ 暂无任务，休息60秒...
[蒋巨门] ⏳ 暂无任务，休息60秒...
[沈巨明] ⏳ 暂无任务，休息60秒...
[韩巨亮] ⏳ 暂无任务，休息60秒...
[杨巨知] ⏳ 暂无任务，休息60秒...
[伍廉贞] ⏳ 暂无任务，休息60秒...
[余廉心] ⏳ 暂无任务，休息60秒...
[元廉情] ⏳ 暂无任务，休息60秒...
[孟廉意] ⏳ 暂无任务，休息60秒...
[谢武功] ⏳ 暂无任务，休息60秒...
[邹武全] ⏳ 暂无任务，休息60秒...
[喻武能] ⏳ 暂无任务，休息60秒...
[柏武技] ⏳ 暂无任务，休息60秒...
[章破军] ⏳ 暂无任务，休息60秒...
[云破敌] ⏳ 暂无任务，休息60秒...
[苏破阵] ⏳ 暂无任务，休息60秒...
[潘破晓] ⏳ 暂无任务，休息60秒...
[倪左辅] ⏳ 暂无任务，休息60秒...
[汤左膀] ⏳ 暂无任务，休息60秒...
[殷左翼] ⏳ 暂无任务，休息60秒...
[殷左护] ⏳ 暂无任务，休息60秒...
[罗左卫] ⏳ 暂无任务，休息60秒...
[周右弼] ⏳ 暂无任务，休息60秒...
[乐右弼] ⏳ 暂无任务，休息60秒...
[于右护] ⏳ 暂无任务，休息60秒...
[时右卫] ⏳ 暂无任务，休息60秒...
[薛贪狼] ⏳ 暂无任务，休息60秒...
[雷贪音] ⏳ 暂无任务，休息60秒...
[贺贪形] ⏳ 暂无任务，休息60秒...
[贡志强] ⏳ 暂无任务，休息60秒...
[齐辅弼] ⏳ 暂无任务，休息60秒...
[康辅星] ⏳ 暂无任务，休息60秒...
[和产品] ⏳ 暂无任务，休息60秒...
[穆产品] ⏳ 暂无任务，休息60秒...
[刘二明] ⏳ 暂无任务，休息60秒...
[王三思] ⏳ 暂无任务，休息60秒...
[赵四维] ⏳ 暂无任务，休息60秒...
[周禄存] ⏳ 暂无任务，休息60秒...
[吴存真] ⏳ 暂无任务，休息60秒...
[郑存义] ⏳ 暂无任务，休息60秒...
[钱存信] ⏳ 暂无任务，休息60秒...
[冯存智] ⏳ 暂无任务，休息60秒...
[陈元灵] ⏳ 暂无任务，休息60秒...
[张一凡] ⏳ 暂无任务，休息60秒...
[孙五维] ⏳ 暂无任务，休息60秒...
[陈存理] ⏳ 暂无任务，休息60秒...
[褚存道] ⏳ 暂无任务，休息60秒...
[卫存德] ⏳ 暂无任务，休息60秒...
[秦巨诚] ⏳ 暂无任务，休息60秒...
[许巨真] ⏳ 暂无任务，休息60秒...
[戚巨实] ⏳ 暂无任务，休息60秒...
[窦武备] ⏳ 暂无任务，休息60秒...
[奚破浪] ⏳ 暂无任务，休息60秒...
[范破空] ⏳ 暂无任务，休息60秒...
[柯破云] ⏳ 暂无任务，休息60秒...
[厉破风] ⏳ 暂无任务，休息60秒...
[岑破雷] ⏳ 暂无任务，休息60秒...
[毕左护] ⏳ 暂无任务，休息60秒...
[郝左持] ⏳ 暂无任务，休息60秒...
[邬左扶] ⏳ 暂无任务，休息60秒...
[安左助] ⏳ 暂无任务，休息60秒...
[常左协] ⏳ 暂无任务，休息60秒...
[李星辰] ⏳ 暂无任务，休息60秒...
[卞右盾] ⏳ 暂无任务，休息60秒...
[巴图] ⏳ 暂无任务，休息60秒...
[弓志明] ⏳ 暂无任务，休息60秒...
[母志明] ⏳ 暂无任务，休息60秒...
[干市场] ⏳ 暂无任务，休息60秒...
[曲市场] ⏳ 暂无任务，休息60秒...
[桥客服] ⏳ 暂无任务，休息60秒...
[银客服] ⏳ 暂无任务，休息60秒...
[言客服] ⏳ 暂无任务，休息60秒...
[朱巨信] ⏳ 暂无任务，休息60秒...
[李廉智] ⏳ 暂无任务，休息60秒...
[水武库] ⏳ 暂无任务，休息60秒...
[葛破浪] ⏳ 暂无任务，休息60秒...
[皮右防] ⏳ 暂无任务，休息60秒...
[赏志明] ⏳ 暂无任务，休息60秒...
[财市场] ⏳ 暂无任务，休息60秒...
[蒋巨门] ⏳ 暂无任务，休息60秒...
[沈巨明] ⏳ 暂无任务，休息60秒...
[韩巨亮] ⏳ 暂无任务，休息60秒...
[杨巨知] ⏳ 暂无任务，休息60秒...
[伍廉贞] ⏳ 暂无任务，休息60秒...
[余廉心] ⏳ 暂无任务，休息60秒...
[元廉情] ⏳ 暂无任务，休息60秒...
[孟廉意] ⏳ 暂无任务，休息60秒...
[谢武功] ⏳ 暂无任务，休息60秒...
[邹武全] ⏳ 暂无任务，休息60秒...
[喻武能] ⏳ 暂无任务，休息60秒...
[柏武技] ⏳ 暂无任务，休息60秒...
[章破军] ⏳ 暂无任务，休息60秒...
[云破敌] ⏳ 暂无任务，休息60秒...
[苏破阵] ⏳ 暂无任务，休息60秒...
[潘破晓] ⏳ 暂无任务，休息60秒...
[倪左辅] ⏳ 暂无任务，休息60秒...
[汤左膀] ⏳ 暂无任务，休息60秒...
[殷左翼] ⏳ 暂无任务，休息60秒...
[殷左护] ⏳ 暂无任务，休息60秒...
[罗左卫] ⏳ 暂无任务，休息60秒...
[周右弼] ⏳ 暂无任务，休息60秒...
[乐右弼] ⏳ 暂无任务，休息60秒...
[于右护] ⏳ 暂无任务，休息60秒...
[时右卫] ⏳ 暂无任务，休息60秒...
[薛贪狼] ⏳ 暂无任务，休息60秒...
[雷贪音] ⏳ 暂无任务，休息60秒...
[贺贪形] ⏳ 暂无任务，休息60秒...
[贡志强] ⏳ 暂无任务，休息60秒...
[齐辅弼] ⏳ 暂无任务，休息60秒...
[康辅星] ⏳ 暂无任务，休息60秒...
[和产品] ⏳ 暂无任务，休息60秒...
[穆产品] ⏳ 暂无任务，休息60秒...
[刘二明] ⏳ 暂无任务，休息60秒...
[王三思] ⏳ 暂无任务，休息60秒...
[赵四维] ⏳ 暂无任务，休息60秒...
[周禄存] ⏳ 暂无任务，休息60秒...
[吴存真] ⏳ 暂无任务，休息60秒...
[郑存义] ⏳ 暂无任务，休息60秒...
[钱存信] ⏳ 暂无任务，休息60秒...
[冯存智] ⏳ 暂无任务，休息60秒...
[陈元灵] ⏳ 暂无任务，休息60秒...
[张一凡] ⏳ 暂无任务，休息60秒...
[孙五维] ⏳ 暂无任务，休息60秒...
[陈存理] ⏳ 暂无任务，休息60秒...
[褚存道] ⏳ 暂无任务，休息60秒...
[卫存德] ⏳ 暂无任务，休息60秒...
[秦巨诚] ⏳ 暂无任务，休息60秒...
[许巨真] ⏳ 暂无任务，休息60秒...
[戚巨实] ⏳ 暂无任务，休息60秒...
[窦武备] ⏳ 暂无任务，休息60秒...
[奚破浪] ⏳ 暂无任务，休息60秒...
[范破空] ⏳ 暂无任务，休息60秒...
[柯破云] ⏳ 暂无任务，休息60秒...
[厉破风] ⏳ 暂无任务，休息60秒...
[岑破雷] ⏳ 暂无任务，休息60秒...
[毕左护] ⏳ 暂无任务，休息60秒...
[郝左持] ⏳ 暂无任务，休息60秒...
[邬左扶] ⏳ 暂无任务，休息60秒...
[安左助] ⏳ 暂无任务，休息60秒...
[常左协] ⏳ 暂无任务，休息60秒...
[李星辰] ⏳ 暂无任务，休息60秒...
[卞右盾] ⏳ 暂无任务，休息60秒...
[巴图] ⏳ 暂无任务，休息60秒...
[弓志明] ⏳ 暂无任务，休息60秒...
[母志明] ⏳ 暂无任务，休息60秒...
[干市场] ⏳ 暂无任务，休息60秒...
[曲市场] ⏳ 暂无任务，休息60秒...
[桥客服] ⏳ 暂无任务，休息60秒...
[银客服] ⏳ 暂无任务，休息60秒...
[言客服] ⏳ 暂无任务，休息60秒...
[朱巨信] ⏳ 暂无任务，休息60秒...
[李廉智] ⏳ 暂无任务，休息60秒...
[水武库] ⏳ 暂无任务，休息60秒...
[葛破浪] ⏳ 暂无任务，休息60秒...
[皮右防] ⏳ 暂无任务，休息60秒...
[赏志明] ⏳ 暂无任务，休息60秒...
[财市场] ⏳ 暂无任务，休息60秒...
[蒋巨门] ⏳ 暂无任务，休息60秒...
[沈巨明] ⏳ 暂无任务，休息60秒...
[韩巨亮] ⏳ 暂无任务，休息60秒...
[杨巨知] ⏳ 暂无任务，休息60秒...
[伍廉贞] ⏳ 暂无任务，休息60秒...
[余廉心] ⏳ 暂无任务，休息60秒...
[元廉情] ⏳ 暂无任务，休息60秒...
[孟廉意] ⏳ 暂无任务，休息60秒...
[谢武功] ⏳ 暂无任务，休息60秒...
[邹武全] ⏳ 暂无任务，休息60秒...
[喻武能] ⏳ 暂无任务，休息60秒...
[柏武技] ⏳ 暂无任务，休息60秒...
[章破军] ⏳ 暂无任务，休息60秒...
[云破敌] ⏳ 暂无任务，休息60秒...
[苏破阵] ⏳ 暂无任务，休息60秒...
[潘破晓] ⏳ 暂无任务，休息60秒...
[倪左辅] ⏳ 暂无任务，休息60秒...
[汤左膀] ⏳ 暂无任务，休息60秒...
[殷左翼] ⏳ 暂无任务，休息60秒...
[殷左护] ⏳ 暂无任务，休息60秒...
[罗左卫] ⏳ 暂无任务，休息60秒...
[周右弼] ⏳ 暂无任务，休息60秒...
[乐右弼] ⏳ 暂无任务，休息60秒...
[于右护] ⏳ 暂无任务，休息60秒...
[时右卫] ⏳ 暂无任务，休息60秒...
[薛贪狼] ⏳ 暂无任务，休息60秒...
[雷贪音] ⏳ 暂无任务，休息60秒...
[贺贪形] ⏳ 暂无任务，休息60秒...
[贡志强] ⏳ 暂无任务，休息60秒...
[齐辅弼] ⏳ 暂无任务，休息60秒...
[康辅星] ⏳ 暂无任务，休息60秒...
[和产品] ⏳ 暂无任务，休息60秒...
[穆产品] ⏳ 暂无任务，休息60秒...
[刘二明] ⏳ 暂无任务，休息60秒...
[王三思] ⏳ 暂无任务，休息60秒...
[赵四维] ⏳ 暂无任务，休息60秒...
[周禄存] ⏳ 暂无任务，休息60秒...
[吴存真] ⏳ 暂无任务，休息60秒...
[郑存义] ⏳ 暂无任务，休息60秒...
[钱存信] ⏳ 暂无任务，休息60秒...
[冯存智] ⏳ 暂无任务，休息60秒...
[陈元灵] ⏳ 暂无任务，休息60秒...
[张一凡] ⏳ 暂无任务，休息60秒...
[孙五维] ⏳ 暂无任务，休息60秒...
[陈存理] ⏳ 暂无任务，休息60秒...
[褚存道] ⏳ 暂无任务，休息60秒...
[卫存德] ⏳ 暂无任务，休息60秒...
[秦巨诚] ⏳ 暂无任务，休息60秒...
[许巨真] ⏳ 暂无任务，休息60秒...
[戚巨实] ⏳ 暂无任务，休息60秒...
[窦武备] ⏳ 暂无任务，休息60秒...
[奚破浪] ⏳ 暂无任务，休息60秒...
[范破空] ⏳ 暂无任务，休息60秒...
[柯破云] ⏳ 暂无任务，休息60秒...
[厉破风] ⏳ 暂无任务，休息60秒...
[岑破雷] ⏳ 暂无任务，休息60秒...
[毕左护] ⏳ 暂无任务，休息60秒...
[郝左持] ⏳ 暂无任务，休息60秒...
[邬左扶] ⏳ 暂无任务，休息60秒...
[安左助] ⏳ 暂无任务，休息60秒...
[常左协] ⏳ 暂无任务，休息60秒...
[李星辰] ⏳ 暂无任务，休息60秒...
[卞右盾] ⏳ 暂无任务，休息60秒...
[巴图] ⏳ 暂无任务，休息60秒...
[弓志明] ⏳ 暂无任务，休息60秒...
[母志明] ⏳ 暂无任务，休息60秒...
[干市场] ⏳ 暂无任务，休息60秒...
[曲市场] ⏳ 暂无任务，休息60秒...
[桥客服] ⏳ 暂无任务，休息60秒...
[银客服] ⏳ 暂无任务，休息60秒...
[言客服] ⏳ 暂无任务，休息60秒...
[朱巨信] ⏳ 暂无任务，休息60秒...
[李廉智] ⏳ 暂无任务，休息60秒...
[水武库] ⏳ 暂无任务，休息60秒...
[葛破浪] ⏳ 暂无任务，休息60秒...
[皮右防] ⏳ 暂无任务，休息60秒...
[赏志明] ⏳ 暂无任务，休息60秒...
[财市场] ⏳ 暂无任务，休息60秒...
[蒋巨门] ⏳ 暂无任务，休息60秒...
[沈巨明] ⏳ 暂无任务，休息60秒...
[韩巨亮] ⏳ 暂无任务，休息60秒...
[杨巨知] ⏳ 暂无任务，休息60秒...
[伍廉贞] ⏳ 暂无任务，休息60秒...
[余廉心] ⏳ 暂无任务，休息60秒...
[元廉情] ⏳ 暂无任务，休息60秒...
[孟廉意] ⏳ 暂无任务，休息60秒...
[谢武功] ⏳ 暂无任务，休息60秒...
[邹武全] ⏳ 暂无任务，休息60秒...
[喻武能] ⏳ 暂无任务，休息60秒...
[柏武技] ⏳ 暂无任务，休息60秒...
[章破军] ⏳ 暂无任务，休息60秒...
[云破敌] ⏳ 暂无任务，休息60秒...
[苏破阵] ⏳ 暂无任务，休息60秒...
[潘破晓] ⏳ 暂无任务，休息60秒...
[倪左辅] ⏳ 暂无任务，休息60秒...
[汤左膀] ⏳ 暂无任务，休息60秒...
[殷左翼] ⏳ 暂无任务，休息60秒...
[殷左护] ⏳ 暂无任务，休息60秒...
[罗左卫] ⏳ 暂无任务，休息60秒...
[周右弼] ⏳ 暂无任务，休息60秒...
[乐右弼] ⏳ 暂无任务，休息60秒...
[于右护] ⏳ 暂无任务，休息60秒...
[时右卫] ⏳ 暂无任务，休息60秒...
[薛贪狼] ⏳ 暂无任务，休息60秒...
[雷贪音] ⏳ 暂无任务，休息60秒...
[贺贪形] ⏳ 暂无任务，休息60秒...
[贡志强] ⏳ 暂无任务，休息60秒...
[齐辅弼] ⏳ 暂无任务，休息60秒...
[康辅星] ⏳ 暂无任务，休息60秒...
[和产品] ⏳ 暂无任务，休息60秒...
[穆产品] ⏳ 暂无任务，休息60秒...
[刘二明] ⏳ 暂无任务，休息60秒...
[王三思] ⏳ 暂无任务，休息60秒...
[赵四维] ⏳ 暂无任务，休息60秒...
[周禄存] ⏳ 暂无任务，休息60秒...
[吴存真] ⏳ 暂无任务，休息60秒...
[郑存义] ⏳ 暂无任务，休息60秒...
[钱存信] ⏳ 暂无任务，休息60秒...
[冯存智] ⏳ 暂无任务，休息60秒...
[陈元灵] ⏳ 暂无任务，休息60秒...
[张一凡] ⏳ 暂无任务，休息60秒...
[孙五维] ⏳ 暂无任务，休息60秒...
[陈存理] ⏳ 暂无任务，休息60秒...
[褚存道] ⏳ 暂无任务，休息60秒...
[卫存德] ⏳ 暂无任务，休息60秒...
[秦巨诚] ⏳ 暂无任务，休息60秒...
[许巨真] ⏳ 暂无任务，休息60秒...
[戚巨实] ⏳ 暂无任务，休息60秒...
[窦武备] ⏳ 暂无任务，休息60秒...
[奚破浪] ⏳ 暂无任务，休息60秒...
[范破空] ⏳ 暂无任务，休息60秒...
[柯破云] ⏳ 暂无任务，休息60秒...
[厉破风] ⏳ 暂无任务，休息60秒...
[岑破雷] ⏳ 暂无任务，休息60秒...
[毕左护] ⏳ 暂无任务，休息60秒...
[郝左持] ⏳ 暂无任务，休息60秒...
[邬左扶] ⏳ 暂无任务，休息60秒...
[安左助] ⏳ 暂无任务，休息60秒...
[常左协] ⏳ 暂无任务，休息60秒...
[李星辰] ⏳ 暂无任务，休息60秒...
[卞右盾] ⏳ 暂无任务，休息60秒...
[巴图] ⏳ 暂无任务，休息60秒...
[弓志明] ⏳ 暂无任务，休息60秒...
[母志明] ⏳ 暂无任务，休息60秒...
[干市场] ⏳ 暂无任务，休息60秒...
[曲市场] ⏳ 暂无任务，休息60秒...
[桥客服] ⏳ 暂无任务，休息60秒...
[银客服] ⏳ 暂无任务，休息60秒...
[言客服] ⏳ 暂无任务，休息60秒...
[朱巨信] ⏳ 暂无任务，休息60秒...
[李廉智] ⏳ 暂无任务，休息60秒...
[水武库] ⏳ 暂无任务，休息60秒...
[葛破浪] ⏳ 暂无任务，休息60秒...
[皮右防] ⏳ 暂无任务，休息60秒...
[赏志明] ⏳ 暂无任务，休息60秒...
[财市场] ⏳ 暂无任务，休息60秒...
[蒋巨门] ⏳ 暂无任务，休息60秒...
[沈巨明] ⏳ 暂无任务，休息60秒...
[韩巨亮] ⏳ 暂无任务，休息60秒...
[杨巨知] ⏳ 暂无任务，休息60秒...
[伍廉贞] ⏳ 暂无任务，休息60秒...
[余廉心] ⏳ 暂无任务，休息60秒...
[元廉情] ⏳ 暂无任务，休息60秒...
[孟廉意] ⏳ 暂无任务，休息60秒...
[谢武功] ⏳ 暂无任务，休息60秒...
[邹武全] ⏳ 暂无任务，休息60秒...
[喻武能] ⏳ 暂无任务，休息60秒...
[柏武技] ⏳ 暂无任务，休息60秒...
[章破军] ⏳ 暂无任务，休息60秒...
[云破敌] ⏳ 暂无任务，休息60秒...
[苏破阵] ⏳ 暂无任务，休息60秒...
[潘破晓] ⏳ 暂无任务，休息60秒...
[倪左辅] ⏳ 暂无任务，休息60秒...
[汤左膀] ⏳ 暂无任务，休息60秒...
[殷左翼] ⏳ 暂无任务，休息60秒...
[殷左护] ⏳ 暂无任务，休息60秒...
[罗左卫] ⏳ 暂无任务，休息60秒...
[周右弼] ⏳ 暂无任务，休息60秒...
[乐右弼] ⏳ 暂无任务，休息60秒...
[于右护] ⏳ 暂无任务，休息60秒...
[时右卫] ⏳ 暂无任务，休息60秒...
[薛贪狼] ⏳ 暂无任务，休息60秒...
[雷贪音] ⏳ 暂无任务，休息60秒...
[贺贪形] ⏳ 暂无任务，休息60秒...
[贡志强] ⏳ 暂无任务，休息60秒...
[齐辅弼] ⏳ 暂无任务，休息60秒...
[康辅星] ⏳ 暂无任务，休息60秒...
[和产品] ⏳ 暂无任务，休息60秒...
[穆产品] ⏳ 暂无任务，休息60秒...
[刘二明] ⏳ 暂无任务，休息60秒...
[王三思] ⏳ 暂无任务，休息60秒...
[赵四维] ⏳ 暂无任务，休息60秒...
[周禄存] ⏳ 暂无任务，休息60秒...
[吴存真] ⏳ 暂无任务，休息60秒...
[郑存义] ⏳ 暂无任务，休息60秒...
[钱存信] ⏳ 暂无任务，休息60秒...
[冯存智] ⏳ 暂无任务，休息60秒...
[陈元灵] ⏳ 暂无任务，休息60秒...
[张一凡] ⏳ 暂无任务，休息60秒...
[孙五维] ⏳ 暂无任务，休息60秒...
[陈存理] ⏳ 暂无任务，休息60秒...
[褚存道] ⏳ 暂无任务，休息60秒...
[卫存德] ⏳ 暂无任务，休息60秒...
[秦巨诚] ⏳ 暂无任务，休息60秒...
[许巨真] ⏳ 暂无任务，休息60秒...
[戚巨实] ⏳ 暂无任务，休息60秒...
[窦武备] ⏳ 暂无任务，休息60秒...
[奚破浪] ⏳ 暂无任务，休息60秒...
[范破空] ⏳ 暂无任务，休息60秒...
[柯破云] ⏳ 暂无任务，休息60秒...
[厉破风] ⏳ 暂无任务，休息60秒...
[岑破雷] ⏳ 暂无任务，休息60秒...
[毕左护] ⏳ 暂无任务，休息60秒...
[郝左持] ⏳ 暂无任务，休息60秒...
[邬左扶] ⏳ 暂无任务，休息60秒...
[安左助] ⏳ 暂无任务，休息60秒...
[常左协] ⏳ 暂无任务，休息60秒...
[李星辰] ⏳ 暂无任务，休息60秒...
[卞右盾] ⏳ 暂无任务，休息60秒...
[巴图] ⏳ 暂无任务，休息60秒...
[弓志明] ⏳ 暂无任务，休息60秒...
[母志明] ⏳ 暂无任务，休息60秒...
[干市场] ⏳ 暂无任务，休息60秒...
[曲市场] ⏳ 暂无任务，休息60秒...
[桥客服] ⏳ 暂无任务，休息60秒...
[银客服] ⏳ 暂无任务，休息60秒...
[言客服] ⏳ 暂无任务，休息60秒...
[朱巨信] ⏳ 暂无任务，休息60秒...
[李廉智] ⏳ 暂无任务，休息60秒...
[水武库] ⏳ 暂无任务，休息60秒...
[葛破浪] ⏳ 暂无任务，休息60秒...
[皮右防] ⏳ 暂无任务，休息60秒...
[赏志明] ⏳ 暂无任务，休息60秒...
[财市场] ⏳ 暂无任务，休息60秒...
[蒋巨门] ⏳ 暂无任务，休息60秒...
[沈巨明] ⏳ 暂无任务，休息60秒...
[韩巨亮] ⏳ 暂无任务，休息60秒...
[杨巨知] ⏳ 暂无任务，休息60秒...
[伍廉贞] ⏳ 暂无任务，休息60秒...
[余廉心] ⏳ 暂无任务，休息60秒...
[元廉情] ⏳ 暂无任务，休息60秒...
[孟廉意] ⏳ 暂无任务，休息60秒...
[谢武功] ⏳ 暂无任务，休息60秒...
[邹武全] ⏳ 暂无任务，休息60秒...
[喻武能] ⏳ 暂无任务，休息60秒...
[柏武技] ⏳ 暂无任务，休息60秒...
[章破军] ⏳ 暂无任务，休息60秒...
[云破敌] ⏳ 暂无任务，休息60秒...
[苏破阵] ⏳ 暂无任务，休息60秒...
[潘破晓] ⏳ 暂无任务，休息60秒...
[倪左辅] ⏳ 暂无任务，休息60秒...
[汤左膀] ⏳ 暂无任务，休息60秒...
[殷左翼] ⏳ 暂无任务，休息60秒...
[殷左护] ⏳ 暂无任务，休息60秒...
[罗左卫] ⏳ 暂无任务，休息60秒...
[周右弼] ⏳ 暂无任务，休息60秒...
[乐右弼] ⏳ 暂无任务，休息60秒...
[于右护] ⏳ 暂无任务，休息60秒...
[时右卫] ⏳ 暂无任务，休息60秒...
[薛贪狼] ⏳ 暂无任务，休息60秒...
[雷贪音] ⏳ 暂无任务，休息60秒...
[贺贪形] ⏳ 暂无任务，休息60秒...
[贡志强] ⏳ 暂无任务，休息60秒...
[齐辅弼] ⏳ 暂无任务，休息60秒...
[康辅星] ⏳ 暂无任务，休息60秒...
[和产品] ⏳ 暂无任务，休息60秒...
[穆产品] ⏳ 暂无任务，休息60秒...
[刘二明] ⏳ 暂无任务，休息60秒...
[王三思] ⏳ 暂无任务，休息60秒...
[赵四维] ⏳ 暂无任务，休息60秒...
[周禄存] ⏳ 暂无任务，休息60秒...
[吴存真] ⏳ 暂无任务，休息60秒...
[郑存义] ⏳ 暂无任务，休息60秒...
[钱存信] ⏳ 暂无任务，休息60秒...
[冯存智] ⏳ 暂无任务，休息60秒...
[陈元灵] ⏳ 暂无任务，休息60秒...
[张一凡] ⏳ 暂无任务，休息60秒...
[孙五维] ⏳ 暂无任务，休息60秒...
[陈存理] ⏳ 暂无任务，休息60秒...
[褚存道] ⏳ 暂无任务，休息60秒...
[卫存德] ⏳ 暂无任务，休息60秒...
[秦巨诚] ⏳ 暂无任务，休息60秒...
[许巨真] ⏳ 暂无任务，休息60秒...
[戚巨实] ⏳ 暂无任务，休息60秒...
[窦武备] ⏳ 暂无任务，休息60秒...
[奚破浪] ⏳ 暂无任务，休息60秒...
[范破空] ⏳ 暂无任务，休息60秒...
[柯破云] ⏳ 暂无任务，休息60秒...
[厉破风] ⏳ 暂无任务，休息60秒...
[岑破雷] ⏳ 暂无任务，休息60秒...
[毕左护] ⏳ 暂无任务，休息60秒...
[郝左持] ⏳ 暂无任务，休息60秒...
[邬左扶] ⏳ 暂无任务，休息60秒...
[安左助] ⏳ 暂无任务，休息60秒...
[常左协] ⏳ 暂无任务，休息60秒...
[李星辰] ⏳ 暂无任务，休息60秒...
[卞右盾] ⏳ 暂无任务，休息60秒...
[巴图] ⏳ 暂无任务，休息60秒...
[弓志明] ⏳ 暂无任务，休息60秒...
[母志明] ⏳ 暂无任务，休息60秒...
[干市场] ⏳ 暂无任务，休息60秒...
[曲市场] ⏳ 暂无任务，休息60秒...
[桥客服] ⏳ 暂无任务，休息60秒...
[银客服] ⏳ 暂无任务，休息60秒...
[言客服] ⏳ 暂无任务，休息60秒...
[朱巨信] ⏳ 暂无任务，休息60秒...
[李廉智] ⏳ 暂无任务，休息60秒...
[水武库] ⏳ 暂无任务，休息60秒...
[葛破浪] ⏳ 暂无任务，休息60秒...
[皮右防] ⏳ 暂无任务，休息60秒...
[赏志明] ⏳ 暂无任务，休息60秒...
[财市场] ⏳ 暂无任务，休息60秒...
[蒋巨门] ⏳ 暂无任务，休息60秒...
[沈巨明] ⏳ 暂无任务，休息60秒...
[韩巨亮] ⏳ 暂无任务，休息60秒...
[杨巨知] ⏳ 暂无任务，休息60秒...
[伍廉贞] ⏳ 暂无任务，休息60秒...
[余廉心] ⏳ 暂无任务，休息60秒...
[元廉情] ⏳ 暂无任务，休息60秒...
[孟廉意] ⏳ 暂无任务，休息60秒...
[谢武功] ⏳ 暂无任务，休息60秒...
[邹武全] ⏳ 暂无任务，休息60秒...
[喻武能] ⏳ 暂无任务，休息60秒...
[柏武技] ⏳ 暂无任务，休息60秒...
[章破军] ⏳ 暂无任务，休息60秒...
[云破敌] ⏳ 暂无任务，休息60秒...
[苏破阵] ⏳ 暂无任务，休息60秒...
[潘破晓] ⏳ 暂无任务，休息60秒...
[倪左辅] ⏳ 暂无任务，休息60秒...
[汤左膀] ⏳ 暂无任务，休息60秒...
[殷左翼] ⏳ 暂无任务，休息60秒...
[殷左护] ⏳ 暂无任务，休息60秒...
[罗左卫] ⏳ 暂无任务，休息60秒...
[周右弼] ⏳ 暂无任务，休息60秒...
[乐右弼] ⏳ 暂无任务，休息60秒...
[于右护] ⏳ 暂无任务，休息60秒...
[时右卫] ⏳ 暂无任务，休息60秒...
[薛贪狼] ⏳ 暂无任务，休息60秒...
[雷贪音] ⏳ 暂无任务，休息60秒...
[贺贪形] ⏳ 暂无任务，休息60秒...
[贡志强] ⏳ 暂无任务，休息60秒...
[齐辅弼] ⏳ 暂无任务，休息60秒...
[康辅星] ⏳ 暂无任务，休息60秒...
[和产品] ⏳ 暂无任务，休息60秒...
[穆产品] ⏳ 暂无任务，休息60秒...
[刘二明] ⏳ 暂无任务，休息60秒...
[王三思] ⏳ 暂无任务，休息60秒...
[赵四维] ⏳ 暂无任务，休息60秒...
[周禄存] ⏳ 暂无任务，休息60秒...
[吴存真] ⏳ 暂无任务，休息60秒...
[郑存义] ⏳ 暂无任务，休息60秒...
[钱存信] ⏳ 暂无任务，休息60秒...
[冯存智] ⏳ 暂无任务，休息60秒...
[陈元灵] ⏳ 暂无任务，休息60秒...
[张一凡] ⏳ 暂无任务，休息60秒...
[孙五维] ⏳ 暂无任务，休息60秒...
[陈存理] ⏳ 暂无任务，休息60秒...
[褚存道] ⏳ 暂无任务，休息60秒...
[卫存德] ⏳ 暂无任务，休息60秒...
[秦巨诚] ⏳ 暂无任务，休息60秒...
[许巨真] ⏳ 暂无任务，休息60秒...
[戚巨实] ⏳ 暂无任务，休息60秒...
[窦武备] ⏳ 暂无任务，休息60秒...
[奚破浪] ⏳ 暂无任务，休息60秒...
[范破空] ⏳ 暂无任务，休息60秒...
[柯破云] ⏳ 暂无任务，休息60秒...
[厉破风] ⏳ 暂无任务，休息60秒...
[岑破雷] ⏳ 暂无任务，休息60秒...
[毕左护] ⏳ 暂无任务，休息60秒...
[郝左持] ⏳ 暂无任务，休息60秒...
[邬左扶] ⏳ 暂无任务，休息60秒...
[安左助] ⏳ 暂无任务，休息60秒...
[常左协] ⏳ 暂无任务，休息60秒...
[李星辰] ⏳ 暂无任务，休息60秒...
[卞右盾] ⏳ 暂无任务，休息60秒...
[巴图] ⏳ 暂无任务，休息60秒...
[弓志明] ⏳ 暂无任务，休息60秒...
[母志明] ⏳ 暂无任务，休息60秒...
[干市场] ⏳ 暂无任务，休息60秒...
[曲市场] ⏳ 暂无任务，休息60秒...
[桥客服] ⏳ 暂无任务，休息60秒...
[银客服] ⏳ 暂无任务，休息60秒...
[言客服] ⏳ 暂无任务，休息60秒...
[朱巨信] ⏳ 暂无任务，休息60秒...
[李廉智] ⏳ 暂无任务，休息60秒...
[水武库] ⏳ 暂无任务，休息60秒...
[葛破浪] ⏳ 暂无任务，休息60秒...
[皮右防] ⏳ 暂无任务，休息60秒...
[赏志明] ⏳ 暂无任务，休息60秒...
[财市场] ⏳ 暂无任务，休息60秒...
[蒋巨门] ⏳ 暂无任务，休息60秒...
[沈巨明] ⏳ 暂无任务，休息60秒...
[韩巨亮] ⏳ 暂无任务，休息60秒...
[杨巨知] ⏳ 暂无任务，休息60秒...
[伍廉贞] ⏳ 暂无任务，休息60秒...
[余廉心] ⏳ 暂无任务，休息60秒...
[元廉情] ⏳ 暂无任务，休息60秒...
[孟廉意] ⏳ 暂无任务，休息60秒...
[谢武功] ⏳ 暂无任务，休息60秒...
[邹武全] ⏳ 暂无任务，休息60秒...
[喻武能] ⏳ 暂无任务，休息60秒...
[柏武技] ⏳ 暂无任务，休息60秒...
[章破军] ⏳ 暂无任务，休息60秒...
[云破敌] ⏳ 暂无任务，休息60秒...
[苏破阵] ⏳ 暂无任务，休息60秒...
[潘破晓] ⏳ 暂无任务，休息60秒...
[倪左辅] ⏳ 暂无任务，休息60秒...
[汤左膀] ⏳ 暂无任务，休息60秒...
[殷左翼] ⏳ 暂无任务，休息60秒...
[殷左护] ⏳ 暂无任务，休息60秒...
[罗左卫] ⏳ 暂无任务，休息60秒...
[周右弼] ⏳ 暂无任务，休息60秒...
[乐右弼] ⏳ 暂无任务，休息60秒...
[于右护] ⏳ 暂无任务，休息60秒...
[时右卫] ⏳ 暂无任务，休息60秒...
[薛贪狼] ⏳ 暂无任务，休息60秒...
[雷贪音] ⏳ 暂无任务，休息60秒...
[贺贪形] ⏳ 暂无任务，休息60秒...
[贡志强] ⏳ 暂无任务，休息60秒...
[齐辅弼] ⏳ 暂无任务，休息60秒...
[康辅星] ⏳ 暂无任务，休息60秒...
[和产品] ⏳ 暂无任务，休息60秒...
[穆产品] ⏳ 暂无任务，休息60秒...
[刘二明] ⏳ 暂无任务，休息60秒...
[王三思] ⏳ 暂无任务，休息60秒...
[赵四维] ⏳ 暂无任务，休息60秒...
[周禄存] ⏳ 暂无任务，休息60秒...
[吴存真] ⏳ 暂无任务，休息60秒...
[郑存义] ⏳ 暂无任务，休息60秒...
[钱存信] ⏳ 暂无任务，休息60秒...
[冯存智] ⏳ 暂无任务，休息60秒...
[陈元灵] ⏳ 暂无任务，休息60秒...
[张一凡] ⏳ 暂无任务，休息60秒...
[孙五维] ⏳ 暂无任务，休息60秒...
[陈存理] ⏳ 暂无任务，休息60秒...
[褚存道] ⏳ 暂无任务，休息60秒...
[卫存德] ⏳ 暂无任务，休息60秒...
[秦巨诚] ⏳ 暂无任务，休息60秒...
[许巨真] ⏳ 暂无任务，休息60秒...
[戚巨实] ⏳ 暂无任务，休息60秒...
[窦武备] ⏳ 暂无任务，休息60秒...
[奚破浪] ⏳ 暂无任务，休息60秒...
[范破空] ⏳ 暂无任务，休息60秒...
[柯破云] ⏳ 暂无任务，休息60秒...
[厉破风] ⏳ 暂无任务，休息60秒...
[岑破雷] ⏳ 暂无任务，休息60秒...
[毕左护] ⏳ 暂无任务，休息60秒...
[郝左持] ⏳ 暂无任务，休息60秒...
[邬左扶] ⏳ 暂无任务，休息60秒...
[安左助] ⏳ 暂无任务，休息60秒...
[常左协] ⏳ 暂无任务，休息60秒...
[李星辰] ⏳ 暂无任务，休息60秒...
[卞右盾] ⏳ 暂无任务，休息60秒...
[巴图] ⏳ 暂无任务，休息60秒...
[弓志明] ⏳ 暂无任务，休息60秒...
[母志明] ⏳ 暂无任务，休息60秒...
[干市场] ⏳ 暂无任务，休息60秒...
[曲市场] ⏳ 暂无任务，休息60秒...
[桥客服] ⏳ 暂无任务，休息60秒...
[银客服] ⏳ 暂无任务，休息60秒...
[言客服] ⏳ 暂无任务，休息60秒...
[朱巨信] ⏳ 暂无任务，休息60秒...
[李廉智] ⏳ 暂无任务，休息60秒...
[水武库] ⏳ 暂无任务，休息60秒...
[葛破浪] ⏳ 暂无任务，休息60秒...
[皮右防] ⏳ 暂无任务，休息60秒...
[赏志明] ⏳ 暂无任务，休息60秒...
[财市场] ⏳ 暂无任务，休息60秒...
[蒋巨门] ⏳ 暂无任务，休息60秒...
[沈巨明] ⏳ 暂无任务，休息60秒...
[韩巨亮] ⏳ 暂无任务，休息60秒...
[杨巨知] ⏳ 暂无任务，休息60秒...
[伍廉贞] ⏳ 暂无任务，休息60秒...
[余廉心] ⏳ 暂无任务，休息60秒...
[元廉情] ⏳ 暂无任务，休息60秒...
[孟廉意] ⏳ 暂无任务，休息60秒...
[谢武功] ⏳ 暂无任务，休息60秒...
[邹武全] ⏳ 暂无任务，休息60秒...
[喻武能] ⏳ 暂无任务，休息60秒...
[柏武技] ⏳ 暂无任务，休息60秒...
[章破军] ⏳ 暂无任务，休息60秒...
[云破敌] ⏳ 暂无任务，休息60秒...
[苏破阵] ⏳ 暂无任务，休息60秒...
[潘破晓] ⏳ 暂无任务，休息60秒...
[倪左辅] ⏳ 暂无任务，休息60秒...
[汤左膀] ⏳ 暂无任务，休息60秒...
[殷左翼] ⏳ 暂无任务，休息60秒...
[殷左护] ⏳ 暂无任务，休息60秒...
[罗左卫] ⏳ 暂无任务，休息60秒...
[周右弼] ⏳ 暂无任务，休息60秒...
[乐右弼] ⏳ 暂无任务，休息60秒...
[于右护] ⏳ 暂无任务，休息60秒...
[时右卫] ⏳ 暂无任务，休息60秒...
[薛贪狼] ⏳ 暂无任务，休息60秒...
[雷贪音] ⏳ 暂无任务，休息60秒...
[贺贪形] ⏳ 暂无任务，休息60秒...
[贡志强] ⏳ 暂无任务，休息60秒...
[齐辅弼] ⏳ 暂无任务，休息60秒...
[康辅星] ⏳ 暂无任务，休息60秒...
[和产品] ⏳ 暂无任务，休息60秒...
[穆产品] ⏳ 暂无任务，休息60秒...
[刘二明] ⏳ 暂无任务，休息60秒...
[王三思] ⏳ 暂无任务，休息60秒...
[赵四维] ⏳ 暂无任务，休息60秒...
[周禄存] ⏳ 暂无任务，休息60秒...
[吴存真] ⏳ 暂无任务，休息60秒...
[郑存义] ⏳ 暂无任务，休息60秒...
[钱存信] ⏳ 暂无任务，休息60秒...
[冯存智] ⏳ 暂无任务，休息60秒...
[陈元灵] ⏳ 暂无任务，休息60秒...
[张一凡] ⏳ 暂无任务，休息60秒...
[孙五维] ⏳ 暂无任务，休息60秒...
[陈存理] ⏳ 暂无任务，休息60秒...
[褚存道] ⏳ 暂无任务，休息60秒...
[卫存德] ⏳ 暂无任务，休息60秒...
[秦巨诚] ⏳ 暂无任务，休息60秒...
[许巨真] ⏳ 暂无任务，休息60秒...
[戚巨实] ⏳ 暂无任务，休息60秒...
[窦武备] ⏳ 暂无任务，休息60秒...
[奚破浪] ⏳ 暂无任务，休息60秒...
[范破空] ⏳ 暂无任务，休息60秒...
[柯破云] ⏳ 暂无任务，休息60秒...
[厉破风] ⏳ 暂无任务，休息60秒...
[岑破雷] ⏳ 暂无任务，休息60秒...
[毕左护] ⏳ 暂无任务，休息60秒...
[郝左持] ⏳ 暂无任务，休息60秒...
[邬左扶] ⏳ 暂无任务，休息60秒...
[安左助] ⏳ 暂无任务，休息60秒...
[常左协] ⏳ 暂无任务，休息60秒...
[李星辰] ⏳ 暂无任务，休息60秒...
[卞右盾] ⏳ 暂无任务，休息60秒...
[巴图] ⏳ 暂无任务，休息60秒...
[弓志明] ⏳ 暂无任务，休息60秒...
[母志明] ⏳ 暂无任务，休息60秒...
[干市场] ⏳ 暂无任务，休息60秒...
[曲市场] ⏳ 暂无任务，休息60秒...
[桥客服] ⏳ 暂无任务，休息60秒...
[银客服] ⏳ 暂无任务，休息60秒...
[言客服] ⏳ 暂无任务，休息60秒...
[朱巨信] ⏳ 暂无任务，休息60秒...
[李廉智] ⏳ 暂无任务，休息60秒...
[水武库] ⏳ 暂无任务，休息60秒...
[葛破浪] ⏳ 暂无任务，休息60秒...
[皮右防] ⏳ 暂无任务，休息60秒...
[赏志明] ⏳ 暂无任务，休息60秒...
[财市场] ⏳ 暂无任务，休息60秒...
[蒋巨门] ⏳ 暂无任务，休息60秒...
[沈巨明] ⏳ 暂无任务，休息60秒...
[韩巨亮] ⏳ 暂无任务，休息60秒...
[杨巨知] ⏳ 暂无任务，休息60秒...
[伍廉贞] ⏳ 暂无任务，休息60秒...
[余廉心] ⏳ 暂无任务，休息60秒...
[元廉情] ⏳ 暂无任务，休息60秒...
[孟廉意] ⏳ 暂无任务，休息60秒...
[谢武功] ⏳ 暂无任务，休息60秒...
[邹武全] ⏳ 暂无任务，休息60秒...
[喻武能] ⏳ 暂无任务，休息60秒...
[柏武技] ⏳ 暂无任务，休息60秒...
[章破军] ⏳ 暂无任务，休息60秒...
[云破敌] ⏳ 暂无任务，休息60秒...
[苏破阵] ⏳ 暂无任务，休息60秒...
[潘破晓] ⏳ 暂无任务，休息60秒...
[倪左辅] ⏳ 暂无任务，休息60秒...
[汤左膀] ⏳ 暂无任务，休息60秒...
[殷左翼] ⏳ 暂无任务，休息60秒...
[殷左护] ⏳ 暂无任务，休息60秒...
[罗左卫] ⏳ 暂无任务，休息60秒...
[周右弼] ⏳ 暂无任务，休息60秒...
[乐右弼] ⏳ 暂无任务，休息60秒...
[于右护] ⏳ 暂无任务，休息60秒...
[时右卫] ⏳ 暂无任务，休息60秒...
[薛贪狼] ⏳ 暂无任务，休息60秒...
[雷贪音] ⏳ 暂无任务，休息60秒...
[贺贪形] ⏳ 暂无任务，休息60秒...
[贡志强] ⏳ 暂无任务，休息60秒...
[齐辅弼] ⏳ 暂无任务，休息60秒...
[康辅星] ⏳ 暂无任务，休息60秒...
[和产品] ⏳ 暂无任务，休息60秒...
[穆产品] ⏳ 暂无任务，休息60秒...
[刘二明] ⏳ 暂无任务，休息60秒...
[王三思] ⏳ 暂无任务，休息60秒...
[赵四维] ⏳ 暂无任务，休息60秒...
[周禄存] ⏳ 暂无任务，休息60秒...
[吴存真] ⏳ 暂无任务，休息60秒...
[郑存义] ⏳ 暂无任务，休息60秒...
[钱存信] ⏳ 暂无任务，休息60秒...
[冯存智] ⏳ 暂无任务，休息60秒...
[陈元灵] ⏳ 暂无任务，休息60秒...
[张一凡] ⏳ 暂无任务，休息60秒...
[孙五维] ⏳ 暂无任务，休息60秒...
[陈存理] ⏳ 暂无任务，休息60秒...
[褚存道] ⏳ 暂无任务，休息60秒...
[卫存德] ⏳ 暂无任务，休息60秒...
[秦巨诚] ⏳ 暂无任务，休息60秒...
[许巨真] ⏳ 暂无任务，休息60秒...
[戚巨实] ⏳ 暂无任务，休息60秒...
[窦武备] ⏳ 暂无任务，休息60秒...
[奚破浪] ⏳ 暂无任务，休息60秒...
[范破空] ⏳ 暂无任务，休息60秒...
[柯破云] ⏳ 暂无任务，休息60秒...
[厉破风] ⏳ 暂无任务，休息60秒...
[岑破雷] ⏳ 暂无任务，休息60秒...
[毕左护] ⏳ 暂无任务，休息60秒...
[郝左持] ⏳ 暂无任务，休息60秒...
[邬左扶] ⏳ 暂无任务，休息60秒...
[安左助] ⏳ 暂无任务，休息60秒...
[常左协] ⏳ 暂无任务，休息60秒...
[李星辰] ⏳ 暂无任务，休息60秒...
[卞右盾] ⏳ 暂无任务，休息60秒...
[巴图] ⏳ 暂无任务，休息60秒...
[弓志明] ⏳ 暂无任务，休息60秒...
[母志明] ⏳ 暂无任务，休息60秒...
[干市场] ⏳ 暂无任务，休息60秒...
[曲市场] ⏳ 暂无任务，休息60秒...
[桥客服] ⏳ 暂无任务，休息60秒...
[银客服] ⏳ 暂无任务，休息60秒...
[言客服] ⏳ 暂无任务，休息60秒...
[朱巨信] ⏳ 暂无任务，休息60秒...
[李廉智] ⏳ 暂无任务，休息60秒...
[水武库] ⏳ 暂无任务，休息60秒...
[葛破浪] ⏳ 暂无任务，休息60秒...
[皮右防] ⏳ 暂无任务，休息60秒...
[赏志明] ⏳ 暂无任务，休息60秒...
[财市场] ⏳ 暂无任务，休息60秒...
[蒋巨门] ⏳ 暂无任务，休息60秒...
[沈巨明] ⏳ 暂无任务，休息60秒...
[韩巨亮] ⏳ 暂无任务，休息60秒...
[杨巨知] ⏳ 暂无任务，休息60秒...
[伍廉贞] ⏳ 暂无任务，休息60秒...
[余廉心] ⏳ 暂无任务，休息60秒...
[元廉情] ⏳ 暂无任务，休息60秒...
[孟廉意] ⏳ 暂无任务，休息60秒...
[谢武功] ⏳ 暂无任务，休息60秒...
[邹武全] ⏳ 暂无任务，休息60秒...
[喻武能] ⏳ 暂无任务，休息60秒...
[柏武技] ⏳ 暂无任务，休息60秒...
[章破军] ⏳ 暂无任务，休息60秒...
[云破敌] ⏳ 暂无任务，休息60秒...
[苏破阵] ⏳ 暂无任务，休息60秒...
[潘破晓] ⏳ 暂无任务，休息60秒...
[倪左辅] ⏳ 暂无任务，休息60秒...
[汤左膀] ⏳ 暂无任务，休息60秒...
[殷左翼] ⏳ 暂无任务，休息60秒...
[殷左护] ⏳ 暂无任务，休息60秒...
[罗左卫] ⏳ 暂无任务，休息60秒...
[周右弼] ⏳ 暂无任务，休息60秒...
[乐右弼] ⏳ 暂无任务，休息60秒...
[于右护] ⏳ 暂无任务，休息60秒...
[时右卫] ⏳ 暂无任务，休息60秒...
[薛贪狼] ⏳ 暂无任务，休息60秒...
[雷贪音] ⏳ 暂无任务，休息60秒...
[贺贪形] ⏳ 暂无任务，休息60秒...
[贡志强] ⏳ 暂无任务，休息60秒...
[齐辅弼] ⏳ 暂无任务，休息60秒...
[康辅星] ⏳ 暂无任务，休息60秒...
[和产品] ⏳ 暂无任务，休息60秒...
[穆产品] ⏳ 暂无任务，休息60秒...
[刘二明] ⏳ 暂无任务，休息60秒...
[王三思] ⏳ 暂无任务，休息60秒...
[赵四维] ⏳ 暂无任务，休息60秒...
[周禄存] ⏳ 暂无任务，休息60秒...
[吴存真] ⏳ 暂无任务，休息60秒...
[郑存义] ⏳ 暂无任务，休息60秒...
[钱存信] ⏳ 暂无任务，休息60秒...
[冯存智] ⏳ 暂无任务，休息60秒...
[陈元灵] ⏳ 暂无任务，休息60秒...
[张一凡] ⏳ 暂无任务，休息60秒...
[孙五维] ⏳ 暂无任务，休息60秒...
[陈存理] ⏳ 暂无任务，休息60秒...
[褚存道] ⏳ 暂无任务，休息60秒...
[卫存德] ⏳ 暂无任务，休息60秒...
[秦巨诚] ⏳ 暂无任务，休息60秒...
[许巨真] ⏳ 暂无任务，休息60秒...
[戚巨实] ⏳ 暂无任务，休息60秒...
[窦武备] ⏳ 暂无任务，休息60秒...
[奚破浪] ⏳ 暂无任务，休息60秒...
[范破空] ⏳ 暂无任务，休息60秒...
[柯破云] ⏳ 暂无任务，休息60秒...
[厉破风] ⏳ 暂无任务，休息60秒...
[岑破雷] ⏳ 暂无任务，休息60秒...
[毕左护] ⏳ 暂无任务，休息60秒...
[郝左持] ⏳ 暂无任务，休息60秒...
[邬左扶] ⏳ 暂无任务，休息60秒...
[安左助] ⏳ 暂无任务，休息60秒...
[常左协] ⏳ 暂无任务，休息60秒...
[李星辰] ⏳ 暂无任务，休息60秒...
[卞右盾] ⏳ 暂无任务，休息60秒...
[巴图] ⏳ 暂无任务，休息60秒...
[弓志明] ⏳ 暂无任务，休息60秒...
[母志明] ⏳ 暂无任务，休息60秒...
[干市场] ⏳ 暂无任务，休息60秒...
[曲市场] ⏳ 暂无任务，休息60秒...
[桥客服] ⏳ 暂无任务，休息60秒...
[银客服] ⏳ 暂无任务，休息60秒...
[言客服] ⏳ 暂无任务，休息60秒...
[朱巨信] ⏳ 暂无任务，休息60秒...
[李廉智] ⏳ 暂无任务，休息60秒...
[水武库] ⏳ 暂无任务，休息60秒...
[葛破浪] ⏳ 暂无任务，休息60秒...
[皮右防] ⏳ 暂无任务，休息60秒...
[赏志明] ⏳ 暂无任务，休息60秒...
[财市场] ⏳ 暂无任务，休息60秒...
[蒋巨门] ⏳ 暂无任务，休息60秒...
[沈巨明] ⏳ 暂无任务，休息60秒...
[韩巨亮] ⏳ 暂无任务，休息60秒...
[杨巨知] ⏳ 暂无任务，休息60秒...
[伍廉贞] ⏳ 暂无任务，休息60秒...
[余廉心] ⏳ 暂无任务，休息60秒...
[元廉情] ⏳ 暂无任务，休息60秒...
[孟廉意] ⏳ 暂无任务，休息60秒...
[谢武功] ⏳ 暂无任务，休息60秒...
[邹武全] ⏳ 暂无任务，休息60秒...
[喻武能] ⏳ 暂无任务，休息60秒...
[柏武技] ⏳ 暂无任务，休息60秒...
[章破军] ⏳ 暂无任务，休息60秒...
[云破敌] ⏳ 暂无任务，休息60秒...
[苏破阵] ⏳ 暂无任务，休息60秒...
[潘破晓] ⏳ 暂无任务，休息60秒...
[倪左辅] ⏳ 暂无任务，休息60秒...
[汤左膀] ⏳ 暂无任务，休息60秒...
[殷左翼] ⏳ 暂无任务，休息60秒...
[殷左护] ⏳ 暂无任务，休息60秒...
[罗左卫] ⏳ 暂无任务，休息60秒...
[周右弼] ⏳ 暂无任务，休息60秒...
[乐右弼] ⏳ 暂无任务，休息60秒...
[于右护] ⏳ 暂无任务，休息60秒...
[时右卫] ⏳ 暂无任务，休息60秒...
[薛贪狼] ⏳ 暂无任务，休息60秒...
[雷贪音] ⏳ 暂无任务，休息60秒...
[贺贪形] ⏳ 暂无任务，休息60秒...
[贡志强] ⏳ 暂无任务，休息60秒...
[齐辅弼] ⏳ 暂无任务，休息60秒...
[康辅星] ⏳ 暂无任务，休息60秒...
[和产品] ⏳ 暂无任务，休息60秒...
[穆产品] ⏳ 暂无任务，休息60秒...
[刘二明] ⏳ 暂无任务，休息60秒...
[王三思] ⏳ 暂无任务，休息60秒...
[赵四维] ⏳ 暂无任务，休息60秒...
[周禄存] ⏳ 暂无任务，休息60秒...
[吴存真] ⏳ 暂无任务，休息60秒...
[郑存义] ⏳ 暂无任务，休息60秒...
[钱存信] ⏳ 暂无任务，休息60秒...
[冯存智] ⏳ 暂无任务，休息60秒...
[陈元灵] ⏳ 暂无任务，休息60秒...
[张一凡] ⏳ 暂无任务，休息60秒...
[孙五维] ⏳ 暂无任务，休息60秒...
[陈存理] ⏳ 暂无任务，休息60秒...
[褚存道] ⏳ 暂无任务，休息60秒...
[卫存德] ⏳ 暂无任务，休息60秒...
[秦巨诚] ⏳ 暂无任务，休息60秒...
[许巨真] ⏳ 暂无任务，休息60秒...
[戚巨实] ⏳ 暂无任务，休息60秒...
[窦武备] ⏳ 暂无任务，休息60秒...
[奚破浪] ⏳ 暂无任务，休息60秒...
[范破空] ⏳ 暂无任务，休息60秒...
[柯破云] ⏳ 暂无任务，休息60秒...
[厉破风] ⏳ 暂无任务，休息60秒...
[岑破雷] ⏳ 暂无任务，休息60秒...
[毕左护] ⏳ 暂无任务，休息60秒...
[郝左持] ⏳ 暂无任务，休息60秒...
[邬左扶] ⏳ 暂无任务，休息60秒...
[安左助] ⏳ 暂无任务，休息60秒...
[常左协] ⏳ 暂无任务，休息60秒...
[李星辰] ⏳ 暂无任务，休息60秒...
[卞右盾] ⏳ 暂无任务，休息60秒...
[巴图] ⏳ 暂无任务，休息60秒...
[弓志明] ⏳ 暂无任务，休息60秒...
[母志明] ⏳ 暂无任务，休息60秒...
[干市场] ⏳ 暂无任务，休息60秒...
[曲市场] ⏳ 暂无任务，休息60秒...
[桥客服] ⏳ 暂无任务，休息60秒...
[银客服] ⏳ 暂无任务，休息60秒...
[言客服] ⏳ 暂无任务，休息60秒...
[朱巨信] ⏳ 暂无任务，休息60秒...
[李廉智] ⏳ 暂无任务，休息60秒...
[水武库] ⏳ 暂无任务，休息60秒...
[葛破浪] ⏳ 暂无任务，休息60秒...
[皮右防] ⏳ 暂无任务，休息60秒...
[赏志明] ⏳ 暂无任务，休息60秒...
[财市场] ⏳ 暂无任务，休息60秒...
[蒋巨门] ⏳ 暂无任务，休息60秒...
[沈巨明] ⏳ 暂无任务，休息60秒...
[韩巨亮] ⏳ 暂无任务，休息60秒...
[杨巨知] ⏳ 暂无任务，休息60秒...
[伍廉贞] ⏳ 暂无任务，休息60秒...
[余廉心] ⏳ 暂无任务，休息60秒...
[元廉情] ⏳ 暂无任务，休息60秒...
[孟廉意] ⏳ 暂无任务，休息60秒...
[谢武功] ⏳ 暂无任务，休息60秒...
[邹武全] ⏳ 暂无任务，休息60秒...
[喻武能] ⏳ 暂无任务，休息60秒...
[柏武技] ⏳ 暂无任务，休息60秒...
[章破军] ⏳ 暂无任务，休息60秒...
[云破敌] ⏳ 暂无任务，休息60秒...
[苏破阵] ⏳ 暂无任务，休息60秒...
[潘破晓] ⏳ 暂无任务，休息60秒...
[倪左辅] ⏳ 暂无任务，休息60秒...
[汤左膀] ⏳ 暂无任务，休息60秒...
[殷左翼] ⏳ 暂无任务，休息60秒...
[殷左护] ⏳ 暂无任务，休息60秒...
[罗左卫] ⏳ 暂无任务，休息60秒...
[周右弼] ⏳ 暂无任务，休息60秒...
[乐右弼] ⏳ 暂无任务，休息60秒...
[于右护] ⏳ 暂无任务，休息60秒...
[时右卫] ⏳ 暂无任务，休息60秒...
[薛贪狼] ⏳ 暂无任务，休息60秒...
[雷贪音] ⏳ 暂无任务，休息60秒...
[贺贪形] ⏳ 暂无任务，休息60秒...
[贡志强] ⏳ 暂无任务，休息60秒...
[齐辅弼] ⏳ 暂无任务，休息60秒...
[康辅星] ⏳ 暂无任务，休息60秒...
[和产品] ⏳ 暂无任务，休息60秒...
[穆产品] ⏳ 暂无任务，休息60秒...
[刘二明] ⏳ 暂无任务，休息60秒...
[王三思] ⏳ 暂无任务，休息60秒...
[赵四维] ⏳ 暂无任务，休息60秒...
[周禄存] ⏳ 暂无任务，休息60秒...
[吴存真] ⏳ 暂无任务，休息60秒...
[郑存义] ⏳ 暂无任务，休息60秒...
[钱存信] ⏳ 暂无任务，休息60秒...
[冯存智] ⏳ 暂无任务，休息60秒...
[陈元灵] ⏳ 暂无任务，休息60秒...
[张一凡] ⏳ 暂无任务，休息60秒...
[孙五维] ⏳ 暂无任务，休息60秒...
[陈存理] ⏳ 暂无任务，休息60秒...
[褚存道] ⏳ 暂无任务，休息60秒...
[卫存德] ⏳ 暂无任务，休息60秒...
[秦巨诚] ⏳ 暂无任务，休息60秒...
[许巨真] ⏳ 暂无任务，休息60秒...
[戚巨实] ⏳ 暂无任务，休息60秒...
[窦武备] ⏳ 暂无任务，休息60秒...
[奚破浪] ⏳ 暂无任务，休息60秒...
[范破空] ⏳ 暂无任务，休息60秒...
[柯破云] ⏳ 暂无任务，休息60秒...
[厉破风] ⏳ 暂无任务，休息60秒...
[岑破雷] ⏳ 暂无任务，休息60秒...
[毕左护] ⏳ 暂无任务，休息60秒...
[郝左持] ⏳ 暂无任务，休息60秒...
[邬左扶] ⏳ 暂无任务，休息60秒...
[安左助] ⏳ 暂无任务，休息60秒...
[常左协] ⏳ 暂无任务，休息60秒...
[李星辰] ⏳ 暂无任务，休息60秒...
[卞右盾] ⏳ 暂无任务，休息60秒...
[巴图] ⏳ 暂无任务，休息60秒...
[弓志明] ⏳ 暂无任务，休息60秒...
[母志明] ⏳ 暂无任务，休息60秒...
[干市场] ⏳ 暂无任务，休息60秒...
[曲市场] ⏳ 暂无任务，休息60秒...
[桥客服] ⏳ 暂无任务，休息60秒...
[银客服] ⏳ 暂无任务，休息60秒...
[言客服] ⏳ 暂无任务，休息60秒...
[朱巨信] ⏳ 暂无任务，休息60秒...
[李廉智] ⏳ 暂无任务，休息60秒...
[水武库] ⏳ 暂无任务，休息60秒...
[葛破浪] ⏳ 暂无任务，休息60秒...
[皮右防] ⏳ 暂无任务，休息60秒...
[赏志明] ⏳ 暂无任务，休息60秒...
[财市场] ⏳ 暂无任务，休息60秒...
[蒋巨门] ⏳ 暂无任务，休息60秒...
[沈巨明] ⏳ 暂无任务，休息60秒...
[韩巨亮] ⏳ 暂无任务，休息60秒...
[杨巨知] ⏳ 暂无任务，休息60秒...
[伍廉贞] ⏳ 暂无任务，休息60秒...
[余廉心] ⏳ 暂无任务，休息60秒...
[元廉情] ⏳ 暂无任务，休息60秒...
[孟廉意] ⏳ 暂无任务，休息60秒...
[谢武功] ⏳ 暂无任务，休息60秒...
[邹武全] ⏳ 暂无任务，休息60秒...
[喻武能] ⏳ 暂无任务，休息60秒...
[柏武技] ⏳ 暂无任务，休息60秒...
[章破军] ⏳ 暂无任务，休息60秒...
[云破敌] ⏳ 暂无任务，休息60秒...
[苏破阵] ⏳ 暂无任务，休息60秒...
[潘破晓] ⏳ 暂无任务，休息60秒...
[倪左辅] ⏳ 暂无任务，休息60秒...
[汤左膀] ⏳ 暂无任务，休息60秒...
[殷左翼] ⏳ 暂无任务，休息60秒...
[殷左护] ⏳ 暂无任务，休息60秒...
[罗左卫] ⏳ 暂无任务，休息60秒...
[周右弼] ⏳ 暂无任务，休息60秒...
[乐右弼] ⏳ 暂无任务，休息60秒...
[于右护] ⏳ 暂无任务，休息60秒...
[时右卫] ⏳ 暂无任务，休息60秒...
[薛贪狼] ⏳ 暂无任务，休息60秒...
[雷贪音] ⏳ 暂无任务，休息60秒...
[贺贪形] ⏳ 暂无任务，休息60秒...
[贡志强] ⏳ 暂无任务，休息60秒...
[齐辅弼] ⏳ 暂无任务，休息60秒...
[康辅星] ⏳ 暂无任务，休息60秒...
[和产品] ⏳ 暂无任务，休息60秒...
[穆产品] ⏳ 暂无任务，休息60秒...
[刘二明] ⏳ 暂无任务，休息60秒...
[王三思] ⏳ 暂无任务，休息60秒...
[赵四维] ⏳ 暂无任务，休息60秒...
[周禄存] ⏳ 暂无任务，休息60秒...
[吴存真] ⏳ 暂无任务，休息60秒...
[郑存义] ⏳ 暂无任务，休息60秒...
[钱存信] ⏳ 暂无任务，休息60秒...
[冯存智] ⏳ 暂无任务，休息60秒...
[陈元灵] ⏳ 暂无任务，休息60秒...
[张一凡] ⏳ 暂无任务，休息60秒...
[孙五维] ⏳ 暂无任务，休息60秒...
[陈存理] ⏳ 暂无任务，休息60秒...
[褚存道] ⏳ 暂无任务，休息60秒...
[卫存德] ⏳ 暂无任务，休息60秒...
[秦巨诚] ⏳ 暂无任务，休息60秒...
[许巨真] ⏳ 暂无任务，休息60秒...
[戚巨实] ⏳ 暂无任务，休息60秒...
[窦武备] ⏳ 暂无任务，休息60秒...
[奚破浪] ⏳ 暂无任务，休息60秒...
[范破空] ⏳ 暂无任务，休息60秒...
[柯破云] ⏳ 暂无任务，休息60秒...
[厉破风] ⏳ 暂无任务，休息60秒...
[岑破雷] ⏳ 暂无任务，休息60秒...
[毕左护] ⏳ 暂无任务，休息60秒...
[郝左持] ⏳ 暂无任务，休息60秒...
[邬左扶] ⏳ 暂无任务，休息60秒...
[安左助] ⏳ 暂无任务，休息60秒...
[常左协] ⏳ 暂无任务，休息60秒...
[李星辰] ⏳ 暂无任务，休息60秒...
[卞右盾] ⏳ 暂无任务，休息60秒...
[巴图] ⏳ 暂无任务，休息60秒...
[弓志明] ⏳ 暂无任务，休息60秒...
[母志明] ⏳ 暂无任务，休息60秒...
[干市场] ⏳ 暂无任务，休息60秒...
[曲市场] ⏳ 暂无任务，休息60秒...
[桥客服] ⏳ 暂无任务，休息60秒...
[银客服] ⏳ 暂无任务，休息60秒...
[言客服] ⏳ 暂无任务，休息60秒...
[朱巨信] ⏳ 暂无任务，休息60秒...
[李廉智] ⏳ 暂无任务，休息60秒...
[水武库] ⏳ 暂无任务，休息60秒...
[葛破浪] ⏳ 暂无任务，休息60秒...
[皮右防] ⏳ 暂无任务，休息60秒...
[赏志明] ⏳ 暂无任务，休息60秒...
[财市场] ⏳ 暂无任务，休息60秒...
[蒋巨门] ⏳ 暂无任务，休息60秒...
[沈巨明] ⏳ 暂无任务，休息60秒...
[韩巨亮] ⏳ 暂无任务，休息60秒...
[杨巨知] ⏳ 暂无任务，休息60秒...
[伍廉贞] ⏳ 暂无任务，休息60秒...
[余廉心] ⏳ 暂无任务，休息60秒...
[元廉情] ⏳ 暂无任务，休息60秒...
[孟廉意] ⏳ 暂无任务，休息60秒...
[谢武功] ⏳ 暂无任务，休息60秒...
[邹武全] ⏳ 暂无任务，休息60秒...
[喻武能] ⏳ 暂无任务，休息60秒...
[柏武技] ⏳ 暂无任务，休息60秒...
[章破军] ⏳ 暂无任务，休息60秒...
[云破敌] ⏳ 暂无任务，休息60秒...
[苏破阵] ⏳ 暂无任务，休息60秒...
[潘破晓] ⏳ 暂无任务，休息60秒...
[倪左辅] ⏳ 暂无任务，休息60秒...
[汤左膀] ⏳ 暂无任务，休息60秒...
[殷左翼] ⏳ 暂无任务，休息60秒...
[殷左护] ⏳ 暂无任务，休息60秒...
[罗左卫] ⏳ 暂无任务，休息60秒...
[周右弼] ⏳ 暂无任务，休息60秒...
[乐右弼] ⏳ 暂无任务，休息60秒...
[于右护] ⏳ 暂无任务，休息60秒...
[时右卫] ⏳ 暂无任务，休息60秒...
[薛贪狼] ⏳ 暂无任务，休息60秒...
[雷贪音] ⏳ 暂无任务，休息60秒...
[贺贪形] ⏳ 暂无任务，休息60秒...
[贡志强] ⏳ 暂无任务，休息60秒...
[齐辅弼] ⏳ 暂无任务，休息60秒...
[康辅星] ⏳ 暂无任务，休息60秒...
[和产品] ⏳ 暂无任务，休息60秒...
[穆产品] ⏳ 暂无任务，休息60秒...
[刘二明] ⏳ 暂无任务，休息60秒...
[王三思] ⏳ 暂无任务，休息60秒...
[赵四维] ⏳ 暂无任务，休息60秒...
[周禄存] ⏳ 暂无任务，休息60秒...
[吴存真] ⏳ 暂无任务，休息60秒...
[郑存义] ⏳ 暂无任务，休息60秒...
[钱存信] ⏳ 暂无任务，休息60秒...
[冯存智] ⏳ 暂无任务，休息60秒...
[陈元灵] ⏳ 暂无任务，休息60秒...
[张一凡] ⏳ 暂无任务，休息60秒...
[孙五维] ⏳ 暂无任务，休息60秒...
[陈存理] ⏳ 暂无任务，休息60秒...
[褚存道] ⏳ 暂无任务，休息60秒...
[卫存德] ⏳ 暂无任务，休息60秒...
[秦巨诚] ⏳ 暂无任务，休息60秒...
[许巨真] ⏳ 暂无任务，休息60秒...
[戚巨实] ⏳ 暂无任务，休息60秒...
[窦武备] ⏳ 暂无任务，休息60秒...
[奚破浪] ⏳ 暂无任务，休息60秒...
[范破空] ⏳ 暂无任务，休息60秒...
[柯破云] ⏳ 暂无任务，休息60秒...
[厉破风] ⏳ 暂无任务，休息60秒...
[岑破雷] ⏳ 暂无任务，休息60秒...
[毕左护] ⏳ 暂无任务，休息60秒...
[郝左持] ⏳ 暂无任务，休息60秒...
[邬左扶] ⏳ 暂无任务，休息60秒...
[安左助] ⏳ 暂无任务，休息60秒...
[常左协] ⏳ 暂无任务，休息60秒...
[李星辰] ⏳ 暂无任务，休息60秒...
[卞右盾] ⏳ 暂无任务，休息60秒...
[巴图] ⏳ 暂无任务，休息60秒...
[弓志明] ⏳ 暂无任务，休息60秒...
[母志明] ⏳ 暂无任务，休息60秒...
[干市场] ⏳ 暂无任务，休息60秒...
[曲市场] ⏳ 暂无任务，休息60秒...
[桥客服] ⏳ 暂无任务，休息60秒...
[银客服] ⏳ 暂无任务，休息60秒...
[言客服] ⏳ 暂无任务，休息60秒...
[朱巨信] ⏳ 暂无任务，休息60秒...
[李廉智] ⏳ 暂无任务，休息60秒...
[水武库] ⏳ 暂无任务，休息60秒...
[葛破浪] ⏳ 暂无任务，休息60秒...
[皮右防] ⏳ 暂无任务，休息60秒...
[赏志明] ⏳ 暂无任务，休息60秒...
[财市场] ⏳ 暂无任务，休息60秒...
[蒋巨门] ⏳ 暂无任务，休息60秒...
[沈巨明] ⏳ 暂无任务，休息60秒...
[韩巨亮] ⏳ 暂无任务，休息60秒...
[杨巨知] ⏳ 暂无任务，休息60秒...
[伍廉贞] ⏳ 暂无任务，休息60秒...
[余廉心] ⏳ 暂无任务，休息60秒...
[元廉情] ⏳ 暂无任务，休息60秒...
[孟廉意] ⏳ 暂无任务，休息60秒...
[谢武功] ⏳ 暂无任务，休息60秒...
[邹武全] ⏳ 暂无任务，休息60秒...
[喻武能] ⏳ 暂无任务，休息60秒...
[柏武技] ⏳ 暂无任务，休息60秒...
[章破军] ⏳ 暂无任务，休息60秒...
[云破敌] ⏳ 暂无任务，休息60秒...
[苏破阵] ⏳ 暂无任务，休息60秒...
[潘破晓] ⏳ 暂无任务，休息60秒...
[倪左辅] ⏳ 暂无任务，休息60秒...
[汤左膀] ⏳ 暂无任务，休息60秒...
[殷左翼] ⏳ 暂无任务，休息60秒...
[殷左护] ⏳ 暂无任务，休息60秒...
[罗左卫] ⏳ 暂无任务，休息60秒...
[周右弼] ⏳ 暂无任务，休息60秒...
[乐右弼] ⏳ 暂无任务，休息60秒...
[于右护] ⏳ 暂无任务，休息60秒...
[时右卫] ⏳ 暂无任务，休息60秒...
[薛贪狼] ⏳ 暂无任务，休息60秒...
[雷贪音] ⏳ 暂无任务，休息60秒...
[贺贪形] ⏳ 暂无任务，休息60秒...
[贡志强] ⏳ 暂无任务，休息60秒...
[齐辅弼] ⏳ 暂无任务，休息60秒...
[康辅星] ⏳ 暂无任务，休息60秒...
[和产品] ⏳ 暂无任务，休息60秒...
[穆产品] ⏳ 暂无任务，休息60秒...
[刘二明] ⏳ 暂无任务，休息60秒...
[王三思] ⏳ 暂无任务，休息60秒...
[赵四维] ⏳ 暂无任务，休息60秒...
[周禄存] ⏳ 暂无任务，休息60秒...
[吴存真] ⏳ 暂无任务，休息60秒...
[郑存义] ⏳ 暂无任务，休息60秒...
[钱存信] ⏳ 暂无任务，休息60秒...
[冯存智] ⏳ 暂无任务，休息60秒...
[陈元灵] ⏳ 暂无任务，休息60秒...
[张一凡] ⏳ 暂无任务，休息60秒...
[孙五维] ⏳ 暂无任务，休息60秒...
[陈存理] ⏳ 暂无任务，休息60秒...
[褚存道] ⏳ 暂无任务，休息60秒...
[卫存德] ⏳ 暂无任务，休息60秒...
[秦巨诚] ⏳ 暂无任务，休息60秒...
[许巨真] ⏳ 暂无任务，休息60秒...
[戚巨实] ⏳ 暂无任务，休息60秒...
[窦武备] ⏳ 暂无任务，休息60秒...
[奚破浪] ⏳ 暂无任务，休息60秒...
[范破空] ⏳ 暂无任务，休息60秒...
[柯破云] ⏳ 暂无任务，休息60秒...
[厉破风] ⏳ 暂无任务，休息60秒...
[岑破雷] ⏳ 暂无任务，休息60秒...
[毕左护] ⏳ 暂无任务，休息60秒...
[郝左持] ⏳ 暂无任务，休息60秒...
[邬左扶] ⏳ 暂无任务，休息60秒...
[安左助] ⏳ 暂无任务，休息60秒...
[常左协] ⏳ 暂无任务，休息60秒...
[李星辰] ⏳ 暂无任务，休息60秒...
[卞右盾] ⏳ 暂无任务，休息60秒...
[巴图] ⏳ 暂无任务，休息60秒...
[弓志明] ⏳ 暂无任务，休息60秒...
[母志明] ⏳ 暂无任务，休息60秒...
[干市场] ⏳ 暂无任务，休息60秒...
[曲市场] ⏳ 暂无任务，休息60秒...
[桥客服] ⏳ 暂无任务，休息60秒...
[银客服] ⏳ 暂无任务，休息60秒...
[言客服] ⏳ 暂无任务，休息60秒...
[朱巨信] ⏳ 暂无任务，休息60秒...
[李廉智] ⏳ 暂无任务，休息60秒...
[水武库] ⏳ 暂无任务，休息60秒...
[葛破浪] ⏳ 暂无任务，休息60秒...
[皮右防] ⏳ 暂无任务，休息60秒...
[赏志明] ⏳ 暂无任务，休息60秒...
[财市场] ⏳ 暂无任务，休息60秒...
[蒋巨门] ⏳ 暂无任务，休息60秒...
[沈巨明] ⏳ 暂无任务，休息60秒...
[韩巨亮] ⏳ 暂无任务，休息60秒...
[杨巨知] ⏳ 暂无任务，休息60秒...
[伍廉贞] ⏳ 暂无任务，休息60秒...
[余廉心] ⏳ 暂无任务，休息60秒...
[元廉情] ⏳ 暂无任务，休息60秒...
[孟廉意] ⏳ 暂无任务，休息60秒...
[谢武功] ⏳ 暂无任务，休息60秒...
[邹武全] ⏳ 暂无任务，休息60秒...
[喻武能] ⏳ 暂无任务，休息60秒...
[柏武技] ⏳ 暂无任务，休息60秒...
[章破军] ⏳ 暂无任务，休息60秒...
[云破敌] ⏳ 暂无任务，休息60秒...
[苏破阵] ⏳ 暂无任务，休息60秒...
[潘破晓] ⏳ 暂无任务，休息60秒...
[倪左辅] ⏳ 暂无任务，休息60秒...
[汤左膀] ⏳ 暂无任务，休息60秒...
[殷左翼] ⏳ 暂无任务，休息60秒...
[殷左护] ⏳ 暂无任务，休息60秒...
[罗左卫] ⏳ 暂无任务，休息60秒...
[周右弼] ⏳ 暂无任务，休息60秒...
[乐右弼] ⏳ 暂无任务，休息60秒...
[于右护] ⏳ 暂无任务，休息60秒...
[时右卫] ⏳ 暂无任务，休息60秒...
[薛贪狼] ⏳ 暂无任务，休息60秒...
[雷贪音] ⏳ 暂无任务，休息60秒...
[贺贪形] ⏳ 暂无任务，休息60秒...
[贡志强] ⏳ 暂无任务，休息60秒...
[齐辅弼] ⏳ 暂无任务，休息60秒...
[康辅星] ⏳ 暂无任务，休息60秒...
[和产品] ⏳ 暂无任务，休息60秒...
[穆产品] ⏳ 暂无任务，休息60秒...
[刘二明] ⏳ 暂无任务，休息60秒...
[王三思] ⏳ 暂无任务，休息60秒...
[赵四维] ⏳ 暂无任务，休息60秒...
[周禄存] ⏳ 暂无任务，休息60秒...
[吴存真] ⏳ 暂无任务，休息60秒...
[郑存义] ⏳ 暂无任务，休息60秒...
[钱存信] ⏳ 暂无任务，休息60秒...
[冯存智] ⏳ 暂无任务，休息60秒...
[陈元灵] ⏳ 暂无任务，休息60秒...
[张一凡] ⏳ 暂无任务，休息60秒...
[孙五维] ⏳ 暂无任务，休息60秒...
[陈存理] ⏳ 暂无任务，休息60秒...
[褚存道] ⏳ 暂无任务，休息60秒...
[卫存德] ⏳ 暂无任务，休息60秒...
[秦巨诚] ⏳ 暂无任务，休息60秒...
[许巨真] ⏳ 暂无任务，休息60秒...
[戚巨实] ⏳ 暂无任务，休息60秒...
[窦武备] ⏳ 暂无任务，休息60秒...
[奚破浪] ⏳ 暂无任务，休息60秒...
[范破空] ⏳ 暂无任务，休息60秒...
[柯破云] ⏳ 暂无任务，休息60秒...
[厉破风] ⏳ 暂无任务，休息60秒...
[岑破雷] ⏳ 暂无任务，休息60秒...
[毕左护] ⏳ 暂无任务，休息60秒...
[郝左持] ⏳ 暂无任务，休息60秒...
[邬左扶] ⏳ 暂无任务，休息60秒...
[安左助] ⏳ 暂无任务，休息60秒...
[常左协] ⏳ 暂无任务，休息60秒...
[李星辰] ⏳ 暂无任务，休息60秒...
[卞右盾] ⏳ 暂无任务，休息60秒...
[巴图] ⏳ 暂无任务，休息60秒...
[弓志明] ⏳ 暂无任务，休息60秒...
[母志明] ⏳ 暂无任务，休息60秒...
[干市场] ⏳ 暂无任务，休息60秒...
[曲市场] ⏳ 暂无任务，休息60秒...
[桥客服] ⏳ 暂无任务，休息60秒...
[银客服] ⏳ 暂无任务，休息60秒...
[言客服] ⏳ 暂无任务，休息60秒...
[朱巨信] ⏳ 暂无任务，休息60秒...
[李廉智] ⏳ 暂无任务，休息60秒...
[水武库] ⏳ 暂无任务，休息60秒...
[葛破浪] ⏳ 暂无任务，休息60秒...
[皮右防] ⏳ 暂无任务，休息60秒...
[赏志明] ⏳ 暂无任务，休息60秒...
[财市场] ⏳ 暂无任务，休息60秒...
[蒋巨门] ⏳ 暂无任务，休息60秒...
[沈巨明] ⏳ 暂无任务，休息60秒...
[韩巨亮] ⏳ 暂无任务，休息60秒...
[杨巨知] ⏳ 暂无任务，休息60秒...
[伍廉贞] ⏳ 暂无任务，休息60秒...
[余廉心] ⏳ 暂无任务，休息60秒...
[元廉情] ⏳ 暂无任务，休息60秒...
[孟廉意] ⏳ 暂无任务，休息60秒...
[谢武功] ⏳ 暂无任务，休息60秒...
[邹武全] ⏳ 暂无任务，休息60秒...
[喻武能] ⏳ 暂无任务，休息60秒...
[柏武技] ⏳ 暂无任务，休息60秒...
[章破军] ⏳ 暂无任务，休息60秒...
[云破敌] ⏳ 暂无任务，休息60秒...
[苏破阵] ⏳ 暂无任务，休息60秒...
[潘破晓] ⏳ 暂无任务，休息60秒...
[倪左辅] ⏳ 暂无任务，休息60秒...
[汤左膀] ⏳ 暂无任务，休息60秒...
[殷左翼] ⏳ 暂无任务，休息60秒...
[殷左护] ⏳ 暂无任务，休息60秒...
[罗左卫] ⏳ 暂无任务，休息60秒...
[周右弼] ⏳ 暂无任务，休息60秒...
[乐右弼] ⏳ 暂无任务，休息60秒...
[于右护] ⏳ 暂无任务，休息60秒...
[时右卫] ⏳ 暂无任务，休息60秒...
[薛贪狼] ⏳ 暂无任务，休息60秒...
[雷贪音] ⏳ 暂无任务，休息60秒...
[贺贪形] ⏳ 暂无任务，休息60秒...
[贡志强] ⏳ 暂无任务，休息60秒...
[齐辅弼] ⏳ 暂无任务，休息60秒...
[康辅星] ⏳ 暂无任务，休息60秒...
[和产品] ⏳ 暂无任务，休息60秒...
[穆产品] ⏳ 暂无任务，休息60秒...
[刘二明] ⏳ 暂无任务，休息60秒...
[王三思] ⏳ 暂无任务，休息60秒...
[赵四维] ⏳ 暂无任务，休息60秒...
[周禄存] ⏳ 暂无任务，休息60秒...
[吴存真] ⏳ 暂无任务，休息60秒...
[郑存义] ⏳ 暂无任务，休息60秒...
[钱存信] ⏳ 暂无任务，休息60秒...
[冯存智] ⏳ 暂无任务，休息60秒...
[陈元灵] ⏳ 暂无任务，休息60秒...
[张一凡] ⏳ 暂无任务，休息60秒...
[孙五维] ⏳ 暂无任务，休息60秒...
[陈存理] ⏳ 暂无任务，休息60秒...
[褚存道] ⏳ 暂无任务，休息60秒...
[卫存德] ⏳ 暂无任务，休息60秒...
[秦巨诚] ⏳ 暂无任务，休息60秒...
[许巨真] ⏳ 暂无任务，休息60秒...
[戚巨实] ⏳ 暂无任务，休息60秒...
[窦武备] ⏳ 暂无任务，休息60秒...
[奚破浪] ⏳ 暂无任务，休息60秒...
[范破空] ⏳ 暂无任务，休息60秒...
[柯破云] ⏳ 暂无任务，休息60秒...
[厉破风] ⏳ 暂无任务，休息60秒...
[岑破雷] ⏳ 暂无任务，休息60秒...
[毕左护] ⏳ 暂无任务，休息60秒...
[郝左持] ⏳ 暂无任务，休息60秒...
[邬左扶] ⏳ 暂无任务，休息60秒...
[安左助] ⏳ 暂无任务，休息60秒...
[常左协] ⏳ 暂无任务，休息60秒...
[李星辰] ⏳ 暂无任务，休息60秒...
[卞右盾] ⏳ 暂无任务，休息60秒...
[巴图] ⏳ 暂无任务，休息60秒...
[弓志明] ⏳ 暂无任务，休息60秒...
[母志明] ⏳ 暂无任务，休息60秒...
[干市场] ⏳ 暂无任务，休息60秒...
[曲市场] ⏳ 暂无任务，休息60秒...
[桥客服] ⏳ 暂无任务，休息60秒...
[银客服] ⏳ 暂无任务，休息60秒...
[言客服] ⏳ 暂无任务，休息60秒...
[朱巨信] ⏳ 暂无任务，休息60秒...
[李廉智] ⏳ 暂无任务，休息60秒...
[水武库] ⏳ 暂无任务，休息60秒...
[葛破浪] ⏳ 暂无任务，休息60秒...
[皮右防] ⏳ 暂无任务，休息60秒...
[赏志明] ⏳ 暂无任务，休息60秒...
[财市场] ⏳ 暂无任务，休息60秒...
[蒋巨门] ⏳ 暂无任务，休息60秒...
[沈巨明] ⏳ 暂无任务，休息60秒...
[韩巨亮] ⏳ 暂无任务，休息60秒...
[杨巨知] ⏳ 暂无任务，休息60秒...
[伍廉贞] ⏳ 暂无任务，休息60秒...
[余廉心] ⏳ 暂无任务，休息60秒...
[元廉情] ⏳ 暂无任务，休息60秒...
[孟廉意] ⏳ 暂无任务，休息60秒...
[谢武功] ⏳ 暂无任务，休息60秒...
[邹武全] ⏳ 暂无任务，休息60秒...
[喻武能] ⏳ 暂无任务，休息60秒...
[柏武技] ⏳ 暂无任务，休息60秒...
[章破军] ⏳ 暂无任务，休息60秒...
[云破敌] ⏳ 暂无任务，休息60秒...
[苏破阵] ⏳ 暂无任务，休息60秒...
[潘破晓] ⏳ 暂无任务，休息60秒...
[倪左辅] ⏳ 暂无任务，休息60秒...
[汤左膀] ⏳ 暂无任务，休息60秒...
[殷左翼] ⏳ 暂无任务，休息60秒...
[殷左护] ⏳ 暂无任务，休息60秒...
[罗左卫] ⏳ 暂无任务，休息60秒...
[周右弼] ⏳ 暂无任务，休息60秒...
[乐右弼] ⏳ 暂无任务，休息60秒...
[于右护] ⏳ 暂无任务，休息60秒...
[时右卫] ⏳ 暂无任务，休息60秒...
[薛贪狼] ⏳ 暂无任务，休息60秒...
[雷贪音] ⏳ 暂无任务，休息60秒...
[贺贪形] ⏳ 暂无任务，休息60秒...
[贡志强] ⏳ 暂无任务，休息60秒...
[齐辅弼] ⏳ 暂无任务，休息60秒...
[康辅星] ⏳ 暂无任务，休息60秒...
[和产品] ⏳ 暂无任务，休息60秒...
[穆产品] ⏳ 暂无任务，休息60秒...
[刘二明] ⏳ 暂无任务，休息60秒...
[王三思] ⏳ 暂无任务，休息60秒...
[赵四维] ⏳ 暂无任务，休息60秒...
[周禄存] ⏳ 暂无任务，休息60秒...
[吴存真] ⏳ 暂无任务，休息60秒...
[郑存义] ⏳ 暂无任务，休息60秒...
[钱存信] ⏳ 暂无任务，休息60秒...
[冯存智] ⏳ 暂无任务，休息60秒...
[陈元灵] ⏳ 暂无任务，休息60秒...
[张一凡] ⏳ 暂无任务，休息60秒...
[孙五维] ⏳ 暂无任务，休息60秒...
[陈存理] ⏳ 暂无任务，休息60秒...
[褚存道] ⏳ 暂无任务，休息60秒...
[卫存德] ⏳ 暂无任务，休息60秒...
[秦巨诚] ⏳ 暂无任务，休息60秒...
[许巨真] ⏳ 暂无任务，休息60秒...
[戚巨实] ⏳ 暂无任务，休息60秒...
[窦武备] ⏳ 暂无任务，休息60秒...
[奚破浪] ⏳ 暂无任务，休息60秒...
[范破空] ⏳ 暂无任务，休息60秒...
[柯破云] ⏳ 暂无任务，休息60秒...
[厉破风] ⏳ 暂无任务，休息60秒...
[岑破雷] ⏳ 暂无任务，休息60秒...
[毕左护] ⏳ 暂无任务，休息60秒...
[郝左持] ⏳ 暂无任务，休息60秒...
[邬左扶] ⏳ 暂无任务，休息60秒...
[安左助] ⏳ 暂无任务，休息60秒...
[常左协] ⏳ 暂无任务，休息60秒...
[李星辰] ⏳ 暂无任务，休息60秒...
[卞右盾] ⏳ 暂无任务，休息60秒...
[巴图] ⏳ 暂无任务，休息60秒...
[弓志明] ⏳ 暂无任务，休息60秒...
[母志明] ⏳ 暂无任务，休息60秒...
[干市场] ⏳ 暂无任务，休息60秒...
[曲市场] ⏳ 暂无任务，休息60秒...
[桥客服] ⏳ 暂无任务，休息60秒...
[银客服] ⏳ 暂无任务，休息60秒...
[言客服] ⏳ 暂无任务，休息60秒...
[朱巨信] ⏳ 暂无任务，休息60秒...
[李廉智] ⏳ 暂无任务，休息60秒...
[水武库] ⏳ 暂无任务，休息60秒...
[葛破浪] ⏳ 暂无任务，休息60秒...
[皮右防] ⏳ 暂无任务，休息60秒...
[赏志明] ⏳ 暂无任务，休息60秒...
[财市场] ⏳ 暂无任务，休息60秒...
[蒋巨门] ⏳ 暂无任务，休息60秒...
[沈巨明] ⏳ 暂无任务，休息60秒...
[韩巨亮] ⏳ 暂无任务，休息60秒...
[杨巨知] ⏳ 暂无任务，休息60秒...
[伍廉贞] ⏳ 暂无任务，休息60秒...
[余廉心] ⏳ 暂无任务，休息60秒...
[元廉情] ⏳ 暂无任务，休息60秒...
[孟廉意] ⏳ 暂无任务，休息60秒...
[谢武功] ⏳ 暂无任务，休息60秒...
[邹武全] ⏳ 暂无任务，休息60秒...
[喻武能] ⏳ 暂无任务，休息60秒...
[柏武技] ⏳ 暂无任务，休息60秒...
[章破军] ⏳ 暂无任务，休息60秒...
[云破敌] ⏳ 暂无任务，休息60秒...
[苏破阵] ⏳ 暂无任务，休息60秒...
[潘破晓] ⏳ 暂无任务，休息60秒...
[倪左辅] ⏳ 暂无任务，休息60秒...
[汤左膀] ⏳ 暂无任务，休息60秒...
[殷左翼] ⏳ 暂无任务，休息60秒...
[殷左护] ⏳ 暂无任务，休息60秒...
[罗左卫] ⏳ 暂无任务，休息60秒...
[周右弼] ⏳ 暂无任务，休息60秒...
[乐右弼] ⏳ 暂无任务，休息60秒...
[于右护] ⏳ 暂无任务，休息60秒...
[时右卫] ⏳ 暂无任务，休息60秒...
[薛贪狼] ⏳ 暂无任务，休息60秒...
[雷贪音] ⏳ 暂无任务，休息60秒...
[贺贪形] ⏳ 暂无任务，休息60秒...
[贡志强] ⏳ 暂无任务，休息60秒...
[齐辅弼] ⏳ 暂无任务，休息60秒...
[康辅星] ⏳ 暂无任务，休息60秒...
[和产品] ⏳ 暂无任务，休息60秒...
[穆产品] ⏳ 暂无任务，休息60秒...
[刘二明] ⏳ 暂无任务，休息60秒...
[王三思] ⏳ 暂无任务，休息60秒...
[赵四维] ⏳ 暂无任务，休息60秒...
[周禄存] ⏳ 暂无任务，休息60秒...
[吴存真] ⏳ 暂无任务，休息60秒...
[郑存义] ⏳ 暂无任务，休息60秒...
[钱存信] ⏳ 暂无任务，休息60秒...
[冯存智] ⏳ 暂无任务，休息60秒...
[陈元灵] ⏳ 暂无任务，休息60秒...
[张一凡] ⏳ 暂无任务，休息60秒...
[孙五维] ⏳ 暂无任务，休息60秒...
[陈存理] ⏳ 暂无任务，休息60秒...
[褚存道] ⏳ 暂无任务，休息60秒...
[卫存德] ⏳ 暂无任务，休息60秒...
[秦巨诚] ⏳ 暂无任务，休息60秒...
[许巨真] ⏳ 暂无任务，休息60秒...
[戚巨实] ⏳ 暂无任务，休息60秒...
[窦武备] ⏳ 暂无任务，休息60秒...
[奚破浪] ⏳ 暂无任务，休息60秒...
[范破空] ⏳ 暂无任务，休息60秒...
[柯破云] ⏳ 暂无任务，休息60秒...
[厉破风] ⏳ 暂无任务，休息60秒...
[岑破雷] ⏳ 暂无任务，休息60秒...
[毕左护] ⏳ 暂无任务，休息60秒...
[郝左持] ⏳ 暂无任务，休息60秒...
[邬左扶] ⏳ 暂无任务，休息60秒...
[安左助] ⏳ 暂无任务，休息60秒...
[常左协] ⏳ 暂无任务，休息60秒...
[李星辰] ⏳ 暂无任务，休息60秒...
[卞右盾] ⏳ 暂无任务，休息60秒...
[巴图] ⏳ 暂无任务，休息60秒...
[弓志明] ⏳ 暂无任务，休息60秒...
[母志明] ⏳ 暂无任务，休息60秒...
[干市场] ⏳ 暂无任务，休息60秒...
[曲市场] ⏳ 暂无任务，休息60秒...
[桥客服] ⏳ 暂无任务，休息60秒...
[银客服] ⏳ 暂无任务，休息60秒...
[言客服] ⏳ 暂无任务，休息60秒...
[朱巨信] ⏳ 暂无任务，休息60秒...
[李廉智] ⏳ 暂无任务，休息60秒...
[水武库] ⏳ 暂无任务，休息60秒...
[葛破浪] ⏳ 暂无任务，休息60秒...
[皮右防] ⏳ 暂无任务，休息60秒...
[赏志明] ⏳ 暂无任务，休息60秒...
[财市场] ⏳ 暂无任务，休息60秒...
[蒋巨门] ⏳ 暂无任务，休息60秒...
[沈巨明] ⏳ 暂无任务，休息60秒...
[韩巨亮] ⏳ 暂无任务，休息60秒...
[杨巨知] ⏳ 暂无任务，休息60秒...
[伍廉贞] ⏳ 暂无任务，休息60秒...
[余廉心] ⏳ 暂无任务，休息60秒...
[元廉情] ⏳ 暂无任务，休息60秒...
[孟廉意] ⏳ 暂无任务，休息60秒...
[谢武功] ⏳ 暂无任务，休息60秒...
[邹武全] ⏳ 暂无任务，休息60秒...
[喻武能] ⏳ 暂无任务，休息60秒...
[柏武技] ⏳ 暂无任务，休息60秒...
[章破军] ⏳ 暂无任务，休息60秒...
[云破敌] ⏳ 暂无任务，休息60秒...
[苏破阵] ⏳ 暂无任务，休息60秒...
[潘破晓] ⏳ 暂无任务，休息60秒...
[倪左辅] ⏳ 暂无任务，休息60秒...
[汤左膀] ⏳ 暂无任务，休息60秒...
[殷左翼] ⏳ 暂无任务，休息60秒...
[殷左护] ⏳ 暂无任务，休息60秒...
[罗左卫] ⏳ 暂无任务，休息60秒...
[周右弼] ⏳ 暂无任务，休息60秒...
[乐右弼] ⏳ 暂无任务，休息60秒...
[于右护] ⏳ 暂无任务，休息60秒...
[时右卫] ⏳ 暂无任务，休息60秒...
[薛贪狼] ⏳ 暂无任务，休息60秒...
[雷贪音] ⏳ 暂无任务，休息60秒...
[贺贪形] ⏳ 暂无任务，休息60秒...
[贡志强] ⏳ 暂无任务，休息60秒...
[齐辅弼] ⏳ 暂无任务，休息60秒...
[康辅星] ⏳ 暂无任务，休息60秒...
[和产品] ⏳ 暂无任务，休息60秒...
[穆产品] ⏳ 暂无任务，休息60秒...
[刘二明] ⏳ 暂无任务，休息60秒...
[王三思] ⏳ 暂无任务，休息60秒...
[赵四维] ⏳ 暂无任务，休息60秒...
[周禄存] ⏳ 暂无任务，休息60秒...
[吴存真] ⏳ 暂无任务，休息60秒...
[郑存义] ⏳ 暂无任务，休息60秒...
[钱存信] ⏳ 暂无任务，休息60秒...
[冯存智] ⏳ 暂无任务，休息60秒...
[陈元灵] ⏳ 暂无任务，休息60秒...
[张一凡] ⏳ 暂无任务，休息60秒...
[孙五维] ⏳ 暂无任务，休息60秒...
[陈存理] ⏳ 暂无任务，休息60秒...
[褚存道] ⏳ 暂无任务，休息60秒...
[卫存德] ⏳ 暂无任务，休息60秒...
[秦巨诚] ⏳ 暂无任务，休息60秒...
[许巨真] ⏳ 暂无任务，休息60秒...
[戚巨实] ⏳ 暂无任务，休息60秒...
[窦武备] ⏳ 暂无任务，休息60秒...
[奚破浪] ⏳ 暂无任务，休息60秒...
[范破空] ⏳ 暂无任务，休息60秒...
[柯破云] ⏳ 暂无任务，休息60秒...
[厉破风] ⏳ 暂无任务，休息60秒...
[岑破雷] ⏳ 暂无任务，休息60秒...
[毕左护] ⏳ 暂无任务，休息60秒...
[郝左持] ⏳ 暂无任务，休息60秒...
[邬左扶] ⏳ 暂无任务，休息60秒...
[安左助] ⏳ 暂无任务，休息60秒...
[常左协] ⏳ 暂无任务，休息60秒...
[李星辰] ⏳ 暂无任务，休息60秒...
[卞右盾] ⏳ 暂无任务，休息60秒...
[巴图] ⏳ 暂无任务，休息60秒...
[弓志明] ⏳ 暂无任务，休息60秒...
[母志明] ⏳ 暂无任务，休息60秒...
[干市场] ⏳ 暂无任务，休息60秒...
[曲市场] ⏳ 暂无任务，休息60秒...
[桥客服] ⏳ 暂无任务，休息60秒...
[银客服] ⏳ 暂无任务，休息60秒...
[言客服] ⏳ 暂无任务，休息60秒...
[朱巨信] ⏳ 暂无任务，休息60秒...
[李廉智] ⏳ 暂无任务，休息60秒...
[水武库] ⏳ 暂无任务，休息60秒...
[葛破浪] ⏳ 暂无任务，休息60秒...
[皮右防] ⏳ 暂无任务，休息60秒...
[赏志明] ⏳ 暂无任务，休息60秒...
[财市场] ⏳ 暂无任务，休息60秒...
[蒋巨门] ⏳ 暂无任务，休息60秒...
[沈巨明] ⏳ 暂无任务，休息60秒...
[韩巨亮] ⏳ 暂无任务，休息60秒...
[杨巨知] ⏳ 暂无任务，休息60秒...
[伍廉贞] ⏳ 暂无任务，休息60秒...
[余廉心] ⏳ 暂无任务，休息60秒...
[元廉情] ⏳ 暂无任务，休息60秒...
[孟廉意] ⏳ 暂无任务，休息60秒...
[谢武功] ⏳ 暂无任务，休息60秒...
[邹武全] ⏳ 暂无任务，休息60秒...
[喻武能] ⏳ 暂无任务，休息60秒...
[柏武技] ⏳ 暂无任务，休息60秒...
[章破军] ⏳ 暂无任务，休息60秒...
[云破敌] ⏳ 暂无任务，休息60秒...
[苏破阵] ⏳ 暂无任务，休息60秒...
[潘破晓] ⏳ 暂无任务，休息60秒...
[倪左辅] ⏳ 暂无任务，休息60秒...
[汤左膀] ⏳ 暂无任务，休息60秒...
[殷左翼] ⏳ 暂无任务，休息60秒...
[殷左护] ⏳ 暂无任务，休息60秒...
[罗左卫] ⏳ 暂无任务，休息60秒...
[周右弼] ⏳ 暂无任务，休息60秒...
[乐右弼] ⏳ 暂无任务，休息60秒...
[于右护] ⏳ 暂无任务，休息60秒...
[时右卫] ⏳ 暂无任务，休息60秒...
[薛贪狼] ⏳ 暂无任务，休息60秒...
[雷贪音] ⏳ 暂无任务，休息60秒...
[贺贪形] ⏳ 暂无任务，休息60秒...
[贡志强] ⏳ 暂无任务，休息60秒...
[齐辅弼] ⏳ 暂无任务，休息60秒...
[康辅星] ⏳ 暂无任务，休息60秒...
[和产品] ⏳ 暂无任务，休息60秒...
[穆产品] ⏳ 暂无任务，休息60秒...
[刘二明] ⏳ 暂无任务，休息60秒...
[王三思] ⏳ 暂无任务，休息60秒...
[赵四维] ⏳ 暂无任务，休息60秒...
[周禄存] ⏳ 暂无任务，休息60秒...
[吴存真] ⏳ 暂无任务，休息60秒...
[郑存义] ⏳ 暂无任务，休息60秒...
[钱存信] ⏳ 暂无任务，休息60秒...
[冯存智] ⏳ 暂无任务，休息60秒...
[陈元灵] ⏳ 暂无任务，休息60秒...
[张一凡] ⏳ 暂无任务，休息60秒...
[孙五维] ⏳ 暂无任务，休息60秒...
[陈存理] ⏳ 暂无任务，休息60秒...
[褚存道] ⏳ 暂无任务，休息60秒...
[卫存德] ⏳ 暂无任务，休息60秒...
[秦巨诚] ⏳ 暂无任务，休息60秒...
[许巨真] ⏳ 暂无任务，休息60秒...
[戚巨实] ⏳ 暂无任务，休息60秒...
[窦武备] ⏳ 暂无任务，休息60秒...
[奚破浪] ⏳ 暂无任务，休息60秒...
[范破空] ⏳ 暂无任务，休息60秒...
[柯破云] ⏳ 暂无任务，休息60秒...
[厉破风] ⏳ 暂无任务，休息60秒...
[岑破雷] ⏳ 暂无任务，休息60秒...
[毕左护] ⏳ 暂无任务，休息60秒...
[郝左持] ⏳ 暂无任务，休息60秒...
[邬左扶] ⏳ 暂无任务，休息60秒...
[安左助] ⏳ 暂无任务，休息60秒...
[常左协] ⏳ 暂无任务，休息60秒...
[李星辰] ⏳ 暂无任务，休息60秒...
[卞右盾] ⏳ 暂无任务，休息60秒...
[巴图] ⏳ 暂无任务，休息60秒...
[弓志明] ⏳ 暂无任务，休息60秒...
[母志明] ⏳ 暂无任务，休息60秒...
[干市场] ⏳ 暂无任务，休息60秒...
[曲市场] ⏳ 暂无任务，休息60秒...
[桥客服] ⏳ 暂无任务，休息60秒...
[银客服] ⏳ 暂无任务，休息60秒...
[言客服] ⏳ 暂无任务，休息60秒...
[朱巨信] ⏳ 暂无任务，休息60秒...
[李廉智] ⏳ 暂无任务，休息60秒...
[水武库] ⏳ 暂无任务，休息60秒...
[葛破浪] ⏳ 暂无任务，休息60秒...
[皮右防] ⏳ 暂无任务，休息60秒...
[赏志明] ⏳ 暂无任务，休息60秒...
[财市场] ⏳ 暂无任务，休息60秒...
[蒋巨门] ⏳ 暂无任务，休息60秒...
[沈巨明] ⏳ 暂无任务，休息60秒...
[韩巨亮] ⏳ 暂无任务，休息60秒...
[杨巨知] ⏳ 暂无任务，休息60秒...
[伍廉贞] ⏳ 暂无任务，休息60秒...
[余廉心] ⏳ 暂无任务，休息60秒...
[元廉情] ⏳ 暂无任务，休息60秒...
[孟廉意] ⏳ 暂无任务，休息60秒...
[谢武功] ⏳ 暂无任务，休息60秒...
[邹武全] ⏳ 暂无任务，休息60秒...
[喻武能] ⏳ 暂无任务，休息60秒...
[柏武技] ⏳ 暂无任务，休息60秒...
[章破军] ⏳ 暂无任务，休息60秒...
[云破敌] ⏳ 暂无任务，休息60秒...
[苏破阵] ⏳ 暂无任务，休息60秒...
[潘破晓] ⏳ 暂无任务，休息60秒...
[倪左辅] ⏳ 暂无任务，休息60秒...
[汤左膀] ⏳ 暂无任务，休息60秒...
[殷左翼] ⏳ 暂无任务，休息60秒...
[殷左护] ⏳ 暂无任务，休息60秒...
[罗左卫] ⏳ 暂无任务，休息60秒...
[周右弼] ⏳ 暂无任务，休息60秒...
[乐右弼] ⏳ 暂无任务，休息60秒...
[于右护] ⏳ 暂无任务，休息60秒...
[时右卫] ⏳ 暂无任务，休息60秒...
[薛贪狼] ⏳ 暂无任务，休息60秒...
[雷贪音] ⏳ 暂无任务，休息60秒...
[贺贪形] ⏳ 暂无任务，休息60秒...
[贡志强] ⏳ 暂无任务，休息60秒...
[齐辅弼] ⏳ 暂无任务，休息60秒...
[康辅星] ⏳ 暂无任务，休息60秒...
[和产品] ⏳ 暂无任务，休息60秒...
[穆产品] ⏳ 暂无任务，休息60秒...
[刘二明] ⏳ 暂无任务，休息60秒...
[王三思] ⏳ 暂无任务，休息60秒...
[赵四维] ⏳ 暂无任务，休息60秒...
[周禄存] ⏳ 暂无任务，休息60秒...
[吴存真] ⏳ 暂无任务，休息60秒...
[郑存义] ⏳ 暂无任务，休息60秒...
[钱存信] ⏳ 暂无任务，休息60秒...
[冯存智] ⏳ 暂无任务，休息60秒...
[陈元灵] ⏳ 暂无任务，休息60秒...
[张一凡] ⏳ 暂无任务，休息60秒...
[孙五维] ⏳ 暂无任务，休息60秒...
[陈存理] ⏳ 暂无任务，休息60秒...
[褚存道] ⏳ 暂无任务，休息60秒...
[卫存德] ⏳ 暂无任务，休息60秒...
[秦巨诚] ⏳ 暂无任务，休息60秒...
[许巨真] ⏳ 暂无任务，休息60秒...
[戚巨实] ⏳ 暂无任务，休息60秒...
[窦武备] ⏳ 暂无任务，休息60秒...
[奚破浪] ⏳ 暂无任务，休息60秒...
[范破空] ⏳ 暂无任务，休息60秒...
[柯破云] ⏳ 暂无任务，休息60秒...
[厉破风] ⏳ 暂无任务，休息60秒...
[岑破雷] ⏳ 暂无任务，休息60秒...
[毕左护] ⏳ 暂无任务，休息60秒...
[郝左持] ⏳ 暂无任务，休息60秒...
[邬左扶] ⏳ 暂无任务，休息60秒...
[安左助] ⏳ 暂无任务，休息60秒...
[常左协] ⏳ 暂无任务，休息60秒...
[李星辰] ⏳ 暂无任务，休息60秒...
[卞右盾] ⏳ 暂无任务，休息60秒...
[巴图] ⏳ 暂无任务，休息60秒...
[弓志明] ⏳ 暂无任务，休息60秒...
[母志明] ⏳ 暂无任务，休息60秒...
[干市场] ⏳ 暂无任务，休息60秒...
[曲市场] ⏳ 暂无任务，休息60秒...
[桥客服] ⏳ 暂无任务，休息60秒...
[银客服] ⏳ 暂无任务，休息60秒...
[言客服] ⏳ 暂无任务，休息60秒...
[朱巨信] ⏳ 暂无任务，休息60秒...
[李廉智] ⏳ 暂无任务，休息60秒...
[水武库] ⏳ 暂无任务，休息60秒...
[葛破浪] ⏳ 暂无任务，休息60秒...
[皮右防] ⏳ 暂无任务，休息60秒...
[赏志明] ⏳ 暂无任务，休息60秒...
[财市场] ⏳ 暂无任务，休息60秒...
[蒋巨门] ⏳ 暂无任务，休息60秒...
[沈巨明] ⏳ 暂无任务，休息60秒...
[韩巨亮] ⏳ 暂无任务，休息60秒...
[杨巨知] ⏳ 暂无任务，休息60秒...
[伍廉贞] ⏳ 暂无任务，休息60秒...
[余廉心] ⏳ 暂无任务，休息60秒...
[元廉情] ⏳ 暂无任务，休息60秒...
[孟廉意] ⏳ 暂无任务，休息60秒...
[谢武功] ⏳ 暂无任务，休息60秒...
[邹武全] ⏳ 暂无任务，休息60秒...
[喻武能] ⏳ 暂无任务，休息60秒...
[柏武技] ⏳ 暂无任务，休息60秒...
[章破军] ⏳ 暂无任务，休息60秒...
[云破敌] ⏳ 暂无任务，休息60秒...
[苏破阵] ⏳ 暂无任务，休息60秒...
[潘破晓] ⏳ 暂无任务，休息60秒...
[倪左辅] ⏳ 暂无任务，休息60秒...
[汤左膀] ⏳ 暂无任务，休息60秒...
[殷左翼] ⏳ 暂无任务，休息60秒...
[殷左护] ⏳ 暂无任务，休息60秒...
[罗左卫] ⏳ 暂无任务，休息60秒...
[周右弼] ⏳ 暂无任务，休息60秒...
[乐右弼] ⏳ 暂无任务，休息60秒...
[于右护] ⏳ 暂无任务，休息60秒...
[时右卫] ⏳ 暂无任务，休息60秒...
[薛贪狼] ⏳ 暂无任务，休息60秒...
[雷贪音] ⏳ 暂无任务，休息60秒...
[贺贪形] ⏳ 暂无任务，休息60秒...
[贡志强] ⏳ 暂无任务，休息60秒...
[齐辅弼] ⏳ 暂无任务，休息60秒...
[康辅星] ⏳ 暂无任务，休息60秒...
[和产品] ⏳ 暂无任务，休息60秒...
[穆产品] ⏳ 暂无任务，休息60秒...
[刘二明] ⏳ 暂无任务，休息60秒...
[王三思] ⏳ 暂无任务，休息60秒...
[赵四维] ⏳ 暂无任务，休息60秒...
[周禄存] ⏳ 暂无任务，休息60秒...
[吴存真] ⏳ 暂无任务，休息60秒...
[郑存义] ⏳ 暂无任务，休息60秒...
[钱存信] ⏳ 暂无任务，休息60秒...
[冯存智] ⏳ 暂无任务，休息60秒...
[陈元灵] ⏳ 暂无任务，休息60秒...
[张一凡] ⏳ 暂无任务，休息60秒...
[孙五维] ⏳ 暂无任务，休息60秒...
[陈存理] ⏳ 暂无任务，休息60秒...
[褚存道] ⏳ 暂无任务，休息60秒...
[卫存德] ⏳ 暂无任务，休息60秒...
[秦巨诚] ⏳ 暂无任务，休息60秒...
[许巨真] ⏳ 暂无任务，休息60秒...
[戚巨实] ⏳ 暂无任务，休息60秒...
[窦武备] ⏳ 暂无任务，休息60秒...
[奚破浪] ⏳ 暂无任务，休息60秒...
[范破空] ⏳ 暂无任务，休息60秒...
[柯破云] ⏳ 暂无任务，休息60秒...
[厉破风] ⏳ 暂无任务，休息60秒...
[岑破雷] ⏳ 暂无任务，休息60秒...
[毕左护] ⏳ 暂无任务，休息60秒...
[郝左持] ⏳ 暂无任务，休息60秒...
[邬左扶] ⏳ 暂无任务，休息60秒...
[安左助] ⏳ 暂无任务，休息60秒...
[常左协] ⏳ 暂无任务，休息60秒...
[李星辰] ⏳ 暂无任务，休息60秒...
[卞右盾] ⏳ 暂无任务，休息60秒...
[巴图] ⏳ 暂无任务，休息60秒...
[弓志明] ⏳ 暂无任务，休息60秒...
[母志明] ⏳ 暂无任务，休息60秒...
[干市场] ⏳ 暂无任务，休息60秒...
[曲市场] ⏳ 暂无任务，休息60秒...
[桥客服] ⏳ 暂无任务，休息60秒...
[银客服] ⏳ 暂无任务，休息60秒...
[言客服] ⏳ 暂无任务，休息60秒...
[朱巨信] ⏳ 暂无任务，休息60秒...
[李廉智] ⏳ 暂无任务，休息60秒...
[水武库] ⏳ 暂无任务，休息60秒...
[葛破浪] ⏳ 暂无任务，休息60秒...
[皮右防] ⏳ 暂无任务，休息60秒...
[赏志明] ⏳ 暂无任务，休息60秒...
[财市场] ⏳ 暂无任务，休息60秒...
[蒋巨门] ⏳ 暂无任务，休息60秒...
[沈巨明] ⏳ 暂无任务，休息60秒...
[韩巨亮] ⏳ 暂无任务，休息60秒...
[杨巨知] ⏳ 暂无任务，休息60秒...
[伍廉贞] ⏳ 暂无任务，休息60秒...
[余廉心] ⏳ 暂无任务，休息60秒...
[元廉情] ⏳ 暂无任务，休息60秒...
[孟廉意] ⏳ 暂无任务，休息60秒...
[谢武功] ⏳ 暂无任务，休息60秒...
[邹武全] ⏳ 暂无任务，休息60秒...
[喻武能] ⏳ 暂无任务，休息60秒...
[柏武技] ⏳ 暂无任务，休息60秒...
[章破军] ⏳ 暂无任务，休息60秒...
[云破敌] ⏳ 暂无任务，休息60秒...
[苏破阵] ⏳ 暂无任务，休息60秒...
[潘破晓] ⏳ 暂无任务，休息60秒...
[倪左辅] ⏳ 暂无任务，休息60秒...
[汤左膀] ⏳ 暂无任务，休息60秒...
[殷左翼] ⏳ 暂无任务，休息60秒...
[殷左护] ⏳ 暂无任务，休息60秒...
[罗左卫] ⏳ 暂无任务，休息60秒...
[周右弼] ⏳ 暂无任务，休息60秒...
[乐右弼] ⏳ 暂无任务，休息60秒...
[于右护] ⏳ 暂无任务，休息60秒...
[时右卫] ⏳ 暂无任务，休息60秒...
[薛贪狼] ⏳ 暂无任务，休息60秒...
[雷贪音] ⏳ 暂无任务，休息60秒...
[贺贪形] ⏳ 暂无任务，休息60秒...
[贡志强] ⏳ 暂无任务，休息60秒...
[齐辅弼] ⏳ 暂无任务，休息60秒...
[康辅星] ⏳ 暂无任务，休息60秒...
[和产品] ⏳ 暂无任务，休息60秒...
[穆产品] ⏳ 暂无任务，休息60秒...
[刘二明] ⏳ 暂无任务，休息60秒...
[王三思] ⏳ 暂无任务，休息60秒...
[赵四维] ⏳ 暂无任务，休息60秒...
[周禄存] ⏳ 暂无任务，休息60秒...
[吴存真] ⏳ 暂无任务，休息60秒...
[郑存义] ⏳ 暂无任务，休息60秒...
[钱存信] ⏳ 暂无任务，休息60秒...
[冯存智] ⏳ 暂无任务，休息60秒...
[陈元灵] ⏳ 暂无任务，休息60秒...
[张一凡] ⏳ 暂无任务，休息60秒...
[孙五维] ⏳ 暂无任务，休息60秒...
[陈存理] ⏳ 暂无任务，休息60秒...
[褚存道] ⏳ 暂无任务，休息60秒...
[卫存德] ⏳ 暂无任务，休息60秒...
[秦巨诚] ⏳ 暂无任务，休息60秒...
[许巨真] ⏳ 暂无任务，休息60秒...
[戚巨实] ⏳ 暂无任务，休息60秒...
[窦武备] ⏳ 暂无任务，休息60秒...
[奚破浪] ⏳ 暂无任务，休息60秒...
[范破空] ⏳ 暂无任务，休息60秒...
[柯破云] ⏳ 暂无任务，休息60秒...
[厉破风] ⏳ 暂无任务，休息60秒...
[岑破雷] ⏳ 暂无任务，休息60秒...
[毕左护] ⏳ 暂无任务，休息60秒...
[郝左持] ⏳ 暂无任务，休息60秒...
[邬左扶] ⏳ 暂无任务，休息60秒...
[安左助] ⏳ 暂无任务，休息60秒...
[常左协] ⏳ 暂无任务，休息60秒...
[李星辰] ⏳ 暂无任务，休息60秒...
[卞右盾] ⏳ 暂无任务，休息60秒...
[巴图] ⏳ 暂无任务，休息60秒...
[弓志明] ⏳ 暂无任务，休息60秒...
[母志明] ⏳ 暂无任务，休息60秒...
[干市场] ⏳ 暂无任务，休息60秒...
[曲市场] ⏳ 暂无任务，休息60秒...
[桥客服] ⏳ 暂无任务，休息60秒...
[银客服] ⏳ 暂无任务，休息60秒...
[言客服] ⏳ 暂无任务，休息60秒...
[朱巨信] ⏳ 暂无任务，休息60秒...
[李廉智] ⏳ 暂无任务，休息60秒...
[水武库] ⏳ 暂无任务，休息60秒...
[葛破浪] ⏳ 暂无任务，休息60秒...
[皮右防] ⏳ 暂无任务，休息60秒...
[赏志明] ⏳ 暂无任务，休息60秒...
[财市场] ⏳ 暂无任务，休息60秒...
[蒋巨门] ⏳ 暂无任务，休息60秒...
[沈巨明] ⏳ 暂无任务，休息60秒...
[韩巨亮] ⏳ 暂无任务，休息60秒...
[杨巨知] ⏳ 暂无任务，休息60秒...
[伍廉贞] ⏳ 暂无任务，休息60秒...
[余廉心] ⏳ 暂无任务，休息60秒...
[元廉情] ⏳ 暂无任务，休息60秒...
[孟廉意] ⏳ 暂无任务，休息60秒...
[谢武功] ⏳ 暂无任务，休息60秒...
[邹武全] ⏳ 暂无任务，休息60秒...
[喻武能] ⏳ 暂无任务，休息60秒...
[柏武技] ⏳ 暂无任务，休息60秒...
[章破军] ⏳ 暂无任务，休息60秒...
[云破敌] ⏳ 暂无任务，休息60秒...
[苏破阵] ⏳ 暂无任务，休息60秒...
[潘破晓] ⏳ 暂无任务，休息60秒...
[倪左辅] ⏳ 暂无任务，休息60秒...
[汤左膀] ⏳ 暂无任务，休息60秒...
[殷左翼] ⏳ 暂无任务，休息60秒...
[殷左护] ⏳ 暂无任务，休息60秒...
[罗左卫] ⏳ 暂无任务，休息60秒...
[周右弼] ⏳ 暂无任务，休息60秒...
[乐右弼] ⏳ 暂无任务，休息60秒...
[于右护] ⏳ 暂无任务，休息60秒...
[时右卫] ⏳ 暂无任务，休息60秒...
[薛贪狼] ⏳ 暂无任务，休息60秒...
[雷贪音] ⏳ 暂无任务，休息60秒...
[贺贪形] ⏳ 暂无任务，休息60秒...
[贡志强] ⏳ 暂无任务，休息60秒...
[齐辅弼] ⏳ 暂无任务，休息60秒...
[康辅星] ⏳ 暂无任务，休息60秒...
[和产品] ⏳ 暂无任务，休息60秒...
[穆产品] ⏳ 暂无任务，休息60秒...
[刘二明] ⏳ 暂无任务，休息60秒...
[王三思] ⏳ 暂无任务，休息60秒...
[赵四维] ⏳ 暂无任务，休息60秒...
[周禄存] ⏳ 暂无任务，休息60秒...
[吴存真] ⏳ 暂无任务，休息60秒...
[郑存义] ⏳ 暂无任务，休息60秒...
[钱存信] ⏳ 暂无任务，休息60秒...
[冯存智] ⏳ 暂无任务，休息60秒...
[陈元灵] ⏳ 暂无任务，休息60秒...
[张一凡] ⏳ 暂无任务，休息60秒...
[孙五维] ⏳ 暂无任务，休息60秒...
[陈存理] ⏳ 暂无任务，休息60秒...
[褚存道] ⏳ 暂无任务，休息60秒...
[卫存德] ⏳ 暂无任务，休息60秒...
[秦巨诚] ⏳ 暂无任务，休息60秒...
[许巨真] ⏳ 暂无任务，休息60秒...
[戚巨实] ⏳ 暂无任务，休息60秒...
[窦武备] ⏳ 暂无任务，休息60秒...
[奚破浪] ⏳ 暂无任务，休息60秒...
[范破空] ⏳ 暂无任务，休息60秒...
[柯破云] ⏳ 暂无任务，休息60秒...
[厉破风] ⏳ 暂无任务，休息60秒...
[岑破雷] ⏳ 暂无任务，休息60秒...
[毕左护] ⏳ 暂无任务，休息60秒...
[郝左持] ⏳ 暂无任务，休息60秒...
[邬左扶] ⏳ 暂无任务，休息60秒...
[安左助] ⏳ 暂无任务，休息60秒...
[常左协] ⏳ 暂无任务，休息60秒...
[李星辰] ⏳ 暂无任务，休息60秒...
[卞右盾] ⏳ 暂无任务，休息60秒...
[巴图] ⏳ 暂无任务，休息60秒...
[弓志明] ⏳ 暂无任务，休息60秒...
[母志明] ⏳ 暂无任务，休息60秒...
[干市场] ⏳ 暂无任务，休息60秒...
[曲市场] ⏳ 暂无任务，休息60秒...
[桥客服] ⏳ 暂无任务，休息60秒...
[银客服] ⏳ 暂无任务，休息60秒...
[言客服] ⏳ 暂无任务，休息60秒...
[朱巨信] ⏳ 暂无任务，休息60秒...
[李廉智] ⏳ 暂无任务，休息60秒...
[水武库] ⏳ 暂无任务，休息60秒...
[葛破浪] ⏳ 暂无任务，休息60秒...
[皮右防] ⏳ 暂无任务，休息60秒...
[赏志明] ⏳ 暂无任务，休息60秒...
[财市场] ⏳ 暂无任务，休息60秒...
[蒋巨门] ⏳ 暂无任务，休息60秒...
[沈巨明] ⏳ 暂无任务，休息60秒...
[韩巨亮] ⏳ 暂无任务，休息60秒...
[杨巨知] ⏳ 暂无任务，休息60秒...
[伍廉贞] ⏳ 暂无任务，休息60秒...
[余廉心] ⏳ 暂无任务，休息60秒...
[元廉情] ⏳ 暂无任务，休息60秒...
[孟廉意] ⏳ 暂无任务，休息60秒...
[谢武功] ⏳ 暂无任务，休息60秒...
[邹武全] ⏳ 暂无任务，休息60秒...
[喻武能] ⏳ 暂无任务，休息60秒...
[柏武技] ⏳ 暂无任务，休息60秒...
[章破军] ⏳ 暂无任务，休息60秒...
[云破敌] ⏳ 暂无任务，休息60秒...
[苏破阵] ⏳ 暂无任务，休息60秒...
[潘破晓] ⏳ 暂无任务，休息60秒...
[倪左辅] ⏳ 暂无任务，休息60秒...
[汤左膀] ⏳ 暂无任务，休息60秒...
[殷左翼] ⏳ 暂无任务，休息60秒...
[殷左护] ⏳ 暂无任务，休息60秒...
[罗左卫] ⏳ 暂无任务，休息60秒...
[周右弼] ⏳ 暂无任务，休息60秒...
[乐右弼] ⏳ 暂无任务，休息60秒...
[于右护] ⏳ 暂无任务，休息60秒...
[时右卫] ⏳ 暂无任务，休息60秒...
[薛贪狼] ⏳ 暂无任务，休息60秒...
[雷贪音] ⏳ 暂无任务，休息60秒...
[贺贪形] ⏳ 暂无任务，休息60秒...
[贡志强] ⏳ 暂无任务，休息60秒...
[齐辅弼] ⏳ 暂无任务，休息60秒...
[康辅星] ⏳ 暂无任务，休息60秒...
[和产品] ⏳ 暂无任务，休息60秒...
[穆产品] ⏳ 暂无任务，休息60秒...
[刘二明] ⏳ 暂无任务，休息60秒...
[王三思] ⏳ 暂无任务，休息60秒...
[赵四维] ⏳ 暂无任务，休息60秒...
[周禄存] ⏳ 暂无任务，休息60秒...
[吴存真] ⏳ 暂无任务，休息60秒...
[郑存义] ⏳ 暂无任务，休息60秒...
[钱存信] ⏳ 暂无任务，休息60秒...
[冯存智] ⏳ 暂无任务，休息60秒...
[陈元灵] ⏳ 暂无任务，休息60秒...
[张一凡] ⏳ 暂无任务，休息60秒...
[孙五维] ⏳ 暂无任务，休息60秒...
[陈存理] ⏳ 暂无任务，休息60秒...
[褚存道] ⏳ 暂无任务，休息60秒...
[卫存德] ⏳ 暂无任务，休息60秒...
[秦巨诚] ⏳ 暂无任务，休息60秒...
[许巨真] ⏳ 暂无任务，休息60秒...
[戚巨实] ⏳ 暂无任务，休息60秒...
[窦武备] ⏳ 暂无任务，休息60秒...
[奚破浪] ⏳ 暂无任务，休息60秒...
[范破空] ⏳ 暂无任务，休息60秒...
[柯破云] ⏳ 暂无任务，休息60秒...
[厉破风] ⏳ 暂无任务，休息60秒...
[岑破雷] ⏳ 暂无任务，休息60秒...
[毕左护] ⏳ 暂无任务，休息60秒...
[郝左持] ⏳ 暂无任务，休息60秒...
[邬左扶] ⏳ 暂无任务，休息60秒...
[安左助] ⏳ 暂无任务，休息60秒...
[常左协] ⏳ 暂无任务，休息60秒...
[李星辰] ⏳ 暂无任务，休息60秒...
[卞右盾] ⏳ 暂无任务，休息60秒...
[巴图] ⏳ 暂无任务，休息60秒...
[弓志明] ⏳ 暂无任务，休息60秒...
[母志明] ⏳ 暂无任务，休息60秒...
[干市场] ⏳ 暂无任务，休息60秒...
[曲市场] ⏳ 暂无任务，休息60秒...
[桥客服] ⏳ 暂无任务，休息60秒...
[银客服] ⏳ 暂无任务，休息60秒...
[言客服] ⏳ 暂无任务，休息60秒...
[朱巨信] ⏳ 暂无任务，休息60秒...
[李廉智] ⏳ 暂无任务，休息60秒...
[水武库] ⏳ 暂无任务，休息60秒...
[葛破浪] ⏳ 暂无任务，休息60秒...
[皮右防] ⏳ 暂无任务，休息60秒...
[赏志明] ⏳ 暂无任务，休息60秒...
[财市场] ⏳ 暂无任务，休息60秒...
[蒋巨门] ⏳ 暂无任务，休息60秒...
[沈巨明] ⏳ 暂无任务，休息60秒...
[韩巨亮] ⏳ 暂无任务，休息60秒...
[杨巨知] ⏳ 暂无任务，休息60秒...
[伍廉贞] ⏳ 暂无任务，休息60秒...
[余廉心] ⏳ 暂无任务，休息60秒...
[元廉情] ⏳ 暂无任务，休息60秒...
[孟廉意] ⏳ 暂无任务，休息60秒...
[谢武功] ⏳ 暂无任务，休息60秒...
[邹武全] ⏳ 暂无任务，休息60秒...
[喻武能] ⏳ 暂无任务，休息60秒...
[柏武技] ⏳ 暂无任务，休息60秒...
[章破军] ⏳ 暂无任务，休息60秒...
[云破敌] ⏳ 暂无任务，休息60秒...
[苏破阵] ⏳ 暂无任务，休息60秒...
[潘破晓] ⏳ 暂无任务，休息60秒...
[倪左辅] ⏳ 暂无任务，休息60秒...
[汤左膀] ⏳ 暂无任务，休息60秒...
[殷左翼] ⏳ 暂无任务，休息60秒...
[殷左护] ⏳ 暂无任务，休息60秒...
[罗左卫] ⏳ 暂无任务，休息60秒...
[周右弼] ⏳ 暂无任务，休息60秒...
[乐右弼] ⏳ 暂无任务，休息60秒...
[于右护] ⏳ 暂无任务，休息60秒...
[时右卫] ⏳ 暂无任务，休息60秒...
[薛贪狼] ⏳ 暂无任务，休息60秒...
[雷贪音] ⏳ 暂无任务，休息60秒...
[贺贪形] ⏳ 暂无任务，休息60秒...
[贡志强] ⏳ 暂无任务，休息60秒...
[齐辅弼] ⏳ 暂无任务，休息60秒...
[康辅星] ⏳ 暂无任务，休息60秒...
[和产品] ⏳ 暂无任务，休息60秒...
[穆产品] ⏳ 暂无任务，休息60秒...
[刘二明] ⏳ 暂无任务，休息60秒...
[王三思] ⏳ 暂无任务，休息60秒...
[赵四维] ⏳ 暂无任务，休息60秒...
[周禄存] ⏳ 暂无任务，休息60秒...
[吴存真] ⏳ 暂无任务，休息60秒...
[郑存义] ⏳ 暂无任务，休息60秒...
[钱存信] ⏳ 暂无任务，休息60秒...
[冯存智] ⏳ 暂无任务，休息60秒...
[陈元灵] ⏳ 暂无任务，休息60秒...
[张一凡] ⏳ 暂无任务，休息60秒...
[孙五维] ⏳ 暂无任务，休息60秒...
[陈存理] ⏳ 暂无任务，休息60秒...
[褚存道] ⏳ 暂无任务，休息60秒...
[卫存德] ⏳ 暂无任务，休息60秒...
[秦巨诚] ⏳ 暂无任务，休息60秒...
[许巨真] ⏳ 暂无任务，休息60秒...
[戚巨实] ⏳ 暂无任务，休息60秒...
[窦武备] ⏳ 暂无任务，休息60秒...
[奚破浪] ⏳ 暂无任务，休息60秒...
[范破空] ⏳ 暂无任务，休息60秒...
[柯破云] ⏳ 暂无任务，休息60秒...
[厉破风] ⏳ 暂无任务，休息60秒...
[岑破雷] ⏳ 暂无任务，休息60秒...
[毕左护] ⏳ 暂无任务，休息60秒...
[郝左持] ⏳ 暂无任务，休息60秒...
[邬左扶] ⏳ 暂无任务，休息60秒...
[安左助] ⏳ 暂无任务，休息60秒...
[常左协] ⏳ 暂无任务，休息60秒...
[李星辰] ⏳ 暂无任务，休息60秒...
[卞右盾] ⏳ 暂无任务，休息60秒...
[巴图] ⏳ 暂无任务，休息60秒...
[弓志明] ⏳ 暂无任务，休息60秒...
[母志明] ⏳ 暂无任务，休息60秒...
[干市场] ⏳ 暂无任务，休息60秒...
[曲市场] ⏳ 暂无任务，休息60秒...
[桥客服] ⏳ 暂无任务，休息60秒...
[银客服] ⏳ 暂无任务，休息60秒...
[言客服] ⏳ 暂无任务，休息60秒...
[朱巨信] ⏳ 暂无任务，休息60秒...
[李廉智] ⏳ 暂无任务，休息60秒...
[水武库] ⏳ 暂无任务，休息60秒...
[葛破浪] ⏳ 暂无任务，休息60秒...
[皮右防] ⏳ 暂无任务，休息60秒...
[赏志明] ⏳ 暂无任务，休息60秒...
[财市场] ⏳ 暂无任务，休息60秒...
[蒋巨门] ⏳ 暂无任务，休息60秒...
[沈巨明] ⏳ 暂无任务，休息60秒...
[韩巨亮] ⏳ 暂无任务，休息60秒...
[杨巨知] ⏳ 暂无任务，休息60秒...
[伍廉贞] ⏳ 暂无任务，休息60秒...
[余廉心] ⏳ 暂无任务，休息60秒...
[元廉情] ⏳ 暂无任务，休息60秒...
[孟廉意] ⏳ 暂无任务，休息60秒...
[谢武功] ⏳ 暂无任务，休息60秒...
[邹武全] ⏳ 暂无任务，休息60秒...
[喻武能] ⏳ 暂无任务，休息60秒...
[柏武技] ⏳ 暂无任务，休息60秒...
[章破军] ⏳ 暂无任务，休息60秒...
[云破敌] ⏳ 暂无任务，休息60秒...
[苏破阵] ⏳ 暂无任务，休息60秒...
[潘破晓] ⏳ 暂无任务，休息60秒...
[倪左辅] ⏳ 暂无任务，休息60秒...
[汤左膀] ⏳ 暂无任务，休息60秒...
[殷左翼] ⏳ 暂无任务，休息60秒...
[殷左护] ⏳ 暂无任务，休息60秒...
[罗左卫] ⏳ 暂无任务，休息60秒...
[周右弼] ⏳ 暂无任务，休息60秒...
[乐右弼] ⏳ 暂无任务，休息60秒...
[于右护] ⏳ 暂无任务，休息60秒...
[时右卫] ⏳ 暂无任务，休息60秒...
[薛贪狼] ⏳ 暂无任务，休息60秒...
[雷贪音] ⏳ 暂无任务，休息60秒...
[贺贪形] ⏳ 暂无任务，休息60秒...
[贡志强] ⏳ 暂无任务，休息60秒...
[齐辅弼] ⏳ 暂无任务，休息60秒...
[康辅星] ⏳ 暂无任务，休息60秒...
[和产品] ⏳ 暂无任务，休息60秒...
[穆产品] ⏳ 暂无任务，休息60秒...
[刘二明] ⏳ 暂无任务，休息60秒...
[王三思] ⏳ 暂无任务，休息60秒...
[赵四维] ⏳ 暂无任务，休息60秒...
[周禄存] ⏳ 暂无任务，休息60秒...
[吴存真] ⏳ 暂无任务，休息60秒...
[郑存义] ⏳ 暂无任务，休息60秒...
[钱存信] ⏳ 暂无任务，休息60秒...
[冯存智] ⏳ 暂无任务，休息60秒...
[陈元灵] ⏳ 暂无任务，休息60秒...
[张一凡] ⏳ 暂无任务，休息60秒...
[孙五维] ⏳ 暂无任务，休息60秒...
[陈存理] ⏳ 暂无任务，休息60秒...
[褚存道] ⏳ 暂无任务，休息60秒...
[卫存德] ⏳ 暂无任务，休息60秒...
[秦巨诚] ⏳ 暂无任务，休息60秒...
[许巨真] ⏳ 暂无任务，休息60秒...
[戚巨实] ⏳ 暂无任务，休息60秒...
[窦武备] ⏳ 暂无任务，休息60秒...
[奚破浪] ⏳ 暂无任务，休息60秒...
[范破空] ⏳ 暂无任务，休息60秒...
[柯破云] ⏳ 暂无任务，休息60秒...
[厉破风] ⏳ 暂无任务，休息60秒...
[岑破雷] ⏳ 暂无任务，休息60秒...
[毕左护] ⏳ 暂无任务，休息60秒...
[郝左持] ⏳ 暂无任务，休息60秒...
[邬左扶] ⏳ 暂无任务，休息60秒...
[安左助] ⏳ 暂无任务，休息60秒...
[常左协] ⏳ 暂无任务，休息60秒...
[李星辰] ⏳ 暂无任务，休息60秒...
[卞右盾] ⏳ 暂无任务，休息60秒...
[巴图] ⏳ 暂无任务，休息60秒...
[弓志明] ⏳ 暂无任务，休息60秒...
[母志明] ⏳ 暂无任务，休息60秒...
[干市场] ⏳ 暂无任务，休息60秒...
[曲市场] ⏳ 暂无任务，休息60秒...
[桥客服] ⏳ 暂无任务，休息60秒...
[银客服] ⏳ 暂无任务，休息60秒...
[言客服] ⏳ 暂无任务，休息60秒...
[朱巨信] ⏳ 暂无任务，休息60秒...
[李廉智] ⏳ 暂无任务，休息60秒...
[水武库] ⏳ 暂无任务，休息60秒...
[葛破浪] ⏳ 暂无任务，休息60秒...
[皮右防] ⏳ 暂无任务，休息60秒...
[赏志明] ⏳ 暂无任务，休息60秒...
[财市场] ⏳ 暂无任务，休息60秒...
[蒋巨门] ⏳ 暂无任务，休息60秒...
[沈巨明] ⏳ 暂无任务，休息60秒...
[韩巨亮] ⏳ 暂无任务，休息60秒...
[杨巨知] ⏳ 暂无任务，休息60秒...
[伍廉贞] ⏳ 暂无任务，休息60秒...
[余廉心] ⏳ 暂无任务，休息60秒...
[元廉情] ⏳ 暂无任务，休息60秒...
[孟廉意] ⏳ 暂无任务，休息60秒...
[谢武功] ⏳ 暂无任务，休息60秒...
[邹武全] ⏳ 暂无任务，休息60秒...
[喻武能] ⏳ 暂无任务，休息60秒...
[柏武技] ⏳ 暂无任务，休息60秒...
[章破军] ⏳ 暂无任务，休息60秒...
[云破敌] ⏳ 暂无任务，休息60秒...
[苏破阵] ⏳ 暂无任务，休息60秒...
[潘破晓] ⏳ 暂无任务，休息60秒...
[倪左辅] ⏳ 暂无任务，休息60秒...
[汤左膀] ⏳ 暂无任务，休息60秒...
[殷左翼] ⏳ 暂无任务，休息60秒...
[殷左护] ⏳ 暂无任务，休息60秒...
[罗左卫] ⏳ 暂无任务，休息60秒...
[周右弼] ⏳ 暂无任务，休息60秒...
[乐右弼] ⏳ 暂无任务，休息60秒...
[于右护] ⏳ 暂无任务，休息60秒...
[时右卫] ⏳ 暂无任务，休息60秒...
[薛贪狼] ⏳ 暂无任务，休息60秒...
[雷贪音] ⏳ 暂无任务，休息60秒...
[贺贪形] ⏳ 暂无任务，休息60秒...
[贡志强] ⏳ 暂无任务，休息60秒...
[齐辅弼] ⏳ 暂无任务，休息60秒...
[康辅星] ⏳ 暂无任务，休息60秒...
[和产品] ⏳ 暂无任务，休息60秒...
[穆产品] ⏳ 暂无任务，休息60秒...
[刘二明] ⏳ 暂无任务，休息60秒...
[王三思] ⏳ 暂无任务，休息60秒...
[赵四维] ⏳ 暂无任务，休息60秒...
[周禄存] ⏳ 暂无任务，休息60秒...
[吴存真] ⏳ 暂无任务，休息60秒...
[郑存义] ⏳ 暂无任务，休息60秒...
[钱存信] ⏳ 暂无任务，休息60秒...
[冯存智] ⏳ 暂无任务，休息60秒...
[陈元灵] ⏳ 暂无任务，休息60秒...
[张一凡] ⏳ 暂无任务，休息60秒...
[孙五维] ⏳ 暂无任务，休息60秒...
[陈存理] ⏳ 暂无任务，休息60秒...
[褚存道] ⏳ 暂无任务，休息60秒...
[卫存德] ⏳ 暂无任务，休息60秒...
[秦巨诚] ⏳ 暂无任务，休息60秒...
[许巨真] ⏳ 暂无任务，休息60秒...
[戚巨实] ⏳ 暂无任务，休息60秒...
[窦武备] ⏳ 暂无任务，休息60秒...
[奚破浪] ⏳ 暂无任务，休息60秒...
[范破空] ⏳ 暂无任务，休息60秒...
[柯破云] ⏳ 暂无任务，休息60秒...
[厉破风] ⏳ 暂无任务，休息60秒...
[岑破雷] ⏳ 暂无任务，休息60秒...
[毕左护] ⏳ 暂无任务，休息60秒...
[郝左持] ⏳ 暂无任务，休息60秒...
[邬左扶] ⏳ 暂无任务，休息60秒...
[安左助] ⏳ 暂无任务，休息60秒...
[常左协] ⏳ 暂无任务，休息60秒...
[李星辰] ⏳ 暂无任务，休息60秒...
[卞右盾] ⏳ 暂无任务，休息60秒...
[巴图] ⏳ 暂无任务，休息60秒...
[弓志明] ⏳ 暂无任务，休息60秒...
[母志明] ⏳ 暂无任务，休息60秒...
[干市场] ⏳ 暂无任务，休息60秒...
[曲市场] ⏳ 暂无任务，休息60秒...
[桥客服] ⏳ 暂无任务，休息60秒...
[银客服] ⏳ 暂无任务，休息60秒...
[言客服] ⏳ 暂无任务，休息60秒...
[朱巨信] ⏳ 暂无任务，休息60秒...
[李廉智] ⏳ 暂无任务，休息60秒...
[水武库] ⏳ 暂无任务，休息60秒...
[葛破浪] ⏳ 暂无任务，休息60秒...
[皮右防] ⏳ 暂无任务，休息60秒...
[赏志明] ⏳ 暂无任务，休息60秒...
[财市场] ⏳ 暂无任务，休息60秒...
[蒋巨门] ⏳ 暂无任务，休息60秒...
[沈巨明] ⏳ 暂无任务，休息60秒...
[韩巨亮] ⏳ 暂无任务，休息60秒...
[杨巨知] ⏳ 暂无任务，休息60秒...
[伍廉贞] ⏳ 暂无任务，休息60秒...
[余廉心] ⏳ 暂无任务，休息60秒...
[元廉情] ⏳ 暂无任务，休息60秒...
[孟廉意] ⏳ 暂无任务，休息60秒...
[谢武功] ⏳ 暂无任务，休息60秒...
[邹武全] ⏳ 暂无任务，休息60秒...
[喻武能] ⏳ 暂无任务，休息60秒...
[柏武技] ⏳ 暂无任务，休息60秒...
[章破军] ⏳ 暂无任务，休息60秒...
[云破敌] ⏳ 暂无任务，休息60秒...
[苏破阵] ⏳ 暂无任务，休息60秒...
[潘破晓] ⏳ 暂无任务，休息60秒...
[倪左辅] ⏳ 暂无任务，休息60秒...
[汤左膀] ⏳ 暂无任务，休息60秒...
[殷左翼] ⏳ 暂无任务，休息60秒...
[殷左护] ⏳ 暂无任务，休息60秒...
[罗左卫] ⏳ 暂无任务，休息60秒...
[周右弼] ⏳ 暂无任务，休息60秒...
[乐右弼] ⏳ 暂无任务，休息60秒...
[于右护] ⏳ 暂无任务，休息60秒...
[时右卫] ⏳ 暂无任务，休息60秒...
[薛贪狼] ⏳ 暂无任务，休息60秒...
[雷贪音] ⏳ 暂无任务，休息60秒...
[贺贪形] ⏳ 暂无任务，休息60秒...
[贡志强] ⏳ 暂无任务，休息60秒...
[齐辅弼] ⏳ 暂无任务，休息60秒...
[康辅星] ⏳ 暂无任务，休息60秒...
[和产品] ⏳ 暂无任务，休息60秒...
[穆产品] ⏳ 暂无任务，休息60秒...
[刘二明] ⏳ 暂无任务，休息60秒...
[王三思] ⏳ 暂无任务，休息60秒...
[赵四维] ⏳ 暂无任务，休息60秒...
[周禄存] ⏳ 暂无任务，休息60秒...
[吴存真] ⏳ 暂无任务，休息60秒...
[郑存义] ⏳ 暂无任务，休息60秒...
[钱存信] ⏳ 暂无任务，休息60秒...
[冯存智] ⏳ 暂无任务，休息60秒...
[陈元灵] ⏳ 暂无任务，休息60秒...
[张一凡] ⏳ 暂无任务，休息60秒...
[孙五维] ⏳ 暂无任务，休息60秒...
[陈存理] ⏳ 暂无任务，休息60秒...
[褚存道] ⏳ 暂无任务，休息60秒...
[卫存德] ⏳ 暂无任务，休息60秒...
[秦巨诚] ⏳ 暂无任务，休息60秒...
[许巨真] ⏳ 暂无任务，休息60秒...
[戚巨实] ⏳ 暂无任务，休息60秒...
[窦武备] ⏳ 暂无任务，休息60秒...
[奚破浪] ⏳ 暂无任务，休息60秒...
[范破空] ⏳ 暂无任务，休息60秒...
[柯破云] ⏳ 暂无任务，休息60秒...
[厉破风] ⏳ 暂无任务，休息60秒...
[岑破雷] ⏳ 暂无任务，休息60秒...
[毕左护] ⏳ 暂无任务，休息60秒...
[郝左持] ⏳ 暂无任务，休息60秒...
[邬左扶] ⏳ 暂无任务，休息60秒...
[安左助] ⏳ 暂无任务，休息60秒...
[常左协] ⏳ 暂无任务，休息60秒...
[李星辰] ⏳ 暂无任务，休息60秒...
[卞右盾] ⏳ 暂无任务，休息60秒...
[巴图] ⏳ 暂无任务，休息60秒...
[弓志明] ⏳ 暂无任务，休息60秒...
[母志明] ⏳ 暂无任务，休息60秒...
[干市场] ⏳ 暂无任务，休息60秒...
[曲市场] ⏳ 暂无任务，休息60秒...
[桥客服] ⏳ 暂无任务，休息60秒...
[银客服] ⏳ 暂无任务，休息60秒...
[言客服] ⏳ 暂无任务，休息60秒...
[朱巨信] ⏳ 暂无任务，休息60秒...
[李廉智] ⏳ 暂无任务，休息60秒...
[水武库] ⏳ 暂无任务，休息60秒...
[葛破浪] ⏳ 暂无任务，休息60秒...
[皮右防] ⏳ 暂无任务，休息60秒...
[赏志明] ⏳ 暂无任务，休息60秒...
[财市场] ⏳ 暂无任务，休息60秒...
[蒋巨门] ⏳ 暂无任务，休息60秒...
[沈巨明] ⏳ 暂无任务，休息60秒...
[韩巨亮] ⏳ 暂无任务，休息60秒...
[杨巨知] ⏳ 暂无任务，休息60秒...
[伍廉贞] ⏳ 暂无任务，休息60秒...
[余廉心] ⏳ 暂无任务，休息60秒...
[元廉情] ⏳ 暂无任务，休息60秒...
[孟廉意] ⏳ 暂无任务，休息60秒...
[谢武功] ⏳ 暂无任务，休息60秒...
[邹武全] ⏳ 暂无任务，休息60秒...
[喻武能] ⏳ 暂无任务，休息60秒...
[柏武技] ⏳ 暂无任务，休息60秒...
[章破军] ⏳ 暂无任务，休息60秒...
[云破敌] ⏳ 暂无任务，休息60秒...
[苏破阵] ⏳ 暂无任务，休息60秒...
[潘破晓] ⏳ 暂无任务，休息60秒...
[倪左辅] ⏳ 暂无任务，休息60秒...
[汤左膀] ⏳ 暂无任务，休息60秒...
[殷左翼] ⏳ 暂无任务，休息60秒...
[殷左护] ⏳ 暂无任务，休息60秒...
[罗左卫] ⏳ 暂无任务，休息60秒...
[周右弼] ⏳ 暂无任务，休息60秒...
[乐右弼] ⏳ 暂无任务，休息60秒...
[于右护] ⏳ 暂无任务，休息60秒...
[时右卫] ⏳ 暂无任务，休息60秒...
[薛贪狼] ⏳ 暂无任务，休息60秒...
[雷贪音] ⏳ 暂无任务，休息60秒...
[贺贪形] ⏳ 暂无任务，休息60秒...
[贡志强] ⏳ 暂无任务，休息60秒...
[齐辅弼] ⏳ 暂无任务，休息60秒...
[康辅星] ⏳ 暂无任务，休息60秒...
[和产品] ⏳ 暂无任务，休息60秒...
[穆产品] ⏳ 暂无任务，休息60秒...
[刘二明] ⏳ 暂无任务，休息60秒...
[王三思] ⏳ 暂无任务，休息60秒...
[赵四维] ⏳ 暂无任务，休息60秒...
[周禄存] ⏳ 暂无任务，休息60秒...
[吴存真] ⏳ 暂无任务，休息60秒...
[郑存义] ⏳ 暂无任务，休息60秒...
[钱存信] ⏳ 暂无任务，休息60秒...
[冯存智] ⏳ 暂无任务，休息60秒...
[陈元灵] ⏳ 暂无任务，休息60秒...
[张一凡] ⏳ 暂无任务，休息60秒...
[孙五维] ⏳ 暂无任务，休息60秒...
[陈存理] ⏳ 暂无任务，休息60秒...
[褚存道] ⏳ 暂无任务，休息60秒...
[卫存德] ⏳ 暂无任务，休息60秒...
[秦巨诚] ⏳ 暂无任务，休息60秒...
[许巨真] ⏳ 暂无任务，休息60秒...
[戚巨实] ⏳ 暂无任务，休息60秒...
[窦武备] ⏳ 暂无任务，休息60秒...
[奚破浪] ⏳ 暂无任务，休息60秒...
[范破空] ⏳ 暂无任务，休息60秒...
[柯破云] ⏳ 暂无任务，休息60秒...
[厉破风] ⏳ 暂无任务，休息60秒...
[岑破雷] ⏳ 暂无任务，休息60秒...
[毕左护] ⏳ 暂无任务，休息60秒...
[郝左持] ⏳ 暂无任务，休息60秒...
[邬左扶] ⏳ 暂无任务，休息60秒...
[安左助] ⏳ 暂无任务，休息60秒...
[常左协] ⏳ 暂无任务，休息60秒...
[李星辰] ⏳ 暂无任务，休息60秒...
[卞右盾] ⏳ 暂无任务，休息60秒...
[巴图] ⏳ 暂无任务，休息60秒...
[弓志明] ⏳ 暂无任务，休息60秒...
[母志明] ⏳ 暂无任务，休息60秒...
[干市场] ⏳ 暂无任务，休息60秒...
[曲市场] ⏳ 暂无任务，休息60秒...
[桥客服] ⏳ 暂无任务，休息60秒...
[银客服] ⏳ 暂无任务，休息60秒...
[言客服] ⏳ 暂无任务，休息60秒...
[朱巨信] ⏳ 暂无任务，休息60秒...
[李廉智] ⏳ 暂无任务，休息60秒...
[水武库] ⏳ 暂无任务，休息60秒...
[葛破浪] ⏳ 暂无任务，休息60秒...
[皮右防] ⏳ 暂无任务，休息60秒...
[赏志明] ⏳ 暂无任务，休息60秒...
[财市场] ⏳ 暂无任务，休息60秒...
[蒋巨门] ⏳ 暂无任务，休息60秒...
[沈巨明] ⏳ 暂无任务，休息60秒...
[韩巨亮] ⏳ 暂无任务，休息60秒...
[杨巨知] ⏳ 暂无任务，休息60秒...
[伍廉贞] ⏳ 暂无任务，休息60秒...
[余廉心] ⏳ 暂无任务，休息60秒...
[元廉情] ⏳ 暂无任务，休息60秒...
[孟廉意] ⏳ 暂无任务，休息60秒...
[谢武功] ⏳ 暂无任务，休息60秒...
[邹武全] ⏳ 暂无任务，休息60秒...
[喻武能] ⏳ 暂无任务，休息60秒...
[柏武技] ⏳ 暂无任务，休息60秒...
[章破军] ⏳ 暂无任务，休息60秒...
[云破敌] ⏳ 暂无任务，休息60秒...
[苏破阵] ⏳ 暂无任务，休息60秒...
[潘破晓] ⏳ 暂无任务，休息60秒...
[倪左辅] ⏳ 暂无任务，休息60秒...
[汤左膀] ⏳ 暂无任务，休息60秒...
[殷左翼] ⏳ 暂无任务，休息60秒...
[殷左护] ⏳ 暂无任务，休息60秒...
[罗左卫] ⏳ 暂无任务，休息60秒...
[周右弼] ⏳ 暂无任务，休息60秒...
[乐右弼] ⏳ 暂无任务，休息60秒...
[于右护] ⏳ 暂无任务，休息60秒...
[时右卫] ⏳ 暂无任务，休息60秒...
[薛贪狼] ⏳ 暂无任务，休息60秒...
[雷贪音] ⏳ 暂无任务，休息60秒...
[贺贪形] ⏳ 暂无任务，休息60秒...
[贡志强] ⏳ 暂无任务，休息60秒...
[齐辅弼] ⏳ 暂无任务，休息60秒...
[康辅星] ⏳ 暂无任务，休息60秒...
[和产品] ⏳ 暂无任务，休息60秒...
[穆产品] ⏳ 暂无任务，休息60秒...
[刘二明] ⏳ 暂无任务，休息60秒...
[王三思] ⏳ 暂无任务，休息60秒...
[赵四维] ⏳ 暂无任务，休息60秒...
[周禄存] ⏳ 暂无任务，休息60秒...
[吴存真] ⏳ 暂无任务，休息60秒...
[郑存义] ⏳ 暂无任务，休息60秒...
[钱存信] ⏳ 暂无任务，休息60秒...
[冯存智] ⏳ 暂无任务，休息60秒...
[陈元灵] ⏳ 暂无任务，休息60秒...
[张一凡] ⏳ 暂无任务，休息60秒...
[孙五维] ⏳ 暂无任务，休息60秒...
[陈存理] ⏳ 暂无任务，休息60秒...
[褚存道] ⏳ 暂无任务，休息60秒...
[卫存德] ⏳ 暂无任务，休息60秒...
[秦巨诚] ⏳ 暂无任务，休息60秒...
[许巨真] ⏳ 暂无任务，休息60秒...
[戚巨实] ⏳ 暂无任务，休息60秒...
[窦武备] ⏳ 暂无任务，休息60秒...
[奚破浪] ⏳ 暂无任务，休息60秒...
[范破空] ⏳ 暂无任务，休息60秒...
[柯破云] ⏳ 暂无任务，休息60秒...
[厉破风] ⏳ 暂无任务，休息60秒...
[岑破雷] ⏳ 暂无任务，休息60秒...
[毕左护] ⏳ 暂无任务，休息60秒...
[郝左持] ⏳ 暂无任务，休息60秒...
[邬左扶] ⏳ 暂无任务，休息60秒...
[安左助] ⏳ 暂无任务，休息60秒...
[常左协] ⏳ 暂无任务，休息60秒...
[李星辰] ⏳ 暂无任务，休息60秒...
[卞右盾] ⏳ 暂无任务，休息60秒...
[巴图] ⏳ 暂无任务，休息60秒...
[弓志明] ⏳ 暂无任务，休息60秒...
[母志明] ⏳ 暂无任务，休息60秒...
[干市场] ⏳ 暂无任务，休息60秒...
[曲市场] ⏳ 暂无任务，休息60秒...
[桥客服] ⏳ 暂无任务，休息60秒...
[银客服] ⏳ 暂无任务，休息60秒...
[言客服] ⏳ 暂无任务，休息60秒...
[朱巨信] ⏳ 暂无任务，休息60秒...
[李廉智] ⏳ 暂无任务，休息60秒...
[水武库] ⏳ 暂无任务，休息60秒...
[葛破浪] ⏳ 暂无任务，休息60秒...
[皮右防] ⏳ 暂无任务，休息60秒...
[赏志明] ⏳ 暂无任务，休息60秒...
[财市场] ⏳ 暂无任务，休息60秒...
[蒋巨门] ⏳ 暂无任务，休息60秒...
[沈巨明] ⏳ 暂无任务，休息60秒...
[韩巨亮] ⏳ 暂无任务，休息60秒...
[杨巨知] ⏳ 暂无任务，休息60秒...
[伍廉贞] ⏳ 暂无任务，休息60秒...
[余廉心] ⏳ 暂无任务，休息60秒...
[元廉情] ⏳ 暂无任务，休息60秒...
[孟廉意] ⏳ 暂无任务，休息60秒...
[谢武功] ⏳ 暂无任务，休息60秒...
[邹武全] ⏳ 暂无任务，休息60秒...
[喻武能] ⏳ 暂无任务，休息60秒...
[柏武技] ⏳ 暂无任务，休息60秒...
[章破军] ⏳ 暂无任务，休息60秒...
[云破敌] ⏳ 暂无任务，休息60秒...
[苏破阵] ⏳ 暂无任务，休息60秒...
[潘破晓] ⏳ 暂无任务，休息60秒...
[倪左辅] ⏳ 暂无任务，休息60秒...
[汤左膀] ⏳ 暂无任务，休息60秒...
[殷左翼] ⏳ 暂无任务，休息60秒...
[殷左护] ⏳ 暂无任务，休息60秒...
[罗左卫] ⏳ 暂无任务，休息60秒...
[周右弼] ⏳ 暂无任务，休息60秒...
[乐右弼] ⏳ 暂无任务，休息60秒...
[于右护] ⏳ 暂无任务，休息60秒...
[时右卫] ⏳ 暂无任务，休息60秒...
[薛贪狼] ⏳ 暂无任务，休息60秒...
[雷贪音] ⏳ 暂无任务，休息60秒...
[贺贪形] ⏳ 暂无任务，休息60秒...
[贡志强] ⏳ 暂无任务，休息60秒...
[齐辅弼] ⏳ 暂无任务，休息60秒...
[康辅星] ⏳ 暂无任务，休息60秒...
[和产品] ⏳ 暂无任务，休息60秒...
[穆产品] ⏳ 暂无任务，休息60秒...
[刘二明] ⏳ 暂无任务，休息60秒...
[王三思] ⏳ 暂无任务，休息60秒...
[赵四维] ⏳ 暂无任务，休息60秒...
[周禄存] ⏳ 暂无任务，休息60秒...
[吴存真] ⏳ 暂无任务，休息60秒...
[郑存义] ⏳ 暂无任务，休息60秒...
[钱存信] ⏳ 暂无任务，休息60秒...
[冯存智] ⏳ 暂无任务，休息60秒...
[陈元灵] ⏳ 暂无任务，休息60秒...
[张一凡] ⏳ 暂无任务，休息60秒...
[孙五维] ⏳ 暂无任务，休息60秒...
[陈存理] ⏳ 暂无任务，休息60秒...
[褚存道] ⏳ 暂无任务，休息60秒...
[卫存德] ⏳ 暂无任务，休息60秒...
[秦巨诚] ⏳ 暂无任务，休息60秒...
[许巨真] ⏳ 暂无任务，休息60秒...
[戚巨实] ⏳ 暂无任务，休息60秒...
[窦武备] ⏳ 暂无任务，休息60秒...
[奚破浪] ⏳ 暂无任务，休息60秒...
[范破空] ⏳ 暂无任务，休息60秒...
[柯破云] ⏳ 暂无任务，休息60秒...
[厉破风] ⏳ 暂无任务，休息60秒...
[岑破雷] ⏳ 暂无任务，休息60秒...
[毕左护] ⏳ 暂无任务，休息60秒...
[郝左持] ⏳ 暂无任务，休息60秒...
[邬左扶] ⏳ 暂无任务，休息60秒...
[安左助] ⏳ 暂无任务，休息60秒...
[常左协] ⏳ 暂无任务，休息60秒...
[李星辰] ⏳ 暂无任务，休息60秒...
[卞右盾] ⏳ 暂无任务，休息60秒...
[巴图] ⏳ 暂无任务，休息60秒...
[弓志明] ⏳ 暂无任务，休息60秒...
[母志明] ⏳ 暂无任务，休息60秒...
[干市场] ⏳ 暂无任务，休息60秒...
[曲市场] ⏳ 暂无任务，休息60秒...
[桥客服] ⏳ 暂无任务，休息60秒...
[银客服] ⏳ 暂无任务，休息60秒...
[言客服] ⏳ 暂无任务，休息60秒...
[朱巨信] ⏳ 暂无任务，休息60秒...
[李廉智] ⏳ 暂无任务，休息60秒...
[水武库] ⏳ 暂无任务，休息60秒...
[葛破浪] ⏳ 暂无任务，休息60秒...
[皮右防] ⏳ 暂无任务，休息60秒...
[赏志明] ⏳ 暂无任务，休息60秒...
[财市场] ⏳ 暂无任务，休息60秒...
[蒋巨门] ⏳ 暂无任务，休息60秒...
[沈巨明] ⏳ 暂无任务，休息60秒...
[韩巨亮] ⏳ 暂无任务，休息60秒...
[杨巨知] ⏳ 暂无任务，休息60秒...
[伍廉贞] ⏳ 暂无任务，休息60秒...
[余廉心] ⏳ 暂无任务，休息60秒...
[元廉情] ⏳ 暂无任务，休息60秒...
[孟廉意] ⏳ 暂无任务，休息60秒...
[谢武功] ⏳ 暂无任务，休息60秒...
[邹武全] ⏳ 暂无任务，休息60秒...
[喻武能] ⏳ 暂无任务，休息60秒...
[柏武技] ⏳ 暂无任务，休息60秒...
[章破军] ⏳ 暂无任务，休息60秒...
[云破敌] ⏳ 暂无任务，休息60秒...
[苏破阵] ⏳ 暂无任务，休息60秒...
[潘破晓] ⏳ 暂无任务，休息60秒...
[倪左辅] ⏳ 暂无任务，休息60秒...
[汤左膀] ⏳ 暂无任务，休息60秒...
[殷左翼] ⏳ 暂无任务，休息60秒...
[殷左护] ⏳ 暂无任务，休息60秒...
[罗左卫] ⏳ 暂无任务，休息60秒...
[周右弼] ⏳ 暂无任务，休息60秒...
[乐右弼] ⏳ 暂无任务，休息60秒...
[于右护] ⏳ 暂无任务，休息60秒...
[时右卫] ⏳ 暂无任务，休息60秒...
[薛贪狼] ⏳ 暂无任务，休息60秒...
[雷贪音] ⏳ 暂无任务，休息60秒...
[贺贪形] ⏳ 暂无任务，休息60秒...
[贡志强] ⏳ 暂无任务，休息60秒...
[齐辅弼] ⏳ 暂无任务，休息60秒...
[康辅星] ⏳ 暂无任务，休息60秒...
[和产品] ⏳ 暂无任务，休息60秒...
[穆产品] ⏳ 暂无任务，休息60秒...
[刘二明] ⏳ 暂无任务，休息60秒...
[王三思] ⏳ 暂无任务，休息60秒...
[赵四维] ⏳ 暂无任务，休息60秒...
[周禄存] ⏳ 暂无任务，休息60秒...
[吴存真] ⏳ 暂无任务，休息60秒...
[郑存义] ⏳ 暂无任务，休息60秒...
[钱存信] ⏳ 暂无任务，休息60秒...
[冯存智] ⏳ 暂无任务，休息60秒...
[陈元灵] ⏳ 暂无任务，休息60秒...
[张一凡] ⏳ 暂无任务，休息60秒...
[孙五维] ⏳ 暂无任务，休息60秒...
[陈存理] ⏳ 暂无任务，休息60秒...
[褚存道] ⏳ 暂无任务，休息60秒...
[卫存德] ⏳ 暂无任务，休息60秒...
[秦巨诚] ⏳ 暂无任务，休息60秒...
[许巨真] ⏳ 暂无任务，休息60秒...
[戚巨实] ⏳ 暂无任务，休息60秒...
[窦武备] ⏳ 暂无任务，休息60秒...
[奚破浪] ⏳ 暂无任务，休息60秒...
[范破空] ⏳ 暂无任务，休息60秒...
[柯破云] ⏳ 暂无任务，休息60秒...
[厉破风] ⏳ 暂无任务，休息60秒...
[岑破雷] ⏳ 暂无任务，休息60秒...
[毕左护] ⏳ 暂无任务，休息60秒...
[郝左持] ⏳ 暂无任务，休息60秒...
[邬左扶] ⏳ 暂无任务，休息60秒...
[安左助] ⏳ 暂无任务，休息60秒...
[常左协] ⏳ 暂无任务，休息60秒...
[李星辰] ⏳ 暂无任务，休息60秒...
[卞右盾] ⏳ 暂无任务，休息60秒...
[巴图] ⏳ 暂无任务，休息60秒...
[弓志明] ⏳ 暂无任务，休息60秒...
[母志明] ⏳ 暂无任务，休息60秒...
[干市场] ⏳ 暂无任务，休息60秒...
[曲市场] ⏳ 暂无任务，休息60秒...
[桥客服] ⏳ 暂无任务，休息60秒...
[银客服] ⏳ 暂无任务，休息60秒...
[言客服] ⏳ 暂无任务，休息60秒...
[朱巨信] ⏳ 暂无任务，休息60秒...
[李廉智] ⏳ 暂无任务，休息60秒...
[水武库] ⏳ 暂无任务，休息60秒...
[葛破浪] ⏳ 暂无任务，休息60秒...
[皮右防] ⏳ 暂无任务，休息60秒...
[赏志明] ⏳ 暂无任务，休息60秒...
[财市场] ⏳ 暂无任务，休息60秒...
[蒋巨门] ⏳ 暂无任务，休息60秒...
[沈巨明] ⏳ 暂无任务，休息60秒...
[韩巨亮] ⏳ 暂无任务，休息60秒...
[杨巨知] ⏳ 暂无任务，休息60秒...
[伍廉贞] ⏳ 暂无任务，休息60秒...
[余廉心] ⏳ 暂无任务，休息60秒...
[元廉情] ⏳ 暂无任务，休息60秒...
[孟廉意] ⏳ 暂无任务，休息60秒...
[谢武功] ⏳ 暂无任务，休息60秒...
[邹武全] ⏳ 暂无任务，休息60秒...
[喻武能] ⏳ 暂无任务，休息60秒...
[柏武技] ⏳ 暂无任务，休息60秒...
[章破军] ⏳ 暂无任务，休息60秒...
[云破敌] ⏳ 暂无任务，休息60秒...
[苏破阵] ⏳ 暂无任务，休息60秒...
[潘破晓] ⏳ 暂无任务，休息60秒...
[倪左辅] ⏳ 暂无任务，休息60秒...
[汤左膀] ⏳ 暂无任务，休息60秒...
[殷左翼] ⏳ 暂无任务，休息60秒...
[殷左护] ⏳ 暂无任务，休息60秒...
[罗左卫] ⏳ 暂无任务，休息60秒...
[周右弼] ⏳ 暂无任务，休息60秒...
[乐右弼] ⏳ 暂无任务，休息60秒...
[于右护] ⏳ 暂无任务，休息60秒...
[时右卫] ⏳ 暂无任务，休息60秒...
[薛贪狼] ⏳ 暂无任务，休息60秒...
[雷贪音] ⏳ 暂无任务，休息60秒...
[贺贪形] ⏳ 暂无任务，休息60秒...
[贡志强] ⏳ 暂无任务，休息60秒...
[齐辅弼] ⏳ 暂无任务，休息60秒...
[康辅星] ⏳ 暂无任务，休息60秒...
[和产品] ⏳ 暂无任务，休息60秒...
[穆产品] ⏳ 暂无任务，休息60秒...
[刘二明] ⏳ 暂无任务，休息60秒...
[王三思] ⏳ 暂无任务，休息60秒...
[赵四维] ⏳ 暂无任务，休息60秒...
[周禄存] ⏳ 暂无任务，休息60秒...
[吴存真] ⏳ 暂无任务，休息60秒...
[郑存义] ⏳ 暂无任务，休息60秒...
[钱存信] ⏳ 暂无任务，休息60秒...
[冯存智] ⏳ 暂无任务，休息60秒...
[陈元灵] ⏳ 暂无任务，休息60秒...
[张一凡] ⏳ 暂无任务，休息60秒...
[孙五维] ⏳ 暂无任务，休息60秒...
[陈存理] ⏳ 暂无任务，休息60秒...
[褚存道] ⏳ 暂无任务，休息60秒...
[卫存德] ⏳ 暂无任务，休息60秒...
[秦巨诚] ⏳ 暂无任务，休息60秒...
[许巨真] ⏳ 暂无任务，休息60秒...
[戚巨实] ⏳ 暂无任务，休息60秒...
[窦武备] ⏳ 暂无任务，休息60秒...
[奚破浪] ⏳ 暂无任务，休息60秒...
[范破空] ⏳ 暂无任务，休息60秒...
[柯破云] ⏳ 暂无任务，休息60秒...
[厉破风] ⏳ 暂无任务，休息60秒...
[岑破雷] ⏳ 暂无任务，休息60秒...
[毕左护] ⏳ 暂无任务，休息60秒...
[郝左持] ⏳ 暂无任务，休息60秒...
[邬左扶] ⏳ 暂无任务，休息60秒...
[安左助] ⏳ 暂无任务，休息60秒...
[常左协] ⏳ 暂无任务，休息60秒...
[李星辰] ⏳ 暂无任务，休息60秒...
[卞右盾] ⏳ 暂无任务，休息60秒...
[巴图] ⏳ 暂无任务，休息60秒...
[弓志明] ⏳ 暂无任务，休息60秒...
[母志明] ⏳ 暂无任务，休息60秒...
[干市场] ⏳ 暂无任务，休息60秒...
[曲市场] ⏳ 暂无任务，休息60秒...
[桥客服] ⏳ 暂无任务，休息60秒...
[银客服] ⏳ 暂无任务，休息60秒...
[言客服] ⏳ 暂无任务，休息60秒...
[朱巨信] ⏳ 暂无任务，休息60秒...
[李廉智] ⏳ 暂无任务，休息60秒...
[水武库] ⏳ 暂无任务，休息60秒...
[葛破浪] ⏳ 暂无任务，休息60秒...
[皮右防] ⏳ 暂无任务，休息60秒...
[赏志明] ⏳ 暂无任务，休息60秒...
[财市场] ⏳ 暂无任务，休息60秒...
[蒋巨门] ⏳ 暂无任务，休息60秒...
[沈巨明] ⏳ 暂无任务，休息60秒...
[韩巨亮] ⏳ 暂无任务，休息60秒...
[杨巨知] ⏳ 暂无任务，休息60秒...
[伍廉贞] ⏳ 暂无任务，休息60秒...
[余廉心] ⏳ 暂无任务，休息60秒...
[元廉情] ⏳ 暂无任务，休息60秒...
[孟廉意] ⏳ 暂无任务，休息60秒...
[谢武功] ⏳ 暂无任务，休息60秒...
[邹武全] ⏳ 暂无任务，休息60秒...
[喻武能] ⏳ 暂无任务，休息60秒...
[柏武技] ⏳ 暂无任务，休息60秒...
[章破军] ⏳ 暂无任务，休息60秒...
[云破敌] ⏳ 暂无任务，休息60秒...
[苏破阵] ⏳ 暂无任务，休息60秒...
[潘破晓] ⏳ 暂无任务，休息60秒...
[倪左辅] ⏳ 暂无任务，休息60秒...
[汤左膀] ⏳ 暂无任务，休息60秒...
[殷左翼] ⏳ 暂无任务，休息60秒...
[殷左护] ⏳ 暂无任务，休息60秒...
[罗左卫] ⏳ 暂无任务，休息60秒...
[周右弼] ⏳ 暂无任务，休息60秒...
[乐右弼] ⏳ 暂无任务，休息60秒...
[于右护] ⏳ 暂无任务，休息60秒...
[时右卫] ⏳ 暂无任务，休息60秒...
[薛贪狼] ⏳ 暂无任务，休息60秒...
[雷贪音] ⏳ 暂无任务，休息60秒...
[贺贪形] ⏳ 暂无任务，休息60秒...
[贡志强] ⏳ 暂无任务，休息60秒...
[齐辅弼] ⏳ 暂无任务，休息60秒...
[康辅星] ⏳ 暂无任务，休息60秒...
[和产品] ⏳ 暂无任务，休息60秒...
[穆产品] ⏳ 暂无任务，休息60秒...
[刘二明] ⏳ 暂无任务，休息60秒...
[王三思] ⏳ 暂无任务，休息60秒...
[赵四维] ⏳ 暂无任务，休息60秒...
[周禄存] ⏳ 暂无任务，休息60秒...
[吴存真] ⏳ 暂无任务，休息60秒...
[郑存义] ⏳ 暂无任务，休息60秒...
[钱存信] ⏳ 暂无任务，休息60秒...
[冯存智] ⏳ 暂无任务，休息60秒...
[陈元灵] ⏳ 暂无任务，休息60秒...
[张一凡] ⏳ 暂无任务，休息60秒...
[孙五维] ⏳ 暂无任务，休息60秒...
[陈存理] ⏳ 暂无任务，休息60秒...
[褚存道] ⏳ 暂无任务，休息60秒...
[卫存德] ⏳ 暂无任务，休息60秒...
[秦巨诚] ⏳ 暂无任务，休息60秒...
[许巨真] ⏳ 暂无任务，休息60秒...
[戚巨实] ⏳ 暂无任务，休息60秒...
[窦武备] ⏳ 暂无任务，休息60秒...
[奚破浪] ⏳ 暂无任务，休息60秒...
[范破空] ⏳ 暂无任务，休息60秒...
[柯破云] ⏳ 暂无任务，休息60秒...
[厉破风] ⏳ 暂无任务，休息60秒...
[岑破雷] ⏳ 暂无任务，休息60秒...
[毕左护] ⏳ 暂无任务，休息60秒...
[郝左持] ⏳ 暂无任务，休息60秒...
[邬左扶] ⏳ 暂无任务，休息60秒...
[安左助] ⏳ 暂无任务，休息60秒...
[常左协] ⏳ 暂无任务，休息60秒...
[李星辰] ⏳ 暂无任务，休息60秒...
[卞右盾] ⏳ 暂无任务，休息60秒...
[巴图] ⏳ 暂无任务，休息60秒...
[弓志明] ⏳ 暂无任务，休息60秒...
[母志明] ⏳ 暂无任务，休息60秒...
[干市场] ⏳ 暂无任务，休息60秒...
[曲市场] ⏳ 暂无任务，休息60秒...
[桥客服] ⏳ 暂无任务，休息60秒...
[银客服] ⏳ 暂无任务，休息60秒...
[言客服] ⏳ 暂无任务，休息60秒...
[朱巨信] ⏳ 暂无任务，休息60秒...
[李廉智] ⏳ 暂无任务，休息60秒...
[水武库] ⏳ 暂无任务，休息60秒...
[葛破浪] ⏳ 暂无任务，休息60秒...
[皮右防] ⏳ 暂无任务，休息60秒...
[赏志明] ⏳ 暂无任务，休息60秒...
[财市场] ⏳ 暂无任务，休息60秒...
[蒋巨门] ⏳ 暂无任务，休息60秒...
[沈巨明] ⏳ 暂无任务，休息60秒...
[韩巨亮] ⏳ 暂无任务，休息60秒...
[杨巨知] ⏳ 暂无任务，休息60秒...
[伍廉贞] ⏳ 暂无任务，休息60秒...
[余廉心] ⏳ 暂无任务，休息60秒...
[元廉情] ⏳ 暂无任务，休息60秒...
[孟廉意] ⏳ 暂无任务，休息60秒...
[谢武功] ⏳ 暂无任务，休息60秒...
[邹武全] ⏳ 暂无任务，休息60秒...
[喻武能] ⏳ 暂无任务，休息60秒...
[柏武技] ⏳ 暂无任务，休息60秒...
[章破军] ⏳ 暂无任务，休息60秒...
[云破敌] ⏳ 暂无任务，休息60秒...
[苏破阵] ⏳ 暂无任务，休息60秒...
[潘破晓] ⏳ 暂无任务，休息60秒...
[倪左辅] ⏳ 暂无任务，休息60秒...
[汤左膀] ⏳ 暂无任务，休息60秒...
[殷左翼] ⏳ 暂无任务，休息60秒...
[殷左护] ⏳ 暂无任务，休息60秒...
[罗左卫] ⏳ 暂无任务，休息60秒...
[周右弼] ⏳ 暂无任务，休息60秒...
[乐右弼] ⏳ 暂无任务，休息60秒...
[于右护] ⏳ 暂无任务，休息60秒...
[时右卫] ⏳ 暂无任务，休息60秒...
[薛贪狼] ⏳ 暂无任务，休息60秒...
[雷贪音] ⏳ 暂无任务，休息60秒...
[贺贪形] ⏳ 暂无任务，休息60秒...
[贡志强] ⏳ 暂无任务，休息60秒...
[齐辅弼] ⏳ 暂无任务，休息60秒...
[康辅星] ⏳ 暂无任务，休息60秒...
[和产品] ⏳ 暂无任务，休息60秒...
[穆产品] ⏳ 暂无任务，休息60秒...
[刘二明] ⏳ 暂无任务，休息60秒...
[王三思] ⏳ 暂无任务，休息60秒...
[赵四维] ⏳ 暂无任务，休息60秒...
[周禄存] ⏳ 暂无任务，休息60秒...
[吴存真] ⏳ 暂无任务，休息60秒...
[郑存义] ⏳ 暂无任务，休息60秒...
[钱存信] ⏳ 暂无任务，休息60秒...
[冯存智] ⏳ 暂无任务，休息60秒...
[陈元灵] ⏳ 暂无任务，休息60秒...
[张一凡] ⏳ 暂无任务，休息60秒...
[孙五维] ⏳ 暂无任务，休息60秒...
[陈存理] ⏳ 暂无任务，休息60秒...
[褚存道] ⏳ 暂无任务，休息60秒...
[卫存德] ⏳ 暂无任务，休息60秒...
[秦巨诚] ⏳ 暂无任务，休息60秒...
[许巨真] ⏳ 暂无任务，休息60秒...
[戚巨实] ⏳ 暂无任务，休息60秒...
[窦武备] ⏳ 暂无任务，休息60秒...
[奚破浪] ⏳ 暂无任务，休息60秒...
[范破空] ⏳ 暂无任务，休息60秒...
[柯破云] ⏳ 暂无任务，休息60秒...
[厉破风] ⏳ 暂无任务，休息60秒...
[岑破雷] ⏳ 暂无任务，休息60秒...
[毕左护] ⏳ 暂无任务，休息60秒...
[郝左持] ⏳ 暂无任务，休息60秒...
[邬左扶] ⏳ 暂无任务，休息60秒...
[安左助] ⏳ 暂无任务，休息60秒...
[常左协] ⏳ 暂无任务，休息60秒...
[李星辰] ⏳ 暂无任务，休息60秒...
[卞右盾] ⏳ 暂无任务，休息60秒...
[巴图] ⏳ 暂无任务，休息60秒...
[弓志明] ⏳ 暂无任务，休息60秒...
[母志明] ⏳ 暂无任务，休息60秒...
[干市场] ⏳ 暂无任务，休息60秒...
[曲市场] ⏳ 暂无任务，休息60秒...
[桥客服] ⏳ 暂无任务，休息60秒...
[银客服] ⏳ 暂无任务，休息60秒...
[言客服] ⏳ 暂无任务，休息60秒...
[朱巨信] ⏳ 暂无任务，休息60秒...
[李廉智] ⏳ 暂无任务，休息60秒...
[水武库] ⏳ 暂无任务，休息60秒...
[葛破浪] ⏳ 暂无任务，休息60秒...
[皮右防] ⏳ 暂无任务，休息60秒...
[赏志明] ⏳ 暂无任务，休息60秒...
[财市场] ⏳ 暂无任务，休息60秒...
[蒋巨门] ⏳ 暂无任务，休息60秒...
[沈巨明] ⏳ 暂无任务，休息60秒...
[韩巨亮] ⏳ 暂无任务，休息60秒...
[杨巨知] ⏳ 暂无任务，休息60秒...
[伍廉贞] ⏳ 暂无任务，休息60秒...
[余廉心] ⏳ 暂无任务，休息60秒...
[元廉情] ⏳ 暂无任务，休息60秒...
[孟廉意] ⏳ 暂无任务，休息60秒...
[谢武功] ⏳ 暂无任务，休息60秒...
[邹武全] ⏳ 暂无任务，休息60秒...
[喻武能] ⏳ 暂无任务，休息60秒...
[柏武技] ⏳ 暂无任务，休息60秒...
[章破军] ⏳ 暂无任务，休息60秒...
[云破敌] ⏳ 暂无任务，休息60秒...
[苏破阵] ⏳ 暂无任务，休息60秒...
[潘破晓] ⏳ 暂无任务，休息60秒...
[倪左辅] ⏳ 暂无任务，休息60秒...
[汤左膀] ⏳ 暂无任务，休息60秒...
[殷左翼] ⏳ 暂无任务，休息60秒...
[殷左护] ⏳ 暂无任务，休息60秒...
[罗左卫] ⏳ 暂无任务，休息60秒...
[周右弼] ⏳ 暂无任务，休息60秒...
[乐右弼] ⏳ 暂无任务，休息60秒...
[于右护] ⏳ 暂无任务，休息60秒...
[时右卫] ⏳ 暂无任务，休息60秒...
[薛贪狼] ⏳ 暂无任务，休息60秒...
[雷贪音] ⏳ 暂无任务，休息60秒...
[贺贪形] ⏳ 暂无任务，休息60秒...
[贡志强] ⏳ 暂无任务，休息60秒...
[齐辅弼] ⏳ 暂无任务，休息60秒...
[康辅星] ⏳ 暂无任务，休息60秒...
[和产品] ⏳ 暂无任务，休息60秒...
[穆产品] ⏳ 暂无任务，休息60秒...
[刘二明] ⏳ 暂无任务，休息60秒...
[王三思] ⏳ 暂无任务，休息60秒...
[赵四维] ⏳ 暂无任务，休息60秒...
[周禄存] ⏳ 暂无任务，休息60秒...
[吴存真] ⏳ 暂无任务，休息60秒...
[郑存义] ⏳ 暂无任务，休息60秒...
[钱存信] ⏳ 暂无任务，休息60秒...
[冯存智] ⏳ 暂无任务，休息60秒...
[陈元灵] ⏳ 暂无任务，休息60秒...
[张一凡] ⏳ 暂无任务，休息60秒...
[孙五维] ⏳ 暂无任务，休息60秒...
[陈存理] ⏳ 暂无任务，休息60秒...
[褚存道] ⏳ 暂无任务，休息60秒...
[卫存德] ⏳ 暂无任务，休息60秒...
[秦巨诚] ⏳ 暂无任务，休息60秒...
[许巨真] ⏳ 暂无任务，休息60秒...
[戚巨实] ⏳ 暂无任务，休息60秒...
[窦武备] ⏳ 暂无任务，休息60秒...
[奚破浪] ⏳ 暂无任务，休息60秒...
[范破空] ⏳ 暂无任务，休息60秒...
[柯破云] ⏳ 暂无任务，休息60秒...
[厉破风] ⏳ 暂无任务，休息60秒...
[岑破雷] ⏳ 暂无任务，休息60秒...
[毕左护] ⏳ 暂无任务，休息60秒...
[郝左持] ⏳ 暂无任务，休息60秒...
[邬左扶] ⏳ 暂无任务，休息60秒...
[安左助] ⏳ 暂无任务，休息60秒...
[常左协] ⏳ 暂无任务，休息60秒...
[李星辰] ⏳ 暂无任务，休息60秒...
[卞右盾] ⏳ 暂无任务，休息60秒...
[巴图] ⏳ 暂无任务，休息60秒...
[弓志明] ⏳ 暂无任务，休息60秒...
[母志明] ⏳ 暂无任务，休息60秒...
[干市场] ⏳ 暂无任务，休息60秒...
[曲市场] ⏳ 暂无任务，休息60秒...
[桥客服] ⏳ 暂无任务，休息60秒...
[银客服] ⏳ 暂无任务，休息60秒...
[言客服] ⏳ 暂无任务，休息60秒...
[朱巨信] ⏳ 暂无任务，休息60秒...
[李廉智] ⏳ 暂无任务，休息60秒...
[水武库] ⏳ 暂无任务，休息60秒...
[葛破浪] ⏳ 暂无任务，休息60秒...
[皮右防] ⏳ 暂无任务，休息60秒...
[赏志明] ⏳ 暂无任务，休息60秒...
[财市场] ⏳ 暂无任务，休息60秒...
[蒋巨门] ⏳ 暂无任务，休息60秒...
[沈巨明] ⏳ 暂无任务，休息60秒...
[韩巨亮] ⏳ 暂无任务，休息60秒...
[杨巨知] ⏳ 暂无任务，休息60秒...
[伍廉贞] ⏳ 暂无任务，休息60秒...
[余廉心] ⏳ 暂无任务，休息60秒...
[元廉情] ⏳ 暂无任务，休息60秒...
[孟廉意] ⏳ 暂无任务，休息60秒...
[谢武功] ⏳ 暂无任务，休息60秒...
[邹武全] ⏳ 暂无任务，休息60秒...
[喻武能] ⏳ 暂无任务，休息60秒...
[柏武技] ⏳ 暂无任务，休息60秒...
[章破军] ⏳ 暂无任务，休息60秒...
[云破敌] ⏳ 暂无任务，休息60秒...
[苏破阵] ⏳ 暂无任务，休息60秒...
[潘破晓] ⏳ 暂无任务，休息60秒...
[倪左辅] ⏳ 暂无任务，休息60秒...
[汤左膀] ⏳ 暂无任务，休息60秒...
[殷左翼] ⏳ 暂无任务，休息60秒...
[殷左护] ⏳ 暂无任务，休息60秒...
[罗左卫] ⏳ 暂无任务，休息60秒...
[周右弼] ⏳ 暂无任务，休息60秒...
[乐右弼] ⏳ 暂无任务，休息60秒...
[于右护] ⏳ 暂无任务，休息60秒...
[时右卫] ⏳ 暂无任务，休息60秒...
[薛贪狼] ⏳ 暂无任务，休息60秒...
[雷贪音] ⏳ 暂无任务，休息60秒...
[贺贪形] ⏳ 暂无任务，休息60秒...
[贡志强] ⏳ 暂无任务，休息60秒...
[齐辅弼] ⏳ 暂无任务，休息60秒...
[康辅星] ⏳ 暂无任务，休息60秒...
[和产品] ⏳ 暂无任务，休息60秒...
[穆产品] ⏳ 暂无任务，休息60秒...
[刘二明] ⏳ 暂无任务，休息60秒...
[王三思] ⏳ 暂无任务，休息60秒...
[赵四维] ⏳ 暂无任务，休息60秒...
[周禄存] ⏳ 暂无任务，休息60秒...
[吴存真] ⏳ 暂无任务，休息60秒...
[郑存义] ⏳ 暂无任务，休息60秒...
[钱存信] ⏳ 暂无任务，休息60秒...
[冯存智] ⏳ 暂无任务，休息60秒...
[陈元灵] ⏳ 暂无任务，休息60秒...
[张一凡] ⏳ 暂无任务，休息60秒...
[孙五维] ⏳ 暂无任务，休息60秒...
[陈存理] ⏳ 暂无任务，休息60秒...
[褚存道] ⏳ 暂无任务，休息60秒...
[卫存德] ⏳ 暂无任务，休息60秒...
[秦巨诚] ⏳ 暂无任务，休息60秒...
[许巨真] ⏳ 暂无任务，休息60秒...
[戚巨实] ⏳ 暂无任务，休息60秒...
[窦武备] ⏳ 暂无任务，休息60秒...
[奚破浪] ⏳ 暂无任务，休息60秒...
[范破空] ⏳ 暂无任务，休息60秒...
[柯破云] ⏳ 暂无任务，休息60秒...
[厉破风] ⏳ 暂无任务，休息60秒...
[岑破雷] ⏳ 暂无任务，休息60秒...
[毕左护] ⏳ 暂无任务，休息60秒...
[郝左持] ⏳ 暂无任务，休息60秒...
[邬左扶] ⏳ 暂无任务，休息60秒...
[安左助] ⏳ 暂无任务，休息60秒...
[常左协] ⏳ 暂无任务，休息60秒...
[李星辰] ⏳ 暂无任务，休息60秒...
[卞右盾] ⏳ 暂无任务，休息60秒...
[巴图] ⏳ 暂无任务，休息60秒...
[弓志明] ⏳ 暂无任务，休息60秒...
[母志明] ⏳ 暂无任务，休息60秒...
[干市场] ⏳ 暂无任务，休息60秒...
[曲市场] ⏳ 暂无任务，休息60秒...
[桥客服] ⏳ 暂无任务，休息60秒...
[银客服] ⏳ 暂无任务，休息60秒...
[言客服] ⏳ 暂无任务，休息60秒...
[朱巨信] ⏳ 暂无任务，休息60秒...
[李廉智] ⏳ 暂无任务，休息60秒...
[水武库] ⏳ 暂无任务，休息60秒...
[葛破浪] ⏳ 暂无任务，休息60秒...
[皮右防] ⏳ 暂无任务，休息60秒...
[赏志明] ⏳ 暂无任务，休息60秒...
[财市场] ⏳ 暂无任务，休息60秒...
[蒋巨门] ⏳ 暂无任务，休息60秒...
[沈巨明] ⏳ 暂无任务，休息60秒...
[韩巨亮] ⏳ 暂无任务，休息60秒...
[杨巨知] ⏳ 暂无任务，休息60秒...
[伍廉贞] ⏳ 暂无任务，休息60秒...
[余廉心] ⏳ 暂无任务，休息60秒...
[元廉情] ⏳ 暂无任务，休息60秒...
[孟廉意] ⏳ 暂无任务，休息60秒...
[谢武功] ⏳ 暂无任务，休息60秒...
[邹武全] ⏳ 暂无任务，休息60秒...
[喻武能] ⏳ 暂无任务，休息60秒...
[柏武技] ⏳ 暂无任务，休息60秒...
[章破军] ⏳ 暂无任务，休息60秒...
[云破敌] ⏳ 暂无任务，休息60秒...
[苏破阵] ⏳ 暂无任务，休息60秒...
[潘破晓] ⏳ 暂无任务，休息60秒...
[倪左辅] ⏳ 暂无任务，休息60秒...
[汤左膀] ⏳ 暂无任务，休息60秒...
[殷左翼] ⏳ 暂无任务，休息60秒...
[殷左护] ⏳ 暂无任务，休息60秒...
[罗左卫] ⏳ 暂无任务，休息60秒...
[周右弼] ⏳ 暂无任务，休息60秒...
[乐右弼] ⏳ 暂无任务，休息60秒...
[于右护] ⏳ 暂无任务，休息60秒...
[时右卫] ⏳ 暂无任务，休息60秒...
[薛贪狼] ⏳ 暂无任务，休息60秒...
[雷贪音] ⏳ 暂无任务，休息60秒...
[贺贪形] ⏳ 暂无任务，休息60秒...
[贡志强] ⏳ 暂无任务，休息60秒...
[齐辅弼] ⏳ 暂无任务，休息60秒...
[康辅星] ⏳ 暂无任务，休息60秒...
[和产品] ⏳ 暂无任务，休息60秒...
[穆产品] ⏳ 暂无任务，休息60秒...
[刘二明] ⏳ 暂无任务，休息60秒...
[王三思] ⏳ 暂无任务，休息60秒...
[赵四维] ⏳ 暂无任务，休息60秒...
[周禄存] ⏳ 暂无任务，休息60秒...
[吴存真] ⏳ 暂无任务，休息60秒...
[郑存义] ⏳ 暂无任务，休息60秒...
[钱存信] ⏳ 暂无任务，休息60秒...
[冯存智] ⏳ 暂无任务，休息60秒...
[陈元灵] ⏳ 暂无任务，休息60秒...
[张一凡] ⏳ 暂无任务，休息60秒...
[孙五维] ⏳ 暂无任务，休息60秒...
[陈存理] ⏳ 暂无任务，休息60秒...
[褚存道] ⏳ 暂无任务，休息60秒...
[卫存德] ⏳ 暂无任务，休息60秒...
[秦巨诚] ⏳ 暂无任务，休息60秒...
[许巨真] ⏳ 暂无任务，休息60秒...
[戚巨实] ⏳ 暂无任务，休息60秒...
[窦武备] ⏳ 暂无任务，休息60秒...
[奚破浪] ⏳ 暂无任务，休息60秒...
[范破空] ⏳ 暂无任务，休息60秒...
[柯破云] ⏳ 暂无任务，休息60秒...
[厉破风] ⏳ 暂无任务，休息60秒...
[岑破雷] ⏳ 暂无任务，休息60秒...
[毕左护] ⏳ 暂无任务，休息60秒...
[郝左持] ⏳ 暂无任务，休息60秒...
[邬左扶] ⏳ 暂无任务，休息60秒...
[安左助] ⏳ 暂无任务，休息60秒...
[常左协] ⏳ 暂无任务，休息60秒...
[李星辰] ⏳ 暂无任务，休息60秒...
[卞右盾] ⏳ 暂无任务，休息60秒...
[巴图] ⏳ 暂无任务，休息60秒...
[弓志明] ⏳ 暂无任务，休息60秒...
[母志明] ⏳ 暂无任务，休息60秒...
[干市场] ⏳ 暂无任务，休息60秒...
[曲市场] ⏳ 暂无任务，休息60秒...
[桥客服] ⏳ 暂无任务，休息60秒...
[银客服] ⏳ 暂无任务，休息60秒...
[言客服] ⏳ 暂无任务，休息60秒...
[朱巨信] ⏳ 暂无任务，休息60秒...
[李廉智] ⏳ 暂无任务，休息60秒...
[水武库] ⏳ 暂无任务，休息60秒...
[葛破浪] ⏳ 暂无任务，休息60秒...
[皮右防] ⏳ 暂无任务，休息60秒...
[赏志明] ⏳ 暂无任务，休息60秒...
[财市场] ⏳ 暂无任务，休息60秒...
[蒋巨门] ⏳ 暂无任务，休息60秒...
[沈巨明] ⏳ 暂无任务，休息60秒...
[韩巨亮] ⏳ 暂无任务，休息60秒...
[杨巨知] ⏳ 暂无任务，休息60秒...
[伍廉贞] ⏳ 暂无任务，休息60秒...
[余廉心] ⏳ 暂无任务，休息60秒...
[元廉情] ⏳ 暂无任务，休息60秒...
[孟廉意] ⏳ 暂无任务，休息60秒...
[谢武功] ⏳ 暂无任务，休息60秒...
[邹武全] ⏳ 暂无任务，休息60秒...
[喻武能] ⏳ 暂无任务，休息60秒...
[柏武技] ⏳ 暂无任务，休息60秒...
[章破军] ⏳ 暂无任务，休息60秒...
[云破敌] ⏳ 暂无任务，休息60秒...
[苏破阵] ⏳ 暂无任务，休息60秒...
[潘破晓] ⏳ 暂无任务，休息60秒...
[倪左辅] ⏳ 暂无任务，休息60秒...
[汤左膀] ⏳ 暂无任务，休息60秒...
[殷左翼] ⏳ 暂无任务，休息60秒...
[殷左护] ⏳ 暂无任务，休息60秒...
[罗左卫] ⏳ 暂无任务，休息60秒...
[周右弼] ⏳ 暂无任务，休息60秒...
[乐右弼] ⏳ 暂无任务，休息60秒...
[于右护] ⏳ 暂无任务，休息60秒...
[时右卫] ⏳ 暂无任务，休息60秒...
[薛贪狼] ⏳ 暂无任务，休息60秒...
[雷贪音] ⏳ 暂无任务，休息60秒...
[贺贪形] ⏳ 暂无任务，休息60秒...
[贡志强] ⏳ 暂无任务，休息60秒...
[齐辅弼] ⏳ 暂无任务，休息60秒...
[康辅星] ⏳ 暂无任务，休息60秒...
[和产品] ⏳ 暂无任务，休息60秒...
[穆产品] ⏳ 暂无任务，休息60秒...
[刘二明] ⏳ 暂无任务，休息60秒...
[王三思] ⏳ 暂无任务，休息60秒...
[赵四维] ⏳ 暂无任务，休息60秒...
[周禄存] ⏳ 暂无任务，休息60秒...
[吴存真] ⏳ 暂无任务，休息60秒...
[郑存义] ⏳ 暂无任务，休息60秒...
[钱存信] ⏳ 暂无任务，休息60秒...
[冯存智] ⏳ 暂无任务，休息60秒...
[陈元灵] ⏳ 暂无任务，休息60秒...
[张一凡] ⏳ 暂无任务，休息60秒...
[孙五维] ⏳ 暂无任务，休息60秒...
[陈存理] ⏳ 暂无任务，休息60秒...
[褚存道] ⏳ 暂无任务，休息60秒...
[卫存德] ⏳ 暂无任务，休息60秒...
[秦巨诚] ⏳ 暂无任务，休息60秒...
[许巨真] ⏳ 暂无任务，休息60秒...
[戚巨实] ⏳ 暂无任务，休息60秒...
[窦武备] ⏳ 暂无任务，休息60秒...
[奚破浪] ⏳ 暂无任务，休息60秒...
[范破空] ⏳ 暂无任务，休息60秒...
[柯破云] ⏳ 暂无任务，休息60秒...
[厉破风] ⏳ 暂无任务，休息60秒...
[岑破雷] ⏳ 暂无任务，休息60秒...
[毕左护] ⏳ 暂无任务，休息60秒...
[郝左持] ⏳ 暂无任务，休息60秒...
[邬左扶] ⏳ 暂无任务，休息60秒...
[安左助] ⏳ 暂无任务，休息60秒...
[常左协] ⏳ 暂无任务，休息60秒...
[李星辰] ⏳ 暂无任务，休息60秒...
[卞右盾] ⏳ 暂无任务，休息60秒...
[巴图] ⏳ 暂无任务，休息60秒...
[弓志明] ⏳ 暂无任务，休息60秒...
[母志明] ⏳ 暂无任务，休息60秒...
[干市场] ⏳ 暂无任务，休息60秒...
[曲市场] ⏳ 暂无任务，休息60秒...
[桥客服] ⏳ 暂无任务，休息60秒...
[银客服] ⏳ 暂无任务，休息60秒...
[言客服] ⏳ 暂无任务，休息60秒...
[朱巨信] ⏳ 暂无任务，休息60秒...
[李廉智] ⏳ 暂无任务，休息60秒...
[水武库] ⏳ 暂无任务，休息60秒...
[葛破浪] ⏳ 暂无任务，休息60秒...
[皮右防] ⏳ 暂无任务，休息60秒...
[赏志明] ⏳ 暂无任务，休息60秒...
[财市场] ⏳ 暂无任务，休息60秒...
[蒋巨门] ⏳ 暂无任务，休息60秒...
[沈巨明] ⏳ 暂无任务，休息60秒...
[韩巨亮] ⏳ 暂无任务，休息60秒...
[杨巨知] ⏳ 暂无任务，休息60秒...
[伍廉贞] ⏳ 暂无任务，休息60秒...
[余廉心] ⏳ 暂无任务，休息60秒...
[元廉情] ⏳ 暂无任务，休息60秒...
[孟廉意] ⏳ 暂无任务，休息60秒...
[谢武功] ⏳ 暂无任务，休息60秒...
[邹武全] ⏳ 暂无任务，休息60秒...
[喻武能] ⏳ 暂无任务，休息60秒...
[柏武技] ⏳ 暂无任务，休息60秒...
[章破军] ⏳ 暂无任务，休息60秒...
[云破敌] ⏳ 暂无任务，休息60秒...
[苏破阵] ⏳ 暂无任务，休息60秒...
[潘破晓] ⏳ 暂无任务，休息60秒...
[倪左辅] ⏳ 暂无任务，休息60秒...
[汤左膀] ⏳ 暂无任务，休息60秒...
[殷左翼] ⏳ 暂无任务，休息60秒...
[殷左护] ⏳ 暂无任务，休息60秒...
[罗左卫] ⏳ 暂无任务，休息60秒...
[周右弼] ⏳ 暂无任务，休息60秒...
[乐右弼] ⏳ 暂无任务，休息60秒...
[于右护] ⏳ 暂无任务，休息60秒...
[时右卫] ⏳ 暂无任务，休息60秒...
[薛贪狼] ⏳ 暂无任务，休息60秒...
[雷贪音] ⏳ 暂无任务，休息60秒...
[贺贪形] ⏳ 暂无任务，休息60秒...
[贡志强] ⏳ 暂无任务，休息60秒...
[齐辅弼] ⏳ 暂无任务，休息60秒...
[康辅星] ⏳ 暂无任务，休息60秒...
[和产品] ⏳ 暂无任务，休息60秒...
[穆产品] ⏳ 暂无任务，休息60秒...
[刘二明] ⏳ 暂无任务，休息60秒...
[王三思] ⏳ 暂无任务，休息60秒...
[赵四维] ⏳ 暂无任务，休息60秒...
[周禄存] ⏳ 暂无任务，休息60秒...
[吴存真] ⏳ 暂无任务，休息60秒...
[郑存义] ⏳ 暂无任务，休息60秒...
[钱存信] ⏳ 暂无任务，休息60秒...
[冯存智] ⏳ 暂无任务，休息60秒...
[陈元灵] ⏳ 暂无任务，休息60秒...
[张一凡] ⏳ 暂无任务，休息60秒...
[孙五维] ⏳ 暂无任务，休息60秒...
[陈存理] ⏳ 暂无任务，休息60秒...
[褚存道] ⏳ 暂无任务，休息60秒...
[卫存德] ⏳ 暂无任务，休息60秒...
[秦巨诚] ⏳ 暂无任务，休息60秒...
[许巨真] ⏳ 暂无任务，休息60秒...
[戚巨实] ⏳ 暂无任务，休息60秒...
[窦武备] ⏳ 暂无任务，休息60秒...
[奚破浪] ⏳ 暂无任务，休息60秒...
[范破空] ⏳ 暂无任务，休息60秒...
[柯破云] ⏳ 暂无任务，休息60秒...
[厉破风] ⏳ 暂无任务，休息60秒...
[岑破雷] ⏳ 暂无任务，休息60秒...
[毕左护] ⏳ 暂无任务，休息60秒...
[郝左持] ⏳ 暂无任务，休息60秒...
[邬左扶] ⏳ 暂无任务，休息60秒...
[安左助] ⏳ 暂无任务，休息60秒...
[常左协] ⏳ 暂无任务，休息60秒...
[李星辰] ⏳ 暂无任务，休息60秒...
[卞右盾] ⏳ 暂无任务，休息60秒...
[巴图] ⏳ 暂无任务，休息60秒...
[弓志明] ⏳ 暂无任务，休息60秒...
[母志明] ⏳ 暂无任务，休息60秒...
[干市场] ⏳ 暂无任务，休息60秒...
[曲市场] ⏳ 暂无任务，休息60秒...
[桥客服] ⏳ 暂无任务，休息60秒...
[银客服] ⏳ 暂无任务，休息60秒...
[言客服] ⏳ 暂无任务，休息60秒...
[朱巨信] ⏳ 暂无任务，休息60秒...
[李廉智] ⏳ 暂无任务，休息60秒...
[水武库] ⏳ 暂无任务，休息60秒...
[葛破浪] ⏳ 暂无任务，休息60秒...
[皮右防] ⏳ 暂无任务，休息60秒...
[赏志明] ⏳ 暂无任务，休息60秒...
[财市场] ⏳ 暂无任务，休息60秒...
[蒋巨门] ⏳ 暂无任务，休息60秒...
[沈巨明] ⏳ 暂无任务，休息60秒...
[韩巨亮] ⏳ 暂无任务，休息60秒...
[杨巨知] ⏳ 暂无任务，休息60秒...
[伍廉贞] ⏳ 暂无任务，休息60秒...
[余廉心] ⏳ 暂无任务，休息60秒...
[元廉情] ⏳ 暂无任务，休息60秒...
[孟廉意] ⏳ 暂无任务，休息60秒...
[谢武功] ⏳ 暂无任务，休息60秒...
[邹武全] ⏳ 暂无任务，休息60秒...
[喻武能] ⏳ 暂无任务，休息60秒...
[柏武技] ⏳ 暂无任务，休息60秒...
[章破军] ⏳ 暂无任务，休息60秒...
[云破敌] ⏳ 暂无任务，休息60秒...
[苏破阵] ⏳ 暂无任务，休息60秒...
[潘破晓] ⏳ 暂无任务，休息60秒...
[倪左辅] ⏳ 暂无任务，休息60秒...
[汤左膀] ⏳ 暂无任务，休息60秒...
[殷左翼] ⏳ 暂无任务，休息60秒...
[殷左护] ⏳ 暂无任务，休息60秒...
[罗左卫] ⏳ 暂无任务，休息60秒...
[周右弼] ⏳ 暂无任务，休息60秒...
[乐右弼] ⏳ 暂无任务，休息60秒...
[于右护] ⏳ 暂无任务，休息60秒...
[时右卫] ⏳ 暂无任务，休息60秒...
[薛贪狼] ⏳ 暂无任务，休息60秒...
[雷贪音] ⏳ 暂无任务，休息60秒...
[贺贪形] ⏳ 暂无任务，休息60秒...
[贡志强] ⏳ 暂无任务，休息60秒...
[齐辅弼] ⏳ 暂无任务，休息60秒...
[康辅星] ⏳ 暂无任务，休息60秒...
[和产品] ⏳ 暂无任务，休息60秒...
[穆产品] ⏳ 暂无任务，休息60秒...
[刘二明] ⏳ 暂无任务，休息60秒...
[王三思] ⏳ 暂无任务，休息60秒...
[赵四维] ⏳ 暂无任务，休息60秒...
[周禄存] ⏳ 暂无任务，休息60秒...
[吴存真] ⏳ 暂无任务，休息60秒...
[郑存义] ⏳ 暂无任务，休息60秒...
[钱存信] ⏳ 暂无任务，休息60秒...
[冯存智] ⏳ 暂无任务，休息60秒...
[陈元灵] ⏳ 暂无任务，休息60秒...
[张一凡] ⏳ 暂无任务，休息60秒...
[孙五维] ⏳ 暂无任务，休息60秒...
[陈存理] ⏳ 暂无任务，休息60秒...
[褚存道] ⏳ 暂无任务，休息60秒...
[卫存德] ⏳ 暂无任务，休息60秒...
[秦巨诚] ⏳ 暂无任务，休息60秒...
[许巨真] ⏳ 暂无任务，休息60秒...
[戚巨实] ⏳ 暂无任务，休息60秒...
[窦武备] ⏳ 暂无任务，休息60秒...
[奚破浪] ⏳ 暂无任务，休息60秒...
[范破空] ⏳ 暂无任务，休息60秒...
[柯破云] ⏳ 暂无任务，休息60秒...
[厉破风] ⏳ 暂无任务，休息60秒...
[岑破雷] ⏳ 暂无任务，休息60秒...
[毕左护] ⏳ 暂无任务，休息60秒...
[郝左持] ⏳ 暂无任务，休息60秒...
[邬左扶] ⏳ 暂无任务，休息60秒...
[安左助] ⏳ 暂无任务，休息60秒...
[常左协] ⏳ 暂无任务，休息60秒...
[李星辰] ⏳ 暂无任务，休息60秒...
[卞右盾] ⏳ 暂无任务，休息60秒...
[巴图] ⏳ 暂无任务，休息60秒...
[弓志明] ⏳ 暂无任务，休息60秒...
[母志明] ⏳ 暂无任务，休息60秒...
[干市场] ⏳ 暂无任务，休息60秒...
[曲市场] ⏳ 暂无任务，休息60秒...
[桥客服] ⏳ 暂无任务，休息60秒...
[银客服] ⏳ 暂无任务，休息60秒...
[言客服] ⏳ 暂无任务，休息60秒...
[朱巨信] ⏳ 暂无任务，休息60秒...
[李廉智] ⏳ 暂无任务，休息60秒...
[水武库] ⏳ 暂无任务，休息60秒...
[葛破浪] ⏳ 暂无任务，休息60秒...
[皮右防] ⏳ 暂无任务，休息60秒...
[赏志明] ⏳ 暂无任务，休息60秒...
[财市场] ⏳ 暂无任务，休息60秒...
[蒋巨门] ⏳ 暂无任务，休息60秒...
[沈巨明] ⏳ 暂无任务，休息60秒...
[韩巨亮] ⏳ 暂无任务，休息60秒...
[杨巨知] ⏳ 暂无任务，休息60秒...
[伍廉贞] ⏳ 暂无任务，休息60秒...
[余廉心] ⏳ 暂无任务，休息60秒...
[元廉情] ⏳ 暂无任务，休息60秒...
[孟廉意] ⏳ 暂无任务，休息60秒...
[谢武功] ⏳ 暂无任务，休息60秒...
[邹武全] ⏳ 暂无任务，休息60秒...
[喻武能] ⏳ 暂无任务，休息60秒...
[柏武技] ⏳ 暂无任务，休息60秒...
[章破军] ⏳ 暂无任务，休息60秒...
[云破敌] ⏳ 暂无任务，休息60秒...
[苏破阵] ⏳ 暂无任务，休息60秒...
[潘破晓] ⏳ 暂无任务，休息60秒...
[倪左辅] ⏳ 暂无任务，休息60秒...
[汤左膀] ⏳ 暂无任务，休息60秒...
[殷左翼] ⏳ 暂无任务，休息60秒...
[殷左护] ⏳ 暂无任务，休息60秒...
[罗左卫] ⏳ 暂无任务，休息60秒...
[周右弼] ⏳ 暂无任务，休息60秒...
[乐右弼] ⏳ 暂无任务，休息60秒...
[于右护] ⏳ 暂无任务，休息60秒...
[时右卫] ⏳ 暂无任务，休息60秒...
[薛贪狼] ⏳ 暂无任务，休息60秒...
[雷贪音] ⏳ 暂无任务，休息60秒...
[贺贪形] ⏳ 暂无任务，休息60秒...
[贡志强] ⏳ 暂无任务，休息60秒...
[齐辅弼] ⏳ 暂无任务，休息60秒...
[康辅星] ⏳ 暂无任务，休息60秒...
[和产品] ⏳ 暂无任务，休息60秒...
[穆产品] ⏳ 暂无任务，休息60秒...
[刘二明] ⏳ 暂无任务，休息60秒...
[王三思] ⏳ 暂无任务，休息60秒...
[赵四维] ⏳ 暂无任务，休息60秒...
[周禄存] ⏳ 暂无任务，休息60秒...
[吴存真] ⏳ 暂无任务，休息60秒...
[郑存义] ⏳ 暂无任务，休息60秒...
[钱存信] ⏳ 暂无任务，休息60秒...
[冯存智] ⏳ 暂无任务，休息60秒...
[陈元灵] ⏳ 暂无任务，休息60秒...
[张一凡] ⏳ 暂无任务，休息60秒...
[孙五维] ⏳ 暂无任务，休息60秒...
[陈存理] ⏳ 暂无任务，休息60秒...
[褚存道] ⏳ 暂无任务，休息60秒...
[卫存德] ⏳ 暂无任务，休息60秒...
[秦巨诚] ⏳ 暂无任务，休息60秒...
[许巨真] ⏳ 暂无任务，休息60秒...
[戚巨实] ⏳ 暂无任务，休息60秒...
[窦武备] ⏳ 暂无任务，休息60秒...
[奚破浪] ⏳ 暂无任务，休息60秒...
[范破空] ⏳ 暂无任务，休息60秒...
[柯破云] ⏳ 暂无任务，休息60秒...
[厉破风] ⏳ 暂无任务，休息60秒...
[岑破雷] ⏳ 暂无任务，休息60秒...
[毕左护] ⏳ 暂无任务，休息60秒...
[郝左持] ⏳ 暂无任务，休息60秒...
[邬左扶] ⏳ 暂无任务，休息60秒...
[安左助] ⏳ 暂无任务，休息60秒...
[常左协] ⏳ 暂无任务，休息60秒...
[李星辰] ⏳ 暂无任务，休息60秒...
[卞右盾] ⏳ 暂无任务，休息60秒...
[巴图] ⏳ 暂无任务，休息60秒...
[弓志明] ⏳ 暂无任务，休息60秒...
[母志明] ⏳ 暂无任务，休息60秒...
[干市场] ⏳ 暂无任务，休息60秒...
[曲市场] ⏳ 暂无任务，休息60秒...
[桥客服] ⏳ 暂无任务，休息60秒...
[银客服] ⏳ 暂无任务，休息60秒...
[言客服] ⏳ 暂无任务，休息60秒...
[朱巨信] ⏳ 暂无任务，休息60秒...
[李廉智] ⏳ 暂无任务，休息60秒...
[水武库] ⏳ 暂无任务，休息60秒...
[葛破浪] ⏳ 暂无任务，休息60秒...
[皮右防] ⏳ 暂无任务，休息60秒...
[赏志明] ⏳ 暂无任务，休息60秒...
[财市场] ⏳ 暂无任务，休息60秒...
[蒋巨门] ⏳ 暂无任务，休息60秒...
[沈巨明] ⏳ 暂无任务，休息60秒...
[韩巨亮] ⏳ 暂无任务，休息60秒...
[杨巨知] ⏳ 暂无任务，休息60秒...
[伍廉贞] ⏳ 暂无任务，休息60秒...
[余廉心] ⏳ 暂无任务，休息60秒...
[元廉情] ⏳ 暂无任务，休息60秒...
[孟廉意] ⏳ 暂无任务，休息60秒...
[谢武功] ⏳ 暂无任务，休息60秒...
[邹武全] ⏳ 暂无任务，休息60秒...
[喻武能] ⏳ 暂无任务，休息60秒...
[柏武技] ⏳ 暂无任务，休息60秒...
[章破军] ⏳ 暂无任务，休息60秒...
[云破敌] ⏳ 暂无任务，休息60秒...
[苏破阵] ⏳ 暂无任务，休息60秒...
[潘破晓] ⏳ 暂无任务，休息60秒...
[倪左辅] ⏳ 暂无任务，休息60秒...
[汤左膀] ⏳ 暂无任务，休息60秒...
[殷左翼] ⏳ 暂无任务，休息60秒...
[殷左护] ⏳ 暂无任务，休息60秒...
[罗左卫] ⏳ 暂无任务，休息60秒...
[周右弼] ⏳ 暂无任务，休息60秒...
[乐右弼] ⏳ 暂无任务，休息60秒...
[于右护] ⏳ 暂无任务，休息60秒...
[时右卫] ⏳ 暂无任务，休息60秒...
[薛贪狼] ⏳ 暂无任务，休息60秒...
[雷贪音] ⏳ 暂无任务，休息60秒...
[贺贪形] ⏳ 暂无任务，休息60秒...
[贡志强] ⏳ 暂无任务，休息60秒...
[齐辅弼] ⏳ 暂无任务，休息60秒...
[康辅星] ⏳ 暂无任务，休息60秒...
[和产品] ⏳ 暂无任务，休息60秒...
[穆产品] ⏳ 暂无任务，休息60秒...
[刘二明] ⏳ 暂无任务，休息60秒...
[王三思] ⏳ 暂无任务，休息60秒...
[赵四维] ⏳ 暂无任务，休息60秒...
[周禄存] ⏳ 暂无任务，休息60秒...
[吴存真] ⏳ 暂无任务，休息60秒...
[郑存义] ⏳ 暂无任务，休息60秒...
[钱存信] ⏳ 暂无任务，休息60秒...
[冯存智] ⏳ 暂无任务，休息60秒...
[陈元灵] ⏳ 暂无任务，休息60秒...
[张一凡] ⏳ 暂无任务，休息60秒...
[孙五维] ⏳ 暂无任务，休息60秒...
[陈存理] ⏳ 暂无任务，休息60秒...
[褚存道] ⏳ 暂无任务，休息60秒...
[卫存德] ⏳ 暂无任务，休息60秒...
[秦巨诚] ⏳ 暂无任务，休息60秒...
[许巨真] ⏳ 暂无任务，休息60秒...
[戚巨实] ⏳ 暂无任务，休息60秒...
[窦武备] ⏳ 暂无任务，休息60秒...
[奚破浪] ⏳ 暂无任务，休息60秒...
[范破空] ⏳ 暂无任务，休息60秒...
[柯破云] ⏳ 暂无任务，休息60秒...
[厉破风] ⏳ 暂无任务，休息60秒...
[岑破雷] ⏳ 暂无任务，休息60秒...
[毕左护] ⏳ 暂无任务，休息60秒...
[郝左持] ⏳ 暂无任务，休息60秒...
[邬左扶] ⏳ 暂无任务，休息60秒...
[安左助] ⏳ 暂无任务，休息60秒...
[常左协] ⏳ 暂无任务，休息60秒...
[李星辰] ⏳ 暂无任务，休息60秒...
[卞右盾] ⏳ 暂无任务，休息60秒...
[巴图] ⏳ 暂无任务，休息60秒...
[弓志明] ⏳ 暂无任务，休息60秒...
[母志明] ⏳ 暂无任务，休息60秒...
[干市场] ⏳ 暂无任务，休息60秒...
[曲市场] ⏳ 暂无任务，休息60秒...
[桥客服] ⏳ 暂无任务，休息60秒...
[银客服] ⏳ 暂无任务，休息60秒...
[言客服] ⏳ 暂无任务，休息60秒...
[朱巨信] ⏳ 暂无任务，休息60秒...
[李廉智] ⏳ 暂无任务，休息60秒...
[水武库] ⏳ 暂无任务，休息60秒...
[葛破浪] ⏳ 暂无任务，休息60秒...
[皮右防] ⏳ 暂无任务，休息60秒...
[赏志明] ⏳ 暂无任务，休息60秒...
[财市场] ⏳ 暂无任务，休息60秒...
[蒋巨门] ⏳ 暂无任务，休息60秒...
[沈巨明] ⏳ 暂无任务，休息60秒...
[韩巨亮] ⏳ 暂无任务，休息60秒...
[杨巨知] ⏳ 暂无任务，休息60秒...
[伍廉贞] ⏳ 暂无任务，休息60秒...
[余廉心] ⏳ 暂无任务，休息60秒...
[元廉情] ⏳ 暂无任务，休息60秒...
[孟廉意] ⏳ 暂无任务，休息60秒...
[谢武功] ⏳ 暂无任务，休息60秒...
[邹武全] ⏳ 暂无任务，休息60秒...
[喻武能] ⏳ 暂无任务，休息60秒...
[柏武技] ⏳ 暂无任务，休息60秒...
[章破军] ⏳ 暂无任务，休息60秒...
[云破敌] ⏳ 暂无任务，休息60秒...
[苏破阵] ⏳ 暂无任务，休息60秒...
[潘破晓] ⏳ 暂无任务，休息60秒...
[倪左辅] ⏳ 暂无任务，休息60秒...
[汤左膀] ⏳ 暂无任务，休息60秒...
[殷左翼] ⏳ 暂无任务，休息60秒...
[殷左护] ⏳ 暂无任务，休息60秒...
[罗左卫] ⏳ 暂无任务，休息60秒...
[周右弼] ⏳ 暂无任务，休息60秒...
[乐右弼] ⏳ 暂无任务，休息60秒...
[于右护] ⏳ 暂无任务，休息60秒...
[时右卫] ⏳ 暂无任务，休息60秒...
[薛贪狼] ⏳ 暂无任务，休息60秒...
[雷贪音] ⏳ 暂无任务，休息60秒...
[贺贪形] ⏳ 暂无任务，休息60秒...
[贡志强] ⏳ 暂无任务，休息60秒...
[齐辅弼] ⏳ 暂无任务，休息60秒...
[康辅星] ⏳ 暂无任务，休息60秒...
[和产品] ⏳ 暂无任务，休息60秒...
[穆产品] ⏳ 暂无任务，休息60秒...
[刘二明] ⏳ 暂无任务，休息60秒...
[王三思] ⏳ 暂无任务，休息60秒...
[赵四维] ⏳ 暂无任务，休息60秒...
[周禄存] ⏳ 暂无任务，休息60秒...
[吴存真] ⏳ 暂无任务，休息60秒...
[郑存义] ⏳ 暂无任务，休息60秒...
[钱存信] ⏳ 暂无任务，休息60秒...
[冯存智] ⏳ 暂无任务，休息60秒...
[陈元灵] ⏳ 暂无任务，休息60秒...
[张一凡] ⏳ 暂无任务，休息60秒...
[孙五维] ⏳ 暂无任务，休息60秒...
[陈存理] ⏳ 暂无任务，休息60秒...
[褚存道] ⏳ 暂无任务，休息60秒...
[卫存德] ⏳ 暂无任务，休息60秒...
[秦巨诚] ⏳ 暂无任务，休息60秒...
[许巨真] ⏳ 暂无任务，休息60秒...
[戚巨实] ⏳ 暂无任务，休息60秒...
[窦武备] ⏳ 暂无任务，休息60秒...
[奚破浪] ⏳ 暂无任务，休息60秒...
[范破空] ⏳ 暂无任务，休息60秒...
[柯破云] ⏳ 暂无任务，休息60秒...
[厉破风] ⏳ 暂无任务，休息60秒...
[岑破雷] ⏳ 暂无任务，休息60秒...
[毕左护] ⏳ 暂无任务，休息60秒...
[郝左持] ⏳ 暂无任务，休息60秒...
[邬左扶] ⏳ 暂无任务，休息60秒...
[安左助] ⏳ 暂无任务，休息60秒...
[常左协] ⏳ 暂无任务，休息60秒...
[李星辰] ⏳ 暂无任务，休息60秒...
[卞右盾] ⏳ 暂无任务，休息60秒...
[巴图] ⏳ 暂无任务，休息60秒...
[弓志明] ⏳ 暂无任务，休息60秒...
[母志明] ⏳ 暂无任务，休息60秒...
[干市场] ⏳ 暂无任务，休息60秒...
[曲市场] ⏳ 暂无任务，休息60秒...
[桥客服] ⏳ 暂无任务，休息60秒...
[银客服] ⏳ 暂无任务，休息60秒...
[言客服] ⏳ 暂无任务，休息60秒...
[朱巨信] ⏳ 暂无任务，休息60秒...
[李廉智] ⏳ 暂无任务，休息60秒...
[水武库] ⏳ 暂无任务，休息60秒...
[葛破浪] ⏳ 暂无任务，休息60秒...
[皮右防] ⏳ 暂无任务，休息60秒...
[赏志明] ⏳ 暂无任务，休息60秒...
[财市场] ⏳ 暂无任务，休息60秒...
[蒋巨门] ⏳ 暂无任务，休息60秒...
[沈巨明] ⏳ 暂无任务，休息60秒...
[韩巨亮] ⏳ 暂无任务，休息60秒...
[杨巨知] ⏳ 暂无任务，休息60秒...
[伍廉贞] ⏳ 暂无任务，休息60秒...
[余廉心] ⏳ 暂无任务，休息60秒...
[元廉情] ⏳ 暂无任务，休息60秒...
[孟廉意] ⏳ 暂无任务，休息60秒...
[谢武功] ⏳ 暂无任务，休息60秒...
[邹武全] ⏳ 暂无任务，休息60秒...
[喻武能] ⏳ 暂无任务，休息60秒...
[柏武技] ⏳ 暂无任务，休息60秒...
[章破军] ⏳ 暂无任务，休息60秒...
[云破敌] ⏳ 暂无任务，休息60秒...
[苏破阵] ⏳ 暂无任务，休息60秒...
[潘破晓] ⏳ 暂无任务，休息60秒...
[倪左辅] ⏳ 暂无任务，休息60秒...
[汤左膀] ⏳ 暂无任务，休息60秒...
[殷左翼] ⏳ 暂无任务，休息60秒...
[殷左护] ⏳ 暂无任务，休息60秒...
[罗左卫] ⏳ 暂无任务，休息60秒...
[周右弼] ⏳ 暂无任务，休息60秒...
[乐右弼] ⏳ 暂无任务，休息60秒...
[于右护] ⏳ 暂无任务，休息60秒...
[时右卫] ⏳ 暂无任务，休息60秒...
[薛贪狼] ⏳ 暂无任务，休息60秒...
[雷贪音] ⏳ 暂无任务，休息60秒...
[贺贪形] ⏳ 暂无任务，休息60秒...
[贡志强] ⏳ 暂无任务，休息60秒...
[齐辅弼] ⏳ 暂无任务，休息60秒...
[康辅星] ⏳ 暂无任务，休息60秒...
[和产品] ⏳ 暂无任务，休息60秒...
[穆产品] ⏳ 暂无任务，休息60秒...
[刘二明] ⏳ 暂无任务，休息60秒...
[王三思] ⏳ 暂无任务，休息60秒...
[赵四维] ⏳ 暂无任务，休息60秒...
[周禄存] ⏳ 暂无任务，休息60秒...
[吴存真] ⏳ 暂无任务，休息60秒...
[郑存义] ⏳ 暂无任务，休息60秒...
[钱存信] ⏳ 暂无任务，休息60秒...
[冯存智] ⏳ 暂无任务，休息60秒...
[陈元灵] ⏳ 暂无任务，休息60秒...
[张一凡] ⏳ 暂无任务，休息60秒...
[孙五维] ⏳ 暂无任务，休息60秒...
[陈存理] ⏳ 暂无任务，休息60秒...
[褚存道] ⏳ 暂无任务，休息60秒...
[卫存德] ⏳ 暂无任务，休息60秒...
[秦巨诚] ⏳ 暂无任务，休息60秒...
[许巨真] ⏳ 暂无任务，休息60秒...
[戚巨实] ⏳ 暂无任务，休息60秒...
[窦武备] ⏳ 暂无任务，休息60秒...
[奚破浪] ⏳ 暂无任务，休息60秒...
[范破空] ⏳ 暂无任务，休息60秒...
[柯破云] ⏳ 暂无任务，休息60秒...
[厉破风] ⏳ 暂无任务，休息60秒...
[岑破雷] ⏳ 暂无任务，休息60秒...
[毕左护] ⏳ 暂无任务，休息60秒...
[郝左持] ⏳ 暂无任务，休息60秒...
[邬左扶] ⏳ 暂无任务，休息60秒...
[安左助] ⏳ 暂无任务，休息60秒...
[常左协] ⏳ 暂无任务，休息60秒...
[李星辰] ⏳ 暂无任务，休息60秒...
[卞右盾] ⏳ 暂无任务，休息60秒...
[巴图] ⏳ 暂无任务，休息60秒...
[弓志明] ⏳ 暂无任务，休息60秒...
[母志明] ⏳ 暂无任务，休息60秒...
[干市场] ⏳ 暂无任务，休息60秒...
[曲市场] ⏳ 暂无任务，休息60秒...
[桥客服] ⏳ 暂无任务，休息60秒...
[银客服] ⏳ 暂无任务，休息60秒...
[言客服] ⏳ 暂无任务，休息60秒...
[朱巨信] ⏳ 暂无任务，休息60秒...
[李廉智] ⏳ 暂无任务，休息60秒...
[水武库] ⏳ 暂无任务，休息60秒...
[葛破浪] ⏳ 暂无任务，休息60秒...
[皮右防] ⏳ 暂无任务，休息60秒...
[赏志明] ⏳ 暂无任务，休息60秒...
[财市场] ⏳ 暂无任务，休息60秒...
[蒋巨门] ⏳ 暂无任务，休息60秒...
[沈巨明] ⏳ 暂无任务，休息60秒...
[韩巨亮] ⏳ 暂无任务，休息60秒...
[杨巨知] ⏳ 暂无任务，休息60秒...
[伍廉贞] ⏳ 暂无任务，休息60秒...
[余廉心] ⏳ 暂无任务，休息60秒...
[元廉情] ⏳ 暂无任务，休息60秒...
[孟廉意] ⏳ 暂无任务，休息60秒...
[谢武功] ⏳ 暂无任务，休息60秒...
[邹武全] ⏳ 暂无任务，休息60秒...
[喻武能] ⏳ 暂无任务，休息60秒...
[柏武技] ⏳ 暂无任务，休息60秒...
[章破军] ⏳ 暂无任务，休息60秒...
[云破敌] ⏳ 暂无任务，休息60秒...
[苏破阵] ⏳ 暂无任务，休息60秒...
[潘破晓] ⏳ 暂无任务，休息60秒...
[倪左辅] ⏳ 暂无任务，休息60秒...
[汤左膀] ⏳ 暂无任务，休息60秒...
[殷左翼] ⏳ 暂无任务，休息60秒...
[殷左护] ⏳ 暂无任务，休息60秒...
[罗左卫] ⏳ 暂无任务，休息60秒...
[周右弼] ⏳ 暂无任务，休息60秒...
[乐右弼] ⏳ 暂无任务，休息60秒...
[于右护] ⏳ 暂无任务，休息60秒...
[时右卫] ⏳ 暂无任务，休息60秒...
[薛贪狼] ⏳ 暂无任务，休息60秒...
[雷贪音] ⏳ 暂无任务，休息60秒...
[贺贪形] ⏳ 暂无任务，休息60秒...
[贡志强] ⏳ 暂无任务，休息60秒...
[齐辅弼] ⏳ 暂无任务，休息60秒...
[康辅星] ⏳ 暂无任务，休息60秒...
[和产品] ⏳ 暂无任务，休息60秒...
[穆产品] ⏳ 暂无任务，休息60秒...
[刘二明] ⏳ 暂无任务，休息60秒...
[王三思] ⏳ 暂无任务，休息60秒...
[赵四维] ⏳ 暂无任务，休息60秒...
[周禄存] ⏳ 暂无任务，休息60秒...
[吴存真] ⏳ 暂无任务，休息60秒...
[郑存义] ⏳ 暂无任务，休息60秒...
[钱存信] ⏳ 暂无任务，休息60秒...
[冯存智] ⏳ 暂无任务，休息60秒...
[陈元灵] ⏳ 暂无任务，休息60秒...
[张一凡] ⏳ 暂无任务，休息60秒...
[孙五维] ⏳ 暂无任务，休息60秒...
[陈存理] ⏳ 暂无任务，休息60秒...
[褚存道] ⏳ 暂无任务，休息60秒...
[卫存德] ⏳ 暂无任务，休息60秒...
[秦巨诚] ⏳ 暂无任务，休息60秒...
[许巨真] ⏳ 暂无任务，休息60秒...
[戚巨实] ⏳ 暂无任务，休息60秒...
[窦武备] ⏳ 暂无任务，休息60秒...
[奚破浪] ⏳ 暂无任务，休息60秒...
[范破空] ⏳ 暂无任务，休息60秒...
[柯破云] ⏳ 暂无任务，休息60秒...
[厉破风] ⏳ 暂无任务，休息60秒...
[岑破雷] ⏳ 暂无任务，休息60秒...
[毕左护] ⏳ 暂无任务，休息60秒...
[郝左持] ⏳ 暂无任务，休息60秒...
[邬左扶] ⏳ 暂无任务，休息60秒...
[安左助] ⏳ 暂无任务，休息60秒...
[常左协] ⏳ 暂无任务，休息60秒...
[李星辰] ⏳ 暂无任务，休息60秒...
[卞右盾] ⏳ 暂无任务，休息60秒...
[巴图] ⏳ 暂无任务，休息60秒...
[弓志明] ⏳ 暂无任务，休息60秒...
[母志明] ⏳ 暂无任务，休息60秒...
[干市场] ⏳ 暂无任务，休息60秒...
[曲市场] ⏳ 暂无任务，休息60秒...
[桥客服] ⏳ 暂无任务，休息60秒...
[银客服] ⏳ 暂无任务，休息60秒...
[言客服] ⏳ 暂无任务，休息60秒...
[朱巨信] ⏳ 暂无任务，休息60秒...
[李廉智] ⏳ 暂无任务，休息60秒...
[水武库] ⏳ 暂无任务，休息60秒...
[葛破浪] ⏳ 暂无任务，休息60秒...
[皮右防] ⏳ 暂无任务，休息60秒...
[赏志明] ⏳ 暂无任务，休息60秒...
[财市场] ⏳ 暂无任务，休息60秒...
[蒋巨门] ⏳ 暂无任务，休息60秒...
[沈巨明] ⏳ 暂无任务，休息60秒...
[韩巨亮] ⏳ 暂无任务，休息60秒...
[杨巨知] ⏳ 暂无任务，休息60秒...
[伍廉贞] ⏳ 暂无任务，休息60秒...
[余廉心] ⏳ 暂无任务，休息60秒...
[元廉情] ⏳ 暂无任务，休息60秒...
[孟廉意] ⏳ 暂无任务，休息60秒...
[谢武功] ⏳ 暂无任务，休息60秒...
[邹武全] ⏳ 暂无任务，休息60秒...
[喻武能] ⏳ 暂无任务，休息60秒...
[柏武技] ⏳ 暂无任务，休息60秒...
[章破军] ⏳ 暂无任务，休息60秒...
[云破敌] ⏳ 暂无任务，休息60秒...
[苏破阵] ⏳ 暂无任务，休息60秒...
[潘破晓] ⏳ 暂无任务，休息60秒...
[倪左辅] ⏳ 暂无任务，休息60秒...
[汤左膀] ⏳ 暂无任务，休息60秒...
[殷左翼] ⏳ 暂无任务，休息60秒...
[殷左护] ⏳ 暂无任务，休息60秒...
[罗左卫] ⏳ 暂无任务，休息60秒...
[周右弼] ⏳ 暂无任务，休息60秒...
[乐右弼] ⏳ 暂无任务，休息60秒...
[于右护] ⏳ 暂无任务，休息60秒...
[时右卫] ⏳ 暂无任务，休息60秒...
[薛贪狼] ⏳ 暂无任务，休息60秒...
[雷贪音] ⏳ 暂无任务，休息60秒...
[贺贪形] ⏳ 暂无任务，休息60秒...
[贡志强] ⏳ 暂无任务，休息60秒...
[齐辅弼] ⏳ 暂无任务，休息60秒...
[康辅星] ⏳ 暂无任务，休息60秒...
[和产品] ⏳ 暂无任务，休息60秒...
[穆产品] ⏳ 暂无任务，休息60秒...
[刘二明] ⏳ 暂无任务，休息60秒...
[王三思] ⏳ 暂无任务，休息60秒...
[赵四维] ⏳ 暂无任务，休息60秒...
[周禄存] ⏳ 暂无任务，休息60秒...
[吴存真] ⏳ 暂无任务，休息60秒...
[郑存义] ⏳ 暂无任务，休息60秒...
[钱存信] ⏳ 暂无任务，休息60秒...
[冯存智] ⏳ 暂无任务，休息60秒...
[陈元灵] ⏳ 暂无任务，休息60秒...
[张一凡] ⏳ 暂无任务，休息60秒...
[孙五维] ⏳ 暂无任务，休息60秒...
[陈存理] ⏳ 暂无任务，休息60秒...
[褚存道] ⏳ 暂无任务，休息60秒...
[卫存德] ⏳ 暂无任务，休息60秒...
[秦巨诚] ⏳ 暂无任务，休息60秒...
[许巨真] ⏳ 暂无任务，休息60秒...
[戚巨实] ⏳ 暂无任务，休息60秒...
[窦武备] ⏳ 暂无任务，休息60秒...
[奚破浪] ⏳ 暂无任务，休息60秒...
[范破空] ⏳ 暂无任务，休息60秒...
[柯破云] ⏳ 暂无任务，休息60秒...
[厉破风] ⏳ 暂无任务，休息60秒...
[岑破雷] ⏳ 暂无任务，休息60秒...
[毕左护] ⏳ 暂无任务，休息60秒...
[郝左持] ⏳ 暂无任务，休息60秒...
[邬左扶] ⏳ 暂无任务，休息60秒...
[安左助] ⏳ 暂无任务，休息60秒...
[常左协] ⏳ 暂无任务，休息60秒...
[李星辰] ⏳ 暂无任务，休息60秒...
[卞右盾] ⏳ 暂无任务，休息60秒...
[巴图] ⏳ 暂无任务，休息60秒...
[弓志明] ⏳ 暂无任务，休息60秒...
[母志明] ⏳ 暂无任务，休息60秒...
[干市场] ⏳ 暂无任务，休息60秒...
[曲市场] ⏳ 暂无任务，休息60秒...
[桥客服] ⏳ 暂无任务，休息60秒...
[银客服] ⏳ 暂无任务，休息60秒...
[言客服] ⏳ 暂无任务，休息60秒...
[朱巨信] ⏳ 暂无任务，休息60秒...
[李廉智] ⏳ 暂无任务，休息60秒...
[水武库] ⏳ 暂无任务，休息60秒...
[葛破浪] ⏳ 暂无任务，休息60秒...
[皮右防] ⏳ 暂无任务，休息60秒...
[赏志明] ⏳ 暂无任务，休息60秒...
[财市场] ⏳ 暂无任务，休息60秒...
[蒋巨门] ⏳ 暂无任务，休息60秒...
[沈巨明] ⏳ 暂无任务，休息60秒...
[韩巨亮] ⏳ 暂无任务，休息60秒...
[杨巨知] ⏳ 暂无任务，休息60秒...
[伍廉贞] ⏳ 暂无任务，休息60秒...
[余廉心] ⏳ 暂无任务，休息60秒...
[元廉情] ⏳ 暂无任务，休息60秒...
[孟廉意] ⏳ 暂无任务，休息60秒...
[谢武功] ⏳ 暂无任务，休息60秒...
[邹武全] ⏳ 暂无任务，休息60秒...
[喻武能] ⏳ 暂无任务，休息60秒...
[柏武技] ⏳ 暂无任务，休息60秒...
[章破军] ⏳ 暂无任务，休息60秒...
[云破敌] ⏳ 暂无任务，休息60秒...
[苏破阵] ⏳ 暂无任务，休息60秒...
[潘破晓] ⏳ 暂无任务，休息60秒...
[倪左辅] ⏳ 暂无任务，休息60秒...
[汤左膀] ⏳ 暂无任务，休息60秒...
[殷左翼] ⏳ 暂无任务，休息60秒...
[殷左护] ⏳ 暂无任务，休息60秒...
[罗左卫] ⏳ 暂无任务，休息60秒...
[周右弼] ⏳ 暂无任务，休息60秒...
[乐右弼] ⏳ 暂无任务，休息60秒...
[于右护] ⏳ 暂无任务，休息60秒...
[时右卫] ⏳ 暂无任务，休息60秒...
[薛贪狼] ⏳ 暂无任务，休息60秒...
[雷贪音] ⏳ 暂无任务，休息60秒...
[贺贪形] ⏳ 暂无任务，休息60秒...
[贡志强] ⏳ 暂无任务，休息60秒...
[齐辅弼] ⏳ 暂无任务，休息60秒...
[康辅星] ⏳ 暂无任务，休息60秒...
[和产品] ⏳ 暂无任务，休息60秒...
[穆产品] ⏳ 暂无任务，休息60秒...
[刘二明] ⏳ 暂无任务，休息60秒...
[王三思] ⏳ 暂无任务，休息60秒...
[赵四维] ⏳ 暂无任务，休息60秒...
[周禄存] ⏳ 暂无任务，休息60秒...
[吴存真] ⏳ 暂无任务，休息60秒...
[郑存义] ⏳ 暂无任务，休息60秒...
[钱存信] ⏳ 暂无任务，休息60秒...
[冯存智] ⏳ 暂无任务，休息60秒...
[陈元灵] ⏳ 暂无任务，休息60秒...
[张一凡] ⏳ 暂无任务，休息60秒...
[孙五维] ⏳ 暂无任务，休息60秒...
[陈存理] ⏳ 暂无任务，休息60秒...
[褚存道] ⏳ 暂无任务，休息60秒...
[卫存德] ⏳ 暂无任务，休息60秒...
[秦巨诚] ⏳ 暂无任务，休息60秒...
[许巨真] ⏳ 暂无任务，休息60秒...
[戚巨实] ⏳ 暂无任务，休息60秒...
[窦武备] ⏳ 暂无任务，休息60秒...
[奚破浪] ⏳ 暂无任务，休息60秒...
[范破空] ⏳ 暂无任务，休息60秒...
[柯破云] ⏳ 暂无任务，休息60秒...
[厉破风] ⏳ 暂无任务，休息60秒...
[岑破雷] ⏳ 暂无任务，休息60秒...
[毕左护] ⏳ 暂无任务，休息60秒...
[郝左持] ⏳ 暂无任务，休息60秒...
[邬左扶] ⏳ 暂无任务，休息60秒...
[安左助] ⏳ 暂无任务，休息60秒...
[常左协] ⏳ 暂无任务，休息60秒...
[李星辰] ⏳ 暂无任务，休息60秒...
[卞右盾] ⏳ 暂无任务，休息60秒...
[巴图] ⏳ 暂无任务，休息60秒...
[弓志明] ⏳ 暂无任务，休息60秒...
[母志明] ⏳ 暂无任务，休息60秒...
[干市场] ⏳ 暂无任务，休息60秒...
[曲市场] ⏳ 暂无任务，休息60秒...
[桥客服] ⏳ 暂无任务，休息60秒...
[银客服] ⏳ 暂无任务，休息60秒...
[言客服] ⏳ 暂无任务，休息60秒...
[朱巨信] ⏳ 暂无任务，休息60秒...
[李廉智] ⏳ 暂无任务，休息60秒...
[水武库] ⏳ 暂无任务，休息60秒...
[葛破浪] ⏳ 暂无任务，休息60秒...
[皮右防] ⏳ 暂无任务，休息60秒...
[赏志明] ⏳ 暂无任务，休息60秒...
[财市场] ⏳ 暂无任务，休息60秒...
[蒋巨门] ⏳ 暂无任务，休息60秒...
[沈巨明] ⏳ 暂无任务，休息60秒...
[韩巨亮] ⏳ 暂无任务，休息60秒...
[杨巨知] ⏳ 暂无任务，休息60秒...
[伍廉贞] ⏳ 暂无任务，休息60秒...
[余廉心] ⏳ 暂无任务，休息60秒...
[元廉情] ⏳ 暂无任务，休息60秒...
[孟廉意] ⏳ 暂无任务，休息60秒...
[谢武功] ⏳ 暂无任务，休息60秒...
[邹武全] ⏳ 暂无任务，休息60秒...
[喻武能] ⏳ 暂无任务，休息60秒...
[柏武技] ⏳ 暂无任务，休息60秒...
[章破军] ⏳ 暂无任务，休息60秒...
[云破敌] ⏳ 暂无任务，休息60秒...
[苏破阵] ⏳ 暂无任务，休息60秒...
[潘破晓] ⏳ 暂无任务，休息60秒...
[倪左辅] ⏳ 暂无任务，休息60秒...
[汤左膀] ⏳ 暂无任务，休息60秒...
[殷左翼] ⏳ 暂无任务，休息60秒...
[殷左护] ⏳ 暂无任务，休息60秒...
[罗左卫] ⏳ 暂无任务，休息60秒...
[周右弼] ⏳ 暂无任务，休息60秒...
[乐右弼] ⏳ 暂无任务，休息60秒...
[于右护] ⏳ 暂无任务，休息60秒...
[时右卫] ⏳ 暂无任务，休息60秒...
[薛贪狼] ⏳ 暂无任务，休息60秒...
[雷贪音] ⏳ 暂无任务，休息60秒...
[贺贪形] ⏳ 暂无任务，休息60秒...
[贡志强] ⏳ 暂无任务，休息60秒...
[齐辅弼] ⏳ 暂无任务，休息60秒...
[康辅星] ⏳ 暂无任务，休息60秒...
[和产品] ⏳ 暂无任务，休息60秒...
[穆产品] ⏳ 暂无任务，休息60秒...
[刘二明] ⏳ 暂无任务，休息60秒...
[王三思] ⏳ 暂无任务，休息60秒...
[赵四维] ⏳ 暂无任务，休息60秒...
[周禄存] ⏳ 暂无任务，休息60秒...
[吴存真] ⏳ 暂无任务，休息60秒...
[郑存义] ⏳ 暂无任务，休息60秒...
[钱存信] ⏳ 暂无任务，休息60秒...
[冯存智] ⏳ 暂无任务，休息60秒...
[陈元灵] ⏳ 暂无任务，休息60秒...
[张一凡] ⏳ 暂无任务，休息60秒...
[孙五维] ⏳ 暂无任务，休息60秒...
[陈存理] ⏳ 暂无任务，休息60秒...
[褚存道] ⏳ 暂无任务，休息60秒...
[卫存德] ⏳ 暂无任务，休息60秒...
[秦巨诚] ⏳ 暂无任务，休息60秒...
[许巨真] ⏳ 暂无任务，休息60秒...
[戚巨实] ⏳ 暂无任务，休息60秒...
[窦武备] ⏳ 暂无任务，休息60秒...
[奚破浪] ⏳ 暂无任务，休息60秒...
[范破空] ⏳ 暂无任务，休息60秒...
[柯破云] ⏳ 暂无任务，休息60秒...
[厉破风] ⏳ 暂无任务，休息60秒...
[岑破雷] ⏳ 暂无任务，休息60秒...
[毕左护] ⏳ 暂无任务，休息60秒...
[郝左持] ⏳ 暂无任务，休息60秒...
[邬左扶] ⏳ 暂无任务，休息60秒...
[安左助] ⏳ 暂无任务，休息60秒...
[常左协] ⏳ 暂无任务，休息60秒...
[李星辰] ⏳ 暂无任务，休息60秒...
[卞右盾] ⏳ 暂无任务，休息60秒...
[巴图] ⏳ 暂无任务，休息60秒...
[弓志明] ⏳ 暂无任务，休息60秒...
[母志明] ⏳ 暂无任务，休息60秒...
[干市场] ⏳ 暂无任务，休息60秒...
[曲市场] ⏳ 暂无任务，休息60秒...
[桥客服] ⏳ 暂无任务，休息60秒...
[银客服] ⏳ 暂无任务，休息60秒...
[言客服] ⏳ 暂无任务，休息60秒...
[朱巨信] ⏳ 暂无任务，休息60秒...
[李廉智] ⏳ 暂无任务，休息60秒...
[水武库] ⏳ 暂无任务，休息60秒...
[葛破浪] ⏳ 暂无任务，休息60秒...
[皮右防] ⏳ 暂无任务，休息60秒...
[赏志明] ⏳ 暂无任务，休息60秒...
[财市场] ⏳ 暂无任务，休息60秒...
[蒋巨门] ⏳ 暂无任务，休息60秒...
[沈巨明] ⏳ 暂无任务，休息60秒...
[韩巨亮] ⏳ 暂无任务，休息60秒...
[杨巨知] ⏳ 暂无任务，休息60秒...
[伍廉贞] ⏳ 暂无任务，休息60秒...
[余廉心] ⏳ 暂无任务，休息60秒...
[元廉情] ⏳ 暂无任务，休息60秒...
[孟廉意] ⏳ 暂无任务，休息60秒...
[谢武功] ⏳ 暂无任务，休息60秒...
[邹武全] ⏳ 暂无任务，休息60秒...
[喻武能] ⏳ 暂无任务，休息60秒...
[柏武技] ⏳ 暂无任务，休息60秒...
[章破军] ⏳ 暂无任务，休息60秒...
[云破敌] ⏳ 暂无任务，休息60秒...
[苏破阵] ⏳ 暂无任务，休息60秒...
[潘破晓] ⏳ 暂无任务，休息60秒...
[倪左辅] ⏳ 暂无任务，休息60秒...
[汤左膀] ⏳ 暂无任务，休息60秒...
[殷左翼] ⏳ 暂无任务，休息60秒...
[殷左护] ⏳ 暂无任务，休息60秒...
[罗左卫] ⏳ 暂无任务，休息60秒...
[周右弼] ⏳ 暂无任务，休息60秒...
[乐右弼] ⏳ 暂无任务，休息60秒...
[于右护] ⏳ 暂无任务，休息60秒...
[时右卫] ⏳ 暂无任务，休息60秒...
[薛贪狼] ⏳ 暂无任务，休息60秒...
[雷贪音] ⏳ 暂无任务，休息60秒...
[贺贪形] ⏳ 暂无任务，休息60秒...
[贡志强] ⏳ 暂无任务，休息60秒...
[齐辅弼] ⏳ 暂无任务，休息60秒...
[康辅星] ⏳ 暂无任务，休息60秒...
[和产品] ⏳ 暂无任务，休息60秒...
[穆产品] ⏳ 暂无任务，休息60秒...
[刘二明] ⏳ 暂无任务，休息60秒...
[王三思] ⏳ 暂无任务，休息60秒...
[赵四维] ⏳ 暂无任务，休息60秒...
[周禄存] ⏳ 暂无任务，休息60秒...
[吴存真] ⏳ 暂无任务，休息60秒...
[郑存义] ⏳ 暂无任务，休息60秒...
[钱存信] ⏳ 暂无任务，休息60秒...
[冯存智] ⏳ 暂无任务，休息60秒...
[陈元灵] ⏳ 暂无任务，休息60秒...
[张一凡] ⏳ 暂无任务，休息60秒...
[孙五维] ⏳ 暂无任务，休息60秒...
[陈存理] ⏳ 暂无任务，休息60秒...
[褚存道] ⏳ 暂无任务，休息60秒...
[卫存德] ⏳ 暂无任务，休息60秒...
[秦巨诚] ⏳ 暂无任务，休息60秒...
[许巨真] ⏳ 暂无任务，休息60秒...
[戚巨实] ⏳ 暂无任务，休息60秒...
[窦武备] ⏳ 暂无任务，休息60秒...
[奚破浪] ⏳ 暂无任务，休息60秒...
[范破空] ⏳ 暂无任务，休息60秒...
[柯破云] ⏳ 暂无任务，休息60秒...
[厉破风] ⏳ 暂无任务，休息60秒...
[岑破雷] ⏳ 暂无任务，休息60秒...
[毕左护] ⏳ 暂无任务，休息60秒...
[郝左持] ⏳ 暂无任务，休息60秒...
[邬左扶] ⏳ 暂无任务，休息60秒...
[安左助] ⏳ 暂无任务，休息60秒...
[常左协] ⏳ 暂无任务，休息60秒...
[李星辰] ⏳ 暂无任务，休息60秒...
[卞右盾] ⏳ 暂无任务，休息60秒...
[巴图] ⏳ 暂无任务，休息60秒...
[弓志明] ⏳ 暂无任务，休息60秒...
[母志明] ⏳ 暂无任务，休息60秒...
[干市场] ⏳ 暂无任务，休息60秒...
[曲市场] ⏳ 暂无任务，休息60秒...
[桥客服] ⏳ 暂无任务，休息60秒...
[银客服] ⏳ 暂无任务，休息60秒...
[言客服] ⏳ 暂无任务，休息60秒...
[朱巨信] ⏳ 暂无任务，休息60秒...
[李廉智] ⏳ 暂无任务，休息60秒...
[水武库] ⏳ 暂无任务，休息60秒...
[葛破浪] ⏳ 暂无任务，休息60秒...
[皮右防] ⏳ 暂无任务，休息60秒...
[赏志明] ⏳ 暂无任务，休息60秒...
[财市场] ⏳ 暂无任务，休息60秒...
[蒋巨门] ⏳ 暂无任务，休息60秒...
[沈巨明] ⏳ 暂无任务，休息60秒...
[韩巨亮] ⏳ 暂无任务，休息60秒...
[杨巨知] ⏳ 暂无任务，休息60秒...
[伍廉贞] ⏳ 暂无任务，休息60秒...
[余廉心] ⏳ 暂无任务，休息60秒...
[元廉情] ⏳ 暂无任务，休息60秒...
[孟廉意] ⏳ 暂无任务，休息60秒...
[谢武功] ⏳ 暂无任务，休息60秒...
[邹武全] ⏳ 暂无任务，休息60秒...
[喻武能] ⏳ 暂无任务，休息60秒...
[柏武技] ⏳ 暂无任务，休息60秒...
[章破军] ⏳ 暂无任务，休息60秒...
[云破敌] ⏳ 暂无任务，休息60秒...
[苏破阵] ⏳ 暂无任务，休息60秒...
[潘破晓] ⏳ 暂无任务，休息60秒...
[倪左辅] ⏳ 暂无任务，休息60秒...
[汤左膀] ⏳ 暂无任务，休息60秒...
[殷左翼] ⏳ 暂无任务，休息60秒...
[殷左护] ⏳ 暂无任务，休息60秒...
[罗左卫] ⏳ 暂无任务，休息60秒...
[周右弼] ⏳ 暂无任务，休息60秒...
[乐右弼] ⏳ 暂无任务，休息60秒...
[于右护] ⏳ 暂无任务，休息60秒...
[时右卫] ⏳ 暂无任务，休息60秒...
[薛贪狼] ⏳ 暂无任务，休息60秒...
[雷贪音] ⏳ 暂无任务，休息60秒...
[贺贪形] ⏳ 暂无任务，休息60秒...
[贡志强] ⏳ 暂无任务，休息60秒...
[齐辅弼] ⏳ 暂无任务，休息60秒...
[康辅星] ⏳ 暂无任务，休息60秒...
[和产品] ⏳ 暂无任务，休息60秒...
[穆产品] ⏳ 暂无任务，休息60秒...
[刘二明] ⏳ 暂无任务，休息60秒...
[王三思] ⏳ 暂无任务，休息60秒...
[赵四维] ⏳ 暂无任务，休息60秒...
[周禄存] ⏳ 暂无任务，休息60秒...
[吴存真] ⏳ 暂无任务，休息60秒...
[郑存义] ⏳ 暂无任务，休息60秒...
[钱存信] ⏳ 暂无任务，休息60秒...
[冯存智] ⏳ 暂无任务，休息60秒...
[陈元灵] ⏳ 暂无任务，休息60秒...
[张一凡] ⏳ 暂无任务，休息60秒...
[孙五维] ⏳ 暂无任务，休息60秒...
[陈存理] ⏳ 暂无任务，休息60秒...
[褚存道] ⏳ 暂无任务，休息60秒...
[卫存德] ⏳ 暂无任务，休息60秒...
[秦巨诚] ⏳ 暂无任务，休息60秒...
[许巨真] ⏳ 暂无任务，休息60秒...
[戚巨实] ⏳ 暂无任务，休息60秒...
[窦武备] ⏳ 暂无任务，休息60秒...
[奚破浪] ⏳ 暂无任务，休息60秒...
[范破空] ⏳ 暂无任务，休息60秒...
[柯破云] ⏳ 暂无任务，休息60秒...
[厉破风] ⏳ 暂无任务，休息60秒...
[岑破雷] ⏳ 暂无任务，休息60秒...
[毕左护] ⏳ 暂无任务，休息60秒...
[郝左持] ⏳ 暂无任务，休息60秒...
[邬左扶] ⏳ 暂无任务，休息60秒...
[安左助] ⏳ 暂无任务，休息60秒...
[常左协] ⏳ 暂无任务，休息60秒...
[李星辰] ⏳ 暂无任务，休息60秒...
[卞右盾] ⏳ 暂无任务，休息60秒...
[巴图] ⏳ 暂无任务，休息60秒...
[弓志明] ⏳ 暂无任务，休息60秒...
[母志明] ⏳ 暂无任务，休息60秒...
[干市场] ⏳ 暂无任务，休息60秒...
[曲市场] ⏳ 暂无任务，休息60秒...
[桥客服] ⏳ 暂无任务，休息60秒...
[银客服] ⏳ 暂无任务，休息60秒...
[言客服] ⏳ 暂无任务，休息60秒...
[朱巨信] ⏳ 暂无任务，休息60秒...
[李廉智] ⏳ 暂无任务，休息60秒...
[水武库] ⏳ 暂无任务，休息60秒...
[葛破浪] ⏳ 暂无任务，休息60秒...
[皮右防] ⏳ 暂无任务，休息60秒...
[赏志明] ⏳ 暂无任务，休息60秒...
[财市场] ⏳ 暂无任务，休息60秒...
[蒋巨门] ⏳ 暂无任务，休息60秒...
[沈巨明] ⏳ 暂无任务，休息60秒...
[韩巨亮] ⏳ 暂无任务，休息60秒...
[杨巨知] ⏳ 暂无任务，休息60秒...
[伍廉贞] ⏳ 暂无任务，休息60秒...
[余廉心] ⏳ 暂无任务，休息60秒...
[元廉情] ⏳ 暂无任务，休息60秒...
[孟廉意] ⏳ 暂无任务，休息60秒...
[谢武功] ⏳ 暂无任务，休息60秒...
[邹武全] ⏳ 暂无任务，休息60秒...
[喻武能] ⏳ 暂无任务，休息60秒...
[柏武技] ⏳ 暂无任务，休息60秒...
[章破军] ⏳ 暂无任务，休息60秒...
[云破敌] ⏳ 暂无任务，休息60秒...
[苏破阵] ⏳ 暂无任务，休息60秒...
[潘破晓] ⏳ 暂无任务，休息60秒...
[倪左辅] ⏳ 暂无任务，休息60秒...
[汤左膀] ⏳ 暂无任务，休息60秒...
[殷左翼] ⏳ 暂无任务，休息60秒...
[殷左护] ⏳ 暂无任务，休息60秒...
[罗左卫] ⏳ 暂无任务，休息60秒...
[周右弼] ⏳ 暂无任务，休息60秒...
[乐右弼] ⏳ 暂无任务，休息60秒...
[于右护] ⏳ 暂无任务，休息60秒...
[时右卫] ⏳ 暂无任务，休息60秒...
[薛贪狼] ⏳ 暂无任务，休息60秒...
[雷贪音] ⏳ 暂无任务，休息60秒...
[贺贪形] ⏳ 暂无任务，休息60秒...
[贡志强] ⏳ 暂无任务，休息60秒...
[齐辅弼] ⏳ 暂无任务，休息60秒...
[康辅星] ⏳ 暂无任务，休息60秒...
[和产品] ⏳ 暂无任务，休息60秒...
[穆产品] ⏳ 暂无任务，休息60秒...
[刘二明] ⏳ 暂无任务，休息60秒...
[王三思] ⏳ 暂无任务，休息60秒...
[赵四维] ⏳ 暂无任务，休息60秒...
[周禄存] ⏳ 暂无任务，休息60秒...
[吴存真] ⏳ 暂无任务，休息60秒...
[郑存义] ⏳ 暂无任务，休息60秒...
[钱存信] ⏳ 暂无任务，休息60秒...
[冯存智] ⏳ 暂无任务，休息60秒...
[陈元灵] ⏳ 暂无任务，休息60秒...
[张一凡] ⏳ 暂无任务，休息60秒...
[孙五维] ⏳ 暂无任务，休息60秒...
[陈存理] ⏳ 暂无任务，休息60秒...
[褚存道] ⏳ 暂无任务，休息60秒...
[卫存德] ⏳ 暂无任务，休息60秒...
[秦巨诚] ⏳ 暂无任务，休息60秒...
[许巨真] ⏳ 暂无任务，休息60秒...
[戚巨实] ⏳ 暂无任务，休息60秒...
[窦武备] ⏳ 暂无任务，休息60秒...
[奚破浪] ⏳ 暂无任务，休息60秒...
[范破空] ⏳ 暂无任务，休息60秒...
[柯破云] ⏳ 暂无任务，休息60秒...
[厉破风] ⏳ 暂无任务，休息60秒...
[岑破雷] ⏳ 暂无任务，休息60秒...
[毕左护] ⏳ 暂无任务，休息60秒...
[郝左持] ⏳ 暂无任务，休息60秒...
[邬左扶] ⏳ 暂无任务，休息60秒...
[安左助] ⏳ 暂无任务，休息60秒...
[常左协] ⏳ 暂无任务，休息60秒...
[李星辰] ⏳ 暂无任务，休息60秒...
[卞右盾] ⏳ 暂无任务，休息60秒...
[巴图] ⏳ 暂无任务，休息60秒...
[弓志明] ⏳ 暂无任务，休息60秒...
[母志明] ⏳ 暂无任务，休息60秒...
[干市场] ⏳ 暂无任务，休息60秒...
[曲市场] ⏳ 暂无任务，休息60秒...
[桥客服] ⏳ 暂无任务，休息60秒...
[银客服] ⏳ 暂无任务，休息60秒...
[言客服] ⏳ 暂无任务，休息60秒...
[朱巨信] ⏳ 暂无任务，休息60秒...
[李廉智] ⏳ 暂无任务，休息60秒...
[水武库] ⏳ 暂无任务，休息60秒...
[葛破浪] ⏳ 暂无任务，休息60秒...
[皮右防] ⏳ 暂无任务，休息60秒...
[赏志明] ⏳ 暂无任务，休息60秒...
[财市场] ⏳ 暂无任务，休息60秒...
[蒋巨门] ⏳ 暂无任务，休息60秒...
[沈巨明] ⏳ 暂无任务，休息60秒...
[韩巨亮] ⏳ 暂无任务，休息60秒...
[杨巨知] ⏳ 暂无任务，休息60秒...
[伍廉贞] ⏳ 暂无任务，休息60秒...
[余廉心] ⏳ 暂无任务，休息60秒...
[元廉情] ⏳ 暂无任务，休息60秒...
[孟廉意] ⏳ 暂无任务，休息60秒...
[谢武功] ⏳ 暂无任务，休息60秒...
[邹武全] ⏳ 暂无任务，休息60秒...
[喻武能] ⏳ 暂无任务，休息60秒...
[柏武技] ⏳ 暂无任务，休息60秒...
[章破军] ⏳ 暂无任务，休息60秒...
[云破敌] ⏳ 暂无任务，休息60秒...
[苏破阵] ⏳ 暂无任务，休息60秒...
[潘破晓] ⏳ 暂无任务，休息60秒...
[倪左辅] ⏳ 暂无任务，休息60秒...
[汤左膀] ⏳ 暂无任务，休息60秒...
[殷左翼] ⏳ 暂无任务，休息60秒...
[殷左护] ⏳ 暂无任务，休息60秒...
[罗左卫] ⏳ 暂无任务，休息60秒...
[周右弼] ⏳ 暂无任务，休息60秒...
[乐右弼] ⏳ 暂无任务，休息60秒...
[于右护] ⏳ 暂无任务，休息60秒...
[时右卫] ⏳ 暂无任务，休息60秒...
[薛贪狼] ⏳ 暂无任务，休息60秒...
[雷贪音] ⏳ 暂无任务，休息60秒...
[贺贪形] ⏳ 暂无任务，休息60秒...
[贡志强] ⏳ 暂无任务，休息60秒...
[齐辅弼] ⏳ 暂无任务，休息60秒...
[康辅星] ⏳ 暂无任务，休息60秒...
[和产品] ⏳ 暂无任务，休息60秒...
[穆产品] ⏳ 暂无任务，休息60秒...
[刘二明] ⏳ 暂无任务，休息60秒...
[王三思] ⏳ 暂无任务，休息60秒...
[赵四维] ⏳ 暂无任务，休息60秒...
[周禄存] ⏳ 暂无任务，休息60秒...
[吴存真] ⏳ 暂无任务，休息60秒...
[郑存义] ⏳ 暂无任务，休息60秒...
[钱存信] ⏳ 暂无任务，休息60秒...
[冯存智] ⏳ 暂无任务，休息60秒...
[陈元灵] ⏳ 暂无任务，休息60秒...
[张一凡] ⏳ 暂无任务，休息60秒...
[孙五维] ⏳ 暂无任务，休息60秒...
[陈存理] ⏳ 暂无任务，休息60秒...
[褚存道] ⏳ 暂无任务，休息60秒...
[卫存德] ⏳ 暂无任务，休息60秒...
[秦巨诚] ⏳ 暂无任务，休息60秒...
[许巨真] ⏳ 暂无任务，休息60秒...
[戚巨实] ⏳ 暂无任务，休息60秒...
[窦武备] ⏳ 暂无任务，休息60秒...
[奚破浪] ⏳ 暂无任务，休息60秒...
[范破空] ⏳ 暂无任务，休息60秒...
[柯破云] ⏳ 暂无任务，休息60秒...
[厉破风] ⏳ 暂无任务，休息60秒...
[岑破雷] ⏳ 暂无任务，休息60秒...
[毕左护] ⏳ 暂无任务，休息60秒...
[郝左持] ⏳ 暂无任务，休息60秒...
[邬左扶] ⏳ 暂无任务，休息60秒...
[安左助] ⏳ 暂无任务，休息60秒...
[常左协] ⏳ 暂无任务，休息60秒...
[李星辰] ⏳ 暂无任务，休息60秒...
[卞右盾] ⏳ 暂无任务，休息60秒...
[巴图] ⏳ 暂无任务，休息60秒...
[弓志明] ⏳ 暂无任务，休息60秒...
[母志明] ⏳ 暂无任务，休息60秒...
[干市场] ⏳ 暂无任务，休息60秒...
[曲市场] ⏳ 暂无任务，休息60秒...
[桥客服] ⏳ 暂无任务，休息60秒...
[银客服] ⏳ 暂无任务，休息60秒...
[言客服] ⏳ 暂无任务，休息60秒...
[朱巨信] ⏳ 暂无任务，休息60秒...
[李廉智] ⏳ 暂无任务，休息60秒...
[水武库] ⏳ 暂无任务，休息60秒...
[葛破浪] ⏳ 暂无任务，休息60秒...
[皮右防] ⏳ 暂无任务，休息60秒...
[赏志明] ⏳ 暂无任务，休息60秒...
[财市场] ⏳ 暂无任务，休息60秒...
[蒋巨门] ⏳ 暂无任务，休息60秒...
[沈巨明] ⏳ 暂无任务，休息60秒...
[韩巨亮] ⏳ 暂无任务，休息60秒...
[杨巨知] ⏳ 暂无任务，休息60秒...
[伍廉贞] ⏳ 暂无任务，休息60秒...
[余廉心] ⏳ 暂无任务，休息60秒...
[元廉情] ⏳ 暂无任务，休息60秒...
[孟廉意] ⏳ 暂无任务，休息60秒...
[谢武功] ⏳ 暂无任务，休息60秒...
[邹武全] ⏳ 暂无任务，休息60秒...
[喻武能] ⏳ 暂无任务，休息60秒...
[柏武技] ⏳ 暂无任务，休息60秒...
[章破军] ⏳ 暂无任务，休息60秒...
[云破敌] ⏳ 暂无任务，休息60秒...
[苏破阵] ⏳ 暂无任务，休息60秒...
[潘破晓] ⏳ 暂无任务，休息60秒...
[倪左辅] ⏳ 暂无任务，休息60秒...
[汤左膀] ⏳ 暂无任务，休息60秒...
[殷左翼] ⏳ 暂无任务，休息60秒...
[殷左护] ⏳ 暂无任务，休息60秒...
[罗左卫] ⏳ 暂无任务，休息60秒...
[周右弼] ⏳ 暂无任务，休息60秒...
[乐右弼] ⏳ 暂无任务，休息60秒...
[于右护] ⏳ 暂无任务，休息60秒...
[时右卫] ⏳ 暂无任务，休息60秒...
[薛贪狼] ⏳ 暂无任务，休息60秒...
[雷贪音] ⏳ 暂无任务，休息60秒...
[贺贪形] ⏳ 暂无任务，休息60秒...
[贡志强] ⏳ 暂无任务，休息60秒...
[齐辅弼] ⏳ 暂无任务，休息60秒...
[康辅星] ⏳ 暂无任务，休息60秒...
[和产品] ⏳ 暂无任务，休息60秒...
[穆产品] ⏳ 暂无任务，休息60秒...
[刘二明] ⏳ 暂无任务，休息60秒...
[王三思] ⏳ 暂无任务，休息60秒...
[赵四维] ⏳ 暂无任务，休息60秒...
[周禄存] ⏳ 暂无任务，休息60秒...
[吴存真] ⏳ 暂无任务，休息60秒...
[郑存义] ⏳ 暂无任务，休息60秒...
[钱存信] ⏳ 暂无任务，休息60秒...
[冯存智] ⏳ 暂无任务，休息60秒...
[陈元灵] ⏳ 暂无任务，休息60秒...
[张一凡] ⏳ 暂无任务，休息60秒...
[孙五维] ⏳ 暂无任务，休息60秒...
[陈存理] ⏳ 暂无任务，休息60秒...
[褚存道] ⏳ 暂无任务，休息60秒...
[卫存德] ⏳ 暂无任务，休息60秒...
[秦巨诚] ⏳ 暂无任务，休息60秒...
[许巨真] ⏳ 暂无任务，休息60秒...
[戚巨实] ⏳ 暂无任务，休息60秒...
[窦武备] ⏳ 暂无任务，休息60秒...
[奚破浪] ⏳ 暂无任务，休息60秒...
[范破空] ⏳ 暂无任务，休息60秒...
[柯破云] ⏳ 暂无任务，休息60秒...
[厉破风] ⏳ 暂无任务，休息60秒...
[岑破雷] ⏳ 暂无任务，休息60秒...
[毕左护] ⏳ 暂无任务，休息60秒...
[郝左持] ⏳ 暂无任务，休息60秒...
[邬左扶] ⏳ 暂无任务，休息60秒...
[安左助] ⏳ 暂无任务，休息60秒...
[常左协] ⏳ 暂无任务，休息60秒...
[李星辰] ⏳ 暂无任务，休息60秒...
[卞右盾] ⏳ 暂无任务，休息60秒...
[巴图] ⏳ 暂无任务，休息60秒...
[弓志明] ⏳ 暂无任务，休息60秒...
[母志明] ⏳ 暂无任务，休息60秒...
[干市场] ⏳ 暂无任务，休息60秒...
[曲市场] ⏳ 暂无任务，休息60秒...
[桥客服] ⏳ 暂无任务，休息60秒...
[银客服] ⏳ 暂无任务，休息60秒...
[言客服] ⏳ 暂无任务，休息60秒...
[朱巨信] ⏳ 暂无任务，休息60秒...
[李廉智] ⏳ 暂无任务，休息60秒...
[水武库] ⏳ 暂无任务，休息60秒...
[葛破浪] ⏳ 暂无任务，休息60秒...
[皮右防] ⏳ 暂无任务，休息60秒...
[赏志明] ⏳ 暂无任务，休息60秒...
[财市场] ⏳ 暂无任务，休息60秒...
[蒋巨门] ⏳ 暂无任务，休息60秒...
[沈巨明] ⏳ 暂无任务，休息60秒...
[韩巨亮] ⏳ 暂无任务，休息60秒...
[杨巨知] ⏳ 暂无任务，休息60秒...
[伍廉贞] ⏳ 暂无任务，休息60秒...
[余廉心] ⏳ 暂无任务，休息60秒...
[元廉情] ⏳ 暂无任务，休息60秒...
[孟廉意] ⏳ 暂无任务，休息60秒...
[谢武功] ⏳ 暂无任务，休息60秒...
[邹武全] ⏳ 暂无任务，休息60秒...
[喻武能] ⏳ 暂无任务，休息60秒...
[柏武技] ⏳ 暂无任务，休息60秒...
[章破军] ⏳ 暂无任务，休息60秒...
[云破敌] ⏳ 暂无任务，休息60秒...
[苏破阵] ⏳ 暂无任务，休息60秒...
[潘破晓] ⏳ 暂无任务，休息60秒...
[倪左辅] ⏳ 暂无任务，休息60秒...
[汤左膀] ⏳ 暂无任务，休息60秒...
[殷左翼] ⏳ 暂无任务，休息60秒...
[殷左护] ⏳ 暂无任务，休息60秒...
[罗左卫] ⏳ 暂无任务，休息60秒...
[周右弼] ⏳ 暂无任务，休息60秒...
[乐右弼] ⏳ 暂无任务，休息60秒...
[于右护] ⏳ 暂无任务，休息60秒...
[时右卫] ⏳ 暂无任务，休息60秒...
[薛贪狼] ⏳ 暂无任务，休息60秒...
[雷贪音] ⏳ 暂无任务，休息60秒...
[贺贪形] ⏳ 暂无任务，休息60秒...
[贡志强] ⏳ 暂无任务，休息60秒...
[齐辅弼] ⏳ 暂无任务，休息60秒...
[康辅星] ⏳ 暂无任务，休息60秒...
[和产品] ⏳ 暂无任务，休息60秒...
[穆产品] ⏳ 暂无任务，休息60秒...
[刘二明] ⏳ 暂无任务，休息60秒...
[王三思] ⏳ 暂无任务，休息60秒...
[赵四维] ⏳ 暂无任务，休息60秒...
[周禄存] ⏳ 暂无任务，休息60秒...
[吴存真] ⏳ 暂无任务，休息60秒...
[郑存义] ⏳ 暂无任务，休息60秒...
[钱存信] ⏳ 暂无任务，休息60秒...
[冯存智] ⏳ 暂无任务，休息60秒...
[陈元灵] ⏳ 暂无任务，休息60秒...
[张一凡] ⏳ 暂无任务，休息60秒...
[孙五维] ⏳ 暂无任务，休息60秒...
[陈存理] ⏳ 暂无任务，休息60秒...
[褚存道] ⏳ 暂无任务，休息60秒...
[卫存德] ⏳ 暂无任务，休息60秒...
[秦巨诚] ⏳ 暂无任务，休息60秒...
[许巨真] ⏳ 暂无任务，休息60秒...
[戚巨实] ⏳ 暂无任务，休息60秒...
[窦武备] ⏳ 暂无任务，休息60秒...
[奚破浪] ⏳ 暂无任务，休息60秒...
[范破空] ⏳ 暂无任务，休息60秒...
[柯破云] ⏳ 暂无任务，休息60秒...
[厉破风] ⏳ 暂无任务，休息60秒...
[岑破雷] ⏳ 暂无任务，休息60秒...
[毕左护] ⏳ 暂无任务，休息60秒...
[郝左持] ⏳ 暂无任务，休息60秒...
[邬左扶] ⏳ 暂无任务，休息60秒...
[安左助] ⏳ 暂无任务，休息60秒...
[常左协] ⏳ 暂无任务，休息60秒...
[李星辰] ⏳ 暂无任务，休息60秒...
[卞右盾] ⏳ 暂无任务，休息60秒...
[巴图] ⏳ 暂无任务，休息60秒...
[弓志明] ⏳ 暂无任务，休息60秒...
[母志明] ⏳ 暂无任务，休息60秒...
[干市场] ⏳ 暂无任务，休息60秒...
[曲市场] ⏳ 暂无任务，休息60秒...
[桥客服] ⏳ 暂无任务，休息60秒...
[银客服] ⏳ 暂无任务，休息60秒...
[言客服] ⏳ 暂无任务，休息60秒...
[朱巨信] ⏳ 暂无任务，休息60秒...
[李廉智] ⏳ 暂无任务，休息60秒...
[水武库] ⏳ 暂无任务，休息60秒...
[葛破浪] ⏳ 暂无任务，休息60秒...
[皮右防] ⏳ 暂无任务，休息60秒...
[赏志明] ⏳ 暂无任务，休息60秒...
[财市场] ⏳ 暂无任务，休息60秒...
[蒋巨门] ⏳ 暂无任务，休息60秒...
[沈巨明] ⏳ 暂无任务，休息60秒...
[韩巨亮] ⏳ 暂无任务，休息60秒...
[杨巨知] ⏳ 暂无任务，休息60秒...
[伍廉贞] ⏳ 暂无任务，休息60秒...
[余廉心] ⏳ 暂无任务，休息60秒...
[元廉情] ⏳ 暂无任务，休息60秒...
[孟廉意] ⏳ 暂无任务，休息60秒...
[谢武功] ⏳ 暂无任务，休息60秒...
[邹武全] ⏳ 暂无任务，休息60秒...
[喻武能] ⏳ 暂无任务，休息60秒...
[柏武技] ⏳ 暂无任务，休息60秒...
[章破军] ⏳ 暂无任务，休息60秒...
[云破敌] ⏳ 暂无任务，休息60秒...
[苏破阵] ⏳ 暂无任务，休息60秒...
[潘破晓] ⏳ 暂无任务，休息60秒...
[倪左辅] ⏳ 暂无任务，休息60秒...
[汤左膀] ⏳ 暂无任务，休息60秒...
[殷左翼] ⏳ 暂无任务，休息60秒...
[殷左护] ⏳ 暂无任务，休息60秒...
[罗左卫] ⏳ 暂无任务，休息60秒...
[周右弼] ⏳ 暂无任务，休息60秒...
[乐右弼] ⏳ 暂无任务，休息60秒...
[于右护] ⏳ 暂无任务，休息60秒...
[时右卫] ⏳ 暂无任务，休息60秒...
[薛贪狼] ⏳ 暂无任务，休息60秒...
[雷贪音] ⏳ 暂无任务，休息60秒...
[贺贪形] ⏳ 暂无任务，休息60秒...
[贡志强] ⏳ 暂无任务，休息60秒...
[齐辅弼] ⏳ 暂无任务，休息60秒...
[康辅星] ⏳ 暂无任务，休息60秒...
[和产品] ⏳ 暂无任务，休息60秒...
[穆产品] ⏳ 暂无任务，休息60秒...
[刘二明] ⏳ 暂无任务，休息60秒...
[王三思] ⏳ 暂无任务，休息60秒...
[赵四维] ⏳ 暂无任务，休息60秒...
[周禄存] ⏳ 暂无任务，休息60秒...
[吴存真] ⏳ 暂无任务，休息60秒...
[郑存义] ⏳ 暂无任务，休息60秒...
[钱存信] ⏳ 暂无任务，休息60秒...
[冯存智] ⏳ 暂无任务，休息60秒...
[陈元灵] ⏳ 暂无任务，休息60秒...
[张一凡] ⏳ 暂无任务，休息60秒...
[孙五维] ⏳ 暂无任务，休息60秒...
[陈存理] ⏳ 暂无任务，休息60秒...
[褚存道] ⏳ 暂无任务，休息60秒...
[卫存德] ⏳ 暂无任务，休息60秒...
[秦巨诚] ⏳ 暂无任务，休息60秒...
[许巨真] ⏳ 暂无任务，休息60秒...
[戚巨实] ⏳ 暂无任务，休息60秒...
[窦武备] ⏳ 暂无任务，休息60秒...
[奚破浪] ⏳ 暂无任务，休息60秒...
[范破空] ⏳ 暂无任务，休息60秒...
[柯破云] ⏳ 暂无任务，休息60秒...
[厉破风] ⏳ 暂无任务，休息60秒...
[岑破雷] ⏳ 暂无任务，休息60秒...
[毕左护] ⏳ 暂无任务，休息60秒...
[郝左持] ⏳ 暂无任务，休息60秒...
[邬左扶] ⏳ 暂无任务，休息60秒...
[安左助] ⏳ 暂无任务，休息60秒...
[常左协] ⏳ 暂无任务，休息60秒...
[李星辰] ⏳ 暂无任务，休息60秒...
[卞右盾] ⏳ 暂无任务，休息60秒...
[巴图] ⏳ 暂无任务，休息60秒...
[弓志明] ⏳ 暂无任务，休息60秒...
[母志明] ⏳ 暂无任务，休息60秒...
[干市场] ⏳ 暂无任务，休息60秒...
[曲市场] ⏳ 暂无任务，休息60秒...
[桥客服] ⏳ 暂无任务，休息60秒...
[银客服] ⏳ 暂无任务，休息60秒...
[言客服] ⏳ 暂无任务，休息60秒...
[朱巨信] ⏳ 暂无任务，休息60秒...
[李廉智] ⏳ 暂无任务，休息60秒...
[水武库] ⏳ 暂无任务，休息60秒...
[葛破浪] ⏳ 暂无任务，休息60秒...
[皮右防] ⏳ 暂无任务，休息60秒...
[赏志明] ⏳ 暂无任务，休息60秒...
[财市场] ⏳ 暂无任务，休息60秒...
[蒋巨门] ⏳ 暂无任务，休息60秒...
[沈巨明] ⏳ 暂无任务，休息60秒...
[韩巨亮] ⏳ 暂无任务，休息60秒...
[杨巨知] ⏳ 暂无任务，休息60秒...
[伍廉贞] ⏳ 暂无任务，休息60秒...
[余廉心] ⏳ 暂无任务，休息60秒...
[元廉情] ⏳ 暂无任务，休息60秒...
[孟廉意] ⏳ 暂无任务，休息60秒...
[谢武功] ⏳ 暂无任务，休息60秒...
[邹武全] ⏳ 暂无任务，休息60秒...
[喻武能] ⏳ 暂无任务，休息60秒...
[柏武技] ⏳ 暂无任务，休息60秒...
[章破军] ⏳ 暂无任务，休息60秒...
[云破敌] ⏳ 暂无任务，休息60秒...
[苏破阵] ⏳ 暂无任务，休息60秒...
[潘破晓] ⏳ 暂无任务，休息60秒...
[倪左辅] ⏳ 暂无任务，休息60秒...
[汤左膀] ⏳ 暂无任务，休息60秒...
[殷左翼] ⏳ 暂无任务，休息60秒...
[殷左护] ⏳ 暂无任务，休息60秒...
[罗左卫] ⏳ 暂无任务，休息60秒...
[周右弼] ⏳ 暂无任务，休息60秒...
[乐右弼] ⏳ 暂无任务，休息60秒...
[于右护] ⏳ 暂无任务，休息60秒...
[时右卫] ⏳ 暂无任务，休息60秒...
[薛贪狼] ⏳ 暂无任务，休息60秒...
[雷贪音] ⏳ 暂无任务，休息60秒...
[贺贪形] ⏳ 暂无任务，休息60秒...
[贡志强] ⏳ 暂无任务，休息60秒...
[齐辅弼] ⏳ 暂无任务，休息60秒...
[康辅星] ⏳ 暂无任务，休息60秒...
[和产品] ⏳ 暂无任务，休息60秒...
[穆产品] ⏳ 暂无任务，休息60秒...
[刘二明] ⏳ 暂无任务，休息60秒...
[王三思] ⏳ 暂无任务，休息60秒...
[赵四维] ⏳ 暂无任务，休息60秒...
[周禄存] ⏳ 暂无任务，休息60秒...
[吴存真] ⏳ 暂无任务，休息60秒...
[郑存义] ⏳ 暂无任务，休息60秒...
[钱存信] ⏳ 暂无任务，休息60秒...
[冯存智] ⏳ 暂无任务，休息60秒...
[陈元灵] ⏳ 暂无任务，休息60秒...
[张一凡] ⏳ 暂无任务，休息60秒...
[孙五维] ⏳ 暂无任务，休息60秒...
[陈存理] ⏳ 暂无任务，休息60秒...
[褚存道] ⏳ 暂无任务，休息60秒...
[卫存德] ⏳ 暂无任务，休息60秒...
[秦巨诚] ⏳ 暂无任务，休息60秒...
[许巨真] ⏳ 暂无任务，休息60秒...
[戚巨实] ⏳ 暂无任务，休息60秒...
[窦武备] ⏳ 暂无任务，休息60秒...
[奚破浪] ⏳ 暂无任务，休息60秒...
[范破空] ⏳ 暂无任务，休息60秒...
[柯破云] ⏳ 暂无任务，休息60秒...
[厉破风] ⏳ 暂无任务，休息60秒...
[岑破雷] ⏳ 暂无任务，休息60秒...
[毕左护] ⏳ 暂无任务，休息60秒...
[郝左持] ⏳ 暂无任务，休息60秒...
[邬左扶] ⏳ 暂无任务，休息60秒...
[安左助] ⏳ 暂无任务，休息60秒...
[常左协] ⏳ 暂无任务，休息60秒...
[李星辰] ⏳ 暂无任务，休息60秒...
[卞右盾] ⏳ 暂无任务，休息60秒...
[巴图] ⏳ 暂无任务，休息60秒...
[弓志明] ⏳ 暂无任务，休息60秒...
[母志明] ⏳ 暂无任务，休息60秒...
[干市场] ⏳ 暂无任务，休息60秒...
[曲市场] ⏳ 暂无任务，休息60秒...
[桥客服] ⏳ 暂无任务，休息60秒...
[银客服] ⏳ 暂无任务，休息60秒...
[言客服] ⏳ 暂无任务，休息60秒...
[朱巨信] ⏳ 暂无任务，休息60秒...
[李廉智] ⏳ 暂无任务，休息60秒...
[水武库] ⏳ 暂无任务，休息60秒...
[葛破浪] ⏳ 暂无任务，休息60秒...
[皮右防] ⏳ 暂无任务，休息60秒...
[赏志明] ⏳ 暂无任务，休息60秒...
[财市场] ⏳ 暂无任务，休息60秒...
[蒋巨门] ⏳ 暂无任务，休息60秒...
[沈巨明] ⏳ 暂无任务，休息60秒...
[韩巨亮] ⏳ 暂无任务，休息60秒...
[杨巨知] ⏳ 暂无任务，休息60秒...
[伍廉贞] ⏳ 暂无任务，休息60秒...
[余廉心] ⏳ 暂无任务，休息60秒...
[元廉情] ⏳ 暂无任务，休息60秒...
[孟廉意] ⏳ 暂无任务，休息60秒...
[谢武功] ⏳ 暂无任务，休息60秒...
[邹武全] ⏳ 暂无任务，休息60秒...
[喻武能] ⏳ 暂无任务，休息60秒...
[柏武技] ⏳ 暂无任务，休息60秒...
[章破军] ⏳ 暂无任务，休息60秒...
[云破敌] ⏳ 暂无任务，休息60秒...
[苏破阵] ⏳ 暂无任务，休息60秒...
[潘破晓] ⏳ 暂无任务，休息60秒...
[倪左辅] ⏳ 暂无任务，休息60秒...
[汤左膀] ⏳ 暂无任务，休息60秒...
[殷左翼] ⏳ 暂无任务，休息60秒...
[殷左护] ⏳ 暂无任务，休息60秒...
[罗左卫] ⏳ 暂无任务，休息60秒...
[周右弼] ⏳ 暂无任务，休息60秒...
[乐右弼] ⏳ 暂无任务，休息60秒...
[于右护] ⏳ 暂无任务，休息60秒...
[时右卫] ⏳ 暂无任务，休息60秒...
[薛贪狼] ⏳ 暂无任务，休息60秒...
[雷贪音] ⏳ 暂无任务，休息60秒...
[贺贪形] ⏳ 暂无任务，休息60秒...
[贡志强] ⏳ 暂无任务，休息60秒...
[齐辅弼] ⏳ 暂无任务，休息60秒...
[康辅星] ⏳ 暂无任务，休息60秒...
[和产品] ⏳ 暂无任务，休息60秒...
[穆产品] ⏳ 暂无任务，休息60秒...
[刘二明] ⏳ 暂无任务，休息60秒...
[王三思] ⏳ 暂无任务，休息60秒...
[赵四维] ⏳ 暂无任务，休息60秒...
[周禄存] ⏳ 暂无任务，休息60秒...
[吴存真] ⏳ 暂无任务，休息60秒...
[郑存义] ⏳ 暂无任务，休息60秒...
[钱存信] ⏳ 暂无任务，休息60秒...
[冯存智] ⏳ 暂无任务，休息60秒...
[陈元灵] ⏳ 暂无任务，休息60秒...
[张一凡] ⏳ 暂无任务，休息60秒...
[孙五维] ⏳ 暂无任务，休息60秒...
[陈存理] ⏳ 暂无任务，休息60秒...
[褚存道] ⏳ 暂无任务，休息60秒...
[卫存德] ⏳ 暂无任务，休息60秒...
[秦巨诚] ⏳ 暂无任务，休息60秒...
[许巨真] ⏳ 暂无任务，休息60秒...
[戚巨实] ⏳ 暂无任务，休息60秒...
[窦武备] ⏳ 暂无任务，休息60秒...
[奚破浪] ⏳ 暂无任务，休息60秒...
[范破空] ⏳ 暂无任务，休息60秒...
[柯破云] ⏳ 暂无任务，休息60秒...
[厉破风] ⏳ 暂无任务，休息60秒...
[岑破雷] ⏳ 暂无任务，休息60秒...
[毕左护] ⏳ 暂无任务，休息60秒...
[郝左持] ⏳ 暂无任务，休息60秒...
[邬左扶] ⏳ 暂无任务，休息60秒...
[安左助] ⏳ 暂无任务，休息60秒...
[常左协] ⏳ 暂无任务，休息60秒...
[李星辰] ⏳ 暂无任务，休息60秒...
[卞右盾] ⏳ 暂无任务，休息60秒...
[巴图] ⏳ 暂无任务，休息60秒...
[弓志明] ⏳ 暂无任务，休息60秒...
[母志明] ⏳ 暂无任务，休息60秒...
[干市场] ⏳ 暂无任务，休息60秒...
[曲市场] ⏳ 暂无任务，休息60秒...
[桥客服] ⏳ 暂无任务，休息60秒...
[银客服] ⏳ 暂无任务，休息60秒...
[言客服] ⏳ 暂无任务，休息60秒...
[朱巨信] ⏳ 暂无任务，休息60秒...
[李廉智] ⏳ 暂无任务，休息60秒...
[水武库] ⏳ 暂无任务，休息60秒...
[葛破浪] ⏳ 暂无任务，休息60秒...
[皮右防] ⏳ 暂无任务，休息60秒...
[赏志明] ⏳ 暂无任务，休息60秒...
[财市场] ⏳ 暂无任务，休息60秒...
[蒋巨门] ⏳ 暂无任务，休息60秒...
[沈巨明] ⏳ 暂无任务，休息60秒...
[韩巨亮] ⏳ 暂无任务，休息60秒...
[杨巨知] ⏳ 暂无任务，休息60秒...
[伍廉贞] ⏳ 暂无任务，休息60秒...
[余廉心] ⏳ 暂无任务，休息60秒...
[元廉情] ⏳ 暂无任务，休息60秒...
[孟廉意] ⏳ 暂无任务，休息60秒...
[谢武功] ⏳ 暂无任务，休息60秒...
[邹武全] ⏳ 暂无任务，休息60秒...
[喻武能] ⏳ 暂无任务，休息60秒...
[柏武技] ⏳ 暂无任务，休息60秒...
[章破军] ⏳ 暂无任务，休息60秒...
[云破敌] ⏳ 暂无任务，休息60秒...
[苏破阵] ⏳ 暂无任务，休息60秒...
[潘破晓] ⏳ 暂无任务，休息60秒...
[倪左辅] ⏳ 暂无任务，休息60秒...
[汤左膀] ⏳ 暂无任务，休息60秒...
[殷左翼] ⏳ 暂无任务，休息60秒...
[殷左护] ⏳ 暂无任务，休息60秒...
[罗左卫] ⏳ 暂无任务，休息60秒...
[周右弼] ⏳ 暂无任务，休息60秒...
[乐右弼] ⏳ 暂无任务，休息60秒...
[于右护] ⏳ 暂无任务，休息60秒...
[时右卫] ⏳ 暂无任务，休息60秒...
[薛贪狼] ⏳ 暂无任务，休息60秒...
[雷贪音] ⏳ 暂无任务，休息60秒...
[贺贪形] ⏳ 暂无任务，休息60秒...
[贡志强] ⏳ 暂无任务，休息60秒...
[齐辅弼] ⏳ 暂无任务，休息60秒...
[康辅星] ⏳ 暂无任务，休息60秒...
[和产品] ⏳ 暂无任务，休息60秒...
[穆产品] ⏳ 暂无任务，休息60秒...
[刘二明] ⏳ 暂无任务，休息60秒...
[王三思] ⏳ 暂无任务，休息60秒...
[赵四维] ⏳ 暂无任务，休息60秒...
[周禄存] ⏳ 暂无任务，休息60秒...
[吴存真] ⏳ 暂无任务，休息60秒...
[郑存义] ⏳ 暂无任务，休息60秒...
[钱存信] ⏳ 暂无任务，休息60秒...
[冯存智] ⏳ 暂无任务，休息60秒...
[陈元灵] ⏳ 暂无任务，休息60秒...
[张一凡] ⏳ 暂无任务，休息60秒...
[孙五维] ⏳ 暂无任务，休息60秒...
[陈存理] ⏳ 暂无任务，休息60秒...
[褚存道] ⏳ 暂无任务，休息60秒...
[卫存德] ⏳ 暂无任务，休息60秒...
[秦巨诚] ⏳ 暂无任务，休息60秒...
[许巨真] ⏳ 暂无任务，休息60秒...
[戚巨实] ⏳ 暂无任务，休息60秒...
[窦武备] ⏳ 暂无任务，休息60秒...
[奚破浪] ⏳ 暂无任务，休息60秒...
[范破空] ⏳ 暂无任务，休息60秒...
[柯破云] ⏳ 暂无任务，休息60秒...
[厉破风] ⏳ 暂无任务，休息60秒...
[岑破雷] ⏳ 暂无任务，休息60秒...
[毕左护] ⏳ 暂无任务，休息60秒...
[郝左持] ⏳ 暂无任务，休息60秒...
[邬左扶] ⏳ 暂无任务，休息60秒...
[安左助] ⏳ 暂无任务，休息60秒...
[常左协] ⏳ 暂无任务，休息60秒...
[李星辰] ⏳ 暂无任务，休息60秒...
[卞右盾] ⏳ 暂无任务，休息60秒...
[巴图] ⏳ 暂无任务，休息60秒...
[弓志明] ⏳ 暂无任务，休息60秒...
[母志明] ⏳ 暂无任务，休息60秒...
[干市场] ⏳ 暂无任务，休息60秒...
[曲市场] ⏳ 暂无任务，休息60秒...
[桥客服] ⏳ 暂无任务，休息60秒...
[银客服] ⏳ 暂无任务，休息60秒...
[言客服] ⏳ 暂无任务，休息60秒...
[朱巨信] ⏳ 暂无任务，休息60秒...
[李廉智] ⏳ 暂无任务，休息60秒...
[水武库] ⏳ 暂无任务，休息60秒...
[葛破浪] ⏳ 暂无任务，休息60秒...
[皮右防] ⏳ 暂无任务，休息60秒...
[赏志明] ⏳ 暂无任务，休息60秒...
[财市场] ⏳ 暂无任务，休息60秒...
[蒋巨门] ⏳ 暂无任务，休息60秒...
[沈巨明] ⏳ 暂无任务，休息60秒...
[韩巨亮] ⏳ 暂无任务，休息60秒...
[杨巨知] ⏳ 暂无任务，休息60秒...
[伍廉贞] ⏳ 暂无任务，休息60秒...
[余廉心] ⏳ 暂无任务，休息60秒...
[元廉情] ⏳ 暂无任务，休息60秒...
[孟廉意] ⏳ 暂无任务，休息60秒...
[谢武功] ⏳ 暂无任务，休息60秒...
[邹武全] ⏳ 暂无任务，休息60秒...
[喻武能] ⏳ 暂无任务，休息60秒...
[柏武技] ⏳ 暂无任务，休息60秒...
[章破军] ⏳ 暂无任务，休息60秒...
[云破敌] ⏳ 暂无任务，休息60秒...
[苏破阵] ⏳ 暂无任务，休息60秒...
[潘破晓] ⏳ 暂无任务，休息60秒...
[倪左辅] ⏳ 暂无任务，休息60秒...
[汤左膀] ⏳ 暂无任务，休息60秒...
[殷左翼] ⏳ 暂无任务，休息60秒...
[殷左护] ⏳ 暂无任务，休息60秒...
[罗左卫] ⏳ 暂无任务，休息60秒...
[周右弼] ⏳ 暂无任务，休息60秒...
[乐右弼] ⏳ 暂无任务，休息60秒...
[于右护] ⏳ 暂无任务，休息60秒...
[时右卫] ⏳ 暂无任务，休息60秒...
[薛贪狼] ⏳ 暂无任务，休息60秒...
[雷贪音] ⏳ 暂无任务，休息60秒...
[贺贪形] ⏳ 暂无任务，休息60秒...
[贡志强] ⏳ 暂无任务，休息60秒...
[齐辅弼] ⏳ 暂无任务，休息60秒...
[康辅星] ⏳ 暂无任务，休息60秒...
[和产品] ⏳ 暂无任务，休息60秒...
[穆产品] ⏳ 暂无任务，休息60秒...
[刘二明] ⏳ 暂无任务，休息60秒...
[王三思] ⏳ 暂无任务，休息60秒...
[赵四维] ⏳ 暂无任务，休息60秒...
[周禄存] ⏳ 暂无任务，休息60秒...
[吴存真] ⏳ 暂无任务，休息60秒...
[郑存义] ⏳ 暂无任务，休息60秒...
[钱存信] ⏳ 暂无任务，休息60秒...
[冯存智] ⏳ 暂无任务，休息60秒...
[陈元灵] ⏳ 暂无任务，休息60秒...
[张一凡] ⏳ 暂无任务，休息60秒...
[孙五维] ⏳ 暂无任务，休息60秒...
[陈存理] ⏳ 暂无任务，休息60秒...
[褚存道] ⏳ 暂无任务，休息60秒...
[卫存德] ⏳ 暂无任务，休息60秒...
[秦巨诚] ⏳ 暂无任务，休息60秒...
[许巨真] ⏳ 暂无任务，休息60秒...
[戚巨实] ⏳ 暂无任务，休息60秒...
[窦武备] ⏳ 暂无任务，休息60秒...
[奚破浪] ⏳ 暂无任务，休息60秒...
[范破空] ⏳ 暂无任务，休息60秒...
[柯破云] ⏳ 暂无任务，休息60秒...
[厉破风] ⏳ 暂无任务，休息60秒...
[岑破雷] ⏳ 暂无任务，休息60秒...
[毕左护] ⏳ 暂无任务，休息60秒...
[郝左持] ⏳ 暂无任务，休息60秒...
[邬左扶] ⏳ 暂无任务，休息60秒...
[安左助] ⏳ 暂无任务，休息60秒...
[常左协] ⏳ 暂无任务，休息60秒...
[李星辰] ⏳ 暂无任务，休息60秒...
[卞右盾] ⏳ 暂无任务，休息60秒...
[巴图] ⏳ 暂无任务，休息60秒...
[弓志明] ⏳ 暂无任务，休息60秒...
[母志明] ⏳ 暂无任务，休息60秒...
[干市场] ⏳ 暂无任务，休息60秒...
[曲市场] ⏳ 暂无任务，休息60秒...
[桥客服] ⏳ 暂无任务，休息60秒...
[银客服] ⏳ 暂无任务，休息60秒...
[言客服] ⏳ 暂无任务，休息60秒...
[朱巨信] ⏳ 暂无任务，休息60秒...
[李廉智] ⏳ 暂无任务，休息60秒...
[水武库] ⏳ 暂无任务，休息60秒...
[葛破浪] ⏳ 暂无任务，休息60秒...
[皮右防] ⏳ 暂无任务，休息60秒...
[赏志明] ⏳ 暂无任务，休息60秒...
[财市场] ⏳ 暂无任务，休息60秒...
[蒋巨门] ⏳ 暂无任务，休息60秒...
[沈巨明] ⏳ 暂无任务，休息60秒...
[韩巨亮] ⏳ 暂无任务，休息60秒...
[杨巨知] ⏳ 暂无任务，休息60秒...
[伍廉贞] ⏳ 暂无任务，休息60秒...
[余廉心] ⏳ 暂无任务，休息60秒...
[元廉情] ⏳ 暂无任务，休息60秒...
[孟廉意] ⏳ 暂无任务，休息60秒...
[谢武功] ⏳ 暂无任务，休息60秒...
[邹武全] ⏳ 暂无任务，休息60秒...
[喻武能] ⏳ 暂无任务，休息60秒...
[柏武技] ⏳ 暂无任务，休息60秒...
[章破军] ⏳ 暂无任务，休息60秒...
[云破敌] ⏳ 暂无任务，休息60秒...
[苏破阵] ⏳ 暂无任务，休息60秒...
[潘破晓] ⏳ 暂无任务，休息60秒...
[倪左辅] ⏳ 暂无任务，休息60秒...
[汤左膀] ⏳ 暂无任务，休息60秒...
[殷左翼] ⏳ 暂无任务，休息60秒...
[殷左护] ⏳ 暂无任务，休息60秒...
[罗左卫] ⏳ 暂无任务，休息60秒...
[周右弼] ⏳ 暂无任务，休息60秒...
[乐右弼] ⏳ 暂无任务，休息60秒...
[于右护] ⏳ 暂无任务，休息60秒...
[时右卫] ⏳ 暂无任务，休息60秒...
[薛贪狼] ⏳ 暂无任务，休息60秒...
[雷贪音] ⏳ 暂无任务，休息60秒...
[贺贪形] ⏳ 暂无任务，休息60秒...
[贡志强] ⏳ 暂无任务，休息60秒...
[齐辅弼] ⏳ 暂无任务，休息60秒...
[康辅星] ⏳ 暂无任务，休息60秒...
[和产品] ⏳ 暂无任务，休息60秒...
[穆产品] ⏳ 暂无任务，休息60秒...
[刘二明] ⏳ 暂无任务，休息60秒...
[王三思] ⏳ 暂无任务，休息60秒...
[赵四维] ⏳ 暂无任务，休息60秒...
[周禄存] ⏳ 暂无任务，休息60秒...
[吴存真] ⏳ 暂无任务，休息60秒...
[郑存义] ⏳ 暂无任务，休息60秒...
[钱存信] ⏳ 暂无任务，休息60秒...
[冯存智] ⏳ 暂无任务，休息60秒...
[陈元灵] ⏳ 暂无任务，休息60秒...
[张一凡] ⏳ 暂无任务，休息60秒...
[孙五维] ⏳ 暂无任务，休息60秒...
[陈存理] ⏳ 暂无任务，休息60秒...
[褚存道] ⏳ 暂无任务，休息60秒...
[卫存德] ⏳ 暂无任务，休息60秒...
[秦巨诚] ⏳ 暂无任务，休息60秒...
[许巨真] ⏳ 暂无任务，休息60秒...
[戚巨实] ⏳ 暂无任务，休息60秒...
[窦武备] ⏳ 暂无任务，休息60秒...
[奚破浪] ⏳ 暂无任务，休息60秒...
[范破空] ⏳ 暂无任务，休息60秒...
[柯破云] ⏳ 暂无任务，休息60秒...
[厉破风] ⏳ 暂无任务，休息60秒...
[岑破雷] ⏳ 暂无任务，休息60秒...
[毕左护] ⏳ 暂无任务，休息60秒...
[郝左持] ⏳ 暂无任务，休息60秒...
[邬左扶] ⏳ 暂无任务，休息60秒...
[安左助] ⏳ 暂无任务，休息60秒...
[常左协] ⏳ 暂无任务，休息60秒...
[李星辰] ⏳ 暂无任务，休息60秒...
[卞右盾] ⏳ 暂无任务，休息60秒...
[巴图] ⏳ 暂无任务，休息60秒...
[弓志明] ⏳ 暂无任务，休息60秒...
[母志明] ⏳ 暂无任务，休息60秒...
[干市场] ⏳ 暂无任务，休息60秒...
[曲市场] ⏳ 暂无任务，休息60秒...
[桥客服] ⏳ 暂无任务，休息60秒...
[银客服] ⏳ 暂无任务，休息60秒...
[言客服] ⏳ 暂无任务，休息60秒...
[朱巨信] ⏳ 暂无任务，休息60秒...
[李廉智] ⏳ 暂无任务，休息60秒...
[水武库] ⏳ 暂无任务，休息60秒...
[葛破浪] ⏳ 暂无任务，休息60秒...
[皮右防] ⏳ 暂无任务，休息60秒...
[赏志明] ⏳ 暂无任务，休息60秒...
[财市场] ⏳ 暂无任务，休息60秒...
[蒋巨门] ⏳ 暂无任务，休息60秒...
[沈巨明] ⏳ 暂无任务，休息60秒...
[韩巨亮] ⏳ 暂无任务，休息60秒...
[杨巨知] ⏳ 暂无任务，休息60秒...
[伍廉贞] ⏳ 暂无任务，休息60秒...
[余廉心] ⏳ 暂无任务，休息60秒...
[元廉情] ⏳ 暂无任务，休息60秒...
[孟廉意] ⏳ 暂无任务，休息60秒...
[谢武功] ⏳ 暂无任务，休息60秒...
[邹武全] ⏳ 暂无任务，休息60秒...
[喻武能] ⏳ 暂无任务，休息60秒...
[柏武技] ⏳ 暂无任务，休息60秒...
[章破军] ⏳ 暂无任务，休息60秒...
[云破敌] ⏳ 暂无任务，休息60秒...
[苏破阵] ⏳ 暂无任务，休息60秒...
[潘破晓] ⏳ 暂无任务，休息60秒...
[倪左辅] ⏳ 暂无任务，休息60秒...
[汤左膀] ⏳ 暂无任务，休息60秒...
[殷左翼] ⏳ 暂无任务，休息60秒...
[殷左护] ⏳ 暂无任务，休息60秒...
[罗左卫] ⏳ 暂无任务，休息60秒...
[周右弼] ⏳ 暂无任务，休息60秒...
[乐右弼] ⏳ 暂无任务，休息60秒...
[于右护] ⏳ 暂无任务，休息60秒...
[时右卫] ⏳ 暂无任务，休息60秒...
[薛贪狼] ⏳ 暂无任务，休息60秒...
[雷贪音] ⏳ 暂无任务，休息60秒...
[贺贪形] ⏳ 暂无任务，休息60秒...
[贡志强] ⏳ 暂无任务，休息60秒...
[齐辅弼] ⏳ 暂无任务，休息60秒...
[康辅星] ⏳ 暂无任务，休息60秒...
[和产品] ⏳ 暂无任务，休息60秒...
[穆产品] ⏳ 暂无任务，休息60秒...
[刘二明] ⏳ 暂无任务，休息60秒...
[王三思] ⏳ 暂无任务，休息60秒...
[赵四维] ⏳ 暂无任务，休息60秒...
[周禄存] ⏳ 暂无任务，休息60秒...
[吴存真] ⏳ 暂无任务，休息60秒...
[郑存义] ⏳ 暂无任务，休息60秒...
[钱存信] ⏳ 暂无任务，休息60秒...
[冯存智] ⏳ 暂无任务，休息60秒...
[陈元灵] ⏳ 暂无任务，休息60秒...
[张一凡] ⏳ 暂无任务，休息60秒...
[孙五维] ⏳ 暂无任务，休息60秒...
[陈存理] ⏳ 暂无任务，休息60秒...
[褚存道] ⏳ 暂无任务，休息60秒...
[卫存德] ⏳ 暂无任务，休息60秒...
[秦巨诚] ⏳ 暂无任务，休息60秒...
[许巨真] ⏳ 暂无任务，休息60秒...
[戚巨实] ⏳ 暂无任务，休息60秒...
[窦武备] ⏳ 暂无任务，休息60秒...
[奚破浪] ⏳ 暂无任务，休息60秒...
[范破空] ⏳ 暂无任务，休息60秒...
[柯破云] ⏳ 暂无任务，休息60秒...
[厉破风] ⏳ 暂无任务，休息60秒...
[岑破雷] ⏳ 暂无任务，休息60秒...
[毕左护] ⏳ 暂无任务，休息60秒...
[郝左持] ⏳ 暂无任务，休息60秒...
[邬左扶] ⏳ 暂无任务，休息60秒...
[安左助] ⏳ 暂无任务，休息60秒...
[常左协] ⏳ 暂无任务，休息60秒...
[李星辰] ⏳ 暂无任务，休息60秒...
[卞右盾] ⏳ 暂无任务，休息60秒...
[巴图] ⏳ 暂无任务，休息60秒...
[弓志明] ⏳ 暂无任务，休息60秒...
[母志明] ⏳ 暂无任务，休息60秒...
[干市场] ⏳ 暂无任务，休息60秒...
[曲市场] ⏳ 暂无任务，休息60秒...
[桥客服] ⏳ 暂无任务，休息60秒...
[银客服] ⏳ 暂无任务，休息60秒...
[言客服] ⏳ 暂无任务，休息60秒...
[朱巨信] ⏳ 暂无任务，休息60秒...
[李廉智] ⏳ 暂无任务，休息60秒...
[水武库] ⏳ 暂无任务，休息60秒...
[葛破浪] ⏳ 暂无任务，休息60秒...
[皮右防] ⏳ 暂无任务，休息60秒...
[赏志明] ⏳ 暂无任务，休息60秒...
[财市场] ⏳ 暂无任务，休息60秒...
[蒋巨门] ⏳ 暂无任务，休息60秒...
[沈巨明] ⏳ 暂无任务，休息60秒...
[韩巨亮] ⏳ 暂无任务，休息60秒...
[杨巨知] ⏳ 暂无任务，休息60秒...
[伍廉贞] ⏳ 暂无任务，休息60秒...
[余廉心] ⏳ 暂无任务，休息60秒...
[元廉情] ⏳ 暂无任务，休息60秒...
[孟廉意] ⏳ 暂无任务，休息60秒...
[谢武功] ⏳ 暂无任务，休息60秒...
[邹武全] ⏳ 暂无任务，休息60秒...
[喻武能] ⏳ 暂无任务，休息60秒...
[柏武技] ⏳ 暂无任务，休息60秒...
[章破军] ⏳ 暂无任务，休息60秒...
[云破敌] ⏳ 暂无任务，休息60秒...
[苏破阵] ⏳ 暂无任务，休息60秒...
[潘破晓] ⏳ 暂无任务，休息60秒...
[倪左辅] ⏳ 暂无任务，休息60秒...
[汤左膀] ⏳ 暂无任务，休息60秒...
[殷左翼] ⏳ 暂无任务，休息60秒...
[殷左护] ⏳ 暂无任务，休息60秒...
[罗左卫] ⏳ 暂无任务，休息60秒...
[周右弼] ⏳ 暂无任务，休息60秒...
[乐右弼] ⏳ 暂无任务，休息60秒...
[于右护] ⏳ 暂无任务，休息60秒...
[时右卫] ⏳ 暂无任务，休息60秒...
[薛贪狼] ⏳ 暂无任务，休息60秒...
[雷贪音] ⏳ 暂无任务，休息60秒...
[贺贪形] ⏳ 暂无任务，休息60秒...
[贡志强] ⏳ 暂无任务，休息60秒...
[齐辅弼] ⏳ 暂无任务，休息60秒...
[康辅星] ⏳ 暂无任务，休息60秒...
[和产品] ⏳ 暂无任务，休息60秒...
[穆产品] ⏳ 暂无任务，休息60秒...
[刘二明] ⏳ 暂无任务，休息60秒...
[王三思] ⏳ 暂无任务，休息60秒...
[赵四维] ⏳ 暂无任务，休息60秒...
[周禄存] ⏳ 暂无任务，休息60秒...
[吴存真] ⏳ 暂无任务，休息60秒...
[郑存义] ⏳ 暂无任务，休息60秒...
[钱存信] ⏳ 暂无任务，休息60秒...
[冯存智] ⏳ 暂无任务，休息60秒...
[陈元灵] ⏳ 暂无任务，休息60秒...
[张一凡] ⏳ 暂无任务，休息60秒...
[孙五维] ⏳ 暂无任务，休息60秒...
[陈存理] ⏳ 暂无任务，休息60秒...
[褚存道] ⏳ 暂无任务，休息60秒...
[卫存德] ⏳ 暂无任务，休息60秒...
[秦巨诚] ⏳ 暂无任务，休息60秒...
[许巨真] ⏳ 暂无任务，休息60秒...
[戚巨实] ⏳ 暂无任务，休息60秒...
[窦武备] ⏳ 暂无任务，休息60秒...
[奚破浪] ⏳ 暂无任务，休息60秒...
[范破空] ⏳ 暂无任务，休息60秒...
[柯破云] ⏳ 暂无任务，休息60秒...
[厉破风] ⏳ 暂无任务，休息60秒...
[岑破雷] ⏳ 暂无任务，休息60秒...
[毕左护] ⏳ 暂无任务，休息60秒...
[郝左持] ⏳ 暂无任务，休息60秒...
[邬左扶] ⏳ 暂无任务，休息60秒...
[安左助] ⏳ 暂无任务，休息60秒...
[常左协] ⏳ 暂无任务，休息60秒...
[李星辰] ⏳ 暂无任务，休息60秒...
[卞右盾] ⏳ 暂无任务，休息60秒...
[巴图] ⏳ 暂无任务，休息60秒...
[弓志明] ⏳ 暂无任务，休息60秒...
[母志明] ⏳ 暂无任务，休息60秒...
[干市场] ⏳ 暂无任务，休息60秒...
[曲市场] ⏳ 暂无任务，休息60秒...
[桥客服] ⏳ 暂无任务，休息60秒...
[银客服] ⏳ 暂无任务，休息60秒...
[言客服] ⏳ 暂无任务，休息60秒...
[朱巨信] ⏳ 暂无任务，休息60秒...
[李廉智] ⏳ 暂无任务，休息60秒...
[水武库] ⏳ 暂无任务，休息60秒...
[葛破浪] ⏳ 暂无任务，休息60秒...
[皮右防] ⏳ 暂无任务，休息60秒...
[赏志明] ⏳ 暂无任务，休息60秒...
[财市场] ⏳ 暂无任务，休息60秒...
[蒋巨门] ⏳ 暂无任务，休息60秒...
[沈巨明] ⏳ 暂无任务，休息60秒...
[韩巨亮] ⏳ 暂无任务，休息60秒...
[杨巨知] ⏳ 暂无任务，休息60秒...
[伍廉贞] ⏳ 暂无任务，休息60秒...
[余廉心] ⏳ 暂无任务，休息60秒...
[元廉情] ⏳ 暂无任务，休息60秒...
[孟廉意] ⏳ 暂无任务，休息60秒...
[谢武功] ⏳ 暂无任务，休息60秒...
[邹武全] ⏳ 暂无任务，休息60秒...
[喻武能] ⏳ 暂无任务，休息60秒...
[柏武技] ⏳ 暂无任务，休息60秒...
[章破军] ⏳ 暂无任务，休息60秒...
[云破敌] ⏳ 暂无任务，休息60秒...
[苏破阵] ⏳ 暂无任务，休息60秒...
[潘破晓] ⏳ 暂无任务，休息60秒...
[倪左辅] ⏳ 暂无任务，休息60秒...
[汤左膀] ⏳ 暂无任务，休息60秒...
[殷左翼] ⏳ 暂无任务，休息60秒...
[殷左护] ⏳ 暂无任务，休息60秒...
[罗左卫] ⏳ 暂无任务，休息60秒...
[周右弼] ⏳ 暂无任务，休息60秒...
[乐右弼] ⏳ 暂无任务，休息60秒...
[于右护] ⏳ 暂无任务，休息60秒...
[时右卫] ⏳ 暂无任务，休息60秒...
[薛贪狼] ⏳ 暂无任务，休息60秒...
[雷贪音] ⏳ 暂无任务，休息60秒...
[贺贪形] ⏳ 暂无任务，休息60秒...
[贡志强] ⏳ 暂无任务，休息60秒...
[齐辅弼] ⏳ 暂无任务，休息60秒...
[康辅星] ⏳ 暂无任务，休息60秒...
[和产品] ⏳ 暂无任务，休息60秒...
[穆产品] ⏳ 暂无任务，休息60秒...
[刘二明] ⏳ 暂无任务，休息60秒...
[王三思] ⏳ 暂无任务，休息60秒...
[赵四维] ⏳ 暂无任务，休息60秒...
[周禄存] ⏳ 暂无任务，休息60秒...
[吴存真] ⏳ 暂无任务，休息60秒...
[郑存义] ⏳ 暂无任务，休息60秒...
[钱存信] ⏳ 暂无任务，休息60秒...
[冯存智] ⏳ 暂无任务，休息60秒...
[陈元灵] ⏳ 暂无任务，休息60秒...
[张一凡] ⏳ 暂无任务，休息60秒...
[孙五维] ⏳ 暂无任务，休息60秒...
[陈存理] ⏳ 暂无任务，休息60秒...
[褚存道] ⏳ 暂无任务，休息60秒...
[卫存德] ⏳ 暂无任务，休息60秒...
[秦巨诚] ⏳ 暂无任务，休息60秒...
[许巨真] ⏳ 暂无任务，休息60秒...
[戚巨实] ⏳ 暂无任务，休息60秒...
[窦武备] ⏳ 暂无任务，休息60秒...
[奚破浪] ⏳ 暂无任务，休息60秒...
[范破空] ⏳ 暂无任务，休息60秒...
[柯破云] ⏳ 暂无任务，休息60秒...
[厉破风] ⏳ 暂无任务，休息60秒...
[岑破雷] ⏳ 暂无任务，休息60秒...
[毕左护] ⏳ 暂无任务，休息60秒...
[郝左持] ⏳ 暂无任务，休息60秒...
[邬左扶] ⏳ 暂无任务，休息60秒...
[安左助] ⏳ 暂无任务，休息60秒...
[常左协] ⏳ 暂无任务，休息60秒...
[李星辰] ⏳ 暂无任务，休息60秒...
[卞右盾] ⏳ 暂无任务，休息60秒...
[巴图] ⏳ 暂无任务，休息60秒...
[弓志明] ⏳ 暂无任务，休息60秒...
[母志明] ⏳ 暂无任务，休息60秒...
[干市场] ⏳ 暂无任务，休息60秒...
[曲市场] ⏳ 暂无任务，休息60秒...
[桥客服] ⏳ 暂无任务，休息60秒...
[银客服] ⏳ 暂无任务，休息60秒...
[言客服] ⏳ 暂无任务，休息60秒...
[朱巨信] ⏳ 暂无任务，休息60秒...
[李廉智] ⏳ 暂无任务，休息60秒...
[水武库] ⏳ 暂无任务，休息60秒...
[葛破浪] ⏳ 暂无任务，休息60秒...
[皮右防] ⏳ 暂无任务，休息60秒...
[赏志明] ⏳ 暂无任务，休息60秒...
[财市场] ⏳ 暂无任务，休息60秒...
[蒋巨门] ⏳ 暂无任务，休息60秒...
[沈巨明] ⏳ 暂无任务，休息60秒...
[韩巨亮] ⏳ 暂无任务，休息60秒...
[杨巨知] ⏳ 暂无任务，休息60秒...
[伍廉贞] ⏳ 暂无任务，休息60秒...
[余廉心] ⏳ 暂无任务，休息60秒...
[元廉情] ⏳ 暂无任务，休息60秒...
[孟廉意] ⏳ 暂无任务，休息60秒...
[谢武功] ⏳ 暂无任务，休息60秒...
[邹武全] ⏳ 暂无任务，休息60秒...
[喻武能] ⏳ 暂无任务，休息60秒...
[柏武技] ⏳ 暂无任务，休息60秒...
[章破军] ⏳ 暂无任务，休息60秒...
[云破敌] ⏳ 暂无任务，休息60秒...
[苏破阵] ⏳ 暂无任务，休息60秒...
[潘破晓] ⏳ 暂无任务，休息60秒...
[倪左辅] ⏳ 暂无任务，休息60秒...
[汤左膀] ⏳ 暂无任务，休息60秒...
[殷左翼] ⏳ 暂无任务，休息60秒...
[殷左护] ⏳ 暂无任务，休息60秒...
[罗左卫] ⏳ 暂无任务，休息60秒...
[周右弼] ⏳ 暂无任务，休息60秒...
[乐右弼] ⏳ 暂无任务，休息60秒...
[于右护] ⏳ 暂无任务，休息60秒...
[时右卫] ⏳ 暂无任务，休息60秒...
[薛贪狼] ⏳ 暂无任务，休息60秒...
[雷贪音] ⏳ 暂无任务，休息60秒...
[贺贪形] ⏳ 暂无任务，休息60秒...
[贡志强] ⏳ 暂无任务，休息60秒...
[齐辅弼] ⏳ 暂无任务，休息60秒...
[康辅星] ⏳ 暂无任务，休息60秒...
[和产品] ⏳ 暂无任务，休息60秒...
[穆产品] ⏳ 暂无任务，休息60秒...
[刘二明] ⏳ 暂无任务，休息60秒...
[王三思] ⏳ 暂无任务，休息60秒...
[赵四维] ⏳ 暂无任务，休息60秒...
[周禄存] ⏳ 暂无任务，休息60秒...
[吴存真] ⏳ 暂无任务，休息60秒...
[郑存义] ⏳ 暂无任务，休息60秒...
[钱存信] ⏳ 暂无任务，休息60秒...
[冯存智] ⏳ 暂无任务，休息60秒...
[陈元灵] ⏳ 暂无任务，休息60秒...
[张一凡] ⏳ 暂无任务，休息60秒...
[孙五维] ⏳ 暂无任务，休息60秒...
[陈存理] ⏳ 暂无任务，休息60秒...
[褚存道] ⏳ 暂无任务，休息60秒...
[卫存德] ⏳ 暂无任务，休息60秒...
[秦巨诚] ⏳ 暂无任务，休息60秒...
[许巨真] ⏳ 暂无任务，休息60秒...
[戚巨实] ⏳ 暂无任务，休息60秒...
[窦武备] ⏳ 暂无任务，休息60秒...
[奚破浪] ⏳ 暂无任务，休息60秒...
[范破空] ⏳ 暂无任务，休息60秒...
[柯破云] ⏳ 暂无任务，休息60秒...
[厉破风] ⏳ 暂无任务，休息60秒...
[岑破雷] ⏳ 暂无任务，休息60秒...
[毕左护] ⏳ 暂无任务，休息60秒...
[郝左持] ⏳ 暂无任务，休息60秒...
[邬左扶] ⏳ 暂无任务，休息60秒...
[安左助] ⏳ 暂无任务，休息60秒...
[常左协] ⏳ 暂无任务，休息60秒...
[李星辰] ⏳ 暂无任务，休息60秒...
[卞右盾] ⏳ 暂无任务，休息60秒...
[巴图] ⏳ 暂无任务，休息60秒...
[弓志明] ⏳ 暂无任务，休息60秒...
[母志明] ⏳ 暂无任务，休息60秒...
[干市场] ⏳ 暂无任务，休息60秒...
[曲市场] ⏳ 暂无任务，休息60秒...
[桥客服] ⏳ 暂无任务，休息60秒...
[银客服] ⏳ 暂无任务，休息60秒...
[言客服] ⏳ 暂无任务，休息60秒...
[朱巨信] ⏳ 暂无任务，休息60秒...
[李廉智] ⏳ 暂无任务，休息60秒...
[水武库] ⏳ 暂无任务，休息60秒...
[葛破浪] ⏳ 暂无任务，休息60秒...
[皮右防] ⏳ 暂无任务，休息60秒...
[赏志明] ⏳ 暂无任务，休息60秒...
[财市场] ⏳ 暂无任务，休息60秒...
[蒋巨门] ⏳ 暂无任务，休息60秒...
[沈巨明] ⏳ 暂无任务，休息60秒...
[韩巨亮] ⏳ 暂无任务，休息60秒...
[杨巨知] ⏳ 暂无任务，休息60秒...
[伍廉贞] ⏳ 暂无任务，休息60秒...
[余廉心] ⏳ 暂无任务，休息60秒...
[元廉情] ⏳ 暂无任务，休息60秒...
[孟廉意] ⏳ 暂无任务，休息60秒...
[谢武功] ⏳ 暂无任务，休息60秒...
[邹武全] ⏳ 暂无任务，休息60秒...
[喻武能] ⏳ 暂无任务，休息60秒...
[柏武技] ⏳ 暂无任务，休息60秒...
[章破军] ⏳ 暂无任务，休息60秒...
[云破敌] ⏳ 暂无任务，休息60秒...
[苏破阵] ⏳ 暂无任务，休息60秒...
[潘破晓] ⏳ 暂无任务，休息60秒...
[倪左辅] ⏳ 暂无任务，休息60秒...
[汤左膀] ⏳ 暂无任务，休息60秒...
[殷左翼] ⏳ 暂无任务，休息60秒...
[殷左护] ⏳ 暂无任务，休息60秒...
[罗左卫] ⏳ 暂无任务，休息60秒...
[周右弼] ⏳ 暂无任务，休息60秒...
[乐右弼] ⏳ 暂无任务，休息60秒...
[于右护] ⏳ 暂无任务，休息60秒...
[时右卫] ⏳ 暂无任务，休息60秒...
[薛贪狼] ⏳ 暂无任务，休息60秒...
[雷贪音] ⏳ 暂无任务，休息60秒...
[贺贪形] ⏳ 暂无任务，休息60秒...
[贡志强] ⏳ 暂无任务，休息60秒...
[齐辅弼] ⏳ 暂无任务，休息60秒...
[康辅星] ⏳ 暂无任务，休息60秒...
[和产品] ⏳ 暂无任务，休息60秒...
[穆产品] ⏳ 暂无任务，休息60秒...
[刘二明] ⏳ 暂无任务，休息60秒...
[王三思] ⏳ 暂无任务，休息60秒...
[赵四维] ⏳ 暂无任务，休息60秒...
[周禄存] ⏳ 暂无任务，休息60秒...
[吴存真] ⏳ 暂无任务，休息60秒...
[郑存义] ⏳ 暂无任务，休息60秒...
[钱存信] ⏳ 暂无任务，休息60秒...
[冯存智] ⏳ 暂无任务，休息60秒...
[陈元灵] ⏳ 暂无任务，休息60秒...
[张一凡] ⏳ 暂无任务，休息60秒...
[孙五维] ⏳ 暂无任务，休息60秒...
[陈存理] ⏳ 暂无任务，休息60秒...
[褚存道] ⏳ 暂无任务，休息60秒...
[卫存德] ⏳ 暂无任务，休息60秒...
[秦巨诚] ⏳ 暂无任务，休息60秒...
[许巨真] ⏳ 暂无任务，休息60秒...
[戚巨实] ⏳ 暂无任务，休息60秒...
[窦武备] ⏳ 暂无任务，休息60秒...
[奚破浪] ⏳ 暂无任务，休息60秒...
[范破空] ⏳ 暂无任务，休息60秒...
[柯破云] ⏳ 暂无任务，休息60秒...
[厉破风] ⏳ 暂无任务，休息60秒...
[岑破雷] ⏳ 暂无任务，休息60秒...
[毕左护] ⏳ 暂无任务，休息60秒...
[郝左持] ⏳ 暂无任务，休息60秒...
[邬左扶] ⏳ 暂无任务，休息60秒...
[安左助] ⏳ 暂无任务，休息60秒...
[常左协] ⏳ 暂无任务，休息60秒...
[李星辰] ⏳ 暂无任务，休息60秒...
[卞右盾] ⏳ 暂无任务，休息60秒...
[巴图] ⏳ 暂无任务，休息60秒...
[弓志明] ⏳ 暂无任务，休息60秒...
[母志明] ⏳ 暂无任务，休息60秒...
[干市场] ⏳ 暂无任务，休息60秒...
[曲市场] ⏳ 暂无任务，休息60秒...
[桥客服] ⏳ 暂无任务，休息60秒...
[银客服] ⏳ 暂无任务，休息60秒...
[言客服] ⏳ 暂无任务，休息60秒...
[朱巨信] ⏳ 暂无任务，休息60秒...
[李廉智] ⏳ 暂无任务，休息60秒...
[水武库] ⏳ 暂无任务，休息60秒...
[葛破浪] ⏳ 暂无任务，休息60秒...
[皮右防] ⏳ 暂无任务，休息60秒...
[赏志明] ⏳ 暂无任务，休息60秒...
[财市场] ⏳ 暂无任务，休息60秒...
[蒋巨门] ⏳ 暂无任务，休息60秒...
[沈巨明] ⏳ 暂无任务，休息60秒...
[韩巨亮] ⏳ 暂无任务，休息60秒...
[杨巨知] ⏳ 暂无任务，休息60秒...
[伍廉贞] ⏳ 暂无任务，休息60秒...
[余廉心] ⏳ 暂无任务，休息60秒...
[元廉情] ⏳ 暂无任务，休息60秒...
[孟廉意] ⏳ 暂无任务，休息60秒...
[谢武功] ⏳ 暂无任务，休息60秒...
[邹武全] ⏳ 暂无任务，休息60秒...
[喻武能] ⏳ 暂无任务，休息60秒...
[柏武技] ⏳ 暂无任务，休息60秒...
[章破军] ⏳ 暂无任务，休息60秒...
[云破敌] ⏳ 暂无任务，休息60秒...
[苏破阵] ⏳ 暂无任务，休息60秒...
[潘破晓] ⏳ 暂无任务，休息60秒...
[倪左辅] ⏳ 暂无任务，休息60秒...
[汤左膀] ⏳ 暂无任务，休息60秒...
[殷左翼] ⏳ 暂无任务，休息60秒...
[殷左护] ⏳ 暂无任务，休息60秒...
[罗左卫] ⏳ 暂无任务，休息60秒...
[周右弼] ⏳ 暂无任务，休息60秒...
[乐右弼] ⏳ 暂无任务，休息60秒...
[于右护] ⏳ 暂无任务，休息60秒...
[时右卫] ⏳ 暂无任务，休息60秒...
[薛贪狼] ⏳ 暂无任务，休息60秒...
[雷贪音] ⏳ 暂无任务，休息60秒...
[贺贪形] ⏳ 暂无任务，休息60秒...
[贡志强] ⏳ 暂无任务，休息60秒...
[齐辅弼] ⏳ 暂无任务，休息60秒...
[康辅星] ⏳ 暂无任务，休息60秒...
[和产品] ⏳ 暂无任务，休息60秒...
[穆产品] ⏳ 暂无任务，休息60秒...
[刘二明] ⏳ 暂无任务，休息60秒...
[王三思] ⏳ 暂无任务，休息60秒...
[赵四维] ⏳ 暂无任务，休息60秒...
[周禄存] ⏳ 暂无任务，休息60秒...
[吴存真] ⏳ 暂无任务，休息60秒...
[郑存义] ⏳ 暂无任务，休息60秒...
[钱存信] ⏳ 暂无任务，休息60秒...
[冯存智] ⏳ 暂无任务，休息60秒...
[陈元灵] ⏳ 暂无任务，休息60秒...
[张一凡] ⏳ 暂无任务，休息60秒...
[孙五维] ⏳ 暂无任务，休息60秒...
[陈存理] ⏳ 暂无任务，休息60秒...
[褚存道] ⏳ 暂无任务，休息60秒...
[卫存德] ⏳ 暂无任务，休息60秒...
[秦巨诚] ⏳ 暂无任务，休息60秒...
[许巨真] ⏳ 暂无任务，休息60秒...
[戚巨实] ⏳ 暂无任务，休息60秒...
[窦武备] ⏳ 暂无任务，休息60秒...
[奚破浪] ⏳ 暂无任务，休息60秒...
[范破空] ⏳ 暂无任务，休息60秒...
[柯破云] ⏳ 暂无任务，休息60秒...
[厉破风] ⏳ 暂无任务，休息60秒...
[岑破雷] ⏳ 暂无任务，休息60秒...
[毕左护] ⏳ 暂无任务，休息60秒...
[郝左持] ⏳ 暂无任务，休息60秒...
[邬左扶] ⏳ 暂无任务，休息60秒...
[安左助] ⏳ 暂无任务，休息60秒...
[常左协] ⏳ 暂无任务，休息60秒...
[李星辰] ⏳ 暂无任务，休息60秒...
[卞右盾] ⏳ 暂无任务，休息60秒...
[巴图] ⏳ 暂无任务，休息60秒...
[弓志明] ⏳ 暂无任务，休息60秒...
[母志明] ⏳ 暂无任务，休息60秒...
[干市场] ⏳ 暂无任务，休息60秒...
[曲市场] ⏳ 暂无任务，休息60秒...
[桥客服] ⏳ 暂无任务，休息60秒...
[银客服] ⏳ 暂无任务，休息60秒...
[言客服] ⏳ 暂无任务，休息60秒...
[朱巨信] ⏳ 暂无任务，休息60秒...
[李廉智] ⏳ 暂无任务，休息60秒...
[水武库] ⏳ 暂无任务，休息60秒...
[葛破浪] ⏳ 暂无任务，休息60秒...
[皮右防] ⏳ 暂无任务，休息60秒...
[赏志明] ⏳ 暂无任务，休息60秒...
[财市场] ⏳ 暂无任务，休息60秒...
[蒋巨门] ⏳ 暂无任务，休息60秒...
[沈巨明] ⏳ 暂无任务，休息60秒...
[韩巨亮] ⏳ 暂无任务，休息60秒...
[杨巨知] ⏳ 暂无任务，休息60秒...
[伍廉贞] ⏳ 暂无任务，休息60秒...
[余廉心] ⏳ 暂无任务，休息60秒...
[元廉情] ⏳ 暂无任务，休息60秒...
[孟廉意] ⏳ 暂无任务，休息60秒...
[谢武功] ⏳ 暂无任务，休息60秒...
[邹武全] ⏳ 暂无任务，休息60秒...
[喻武能] ⏳ 暂无任务，休息60秒...
[柏武技] ⏳ 暂无任务，休息60秒...
[章破军] ⏳ 暂无任务，休息60秒...
[云破敌] ⏳ 暂无任务，休息60秒...
[苏破阵] ⏳ 暂无任务，休息60秒...
[潘破晓] ⏳ 暂无任务，休息60秒...
[倪左辅] ⏳ 暂无任务，休息60秒...
[汤左膀] ⏳ 暂无任务，休息60秒...
[殷左翼] ⏳ 暂无任务，休息60秒...
[殷左护] ⏳ 暂无任务，休息60秒...
[罗左卫] ⏳ 暂无任务，休息60秒...
[周右弼] ⏳ 暂无任务，休息60秒...
[乐右弼] ⏳ 暂无任务，休息60秒...
[于右护] ⏳ 暂无任务，休息60秒...
[时右卫] ⏳ 暂无任务，休息60秒...
[薛贪狼] ⏳ 暂无任务，休息60秒...
[雷贪音] ⏳ 暂无任务，休息60秒...
[贺贪形] ⏳ 暂无任务，休息60秒...
[贡志强] ⏳ 暂无任务，休息60秒...
[齐辅弼] ⏳ 暂无任务，休息60秒...
[康辅星] ⏳ 暂无任务，休息60秒...
[和产品] ⏳ 暂无任务，休息60秒...
[穆产品] ⏳ 暂无任务，休息60秒...
[刘二明] ⏳ 暂无任务，休息60秒...
[王三思] ⏳ 暂无任务，休息60秒...
[赵四维] ⏳ 暂无任务，休息60秒...
[周禄存] ⏳ 暂无任务，休息60秒...
[吴存真] ⏳ 暂无任务，休息60秒...
[郑存义] ⏳ 暂无任务，休息60秒...
[钱存信] ⏳ 暂无任务，休息60秒...
[冯存智] ⏳ 暂无任务，休息60秒...
[陈元灵] ⏳ 暂无任务，休息60秒...
[张一凡] ⏳ 暂无任务，休息60秒...
[孙五维] ⏳ 暂无任务，休息60秒...
[陈存理] ⏳ 暂无任务，休息60秒...
[褚存道] ⏳ 暂无任务，休息60秒...
[卫存德] ⏳ 暂无任务，休息60秒...
[秦巨诚] ⏳ 暂无任务，休息60秒...
[许巨真] ⏳ 暂无任务，休息60秒...
[戚巨实] ⏳ 暂无任务，休息60秒...
[窦武备] ⏳ 暂无任务，休息60秒...
[奚破浪] ⏳ 暂无任务，休息60秒...
[范破空] ⏳ 暂无任务，休息60秒...
[柯破云] ⏳ 暂无任务，休息60秒...
[厉破风] ⏳ 暂无任务，休息60秒...
[岑破雷] ⏳ 暂无任务，休息60秒...
[毕左护] ⏳ 暂无任务，休息60秒...
[郝左持] ⏳ 暂无任务，休息60秒...
[邬左扶] ⏳ 暂无任务，休息60秒...
[安左助] ⏳ 暂无任务，休息60秒...
[常左协] ⏳ 暂无任务，休息60秒...
[李星辰] ⏳ 暂无任务，休息60秒...
[卞右盾] ⏳ 暂无任务，休息60秒...
[巴图] ⏳ 暂无任务，休息60秒...
[弓志明] ⏳ 暂无任务，休息60秒...
[母志明] ⏳ 暂无任务，休息60秒...
[干市场] ⏳ 暂无任务，休息60秒...
[曲市场] ⏳ 暂无任务，休息60秒...
[桥客服] ⏳ 暂无任务，休息60秒...
[银客服] ⏳ 暂无任务，休息60秒...
[言客服] ⏳ 暂无任务，休息60秒...
[朱巨信] ⏳ 暂无任务，休息60秒...
[李廉智] ⏳ 暂无任务，休息60秒...
[水武库] ⏳ 暂无任务，休息60秒...
[葛破浪] ⏳ 暂无任务，休息60秒...
[皮右防] ⏳ 暂无任务，休息60秒...
[赏志明] ⏳ 暂无任务，休息60秒...
[财市场] ⏳ 暂无任务，休息60秒...
[蒋巨门] ⏳ 暂无任务，休息60秒...
[沈巨明] ⏳ 暂无任务，休息60秒...
[韩巨亮] ⏳ 暂无任务，休息60秒...
[杨巨知] ⏳ 暂无任务，休息60秒...
[伍廉贞] ⏳ 暂无任务，休息60秒...
[余廉心] ⏳ 暂无任务，休息60秒...
[元廉情] ⏳ 暂无任务，休息60秒...
[孟廉意] ⏳ 暂无任务，休息60秒...
[谢武功] ⏳ 暂无任务，休息60秒...
[邹武全] ⏳ 暂无任务，休息60秒...
[喻武能] ⏳ 暂无任务，休息60秒...
[柏武技] ⏳ 暂无任务，休息60秒...
[章破军] ⏳ 暂无任务，休息60秒...
[云破敌] ⏳ 暂无任务，休息60秒...
[苏破阵] ⏳ 暂无任务，休息60秒...
[潘破晓] ⏳ 暂无任务，休息60秒...
[倪左辅] ⏳ 暂无任务，休息60秒...
[汤左膀] ⏳ 暂无任务，休息60秒...
[殷左翼] ⏳ 暂无任务，休息60秒...
[殷左护] ⏳ 暂无任务，休息60秒...
[罗左卫] ⏳ 暂无任务，休息60秒...
[周右弼] ⏳ 暂无任务，休息60秒...
[乐右弼] ⏳ 暂无任务，休息60秒...
[于右护] ⏳ 暂无任务，休息60秒...
[时右卫] ⏳ 暂无任务，休息60秒...
[薛贪狼] ⏳ 暂无任务，休息60秒...
[雷贪音] ⏳ 暂无任务，休息60秒...
[贺贪形] ⏳ 暂无任务，休息60秒...
[贡志强] ⏳ 暂无任务，休息60秒...
[齐辅弼] ⏳ 暂无任务，休息60秒...
[康辅星] ⏳ 暂无任务，休息60秒...
[和产品] ⏳ 暂无任务，休息60秒...
[穆产品] ⏳ 暂无任务，休息60秒...
[刘二明] ⏳ 暂无任务，休息60秒...
[王三思] ⏳ 暂无任务，休息60秒...
[赵四维] ⏳ 暂无任务，休息60秒...
[周禄存] ⏳ 暂无任务，休息60秒...
[吴存真] ⏳ 暂无任务，休息60秒...
[郑存义] ⏳ 暂无任务，休息60秒...
[钱存信] ⏳ 暂无任务，休息60秒...
[冯存智] ⏳ 暂无任务，休息60秒...
[陈元灵] ⏳ 暂无任务，休息60秒...
[张一凡] ⏳ 暂无任务，休息60秒...
[孙五维] ⏳ 暂无任务，休息60秒...
[陈存理] ⏳ 暂无任务，休息60秒...
[褚存道] ⏳ 暂无任务，休息60秒...
[卫存德] ⏳ 暂无任务，休息60秒...
[秦巨诚] ⏳ 暂无任务，休息60秒...
[许巨真] ⏳ 暂无任务，休息60秒...
[戚巨实] ⏳ 暂无任务，休息60秒...
[窦武备] ⏳ 暂无任务，休息60秒...
[奚破浪] ⏳ 暂无任务，休息60秒...
[范破空] ⏳ 暂无任务，休息60秒...
[柯破云] ⏳ 暂无任务，休息60秒...
[厉破风] ⏳ 暂无任务，休息60秒...
[岑破雷] ⏳ 暂无任务，休息60秒...
[毕左护] ⏳ 暂无任务，休息60秒...
[郝左持] ⏳ 暂无任务，休息60秒...
[邬左扶] ⏳ 暂无任务，休息60秒...
[安左助] ⏳ 暂无任务，休息60秒...
[常左协] ⏳ 暂无任务，休息60秒...
[李星辰] ⏳ 暂无任务，休息60秒...
[卞右盾] ⏳ 暂无任务，休息60秒...
[巴图] ⏳ 暂无任务，休息60秒...
[弓志明] ⏳ 暂无任务，休息60秒...
[母志明] ⏳ 暂无任务，休息60秒...
[干市场] ⏳ 暂无任务，休息60秒...
[曲市场] ⏳ 暂无任务，休息60秒...
[桥客服] ⏳ 暂无任务，休息60秒...
[银客服] ⏳ 暂无任务，休息60秒...
[言客服] ⏳ 暂无任务，休息60秒...
[朱巨信] ⏳ 暂无任务，休息60秒...
[李廉智] ⏳ 暂无任务，休息60秒...
[水武库] ⏳ 暂无任务，休息60秒...
[葛破浪] ⏳ 暂无任务，休息60秒...
[皮右防] ⏳ 暂无任务，休息60秒...
[赏志明] ⏳ 暂无任务，休息60秒...
[财市场] ⏳ 暂无任务，休息60秒...
[蒋巨门] ⏳ 暂无任务，休息60秒...
[沈巨明] ⏳ 暂无任务，休息60秒...
[韩巨亮] ⏳ 暂无任务，休息60秒...
[杨巨知] ⏳ 暂无任务，休息60秒...
[伍廉贞] ⏳ 暂无任务，休息60秒...
[余廉心] ⏳ 暂无任务，休息60秒...
[元廉情] ⏳ 暂无任务，休息60秒...
[孟廉意] ⏳ 暂无任务，休息60秒...
[谢武功] ⏳ 暂无任务，休息60秒...
[邹武全] ⏳ 暂无任务，休息60秒...
[喻武能] ⏳ 暂无任务，休息60秒...
[柏武技] ⏳ 暂无任务，休息60秒...
[章破军] ⏳ 暂无任务，休息60秒...
[云破敌] ⏳ 暂无任务，休息60秒...
[苏破阵] ⏳ 暂无任务，休息60秒...
[潘破晓] ⏳ 暂无任务，休息60秒...
[倪左辅] ⏳ 暂无任务，休息60秒...
[汤左膀] ⏳ 暂无任务，休息60秒...
[殷左翼] ⏳ 暂无任务，休息60秒...
[殷左护] ⏳ 暂无任务，休息60秒...
[罗左卫] ⏳ 暂无任务，休息60秒...
[周右弼] ⏳ 暂无任务，休息60秒...
[乐右弼] ⏳ 暂无任务，休息60秒...
[于右护] ⏳ 暂无任务，休息60秒...
[时右卫] ⏳ 暂无任务，休息60秒...
[薛贪狼] ⏳ 暂无任务，休息60秒...
[雷贪音] ⏳ 暂无任务，休息60秒...
[贺贪形] ⏳ 暂无任务，休息60秒...
[贡志强] ⏳ 暂无任务，休息60秒...
[齐辅弼] ⏳ 暂无任务，休息60秒...
[康辅星] ⏳ 暂无任务，休息60秒...
[和产品] ⏳ 暂无任务，休息60秒...
[穆产品] ⏳ 暂无任务，休息60秒...
[刘二明] ⏳ 暂无任务，休息60秒...
[王三思] ⏳ 暂无任务，休息60秒...
[赵四维] ⏳ 暂无任务，休息60秒...
[周禄存] ⏳ 暂无任务，休息60秒...
[吴存真] ⏳ 暂无任务，休息60秒...
[郑存义] ⏳ 暂无任务，休息60秒...
[钱存信] ⏳ 暂无任务，休息60秒...
[冯存智] ⏳ 暂无任务，休息60秒...
[陈元灵] ⏳ 暂无任务，休息60秒...
[张一凡] ⏳ 暂无任务，休息60秒...
[孙五维] ⏳ 暂无任务，休息60秒...
[陈存理] ⏳ 暂无任务，休息60秒...
[褚存道] ⏳ 暂无任务，休息60秒...
[卫存德] ⏳ 暂无任务，休息60秒...
[秦巨诚] ⏳ 暂无任务，休息60秒...
[许巨真] ⏳ 暂无任务，休息60秒...
[戚巨实] ⏳ 暂无任务，休息60秒...
[窦武备] ⏳ 暂无任务，休息60秒...
[奚破浪] ⏳ 暂无任务，休息60秒...
[范破空] ⏳ 暂无任务，休息60秒...
[柯破云] ⏳ 暂无任务，休息60秒...
[厉破风] ⏳ 暂无任务，休息60秒...
[岑破雷] ⏳ 暂无任务，休息60秒...
[毕左护] ⏳ 暂无任务，休息60秒...
[郝左持] ⏳ 暂无任务，休息60秒...
[邬左扶] ⏳ 暂无任务，休息60秒...
[安左助] ⏳ 暂无任务，休息60秒...
[常左协] ⏳ 暂无任务，休息60秒...
[李星辰] ⏳ 暂无任务，休息60秒...
[卞右盾] ⏳ 暂无任务，休息60秒...
[巴图] ⏳ 暂无任务，休息60秒...
[弓志明] ⏳ 暂无任务，休息60秒...
[母志明] ⏳ 暂无任务，休息60秒...
[干市场] ⏳ 暂无任务，休息60秒...
[曲市场] ⏳ 暂无任务，休息60秒...
[桥客服] ⏳ 暂无任务，休息60秒...
[银客服] ⏳ 暂无任务，休息60秒...
[言客服] ⏳ 暂无任务，休息60秒...
[朱巨信] ⏳ 暂无任务，休息60秒...
[李廉智] ⏳ 暂无任务，休息60秒...
[水武库] ⏳ 暂无任务，休息60秒...
[葛破浪] ⏳ 暂无任务，休息60秒...
[皮右防] ⏳ 暂无任务，休息60秒...
[赏志明] ⏳ 暂无任务，休息60秒...
[财市场] ⏳ 暂无任务，休息60秒...
[蒋巨门] ⏳ 暂无任务，休息60秒...
[沈巨明] ⏳ 暂无任务，休息60秒...
[韩巨亮] ⏳ 暂无任务，休息60秒...
[杨巨知] ⏳ 暂无任务，休息60秒...
[伍廉贞] ⏳ 暂无任务，休息60秒...
[余廉心] ⏳ 暂无任务，休息60秒...
[元廉情] ⏳ 暂无任务，休息60秒...
[孟廉意] ⏳ 暂无任务，休息60秒...
[谢武功] ⏳ 暂无任务，休息60秒...
[邹武全] ⏳ 暂无任务，休息60秒...
[喻武能] ⏳ 暂无任务，休息60秒...
[柏武技] ⏳ 暂无任务，休息60秒...
[章破军] ⏳ 暂无任务，休息60秒...
[云破敌] ⏳ 暂无任务，休息60秒...
[苏破阵] ⏳ 暂无任务，休息60秒...
[潘破晓] ⏳ 暂无任务，休息60秒...
[倪左辅] ⏳ 暂无任务，休息60秒...
[汤左膀] ⏳ 暂无任务，休息60秒...
[殷左翼] ⏳ 暂无任务，休息60秒...
[殷左护] ⏳ 暂无任务，休息60秒...
[罗左卫] ⏳ 暂无任务，休息60秒...
[周右弼] ⏳ 暂无任务，休息60秒...
[乐右弼] ⏳ 暂无任务，休息60秒...
[于右护] ⏳ 暂无任务，休息60秒...
[时右卫] ⏳ 暂无任务，休息60秒...
[薛贪狼] ⏳ 暂无任务，休息60秒...
[雷贪音] ⏳ 暂无任务，休息60秒...
[贺贪形] ⏳ 暂无任务，休息60秒...
[贡志强] ⏳ 暂无任务，休息60秒...
[齐辅弼] ⏳ 暂无任务，休息60秒...
[康辅星] ⏳ 暂无任务，休息60秒...
[和产品] ⏳ 暂无任务，休息60秒...
[穆产品] ⏳ 暂无任务，休息60秒...
[刘二明] ⏳ 暂无任务，休息60秒...
[王三思] ⏳ 暂无任务，休息60秒...
[赵四维] ⏳ 暂无任务，休息60秒...
[周禄存] ⏳ 暂无任务，休息60秒...
[吴存真] ⏳ 暂无任务，休息60秒...
[郑存义] ⏳ 暂无任务，休息60秒...
[钱存信] ⏳ 暂无任务，休息60秒...
[冯存智] ⏳ 暂无任务，休息60秒...
[陈元灵] ⏳ 暂无任务，休息60秒...
[张一凡] ⏳ 暂无任务，休息60秒...
[孙五维] ⏳ 暂无任务，休息60秒...
[陈存理] ⏳ 暂无任务，休息60秒...
[褚存道] ⏳ 暂无任务，休息60秒...
[卫存德] ⏳ 暂无任务，休息60秒...
[秦巨诚] ⏳ 暂无任务，休息60秒...
[许巨真] ⏳ 暂无任务，休息60秒...
[戚巨实] ⏳ 暂无任务，休息60秒...
[窦武备] ⏳ 暂无任务，休息60秒...
[奚破浪] ⏳ 暂无任务，休息60秒...
[范破空] ⏳ 暂无任务，休息60秒...
[柯破云] ⏳ 暂无任务，休息60秒...
[厉破风] ⏳ 暂无任务，休息60秒...
[岑破雷] ⏳ 暂无任务，休息60秒...
[毕左护] ⏳ 暂无任务，休息60秒...
[郝左持] ⏳ 暂无任务，休息60秒...
[邬左扶] ⏳ 暂无任务，休息60秒...
[安左助] ⏳ 暂无任务，休息60秒...
[常左协] ⏳ 暂无任务，休息60秒...
[李星辰] ⏳ 暂无任务，休息60秒...
[卞右盾] ⏳ 暂无任务，休息60秒...
[巴图] ⏳ 暂无任务，休息60秒...
[弓志明] ⏳ 暂无任务，休息60秒...
[母志明] ⏳ 暂无任务，休息60秒...
[干市场] ⏳ 暂无任务，休息60秒...
[曲市场] ⏳ 暂无任务，休息60秒...
[桥客服] ⏳ 暂无任务，休息60秒...
[银客服] ⏳ 暂无任务，休息60秒...
[言客服] ⏳ 暂无任务，休息60秒...
[朱巨信] ⏳ 暂无任务，休息60秒...
[李廉智] ⏳ 暂无任务，休息60秒...
[水武库] ⏳ 暂无任务，休息60秒...
[葛破浪] ⏳ 暂无任务，休息60秒...
[皮右防] ⏳ 暂无任务，休息60秒...
[赏志明] ⏳ 暂无任务，休息60秒...
[财市场] ⏳ 暂无任务，休息60秒...
[蒋巨门] ⏳ 暂无任务，休息60秒...
[沈巨明] ⏳ 暂无任务，休息60秒...
[韩巨亮] ⏳ 暂无任务，休息60秒...
[杨巨知] ⏳ 暂无任务，休息60秒...
[伍廉贞] ⏳ 暂无任务，休息60秒...
[余廉心] ⏳ 暂无任务，休息60秒...
[元廉情] ⏳ 暂无任务，休息60秒...
[孟廉意] ⏳ 暂无任务，休息60秒...
[谢武功] ⏳ 暂无任务，休息60秒...
[邹武全] ⏳ 暂无任务，休息60秒...
[喻武能] ⏳ 暂无任务，休息60秒...
[柏武技] ⏳ 暂无任务，休息60秒...
[章破军] ⏳ 暂无任务，休息60秒...
[云破敌] ⏳ 暂无任务，休息60秒...
[苏破阵] ⏳ 暂无任务，休息60秒...
[潘破晓] ⏳ 暂无任务，休息60秒...
[倪左辅] ⏳ 暂无任务，休息60秒...
[汤左膀] ⏳ 暂无任务，休息60秒...
[殷左翼] ⏳ 暂无任务，休息60秒...
[殷左护] ⏳ 暂无任务，休息60秒...
[罗左卫] ⏳ 暂无任务，休息60秒...
[周右弼] ⏳ 暂无任务，休息60秒...
[乐右弼] ⏳ 暂无任务，休息60秒...
[于右护] ⏳ 暂无任务，休息60秒...
[时右卫] ⏳ 暂无任务，休息60秒...
[薛贪狼] ⏳ 暂无任务，休息60秒...
[雷贪音] ⏳ 暂无任务，休息60秒...
[贺贪形] ⏳ 暂无任务，休息60秒...
[贡志强] ⏳ 暂无任务，休息60秒...
[齐辅弼] ⏳ 暂无任务，休息60秒...
[康辅星] ⏳ 暂无任务，休息60秒...
[和产品] ⏳ 暂无任务，休息60秒...
[穆产品] ⏳ 暂无任务，休息60秒...
[刘二明] ⏳ 暂无任务，休息60秒...
[王三思] ⏳ 暂无任务，休息60秒...
[赵四维] ⏳ 暂无任务，休息60秒...
[周禄存] ⏳ 暂无任务，休息60秒...
[吴存真] ⏳ 暂无任务，休息60秒...
[郑存义] ⏳ 暂无任务，休息60秒...
[钱存信] ⏳ 暂无任务，休息60秒...
[冯存智] ⏳ 暂无任务，休息60秒...
[陈元灵] ⏳ 暂无任务，休息60秒...
[张一凡] ⏳ 暂无任务，休息60秒...
[孙五维] ⏳ 暂无任务，休息60秒...
[陈存理] ⏳ 暂无任务，休息60秒...
[褚存道] ⏳ 暂无任务，休息60秒...
[卫存德] ⏳ 暂无任务，休息60秒...
[秦巨诚] ⏳ 暂无任务，休息60秒...
[许巨真] ⏳ 暂无任务，休息60秒...
[戚巨实] ⏳ 暂无任务，休息60秒...
[窦武备] ⏳ 暂无任务，休息60秒...
[奚破浪] ⏳ 暂无任务，休息60秒...
[范破空] ⏳ 暂无任务，休息60秒...
[柯破云] ⏳ 暂无任务，休息60秒...
[厉破风] ⏳ 暂无任务，休息60秒...
[岑破雷] ⏳ 暂无任务，休息60秒...
[毕左护] ⏳ 暂无任务，休息60秒...
[郝左持] ⏳ 暂无任务，休息60秒...
[邬左扶] ⏳ 暂无任务，休息60秒...
[安左助] ⏳ 暂无任务，休息60秒...
[常左协] ⏳ 暂无任务，休息60秒...
[李星辰] ⏳ 暂无任务，休息60秒...
[卞右盾] ⏳ 暂无任务，休息60秒...
[巴图] ⏳ 暂无任务，休息60秒...
[弓志明] ⏳ 暂无任务，休息60秒...
[母志明] ⏳ 暂无任务，休息60秒...
[干市场] ⏳ 暂无任务，休息60秒...
[曲市场] ⏳ 暂无任务，休息60秒...
[桥客服] ⏳ 暂无任务，休息60秒...
[银客服] ⏳ 暂无任务，休息60秒...
[言客服] ⏳ 暂无任务，休息60秒...
[朱巨信] ⏳ 暂无任务，休息60秒...
[李廉智] ⏳ 暂无任务，休息60秒...
[水武库] ⏳ 暂无任务，休息60秒...
[葛破浪] ⏳ 暂无任务，休息60秒...
[皮右防] ⏳ 暂无任务，休息60秒...
[赏志明] ⏳ 暂无任务，休息60秒...
[财市场] ⏳ 暂无任务，休息60秒...
[蒋巨门] ⏳ 暂无任务，休息60秒...
[沈巨明] ⏳ 暂无任务，休息60秒...
[韩巨亮] ⏳ 暂无任务，休息60秒...
[杨巨知] ⏳ 暂无任务，休息60秒...
[伍廉贞] ⏳ 暂无任务，休息60秒...
[余廉心] ⏳ 暂无任务，休息60秒...
[元廉情] ⏳ 暂无任务，休息60秒...
[孟廉意] ⏳ 暂无任务，休息60秒...
[谢武功] ⏳ 暂无任务，休息60秒...
[邹武全] ⏳ 暂无任务，休息60秒...
[喻武能] ⏳ 暂无任务，休息60秒...
[柏武技] ⏳ 暂无任务，休息60秒...
[章破军] ⏳ 暂无任务，休息60秒...
[云破敌] ⏳ 暂无任务，休息60秒...
[苏破阵] ⏳ 暂无任务，休息60秒...
[潘破晓] ⏳ 暂无任务，休息60秒...
[倪左辅] ⏳ 暂无任务，休息60秒...
[汤左膀] ⏳ 暂无任务，休息60秒...
[殷左翼] ⏳ 暂无任务，休息60秒...
[殷左护] ⏳ 暂无任务，休息60秒...
[罗左卫] ⏳ 暂无任务，休息60秒...
[周右弼] ⏳ 暂无任务，休息60秒...
[乐右弼] ⏳ 暂无任务，休息60秒...
[于右护] ⏳ 暂无任务，休息60秒...
[时右卫] ⏳ 暂无任务，休息60秒...
[薛贪狼] ⏳ 暂无任务，休息60秒...
[雷贪音] ⏳ 暂无任务，休息60秒...
[贺贪形] ⏳ 暂无任务，休息60秒...
[贡志强] ⏳ 暂无任务，休息60秒...
[齐辅弼] ⏳ 暂无任务，休息60秒...
[康辅星] ⏳ 暂无任务，休息60秒...
[和产品] ⏳ 暂无任务，休息60秒...
[穆产品] ⏳ 暂无任务，休息60秒...
[刘二明] ⏳ 暂无任务，休息60秒...
[王三思] ⏳ 暂无任务，休息60秒...
[赵四维] ⏳ 暂无任务，休息60秒...
[周禄存] ⏳ 暂无任务，休息60秒...
[吴存真] ⏳ 暂无任务，休息60秒...
[郑存义] ⏳ 暂无任务，休息60秒...
[钱存信] ⏳ 暂无任务，休息60秒...
[冯存智] ⏳ 暂无任务，休息60秒...
[陈元灵] ⏳ 暂无任务，休息60秒...
[张一凡] ⏳ 暂无任务，休息60秒...
[孙五维] ⏳ 暂无任务，休息60秒...
[陈存理] ⏳ 暂无任务，休息60秒...
[褚存道] ⏳ 暂无任务，休息60秒...
[卫存德] ⏳ 暂无任务，休息60秒...
[秦巨诚] ⏳ 暂无任务，休息60秒...
[许巨真] ⏳ 暂无任务，休息60秒...
[戚巨实] ⏳ 暂无任务，休息60秒...
[窦武备] ⏳ 暂无任务，休息60秒...
[奚破浪] ⏳ 暂无任务，休息60秒...
[范破空] ⏳ 暂无任务，休息60秒...
[柯破云] ⏳ 暂无任务，休息60秒...
[厉破风] ⏳ 暂无任务，休息60秒...
[岑破雷] ⏳ 暂无任务，休息60秒...
[毕左护] ⏳ 暂无任务，休息60秒...
[郝左持] ⏳ 暂无任务，休息60秒...
[邬左扶] ⏳ 暂无任务，休息60秒...
[安左助] ⏳ 暂无任务，休息60秒...
[常左协] ⏳ 暂无任务，休息60秒...
[李星辰] ⏳ 暂无任务，休息60秒...
[卞右盾] ⏳ 暂无任务，休息60秒...
[巴图] ⏳ 暂无任务，休息60秒...
[弓志明] ⏳ 暂无任务，休息60秒...
[母志明] ⏳ 暂无任务，休息60秒...
[干市场] ⏳ 暂无任务，休息60秒...
[曲市场] ⏳ 暂无任务，休息60秒...
[桥客服] ⏳ 暂无任务，休息60秒...
[银客服] ⏳ 暂无任务，休息60秒...
[言客服] ⏳ 暂无任务，休息60秒...
[朱巨信] ⏳ 暂无任务，休息60秒...
[李廉智] ⏳ 暂无任务，休息60秒...
[水武库] ⏳ 暂无任务，休息60秒...
[葛破浪] ⏳ 暂无任务，休息60秒...
[皮右防] ⏳ 暂无任务，休息60秒...
[赏志明] ⏳ 暂无任务，休息60秒...
[财市场] ⏳ 暂无任务，休息60秒...
[蒋巨门] ⏳ 暂无任务，休息60秒...
[沈巨明] ⏳ 暂无任务，休息60秒...
[韩巨亮] ⏳ 暂无任务，休息60秒...
[杨巨知] ⏳ 暂无任务，休息60秒...
[伍廉贞] ⏳ 暂无任务，休息60秒...
[余廉心] ⏳ 暂无任务，休息60秒...
[元廉情] ⏳ 暂无任务，休息60秒...
[孟廉意] ⏳ 暂无任务，休息60秒...
[谢武功] ⏳ 暂无任务，休息60秒...
[邹武全] ⏳ 暂无任务，休息60秒...
[喻武能] ⏳ 暂无任务，休息60秒...
[柏武技] ⏳ 暂无任务，休息60秒...
[章破军] ⏳ 暂无任务，休息60秒...
[云破敌] ⏳ 暂无任务，休息60秒...
[苏破阵] ⏳ 暂无任务，休息60秒...
[潘破晓] ⏳ 暂无任务，休息60秒...
[倪左辅] ⏳ 暂无任务，休息60秒...
[汤左膀] ⏳ 暂无任务，休息60秒...
[殷左翼] ⏳ 暂无任务，休息60秒...
[殷左护] ⏳ 暂无任务，休息60秒...
[罗左卫] ⏳ 暂无任务，休息60秒...
[周右弼] ⏳ 暂无任务，休息60秒...
[乐右弼] ⏳ 暂无任务，休息60秒...
[于右护] ⏳ 暂无任务，休息60秒...
[时右卫] ⏳ 暂无任务，休息60秒...
[薛贪狼] ⏳ 暂无任务，休息60秒...
[雷贪音] ⏳ 暂无任务，休息60秒...
[贺贪形] ⏳ 暂无任务，休息60秒...
[贡志强] ⏳ 暂无任务，休息60秒...
[齐辅弼] ⏳ 暂无任务，休息60秒...
[康辅星] ⏳ 暂无任务，休息60秒...
[和产品] ⏳ 暂无任务，休息60秒...
[穆产品] ⏳ 暂无任务，休息60秒...
[刘二明] ⏳ 暂无任务，休息60秒...
[王三思] ⏳ 暂无任务，休息60秒...
[赵四维] ⏳ 暂无任务，休息60秒...
[周禄存] ⏳ 暂无任务，休息60秒...
[吴存真] ⏳ 暂无任务，休息60秒...
[郑存义] ⏳ 暂无任务，休息60秒...
[钱存信] ⏳ 暂无任务，休息60秒...
[冯存智] ⏳ 暂无任务，休息60秒...
[陈元灵] ⏳ 暂无任务，休息60秒...
[张一凡] ⏳ 暂无任务，休息60秒...
[孙五维] ⏳ 暂无任务，休息60秒...
[陈存理] ⏳ 暂无任务，休息60秒...
[褚存道] ⏳ 暂无任务，休息60秒...
[卫存德] ⏳ 暂无任务，休息60秒...
[秦巨诚] ⏳ 暂无任务，休息60秒...
[许巨真] ⏳ 暂无任务，休息60秒...
[戚巨实] ⏳ 暂无任务，休息60秒...
[窦武备] ⏳ 暂无任务，休息60秒...
[奚破浪] ⏳ 暂无任务，休息60秒...
[范破空] ⏳ 暂无任务，休息60秒...
[柯破云] ⏳ 暂无任务，休息60秒...
[厉破风] ⏳ 暂无任务，休息60秒...
[岑破雷] ⏳ 暂无任务，休息60秒...
[毕左护] ⏳ 暂无任务，休息60秒...
[郝左持] ⏳ 暂无任务，休息60秒...
[邬左扶] ⏳ 暂无任务，休息60秒...
[安左助] ⏳ 暂无任务，休息60秒...
[常左协] ⏳ 暂无任务，休息60秒...
[李星辰] ⏳ 暂无任务，休息60秒...
[卞右盾] ⏳ 暂无任务，休息60秒...
[巴图] ⏳ 暂无任务，休息60秒...
[弓志明] ⏳ 暂无任务，休息60秒...
[母志明] ⏳ 暂无任务，休息60秒...
[干市场] ⏳ 暂无任务，休息60秒...
[曲市场] ⏳ 暂无任务，休息60秒...
[桥客服] ⏳ 暂无任务，休息60秒...
[银客服] ⏳ 暂无任务，休息60秒...
[言客服] ⏳ 暂无任务，休息60秒...
[朱巨信] ⏳ 暂无任务，休息60秒...
[李廉智] ⏳ 暂无任务，休息60秒...
[水武库] ⏳ 暂无任务，休息60秒...
[葛破浪] ⏳ 暂无任务，休息60秒...
[皮右防] ⏳ 暂无任务，休息60秒...
[赏志明] ⏳ 暂无任务，休息60秒...
[财市场] ⏳ 暂无任务，休息60秒...
[蒋巨门] ⏳ 暂无任务，休息60秒...
[沈巨明] ⏳ 暂无任务，休息60秒...
[韩巨亮] ⏳ 暂无任务，休息60秒...
[杨巨知] ⏳ 暂无任务，休息60秒...
[伍廉贞] ⏳ 暂无任务，休息60秒...
[余廉心] ⏳ 暂无任务，休息60秒...
[元廉情] ⏳ 暂无任务，休息60秒...
[孟廉意] ⏳ 暂无任务，休息60秒...
[谢武功] ⏳ 暂无任务，休息60秒...
[邹武全] ⏳ 暂无任务，休息60秒...
[喻武能] ⏳ 暂无任务，休息60秒...
[柏武技] ⏳ 暂无任务，休息60秒...
[章破军] ⏳ 暂无任务，休息60秒...
[云破敌] ⏳ 暂无任务，休息60秒...
[苏破阵] ⏳ 暂无任务，休息60秒...
[潘破晓] ⏳ 暂无任务，休息60秒...
[倪左辅] ⏳ 暂无任务，休息60秒...
[汤左膀] ⏳ 暂无任务，休息60秒...
[殷左翼] ⏳ 暂无任务，休息60秒...
[殷左护] ⏳ 暂无任务，休息60秒...
[罗左卫] ⏳ 暂无任务，休息60秒...
[周右弼] ⏳ 暂无任务，休息60秒...
[乐右弼] ⏳ 暂无任务，休息60秒...
[于右护] ⏳ 暂无任务，休息60秒...
[时右卫] ⏳ 暂无任务，休息60秒...
[薛贪狼] ⏳ 暂无任务，休息60秒...
[雷贪音] ⏳ 暂无任务，休息60秒...
[贺贪形] ⏳ 暂无任务，休息60秒...
[贡志强] ⏳ 暂无任务，休息60秒...
[齐辅弼] ⏳ 暂无任务，休息60秒...
[康辅星] ⏳ 暂无任务，休息60秒...
[和产品] ⏳ 暂无任务，休息60秒...
[穆产品] ⏳ 暂无任务，休息60秒...
[刘二明] ⏳ 暂无任务，休息60秒...
[王三思] ⏳ 暂无任务，休息60秒...
[赵四维] ⏳ 暂无任务，休息60秒...
[周禄存] ⏳ 暂无任务，休息60秒...
[吴存真] ⏳ 暂无任务，休息60秒...
[郑存义] ⏳ 暂无任务，休息60秒...
[钱存信] ⏳ 暂无任务，休息60秒...
[冯存智] ⏳ 暂无任务，休息60秒...
[陈元灵] ⏳ 暂无任务，休息60秒...
[张一凡] ⏳ 暂无任务，休息60秒...
[孙五维] ⏳ 暂无任务，休息60秒...
[陈存理] ⏳ 暂无任务，休息60秒...
[褚存道] ⏳ 暂无任务，休息60秒...
[卫存德] ⏳ 暂无任务，休息60秒...
[秦巨诚] ⏳ 暂无任务，休息60秒...
[许巨真] ⏳ 暂无任务，休息60秒...
[戚巨实] ⏳ 暂无任务，休息60秒...
[窦武备] ⏳ 暂无任务，休息60秒...
[奚破浪] ⏳ 暂无任务，休息60秒...
[范破空] ⏳ 暂无任务，休息60秒...
[柯破云] ⏳ 暂无任务，休息60秒...
[厉破风] ⏳ 暂无任务，休息60秒...
[岑破雷] ⏳ 暂无任务，休息60秒...
[毕左护] ⏳ 暂无任务，休息60秒...
[郝左持] ⏳ 暂无任务，休息60秒...
[邬左扶] ⏳ 暂无任务，休息60秒...
[安左助] ⏳ 暂无任务，休息60秒...
[常左协] ⏳ 暂无任务，休息60秒...
[李星辰] ⏳ 暂无任务，休息60秒...
[卞右盾] ⏳ 暂无任务，休息60秒...
[巴图] ⏳ 暂无任务，休息60秒...
[弓志明] ⏳ 暂无任务，休息60秒...
[母志明] ⏳ 暂无任务，休息60秒...
[干市场] ⏳ 暂无任务，休息60秒...
[曲市场] ⏳ 暂无任务，休息60秒...
[桥客服] ⏳ 暂无任务，休息60秒...
[银客服] ⏳ 暂无任务，休息60秒...
[言客服] ⏳ 暂无任务，休息60秒...
[朱巨信] ⏳ 暂无任务，休息60秒...
[李廉智] ⏳ 暂无任务，休息60秒...
[水武库] ⏳ 暂无任务，休息60秒...
[葛破浪] ⏳ 暂无任务，休息60秒...
[皮右防] ⏳ 暂无任务，休息60秒...
[赏志明] ⏳ 暂无任务，休息60秒...
[财市场] ⏳ 暂无任务，休息60秒...
[蒋巨门] ⏳ 暂无任务，休息60秒...
[沈巨明] ⏳ 暂无任务，休息60秒...
[韩巨亮] ⏳ 暂无任务，休息60秒...
[杨巨知] ⏳ 暂无任务，休息60秒...
[伍廉贞] ⏳ 暂无任务，休息60秒...
[余廉心] ⏳ 暂无任务，休息60秒...
[元廉情] ⏳ 暂无任务，休息60秒...
[孟廉意] ⏳ 暂无任务，休息60秒...
[谢武功] ⏳ 暂无任务，休息60秒...
[邹武全] ⏳ 暂无任务，休息60秒...
[喻武能] ⏳ 暂无任务，休息60秒...
[柏武技] ⏳ 暂无任务，休息60秒...
[章破军] ⏳ 暂无任务，休息60秒...
[云破敌] ⏳ 暂无任务，休息60秒...
[苏破阵] ⏳ 暂无任务，休息60秒...
[潘破晓] ⏳ 暂无任务，休息60秒...
[倪左辅] ⏳ 暂无任务，休息60秒...
[汤左膀] ⏳ 暂无任务，休息60秒...
[殷左翼] ⏳ 暂无任务，休息60秒...
[殷左护] ⏳ 暂无任务，休息60秒...
[罗左卫] ⏳ 暂无任务，休息60秒...
[周右弼] ⏳ 暂无任务，休息60秒...
[乐右弼] ⏳ 暂无任务，休息60秒...
[于右护] ⏳ 暂无任务，休息60秒...
[时右卫] ⏳ 暂无任务，休息60秒...
[薛贪狼] ⏳ 暂无任务，休息60秒...
[雷贪音] ⏳ 暂无任务，休息60秒...
[贺贪形] ⏳ 暂无任务，休息60秒...
[贡志强] ⏳ 暂无任务，休息60秒...
[齐辅弼] ⏳ 暂无任务，休息60秒...
[康辅星] ⏳ 暂无任务，休息60秒...
[和产品] ⏳ 暂无任务，休息60秒...
[穆产品] ⏳ 暂无任务，休息60秒...
[刘二明] ⏳ 暂无任务，休息60秒...
[王三思] ⏳ 暂无任务，休息60秒...
[赵四维] ⏳ 暂无任务，休息60秒...
[周禄存] ⏳ 暂无任务，休息60秒...
[吴存真] ⏳ 暂无任务，休息60秒...
[郑存义] ⏳ 暂无任务，休息60秒...
[钱存信] ⏳ 暂无任务，休息60秒...
[冯存智] ⏳ 暂无任务，休息60秒...
[陈元灵] ⏳ 暂无任务，休息60秒...
[张一凡] ⏳ 暂无任务，休息60秒...
[孙五维] ⏳ 暂无任务，休息60秒...
[陈存理] ⏳ 暂无任务，休息60秒...
[褚存道] ⏳ 暂无任务，休息60秒...
[卫存德] ⏳ 暂无任务，休息60秒...
[秦巨诚] ⏳ 暂无任务，休息60秒...
[许巨真] ⏳ 暂无任务，休息60秒...
[戚巨实] ⏳ 暂无任务，休息60秒...
[窦武备] ⏳ 暂无任务，休息60秒...
[奚破浪] ⏳ 暂无任务，休息60秒...
[范破空] ⏳ 暂无任务，休息60秒...
[柯破云] ⏳ 暂无任务，休息60秒...
[厉破风] ⏳ 暂无任务，休息60秒...
[岑破雷] ⏳ 暂无任务，休息60秒...
[毕左护] ⏳ 暂无任务，休息60秒...
[郝左持] ⏳ 暂无任务，休息60秒...
[邬左扶] ⏳ 暂无任务，休息60秒...
[安左助] ⏳ 暂无任务，休息60秒...
[常左协] ⏳ 暂无任务，休息60秒...
[李星辰] ⏳ 暂无任务，休息60秒...
[卞右盾] ⏳ 暂无任务，休息60秒...
[巴图] ⏳ 暂无任务，休息60秒...
[弓志明] ⏳ 暂无任务，休息60秒...
[母志明] ⏳ 暂无任务，休息60秒...
[干市场] ⏳ 暂无任务，休息60秒...
[曲市场] ⏳ 暂无任务，休息60秒...
[桥客服] ⏳ 暂无任务，休息60秒...
[银客服] ⏳ 暂无任务，休息60秒...
[言客服] ⏳ 暂无任务，休息60秒...
[朱巨信] ⏳ 暂无任务，休息60秒...
[李廉智] ⏳ 暂无任务，休息60秒...
[水武库] ⏳ 暂无任务，休息60秒...
[葛破浪] ⏳ 暂无任务，休息60秒...
[皮右防] ⏳ 暂无任务，休息60秒...
[赏志明] ⏳ 暂无任务，休息60秒...
[财市场] ⏳ 暂无任务，休息60秒...
[蒋巨门] ⏳ 暂无任务，休息60秒...
[沈巨明] ⏳ 暂无任务，休息60秒...
[韩巨亮] ⏳ 暂无任务，休息60秒...
[杨巨知] ⏳ 暂无任务，休息60秒...
[伍廉贞] ⏳ 暂无任务，休息60秒...
[余廉心] ⏳ 暂无任务，休息60秒...
[元廉情] ⏳ 暂无任务，休息60秒...
[孟廉意] ⏳ 暂无任务，休息60秒...
[谢武功] ⏳ 暂无任务，休息60秒...
[邹武全] ⏳ 暂无任务，休息60秒...
[喻武能] ⏳ 暂无任务，休息60秒...
[柏武技] ⏳ 暂无任务，休息60秒...
[章破军] ⏳ 暂无任务，休息60秒...
[云破敌] ⏳ 暂无任务，休息60秒...
[苏破阵] ⏳ 暂无任务，休息60秒...
[潘破晓] ⏳ 暂无任务，休息60秒...
[倪左辅] ⏳ 暂无任务，休息60秒...
[汤左膀] ⏳ 暂无任务，休息60秒...
[殷左翼] ⏳ 暂无任务，休息60秒...
[殷左护] ⏳ 暂无任务，休息60秒...
[罗左卫] ⏳ 暂无任务，休息60秒...
[周右弼] ⏳ 暂无任务，休息60秒...
[乐右弼] ⏳ 暂无任务，休息60秒...
[于右护] ⏳ 暂无任务，休息60秒...
[时右卫] ⏳ 暂无任务，休息60秒...
[薛贪狼] ⏳ 暂无任务，休息60秒...
[雷贪音] ⏳ 暂无任务，休息60秒...
[贺贪形] ⏳ 暂无任务，休息60秒...
[贡志强] ⏳ 暂无任务，休息60秒...
[齐辅弼] ⏳ 暂无任务，休息60秒...
[康辅星] ⏳ 暂无任务，休息60秒...
[和产品] ⏳ 暂无任务，休息60秒...
[穆产品] ⏳ 暂无任务，休息60秒...
[刘二明] ⏳ 暂无任务，休息60秒...
[王三思] ⏳ 暂无任务，休息60秒...
[赵四维] ⏳ 暂无任务，休息60秒...
[周禄存] ⏳ 暂无任务，休息60秒...
[吴存真] ⏳ 暂无任务，休息60秒...
[郑存义] ⏳ 暂无任务，休息60秒...
[钱存信] ⏳ 暂无任务，休息60秒...
[冯存智] ⏳ 暂无任务，休息60秒...
[陈元灵] ⏳ 暂无任务，休息60秒...
[张一凡] ⏳ 暂无任务，休息60秒...
[孙五维] ⏳ 暂无任务，休息60秒...
[陈存理] ⏳ 暂无任务，休息60秒...
[褚存道] ⏳ 暂无任务，休息60秒...
[卫存德] ⏳ 暂无任务，休息60秒...
[秦巨诚] ⏳ 暂无任务，休息60秒...
[许巨真] ⏳ 暂无任务，休息60秒...
[戚巨实] ⏳ 暂无任务，休息60秒...
[窦武备] ⏳ 暂无任务，休息60秒...
[奚破浪] ⏳ 暂无任务，休息60秒...
[范破空] ⏳ 暂无任务，休息60秒...
[柯破云] ⏳ 暂无任务，休息60秒...
[厉破风] ⏳ 暂无任务，休息60秒...
[岑破雷] ⏳ 暂无任务，休息60秒...
[毕左护] ⏳ 暂无任务，休息60秒...
[郝左持] ⏳ 暂无任务，休息60秒...
[邬左扶] ⏳ 暂无任务，休息60秒...
[安左助] ⏳ 暂无任务，休息60秒...
[常左协] ⏳ 暂无任务，休息60秒...
[李星辰] ⏳ 暂无任务，休息60秒...
[卞右盾] ⏳ 暂无任务，休息60秒...
[巴图] ⏳ 暂无任务，休息60秒...
[弓志明] ⏳ 暂无任务，休息60秒...
[母志明] ⏳ 暂无任务，休息60秒...
[干市场] ⏳ 暂无任务，休息60秒...
[曲市场] ⏳ 暂无任务，休息60秒...
[桥客服] ⏳ 暂无任务，休息60秒...
[银客服] ⏳ 暂无任务，休息60秒...
[言客服] ⏳ 暂无任务，休息60秒...
[朱巨信] ⏳ 暂无任务，休息60秒...
[李廉智] ⏳ 暂无任务，休息60秒...
[水武库] ⏳ 暂无任务，休息60秒...
[葛破浪] ⏳ 暂无任务，休息60秒...
[皮右防] ⏳ 暂无任务，休息60秒...
[赏志明] ⏳ 暂无任务，休息60秒...
[财市场] ⏳ 暂无任务，休息60秒...
[蒋巨门] ⏳ 暂无任务，休息60秒...
[沈巨明] ⏳ 暂无任务，休息60秒...
[韩巨亮] ⏳ 暂无任务，休息60秒...
[杨巨知] ⏳ 暂无任务，休息60秒...
[伍廉贞] ⏳ 暂无任务，休息60秒...
[余廉心] ⏳ 暂无任务，休息60秒...
[元廉情] ⏳ 暂无任务，休息60秒...
[孟廉意] ⏳ 暂无任务，休息60秒...
[谢武功] ⏳ 暂无任务，休息60秒...
[邹武全] ⏳ 暂无任务，休息60秒...
[喻武能] ⏳ 暂无任务，休息60秒...
[柏武技] ⏳ 暂无任务，休息60秒...
[章破军] ⏳ 暂无任务，休息60秒...
[云破敌] ⏳ 暂无任务，休息60秒...
[苏破阵] ⏳ 暂无任务，休息60秒...
[潘破晓] ⏳ 暂无任务，休息60秒...
[倪左辅] ⏳ 暂无任务，休息60秒...
[汤左膀] ⏳ 暂无任务，休息60秒...
[殷左翼] ⏳ 暂无任务，休息60秒...
[殷左护] ⏳ 暂无任务，休息60秒...
[罗左卫] ⏳ 暂无任务，休息60秒...
[周右弼] ⏳ 暂无任务，休息60秒...
[乐右弼] ⏳ 暂无任务，休息60秒...
[于右护] ⏳ 暂无任务，休息60秒...
[时右卫] ⏳ 暂无任务，休息60秒...
[薛贪狼] ⏳ 暂无任务，休息60秒...
[雷贪音] ⏳ 暂无任务，休息60秒...
[贺贪形] ⏳ 暂无任务，休息60秒...
[贡志强] ⏳ 暂无任务，休息60秒...
[齐辅弼] ⏳ 暂无任务，休息60秒...
[康辅星] ⏳ 暂无任务，休息60秒...
[和产品] ⏳ 暂无任务，休息60秒...
[穆产品] ⏳ 暂无任务，休息60秒...
[刘二明] ⏳ 暂无任务，休息60秒...
[王三思] ⏳ 暂无任务，休息60秒...
[赵四维] ⏳ 暂无任务，休息60秒...
[周禄存] ⏳ 暂无任务，休息60秒...
[吴存真] ⏳ 暂无任务，休息60秒...
[郑存义] ⏳ 暂无任务，休息60秒...
[钱存信] ⏳ 暂无任务，休息60秒...
[冯存智] ⏳ 暂无任务，休息60秒...
[陈元灵] ⏳ 暂无任务，休息60秒...
[张一凡] ⏳ 暂无任务，休息60秒...
[孙五维] ⏳ 暂无任务，休息60秒...
[陈存理] ⏳ 暂无任务，休息60秒...
[褚存道] ⏳ 暂无任务，休息60秒...
[卫存德] ⏳ 暂无任务，休息60秒...
[秦巨诚] ⏳ 暂无任务，休息60秒...
[许巨真] ⏳ 暂无任务，休息60秒...
[戚巨实] ⏳ 暂无任务，休息60秒...
[窦武备] ⏳ 暂无任务，休息60秒...
[奚破浪] ⏳ 暂无任务，休息60秒...
[范破空] ⏳ 暂无任务，休息60秒...
[柯破云] ⏳ 暂无任务，休息60秒...
[厉破风] ⏳ 暂无任务，休息60秒...
[岑破雷] ⏳ 暂无任务，休息60秒...
[毕左护] ⏳ 暂无任务，休息60秒...
[郝左持] ⏳ 暂无任务，休息60秒...
[邬左扶] ⏳ 暂无任务，休息60秒...
[安左助] ⏳ 暂无任务，休息60秒...
[常左协] ⏳ 暂无任务，休息60秒...
[李星辰] ⏳ 暂无任务，休息60秒...
[卞右盾] ⏳ 暂无任务，休息60秒...
[巴图] ⏳ 暂无任务，休息60秒...
[弓志明] ⏳ 暂无任务，休息60秒...
[母志明] ⏳ 暂无任务，休息60秒...
[干市场] ⏳ 暂无任务，休息60秒...
[曲市场] ⏳ 暂无任务，休息60秒...
[桥客服] ⏳ 暂无任务，休息60秒...
[银客服] ⏳ 暂无任务，休息60秒...
[言客服] ⏳ 暂无任务，休息60秒...
[朱巨信] ⏳ 暂无任务，休息60秒...
[李廉智] ⏳ 暂无任务，休息60秒...
[水武库] ⏳ 暂无任务，休息60秒...
[葛破浪] ⏳ 暂无任务，休息60秒...
[皮右防] ⏳ 暂无任务，休息60秒...
[赏志明] ⏳ 暂无任务，休息60秒...
[财市场] ⏳ 暂无任务，休息60秒...
[蒋巨门] ⏳ 暂无任务，休息60秒...
[沈巨明] ⏳ 暂无任务，休息60秒...
[韩巨亮] ⏳ 暂无任务，休息60秒...
[杨巨知] ⏳ 暂无任务，休息60秒...
[伍廉贞] ⏳ 暂无任务，休息60秒...
[余廉心] ⏳ 暂无任务，休息60秒...
[元廉情] ⏳ 暂无任务，休息60秒...
[孟廉意] ⏳ 暂无任务，休息60秒...
[谢武功] ⏳ 暂无任务，休息60秒...
[邹武全] ⏳ 暂无任务，休息60秒...
[喻武能] ⏳ 暂无任务，休息60秒...
[柏武技] ⏳ 暂无任务，休息60秒...
[章破军] ⏳ 暂无任务，休息60秒...
[云破敌] ⏳ 暂无任务，休息60秒...
[苏破阵] ⏳ 暂无任务，休息60秒...
[潘破晓] ⏳ 暂无任务，休息60秒...
[倪左辅] ⏳ 暂无任务，休息60秒...
[汤左膀] ⏳ 暂无任务，休息60秒...
[殷左翼] ⏳ 暂无任务，休息60秒...
[殷左护] ⏳ 暂无任务，休息60秒...
[罗左卫] ⏳ 暂无任务，休息60秒...
[周右弼] ⏳ 暂无任务，休息60秒...
[乐右弼] ⏳ 暂无任务，休息60秒...
[于右护] ⏳ 暂无任务，休息60秒...
[时右卫] ⏳ 暂无任务，休息60秒...
[薛贪狼] ⏳ 暂无任务，休息60秒...
[雷贪音] ⏳ 暂无任务，休息60秒...
[贺贪形] ⏳ 暂无任务，休息60秒...
[贡志强] ⏳ 暂无任务，休息60秒...
[齐辅弼] ⏳ 暂无任务，休息60秒...
[康辅星] ⏳ 暂无任务，休息60秒...
[和产品] ⏳ 暂无任务，休息60秒...
[穆产品] ⏳ 暂无任务，休息60秒...
[刘二明] ⏳ 暂无任务，休息60秒...
[王三思] ⏳ 暂无任务，休息60秒...
[赵四维] ⏳ 暂无任务，休息60秒...
[周禄存] ⏳ 暂无任务，休息60秒...
[吴存真] ⏳ 暂无任务，休息60秒...
[郑存义] ⏳ 暂无任务，休息60秒...
[钱存信] ⏳ 暂无任务，休息60秒...
[冯存智] ⏳ 暂无任务，休息60秒...
[陈元灵] ⏳ 暂无任务，休息60秒...
[张一凡] ⏳ 暂无任务，休息60秒...
[孙五维] ⏳ 暂无任务，休息60秒...
[陈存理] ⏳ 暂无任务，休息60秒...
[褚存道] ⏳ 暂无任务，休息60秒...
[卫存德] ⏳ 暂无任务，休息60秒...
[秦巨诚] ⏳ 暂无任务，休息60秒...
[许巨真] ⏳ 暂无任务，休息60秒...
[戚巨实] ⏳ 暂无任务，休息60秒...
[窦武备] ⏳ 暂无任务，休息60秒...
[奚破浪] ⏳ 暂无任务，休息60秒...
[范破空] ⏳ 暂无任务，休息60秒...
[柯破云] ⏳ 暂无任务，休息60秒...
[厉破风] ⏳ 暂无任务，休息60秒...
[岑破雷] ⏳ 暂无任务，休息60秒...
[毕左护] ⏳ 暂无任务，休息60秒...
[郝左持] ⏳ 暂无任务，休息60秒...
[邬左扶] ⏳ 暂无任务，休息60秒...
[安左助] ⏳ 暂无任务，休息60秒...
[常左协] ⏳ 暂无任务，休息60秒...
[李星辰] ⏳ 暂无任务，休息60秒...
[卞右盾] ⏳ 暂无任务，休息60秒...
[巴图] ⏳ 暂无任务，休息60秒...
[弓志明] ⏳ 暂无任务，休息60秒...
[母志明] ⏳ 暂无任务，休息60秒...
[干市场] ⏳ 暂无任务，休息60秒...
[曲市场] ⏳ 暂无任务，休息60秒...
[桥客服] ⏳ 暂无任务，休息60秒...
[银客服] ⏳ 暂无任务，休息60秒...
[言客服] ⏳ 暂无任务，休息60秒...
[朱巨信] ⏳ 暂无任务，休息60秒...
[李廉智] ⏳ 暂无任务，休息60秒...
[水武库] ⏳ 暂无任务，休息60秒...
[葛破浪] ⏳ 暂无任务，休息60秒...
[皮右防] ⏳ 暂无任务，休息60秒...
[赏志明] ⏳ 暂无任务，休息60秒...
[财市场] ⏳ 暂无任务，休息60秒...
[蒋巨门] ⏳ 暂无任务，休息60秒...
[沈巨明] ⏳ 暂无任务，休息60秒...
[韩巨亮] ⏳ 暂无任务，休息60秒...
[杨巨知] ⏳ 暂无任务，休息60秒...
[伍廉贞] ⏳ 暂无任务，休息60秒...
[余廉心] ⏳ 暂无任务，休息60秒...
[元廉情] ⏳ 暂无任务，休息60秒...
[孟廉意] ⏳ 暂无任务，休息60秒...
[谢武功] ⏳ 暂无任务，休息60秒...
[邹武全] ⏳ 暂无任务，休息60秒...
[喻武能] ⏳ 暂无任务，休息60秒...
[柏武技] ⏳ 暂无任务，休息60秒...
[章破军] ⏳ 暂无任务，休息60秒...
[云破敌] ⏳ 暂无任务，休息60秒...
[苏破阵] ⏳ 暂无任务，休息60秒...
[潘破晓] ⏳ 暂无任务，休息60秒...
[倪左辅] ⏳ 暂无任务，休息60秒...
[汤左膀] ⏳ 暂无任务，休息60秒...
[殷左翼] ⏳ 暂无任务，休息60秒...
[殷左护] ⏳ 暂无任务，休息60秒...
[罗左卫] ⏳ 暂无任务，休息60秒...
[周右弼] ⏳ 暂无任务，休息60秒...
[乐右弼] ⏳ 暂无任务，休息60秒...
[于右护] ⏳ 暂无任务，休息60秒...
[时右卫] ⏳ 暂无任务，休息60秒...
[薛贪狼] ⏳ 暂无任务，休息60秒...
[雷贪音] ⏳ 暂无任务，休息60秒...
[贺贪形] ⏳ 暂无任务，休息60秒...
[贡志强] ⏳ 暂无任务，休息60秒...
[齐辅弼] ⏳ 暂无任务，休息60秒...
[康辅星] ⏳ 暂无任务，休息60秒...
[和产品] ⏳ 暂无任务，休息60秒...
[穆产品] ⏳ 暂无任务，休息60秒...
[刘二明] ⏳ 暂无任务，休息60秒...
[王三思] ⏳ 暂无任务，休息60秒...
[赵四维] ⏳ 暂无任务，休息60秒...
[周禄存] ⏳ 暂无任务，休息60秒...
[吴存真] ⏳ 暂无任务，休息60秒...
[郑存义] ⏳ 暂无任务，休息60秒...
[钱存信] ⏳ 暂无任务，休息60秒...
[冯存智] ⏳ 暂无任务，休息60秒...
[陈元灵] ⏳ 暂无任务，休息60秒...
[张一凡] ⏳ 暂无任务，休息60秒...
[孙五维] ⏳ 暂无任务，休息60秒...
[陈存理] ⏳ 暂无任务，休息60秒...
[褚存道] ⏳ 暂无任务，休息60秒...
[卫存德] ⏳ 暂无任务，休息60秒...
[秦巨诚] ⏳ 暂无任务，休息60秒...
[许巨真] ⏳ 暂无任务，休息60秒...
[戚巨实] ⏳ 暂无任务，休息60秒...
[窦武备] ⏳ 暂无任务，休息60秒...
[奚破浪] ⏳ 暂无任务，休息60秒...
[范破空] ⏳ 暂无任务，休息60秒...
[柯破云] ⏳ 暂无任务，休息60秒...
[厉破风] ⏳ 暂无任务，休息60秒...
[岑破雷] ⏳ 暂无任务，休息60秒...
[毕左护] ⏳ 暂无任务，休息60秒...
[郝左持] ⏳ 暂无任务，休息60秒...
[邬左扶] ⏳ 暂无任务，休息60秒...
[安左助] ⏳ 暂无任务，休息60秒...
[常左协] ⏳ 暂无任务，休息60秒...
[李星辰] ⏳ 暂无任务，休息60秒...
[卞右盾] ⏳ 暂无任务，休息60秒...
[巴图] ⏳ 暂无任务，休息60秒...
[弓志明] ⏳ 暂无任务，休息60秒...
[母志明] ⏳ 暂无任务，休息60秒...
[干市场] ⏳ 暂无任务，休息60秒...
[曲市场] ⏳ 暂无任务，休息60秒...
[桥客服] ⏳ 暂无任务，休息60秒...
[银客服] ⏳ 暂无任务，休息60秒...
[言客服] ⏳ 暂无任务，休息60秒...
[朱巨信] ⏳ 暂无任务，休息60秒...
[李廉智] ⏳ 暂无任务，休息60秒...
[水武库] ⏳ 暂无任务，休息60秒...
[葛破浪] ⏳ 暂无任务，休息60秒...
[皮右防] ⏳ 暂无任务，休息60秒...
[赏志明] ⏳ 暂无任务，休息60秒...
[财市场] ⏳ 暂无任务，休息60秒...
[蒋巨门] ⏳ 暂无任务，休息60秒...
[沈巨明] ⏳ 暂无任务，休息60秒...
[韩巨亮] ⏳ 暂无任务，休息60秒...
[杨巨知] ⏳ 暂无任务，休息60秒...
[伍廉贞] ⏳ 暂无任务，休息60秒...
[余廉心] ⏳ 暂无任务，休息60秒...
[元廉情] ⏳ 暂无任务，休息60秒...
[孟廉意] ⏳ 暂无任务，休息60秒...
[谢武功] ⏳ 暂无任务，休息60秒...
[邹武全] ⏳ 暂无任务，休息60秒...
[喻武能] ⏳ 暂无任务，休息60秒...
[柏武技] ⏳ 暂无任务，休息60秒...
[章破军] ⏳ 暂无任务，休息60秒...
[云破敌] ⏳ 暂无任务，休息60秒...
[苏破阵] ⏳ 暂无任务，休息60秒...
[潘破晓] ⏳ 暂无任务，休息60秒...
[倪左辅] ⏳ 暂无任务，休息60秒...
[汤左膀] ⏳ 暂无任务，休息60秒...
[殷左翼] ⏳ 暂无任务，休息60秒...
[殷左护] ⏳ 暂无任务，休息60秒...
[罗左卫] ⏳ 暂无任务，休息60秒...
[周右弼] ⏳ 暂无任务，休息60秒...
[乐右弼] ⏳ 暂无任务，休息60秒...
[于右护] ⏳ 暂无任务，休息60秒...
[时右卫] ⏳ 暂无任务，休息60秒...
[薛贪狼] ⏳ 暂无任务，休息60秒...
[雷贪音] ⏳ 暂无任务，休息60秒...
[贺贪形] ⏳ 暂无任务，休息60秒...
[贡志强] ⏳ 暂无任务，休息60秒...
[齐辅弼] ⏳ 暂无任务，休息60秒...
[康辅星] ⏳ 暂无任务，休息60秒...
[和产品] ⏳ 暂无任务，休息60秒...
[穆产品] ⏳ 暂无任务，休息60秒...
[刘二明] ⏳ 暂无任务，休息60秒...
[王三思] ⏳ 暂无任务，休息60秒...
[赵四维] ⏳ 暂无任务，休息60秒...
[周禄存] ⏳ 暂无任务，休息60秒...
[吴存真] ⏳ 暂无任务，休息60秒...
[郑存义] ⏳ 暂无任务，休息60秒...
[钱存信] ⏳ 暂无任务，休息60秒...
[冯存智] ⏳ 暂无任务，休息60秒...
[陈元灵] ⏳ 暂无任务，休息60秒...
[张一凡] ⏳ 暂无任务，休息60秒...
[孙五维] ⏳ 暂无任务，休息60秒...
[陈存理] ⏳ 暂无任务，休息60秒...
[褚存道] ⏳ 暂无任务，休息60秒...
[卫存德] ⏳ 暂无任务，休息60秒...
[秦巨诚] ⏳ 暂无任务，休息60秒...
[许巨真] ⏳ 暂无任务，休息60秒...
[戚巨实] ⏳ 暂无任务，休息60秒...
[窦武备] ⏳ 暂无任务，休息60秒...
[奚破浪] ⏳ 暂无任务，休息60秒...
[范破空] ⏳ 暂无任务，休息60秒...
[柯破云] ⏳ 暂无任务，休息60秒...
[厉破风] ⏳ 暂无任务，休息60秒...
[岑破雷] ⏳ 暂无任务，休息60秒...
[毕左护] ⏳ 暂无任务，休息60秒...
[郝左持] ⏳ 暂无任务，休息60秒...
[邬左扶] ⏳ 暂无任务，休息60秒...
[安左助] ⏳ 暂无任务，休息60秒...
[常左协] ⏳ 暂无任务，休息60秒...
[李星辰] ⏳ 暂无任务，休息60秒...
[卞右盾] ⏳ 暂无任务，休息60秒...
[巴图] ⏳ 暂无任务，休息60秒...
[弓志明] ⏳ 暂无任务，休息60秒...
[母志明] ⏳ 暂无任务，休息60秒...
[干市场] ⏳ 暂无任务，休息60秒...
[曲市场] ⏳ 暂无任务，休息60秒...
[桥客服] ⏳ 暂无任务，休息60秒...
[银客服] ⏳ 暂无任务，休息60秒...
[言客服] ⏳ 暂无任务，休息60秒...
[朱巨信] ⏳ 暂无任务，休息60秒...
[李廉智] ⏳ 暂无任务，休息60秒...
[水武库] ⏳ 暂无任务，休息60秒...
[葛破浪] ⏳ 暂无任务，休息60秒...
[皮右防] ⏳ 暂无任务，休息60秒...
[赏志明] ⏳ 暂无任务，休息60秒...
[财市场] ⏳ 暂无任务，休息60秒...
[蒋巨门] ⏳ 暂无任务，休息60秒...
[沈巨明] ⏳ 暂无任务，休息60秒...
[韩巨亮] ⏳ 暂无任务，休息60秒...
[杨巨知] ⏳ 暂无任务，休息60秒...
[伍廉贞] ⏳ 暂无任务，休息60秒...
[余廉心] ⏳ 暂无任务，休息60秒...
[元廉情] ⏳ 暂无任务，休息60秒...
[孟廉意] ⏳ 暂无任务，休息60秒...
[谢武功] ⏳ 暂无任务，休息60秒...
[邹武全] ⏳ 暂无任务，休息60秒...
[喻武能] ⏳ 暂无任务，休息60秒...
[柏武技] ⏳ 暂无任务，休息60秒...
[章破军] ⏳ 暂无任务，休息60秒...
[云破敌] ⏳ 暂无任务，休息60秒...
[苏破阵] ⏳ 暂无任务，休息60秒...
[潘破晓] ⏳ 暂无任务，休息60秒...
[倪左辅] ⏳ 暂无任务，休息60秒...
[汤左膀] ⏳ 暂无任务，休息60秒...
[殷左翼] ⏳ 暂无任务，休息60秒...
[殷左护] ⏳ 暂无任务，休息60秒...
[罗左卫] ⏳ 暂无任务，休息60秒...
[周右弼] ⏳ 暂无任务，休息60秒...
[乐右弼] ⏳ 暂无任务，休息60秒...
[于右护] ⏳ 暂无任务，休息60秒...
[时右卫] ⏳ 暂无任务，休息60秒...
[薛贪狼] ⏳ 暂无任务，休息60秒...
[雷贪音] ⏳ 暂无任务，休息60秒...
[贺贪形] ⏳ 暂无任务，休息60秒...
[贡志强] ⏳ 暂无任务，休息60秒...
[齐辅弼] ⏳ 暂无任务，休息60秒...
[康辅星] ⏳ 暂无任务，休息60秒...
[和产品] ⏳ 暂无任务，休息60秒...
[穆产品] ⏳ 暂无任务，休息60秒...
[刘二明] ⏳ 暂无任务，休息60秒...
[王三思] ⏳ 暂无任务，休息60秒...
[赵四维] ⏳ 暂无任务，休息60秒...
[周禄存] ⏳ 暂无任务，休息60秒...
[吴存真] ⏳ 暂无任务，休息60秒...
[郑存义] ⏳ 暂无任务，休息60秒...
[钱存信] ⏳ 暂无任务，休息60秒...
[冯存智] ⏳ 暂无任务，休息60秒...
[陈元灵] ⏳ 暂无任务，休息60秒...
[张一凡] ⏳ 暂无任务，休息60秒...
[孙五维] ⏳ 暂无任务，休息60秒...
[陈存理] ⏳ 暂无任务，休息60秒...
[褚存道] ⏳ 暂无任务，休息60秒...
[卫存德] ⏳ 暂无任务，休息60秒...
[秦巨诚] ⏳ 暂无任务，休息60秒...
[许巨真] ⏳ 暂无任务，休息60秒...
[戚巨实] ⏳ 暂无任务，休息60秒...
[窦武备] ⏳ 暂无任务，休息60秒...
[奚破浪] ⏳ 暂无任务，休息60秒...
[范破空] ⏳ 暂无任务，休息60秒...
[柯破云] ⏳ 暂无任务，休息60秒...
[厉破风] ⏳ 暂无任务，休息60秒...
[岑破雷] ⏳ 暂无任务，休息60秒...
[毕左护] ⏳ 暂无任务，休息60秒...
[郝左持] ⏳ 暂无任务，休息60秒...
[邬左扶] ⏳ 暂无任务，休息60秒...
[安左助] ⏳ 暂无任务，休息60秒...
[常左协] ⏳ 暂无任务，休息60秒...
[李星辰] ⏳ 暂无任务，休息60秒...
[卞右盾] ⏳ 暂无任务，休息60秒...
[巴图] ⏳ 暂无任务，休息60秒...
[弓志明] ⏳ 暂无任务，休息60秒...
[母志明] ⏳ 暂无任务，休息60秒...
[干市场] ⏳ 暂无任务，休息60秒...
[曲市场] ⏳ 暂无任务，休息60秒...
[桥客服] ⏳ 暂无任务，休息60秒...
[银客服] ⏳ 暂无任务，休息60秒...
[言客服] ⏳ 暂无任务，休息60秒...
[朱巨信] ⏳ 暂无任务，休息60秒...
[李廉智] ⏳ 暂无任务，休息60秒...
[水武库] ⏳ 暂无任务，休息60秒...
[葛破浪] ⏳ 暂无任务，休息60秒...
[皮右防] ⏳ 暂无任务，休息60秒...
[赏志明] ⏳ 暂无任务，休息60秒...
[财市场] ⏳ 暂无任务，休息60秒...
[蒋巨门] ⏳ 暂无任务，休息60秒...
[沈巨明] ⏳ 暂无任务，休息60秒...
[韩巨亮] ⏳ 暂无任务，休息60秒...
[杨巨知] ⏳ 暂无任务，休息60秒...
[伍廉贞] ⏳ 暂无任务，休息60秒...
[余廉心] ⏳ 暂无任务，休息60秒...
[元廉情] ⏳ 暂无任务，休息60秒...
[孟廉意] ⏳ 暂无任务，休息60秒...
[谢武功] ⏳ 暂无任务，休息60秒...
[邹武全] ⏳ 暂无任务，休息60秒...
[喻武能] ⏳ 暂无任务，休息60秒...
[柏武技] ⏳ 暂无任务，休息60秒...
[章破军] ⏳ 暂无任务，休息60秒...
[云破敌] ⏳ 暂无任务，休息60秒...
[苏破阵] ⏳ 暂无任务，休息60秒...
[潘破晓] ⏳ 暂无任务，休息60秒...
[倪左辅] ⏳ 暂无任务，休息60秒...
[汤左膀] ⏳ 暂无任务，休息60秒...
[殷左翼] ⏳ 暂无任务，休息60秒...
[殷左护] ⏳ 暂无任务，休息60秒...
[罗左卫] ⏳ 暂无任务，休息60秒...
[周右弼] ⏳ 暂无任务，休息60秒...
[乐右弼] ⏳ 暂无任务，休息60秒...
[于右护] ⏳ 暂无任务，休息60秒...
[时右卫] ⏳ 暂无任务，休息60秒...
[薛贪狼] ⏳ 暂无任务，休息60秒...
[雷贪音] ⏳ 暂无任务，休息60秒...
[贺贪形] ⏳ 暂无任务，休息60秒...
[贡志强] ⏳ 暂无任务，休息60秒...
[齐辅弼] ⏳ 暂无任务，休息60秒...
[康辅星] ⏳ 暂无任务，休息60秒...
[和产品] ⏳ 暂无任务，休息60秒...
[穆产品] ⏳ 暂无任务，休息60秒...
[刘二明] ⏳ 暂无任务，休息60秒...
[王三思] ⏳ 暂无任务，休息60秒...
[赵四维] ⏳ 暂无任务，休息60秒...
[周禄存] ⏳ 暂无任务，休息60秒...
[吴存真] ⏳ 暂无任务，休息60秒...
[郑存义] ⏳ 暂无任务，休息60秒...
[钱存信] ⏳ 暂无任务，休息60秒...
[冯存智] ⏳ 暂无任务，休息60秒...
[陈元灵] ⏳ 暂无任务，休息60秒...
[张一凡] ⏳ 暂无任务，休息60秒...
[孙五维] ⏳ 暂无任务，休息60秒...
[陈存理] ⏳ 暂无任务，休息60秒...
[褚存道] ⏳ 暂无任务，休息60秒...
[卫存德] ⏳ 暂无任务，休息60秒...
[秦巨诚] ⏳ 暂无任务，休息60秒...
[许巨真] ⏳ 暂无任务，休息60秒...
[戚巨实] ⏳ 暂无任务，休息60秒...
[窦武备] ⏳ 暂无任务，休息60秒...
[奚破浪] ⏳ 暂无任务，休息60秒...
[范破空] ⏳ 暂无任务，休息60秒...
[柯破云] ⏳ 暂无任务，休息60秒...
[厉破风] ⏳ 暂无任务，休息60秒...
[岑破雷] ⏳ 暂无任务，休息60秒...
[毕左护] ⏳ 暂无任务，休息60秒...
[郝左持] ⏳ 暂无任务，休息60秒...
[邬左扶] ⏳ 暂无任务，休息60秒...
[安左助] ⏳ 暂无任务，休息60秒...
[常左协] ⏳ 暂无任务，休息60秒...
[李星辰] ⏳ 暂无任务，休息60秒...
[卞右盾] ⏳ 暂无任务，休息60秒...
[巴图] ⏳ 暂无任务，休息60秒...
[弓志明] ⏳ 暂无任务，休息60秒...
[母志明] ⏳ 暂无任务，休息60秒...
[干市场] ⏳ 暂无任务，休息60秒...
[曲市场] ⏳ 暂无任务，休息60秒...
[桥客服] ⏳ 暂无任务，休息60秒...
[银客服] ⏳ 暂无任务，休息60秒...
[言客服] ⏳ 暂无任务，休息60秒...
[朱巨信] ⏳ 暂无任务，休息60秒...
[李廉智] ⏳ 暂无任务，休息60秒...
[水武库] ⏳ 暂无任务，休息60秒...
[葛破浪] ⏳ 暂无任务，休息60秒...
[皮右防] ⏳ 暂无任务，休息60秒...
[赏志明] ⏳ 暂无任务，休息60秒...
[财市场] ⏳ 暂无任务，休息60秒...
[蒋巨门] ⏳ 暂无任务，休息60秒...
[沈巨明] ⏳ 暂无任务，休息60秒...
[韩巨亮] ⏳ 暂无任务，休息60秒...
[杨巨知] ⏳ 暂无任务，休息60秒...
[伍廉贞] ⏳ 暂无任务，休息60秒...
[余廉心] ⏳ 暂无任务，休息60秒...
[元廉情] ⏳ 暂无任务，休息60秒...
[孟廉意] ⏳ 暂无任务，休息60秒...
[谢武功] ⏳ 暂无任务，休息60秒...
[邹武全] ⏳ 暂无任务，休息60秒...
[喻武能] ⏳ 暂无任务，休息60秒...
[柏武技] ⏳ 暂无任务，休息60秒...
[章破军] ⏳ 暂无任务，休息60秒...
[云破敌] ⏳ 暂无任务，休息60秒...
[苏破阵] ⏳ 暂无任务，休息60秒...
[潘破晓] ⏳ 暂无任务，休息60秒...
[倪左辅] ⏳ 暂无任务，休息60秒...
[汤左膀] ⏳ 暂无任务，休息60秒...
[殷左翼] ⏳ 暂无任务，休息60秒...
[殷左护] ⏳ 暂无任务，休息60秒...
[罗左卫] ⏳ 暂无任务，休息60秒...
[周右弼] ⏳ 暂无任务，休息60秒...
[乐右弼] ⏳ 暂无任务，休息60秒...
[于右护] ⏳ 暂无任务，休息60秒...
[时右卫] ⏳ 暂无任务，休息60秒...
[薛贪狼] ⏳ 暂无任务，休息60秒...
[雷贪音] ⏳ 暂无任务，休息60秒...
[贺贪形] ⏳ 暂无任务，休息60秒...
[贡志强] ⏳ 暂无任务，休息60秒...
[齐辅弼] ⏳ 暂无任务，休息60秒...
[康辅星] ⏳ 暂无任务，休息60秒...
[和产品] ⏳ 暂无任务，休息60秒...
[穆产品] ⏳ 暂无任务，休息60秒...
[刘二明] ⏳ 暂无任务，休息60秒...
[王三思] ⏳ 暂无任务，休息60秒...
[赵四维] ⏳ 暂无任务，休息60秒...
[周禄存] ⏳ 暂无任务，休息60秒...
[吴存真] ⏳ 暂无任务，休息60秒...
[郑存义] ⏳ 暂无任务，休息60秒...
[钱存信] ⏳ 暂无任务，休息60秒...
[冯存智] ⏳ 暂无任务，休息60秒...
[陈元灵] ⏳ 暂无任务，休息60秒...
[张一凡] ⏳ 暂无任务，休息60秒...
[孙五维] ⏳ 暂无任务，休息60秒...
[陈存理] ⏳ 暂无任务，休息60秒...
[褚存道] ⏳ 暂无任务，休息60秒...
[卫存德] ⏳ 暂无任务，休息60秒...
[秦巨诚] ⏳ 暂无任务，休息60秒...
[许巨真] ⏳ 暂无任务，休息60秒...
[戚巨实] ⏳ 暂无任务，休息60秒...
[窦武备] ⏳ 暂无任务，休息60秒...
[奚破浪] ⏳ 暂无任务，休息60秒...
[范破空] ⏳ 暂无任务，休息60秒...
[柯破云] ⏳ 暂无任务，休息60秒...
[厉破风] ⏳ 暂无任务，休息60秒...
[岑破雷] ⏳ 暂无任务，休息60秒...
[毕左护] ⏳ 暂无任务，休息60秒...
[郝左持] ⏳ 暂无任务，休息60秒...
[邬左扶] ⏳ 暂无任务，休息60秒...
[安左助] ⏳ 暂无任务，休息60秒...
[常左协] ⏳ 暂无任务，休息60秒...
[李星辰] ⏳ 暂无任务，休息60秒...
[卞右盾] ⏳ 暂无任务，休息60秒...
[巴图] ⏳ 暂无任务，休息60秒...
[弓志明] ⏳ 暂无任务，休息60秒...
[母志明] ⏳ 暂无任务，休息60秒...
[干市场] ⏳ 暂无任务，休息60秒...
[曲市场] ⏳ 暂无任务，休息60秒...
[桥客服] ⏳ 暂无任务，休息60秒...
[银客服] ⏳ 暂无任务，休息60秒...
[言客服] ⏳ 暂无任务，休息60秒...
[朱巨信] ⏳ 暂无任务，休息60秒...
[李廉智] ⏳ 暂无任务，休息60秒...
[水武库] ⏳ 暂无任务，休息60秒...
[葛破浪] ⏳ 暂无任务，休息60秒...
[皮右防] ⏳ 暂无任务，休息60秒...
[赏志明] ⏳ 暂无任务，休息60秒...
[财市场] ⏳ 暂无任务，休息60秒...
[蒋巨门] ⏳ 暂无任务，休息60秒...
[沈巨明] ⏳ 暂无任务，休息60秒...
[韩巨亮] ⏳ 暂无任务，休息60秒...
[杨巨知] ⏳ 暂无任务，休息60秒...
[伍廉贞] ⏳ 暂无任务，休息60秒...
[余廉心] ⏳ 暂无任务，休息60秒...
[元廉情] ⏳ 暂无任务，休息60秒...
[孟廉意] ⏳ 暂无任务，休息60秒...
[谢武功] ⏳ 暂无任务，休息60秒...
[邹武全] ⏳ 暂无任务，休息60秒...
[喻武能] ⏳ 暂无任务，休息60秒...
[柏武技] ⏳ 暂无任务，休息60秒...
[章破军] ⏳ 暂无任务，休息60秒...
[云破敌] ⏳ 暂无任务，休息60秒...
[苏破阵] ⏳ 暂无任务，休息60秒...
[潘破晓] ⏳ 暂无任务，休息60秒...
[倪左辅] ⏳ 暂无任务，休息60秒...
[汤左膀] ⏳ 暂无任务，休息60秒...
[殷左翼] ⏳ 暂无任务，休息60秒...
[殷左护] ⏳ 暂无任务，休息60秒...
[罗左卫] ⏳ 暂无任务，休息60秒...
[周右弼] ⏳ 暂无任务，休息60秒...
[乐右弼] ⏳ 暂无任务，休息60秒...
[于右护] ⏳ 暂无任务，休息60秒...
[时右卫] ⏳ 暂无任务，休息60秒...
[薛贪狼] ⏳ 暂无任务，休息60秒...
[雷贪音] ⏳ 暂无任务，休息60秒...
[贺贪形] ⏳ 暂无任务，休息60秒...
[贡志强] ⏳ 暂无任务，休息60秒...
[齐辅弼] ⏳ 暂无任务，休息60秒...
[康辅星] ⏳ 暂无任务，休息60秒...
[和产品] ⏳ 暂无任务，休息60秒...
[穆产品] ⏳ 暂无任务，休息60秒...
[刘二明] ⏳ 暂无任务，休息60秒...
[王三思] ⏳ 暂无任务，休息60秒...
[赵四维] ⏳ 暂无任务，休息60秒...
[周禄存] ⏳ 暂无任务，休息60秒...
[吴存真] ⏳ 暂无任务，休息60秒...
[郑存义] ⏳ 暂无任务，休息60秒...
[钱存信] ⏳ 暂无任务，休息60秒...
[冯存智] ⏳ 暂无任务，休息60秒...
[陈元灵] ⏳ 暂无任务，休息60秒...
[张一凡] ⏳ 暂无任务，休息60秒...
[孙五维] ⏳ 暂无任务，休息60秒...
[陈存理] ⏳ 暂无任务，休息60秒...
[褚存道] ⏳ 暂无任务，休息60秒...
[卫存德] ⏳ 暂无任务，休息60秒...
[秦巨诚] ⏳ 暂无任务，休息60秒...
[许巨真] ⏳ 暂无任务，休息60秒...
[戚巨实] ⏳ 暂无任务，休息60秒...
[窦武备] ⏳ 暂无任务，休息60秒...
[奚破浪] ⏳ 暂无任务，休息60秒...
[范破空] ⏳ 暂无任务，休息60秒...
[柯破云] ⏳ 暂无任务，休息60秒...
[厉破风] ⏳ 暂无任务，休息60秒...
[岑破雷] ⏳ 暂无任务，休息60秒...
[毕左护] ⏳ 暂无任务，休息60秒...
[郝左持] ⏳ 暂无任务，休息60秒...
[邬左扶] ⏳ 暂无任务，休息60秒...
[安左助] ⏳ 暂无任务，休息60秒...
[常左协] ⏳ 暂无任务，休息60秒...
[李星辰] ⏳ 暂无任务，休息60秒...
[卞右盾] ⏳ 暂无任务，休息60秒...
[巴图] ⏳ 暂无任务，休息60秒...
[弓志明] ⏳ 暂无任务，休息60秒...
[母志明] ⏳ 暂无任务，休息60秒...
[干市场] ⏳ 暂无任务，休息60秒...
[曲市场] ⏳ 暂无任务，休息60秒...
[桥客服] ⏳ 暂无任务，休息60秒...
[银客服] ⏳ 暂无任务，休息60秒...
[言客服] ⏳ 暂无任务，休息60秒...
[朱巨信] ⏳ 暂无任务，休息60秒...
[李廉智] ⏳ 暂无任务，休息60秒...
[水武库] ⏳ 暂无任务，休息60秒...
[葛破浪] ⏳ 暂无任务，休息60秒...
[皮右防] ⏳ 暂无任务，休息60秒...
[赏志明] ⏳ 暂无任务，休息60秒...
[财市场] ⏳ 暂无任务，休息60秒...
[蒋巨门] ⏳ 暂无任务，休息60秒...
[沈巨明] ⏳ 暂无任务，休息60秒...
[韩巨亮] ⏳ 暂无任务，休息60秒...
[杨巨知] ⏳ 暂无任务，休息60秒...
[伍廉贞] ⏳ 暂无任务，休息60秒...
[余廉心] ⏳ 暂无任务，休息60秒...
[元廉情] ⏳ 暂无任务，休息60秒...
[孟廉意] ⏳ 暂无任务，休息60秒...
[谢武功] ⏳ 暂无任务，休息60秒...
[邹武全] ⏳ 暂无任务，休息60秒...
[喻武能] ⏳ 暂无任务，休息60秒...
[柏武技] ⏳ 暂无任务，休息60秒...
[章破军] ⏳ 暂无任务，休息60秒...
[云破敌] ⏳ 暂无任务，休息60秒...
[苏破阵] ⏳ 暂无任务，休息60秒...
[潘破晓] ⏳ 暂无任务，休息60秒...
[倪左辅] ⏳ 暂无任务，休息60秒...
[汤左膀] ⏳ 暂无任务，休息60秒...
[殷左翼] ⏳ 暂无任务，休息60秒...
[殷左护] ⏳ 暂无任务，休息60秒...
[罗左卫] ⏳ 暂无任务，休息60秒...
[周右弼] ⏳ 暂无任务，休息60秒...
[乐右弼] ⏳ 暂无任务，休息60秒...
[于右护] ⏳ 暂无任务，休息60秒...
[时右卫] ⏳ 暂无任务，休息60秒...
[薛贪狼] ⏳ 暂无任务，休息60秒...
[雷贪音] ⏳ 暂无任务，休息60秒...
[贺贪形] ⏳ 暂无任务，休息60秒...
[贡志强] ⏳ 暂无任务，休息60秒...
[齐辅弼] ⏳ 暂无任务，休息60秒...
[康辅星] ⏳ 暂无任务，休息60秒...
[和产品] ⏳ 暂无任务，休息60秒...
[穆产品] ⏳ 暂无任务，休息60秒...
[刘二明] ⏳ 暂无任务，休息60秒...
[王三思] ⏳ 暂无任务，休息60秒...
[赵四维] ⏳ 暂无任务，休息60秒...
[周禄存] ⏳ 暂无任务，休息60秒...
[吴存真] ⏳ 暂无任务，休息60秒...
[郑存义] ⏳ 暂无任务，休息60秒...
[钱存信] ⏳ 暂无任务，休息60秒...
[冯存智] ⏳ 暂无任务，休息60秒...
[陈元灵] ⏳ 暂无任务，休息60秒...
[张一凡] ⏳ 暂无任务，休息60秒...
[孙五维] ⏳ 暂无任务，休息60秒...
[陈存理] ⏳ 暂无任务，休息60秒...
[褚存道] ⏳ 暂无任务，休息60秒...
[卫存德] ⏳ 暂无任务，休息60秒...
[秦巨诚] ⏳ 暂无任务，休息60秒...
[许巨真] ⏳ 暂无任务，休息60秒...
[戚巨实] ⏳ 暂无任务，休息60秒...
[窦武备] ⏳ 暂无任务，休息60秒...
[奚破浪] ⏳ 暂无任务，休息60秒...
[范破空] ⏳ 暂无任务，休息60秒...
[柯破云] ⏳ 暂无任务，休息60秒...
[厉破风] ⏳ 暂无任务，休息60秒...
[岑破雷] ⏳ 暂无任务，休息60秒...
[毕左护] ⏳ 暂无任务，休息60秒...
[郝左持] ⏳ 暂无任务，休息60秒...
[邬左扶] ⏳ 暂无任务，休息60秒...
[安左助] ⏳ 暂无任务，休息60秒...
[常左协] ⏳ 暂无任务，休息60秒...
[李星辰] ⏳ 暂无任务，休息60秒...
[卞右盾] ⏳ 暂无任务，休息60秒...
[巴图] ⏳ 暂无任务，休息60秒...
[弓志明] ⏳ 暂无任务，休息60秒...
[母志明] ⏳ 暂无任务，休息60秒...
[干市场] ⏳ 暂无任务，休息60秒...
[曲市场] ⏳ 暂无任务，休息60秒...
[桥客服] ⏳ 暂无任务，休息60秒...
[银客服] ⏳ 暂无任务，休息60秒...
[言客服] ⏳ 暂无任务，休息60秒...
[朱巨信] ⏳ 暂无任务，休息60秒...
[李廉智] ⏳ 暂无任务，休息60秒...
[水武库] ⏳ 暂无任务，休息60秒...
[葛破浪] ⏳ 暂无任务，休息60秒...
[皮右防] ⏳ 暂无任务，休息60秒...
[赏志明] ⏳ 暂无任务，休息60秒...
[财市场] ⏳ 暂无任务，休息60秒...
[蒋巨门] ⏳ 暂无任务，休息60秒...
[沈巨明] ⏳ 暂无任务，休息60秒...
[韩巨亮] ⏳ 暂无任务，休息60秒...
[杨巨知] ⏳ 暂无任务，休息60秒...
[伍廉贞] ⏳ 暂无任务，休息60秒...
[余廉心] ⏳ 暂无任务，休息60秒...
[元廉情] ⏳ 暂无任务，休息60秒...
[孟廉意] ⏳ 暂无任务，休息60秒...
[谢武功] ⏳ 暂无任务，休息60秒...
[邹武全] ⏳ 暂无任务，休息60秒...
[喻武能] ⏳ 暂无任务，休息60秒...
[柏武技] ⏳ 暂无任务，休息60秒...
[章破军] ⏳ 暂无任务，休息60秒...
[云破敌] ⏳ 暂无任务，休息60秒...
[苏破阵] ⏳ 暂无任务，休息60秒...
[潘破晓] ⏳ 暂无任务，休息60秒...
[倪左辅] ⏳ 暂无任务，休息60秒...
[汤左膀] ⏳ 暂无任务，休息60秒...
[殷左翼] ⏳ 暂无任务，休息60秒...
[殷左护] ⏳ 暂无任务，休息60秒...
[罗左卫] ⏳ 暂无任务，休息60秒...
[周右弼] ⏳ 暂无任务，休息60秒...
[乐右弼] ⏳ 暂无任务，休息60秒...
[于右护] ⏳ 暂无任务，休息60秒...
[时右卫] ⏳ 暂无任务，休息60秒...
[薛贪狼] ⏳ 暂无任务，休息60秒...
[雷贪音] ⏳ 暂无任务，休息60秒...
[贺贪形] ⏳ 暂无任务，休息60秒...
[贡志强] ⏳ 暂无任务，休息60秒...
[齐辅弼] ⏳ 暂无任务，休息60秒...
[康辅星] ⏳ 暂无任务，休息60秒...
[和产品] ⏳ 暂无任务，休息60秒...
[穆产品] ⏳ 暂无任务，休息60秒...
[刘二明] ⏳ 暂无任务，休息60秒...
[王三思] ⏳ 暂无任务，休息60秒...
[赵四维] ⏳ 暂无任务，休息60秒...
[周禄存] ⏳ 暂无任务，休息60秒...
[吴存真] ⏳ 暂无任务，休息60秒...
[郑存义] ⏳ 暂无任务，休息60秒...
[钱存信] ⏳ 暂无任务，休息60秒...
[冯存智] ⏳ 暂无任务，休息60秒...
[陈元灵] ⏳ 暂无任务，休息60秒...
[张一凡] ⏳ 暂无任务，休息60秒...
[孙五维] ⏳ 暂无任务，休息60秒...
[陈存理] ⏳ 暂无任务，休息60秒...
[褚存道] ⏳ 暂无任务，休息60秒...
[卫存德] ⏳ 暂无任务，休息60秒...
[秦巨诚] ⏳ 暂无任务，休息60秒...
[许巨真] ⏳ 暂无任务，休息60秒...
[戚巨实] ⏳ 暂无任务，休息60秒...
[窦武备] ⏳ 暂无任务，休息60秒...
[奚破浪] ⏳ 暂无任务，休息60秒...
[范破空] ⏳ 暂无任务，休息60秒...
[柯破云] ⏳ 暂无任务，休息60秒...
[厉破风] ⏳ 暂无任务，休息60秒...
[岑破雷] ⏳ 暂无任务，休息60秒...
[毕左护] ⏳ 暂无任务，休息60秒...
[郝左持] ⏳ 暂无任务，休息60秒...
[邬左扶] ⏳ 暂无任务，休息60秒...
[安左助] ⏳ 暂无任务，休息60秒...
[常左协] ⏳ 暂无任务，休息60秒...
[李星辰] ⏳ 暂无任务，休息60秒...
[卞右盾] ⏳ 暂无任务，休息60秒...
[巴图] ⏳ 暂无任务，休息60秒...
[弓志明] ⏳ 暂无任务，休息60秒...
[母志明] ⏳ 暂无任务，休息60秒...
[干市场] ⏳ 暂无任务，休息60秒...
[曲市场] ⏳ 暂无任务，休息60秒...
[桥客服] ⏳ 暂无任务，休息60秒...
[银客服] ⏳ 暂无任务，休息60秒...
[言客服] ⏳ 暂无任务，休息60秒...
[朱巨信] ⏳ 暂无任务，休息60秒...
[李廉智] ⏳ 暂无任务，休息60秒...
[水武库] ⏳ 暂无任务，休息60秒...
[葛破浪] ⏳ 暂无任务，休息60秒...
[皮右防] ⏳ 暂无任务，休息60秒...
[赏志明] ⏳ 暂无任务，休息60秒...
[财市场] ⏳ 暂无任务，休息60秒...
[蒋巨门] ⏳ 暂无任务，休息60秒...
[沈巨明] ⏳ 暂无任务，休息60秒...
[韩巨亮] ⏳ 暂无任务，休息60秒...
[杨巨知] ⏳ 暂无任务，休息60秒...
[伍廉贞] ⏳ 暂无任务，休息60秒...
[余廉心] ⏳ 暂无任务，休息60秒...
[元廉情] ⏳ 暂无任务，休息60秒...
[孟廉意] ⏳ 暂无任务，休息60秒...
[谢武功] ⏳ 暂无任务，休息60秒...
[邹武全] ⏳ 暂无任务，休息60秒...
[喻武能] ⏳ 暂无任务，休息60秒...
[柏武技] ⏳ 暂无任务，休息60秒...
[章破军] ⏳ 暂无任务，休息60秒...
[云破敌] ⏳ 暂无任务，休息60秒...
[苏破阵] ⏳ 暂无任务，休息60秒...
[潘破晓] ⏳ 暂无任务，休息60秒...
[倪左辅] ⏳ 暂无任务，休息60秒...
[汤左膀] ⏳ 暂无任务，休息60秒...
[殷左翼] ⏳ 暂无任务，休息60秒...
[殷左护] ⏳ 暂无任务，休息60秒...
[罗左卫] ⏳ 暂无任务，休息60秒...
[周右弼] ⏳ 暂无任务，休息60秒...
[乐右弼] ⏳ 暂无任务，休息60秒...
[于右护] ⏳ 暂无任务，休息60秒...
[时右卫] ⏳ 暂无任务，休息60秒...
[薛贪狼] ⏳ 暂无任务，休息60秒...
[雷贪音] ⏳ 暂无任务，休息60秒...
[贺贪形] ⏳ 暂无任务，休息60秒...
[贡志强] ⏳ 暂无任务，休息60秒...
[齐辅弼] ⏳ 暂无任务，休息60秒...
[康辅星] ⏳ 暂无任务，休息60秒...
[和产品] ⏳ 暂无任务，休息60秒...
[穆产品] ⏳ 暂无任务，休息60秒...
[刘二明] ⏳ 暂无任务，休息60秒...
[王三思] ⏳ 暂无任务，休息60秒...
[赵四维] ⏳ 暂无任务，休息60秒...
[周禄存] ⏳ 暂无任务，休息60秒...
[吴存真] ⏳ 暂无任务，休息60秒...
[郑存义] ⏳ 暂无任务，休息60秒...
[钱存信] ⏳ 暂无任务，休息60秒...
[冯存智] ⏳ 暂无任务，休息60秒...
[陈元灵] ⏳ 暂无任务，休息60秒...
[张一凡] ⏳ 暂无任务，休息60秒...
[孙五维] ⏳ 暂无任务，休息60秒...
[陈存理] ⏳ 暂无任务，休息60秒...
[褚存道] ⏳ 暂无任务，休息60秒...
[卫存德] ⏳ 暂无任务，休息60秒...
[秦巨诚] ⏳ 暂无任务，休息60秒...
[许巨真] ⏳ 暂无任务，休息60秒...
[戚巨实] ⏳ 暂无任务，休息60秒...
[窦武备] ⏳ 暂无任务，休息60秒...
[奚破浪] ⏳ 暂无任务，休息60秒...
[范破空] ⏳ 暂无任务，休息60秒...
[柯破云] ⏳ 暂无任务，休息60秒...
[厉破风] ⏳ 暂无任务，休息60秒...
[岑破雷] ⏳ 暂无任务，休息60秒...
[毕左护] ⏳ 暂无任务，休息60秒...
[郝左持] ⏳ 暂无任务，休息60秒...
[邬左扶] ⏳ 暂无任务，休息60秒...
[安左助] ⏳ 暂无任务，休息60秒...
[常左协] ⏳ 暂无任务，休息60秒...
[李星辰] ⏳ 暂无任务，休息60秒...
[卞右盾] ⏳ 暂无任务，休息60秒...
[巴图] ⏳ 暂无任务，休息60秒...
[弓志明] ⏳ 暂无任务，休息60秒...
[母志明] ⏳ 暂无任务，休息60秒...
[干市场] ⏳ 暂无任务，休息60秒...
[曲市场] ⏳ 暂无任务，休息60秒...
[桥客服] ⏳ 暂无任务，休息60秒...
[银客服] ⏳ 暂无任务，休息60秒...
[言客服] ⏳ 暂无任务，休息60秒...
[朱巨信] ⏳ 暂无任务，休息60秒...
[李廉智] ⏳ 暂无任务，休息60秒...
[水武库] ⏳ 暂无任务，休息60秒...
[葛破浪] ⏳ 暂无任务，休息60秒...
[皮右防] ⏳ 暂无任务，休息60秒...
[赏志明] ⏳ 暂无任务，休息60秒...
[财市场] ⏳ 暂无任务，休息60秒...
[蒋巨门] ⏳ 暂无任务，休息60秒...
[沈巨明] ⏳ 暂无任务，休息60秒...
[韩巨亮] ⏳ 暂无任务，休息60秒...
[杨巨知] ⏳ 暂无任务，休息60秒...
[伍廉贞] ⏳ 暂无任务，休息60秒...
[余廉心] ⏳ 暂无任务，休息60秒...
[元廉情] ⏳ 暂无任务，休息60秒...
[孟廉意] ⏳ 暂无任务，休息60秒...
[谢武功] ⏳ 暂无任务，休息60秒...
[邹武全] ⏳ 暂无任务，休息60秒...
[喻武能] ⏳ 暂无任务，休息60秒...
[柏武技] ⏳ 暂无任务，休息60秒...
[章破军] ⏳ 暂无任务，休息60秒...
[云破敌] ⏳ 暂无任务，休息60秒...
[苏破阵] ⏳ 暂无任务，休息60秒...
[潘破晓] ⏳ 暂无任务，休息60秒...
[倪左辅] ⏳ 暂无任务，休息60秒...
[汤左膀] ⏳ 暂无任务，休息60秒...
[殷左翼] ⏳ 暂无任务，休息60秒...
[殷左护] ⏳ 暂无任务，休息60秒...
[罗左卫] ⏳ 暂无任务，休息60秒...
[周右弼] ⏳ 暂无任务，休息60秒...
[乐右弼] ⏳ 暂无任务，休息60秒...
[于右护] ⏳ 暂无任务，休息60秒...
[时右卫] ⏳ 暂无任务，休息60秒...
[薛贪狼] ⏳ 暂无任务，休息60秒...
[雷贪音] ⏳ 暂无任务，休息60秒...
[贺贪形] ⏳ 暂无任务，休息60秒...
[贡志强] ⏳ 暂无任务，休息60秒...
[齐辅弼] ⏳ 暂无任务，休息60秒...
[康辅星] ⏳ 暂无任务，休息60秒...
[和产品] ⏳ 暂无任务，休息60秒...
[穆产品] ⏳ 暂无任务，休息60秒...
[刘二明] ⏳ 暂无任务，休息60秒...
[王三思] ⏳ 暂无任务，休息60秒...
[赵四维] ⏳ 暂无任务，休息60秒...
[周禄存] ⏳ 暂无任务，休息60秒...
[吴存真] ⏳ 暂无任务，休息60秒...
[郑存义] ⏳ 暂无任务，休息60秒...
[钱存信] ⏳ 暂无任务，休息60秒...
[冯存智] ⏳ 暂无任务，休息60秒...
[陈元灵] ⏳ 暂无任务，休息60秒...
[张一凡] ⏳ 暂无任务，休息60秒...
[孙五维] ⏳ 暂无任务，休息60秒...
[陈存理] ⏳ 暂无任务，休息60秒...
[褚存道] ⏳ 暂无任务，休息60秒...
[卫存德] ⏳ 暂无任务，休息60秒...
[秦巨诚] ⏳ 暂无任务，休息60秒...
[许巨真] ⏳ 暂无任务，休息60秒...
[戚巨实] ⏳ 暂无任务，休息60秒...
[窦武备] ⏳ 暂无任务，休息60秒...
[奚破浪] ⏳ 暂无任务，休息60秒...
[范破空] ⏳ 暂无任务，休息60秒...
[柯破云] ⏳ 暂无任务，休息60秒...
[厉破风] ⏳ 暂无任务，休息60秒...
[岑破雷] ⏳ 暂无任务，休息60秒...
[毕左护] ⏳ 暂无任务，休息60秒...
[郝左持] ⏳ 暂无任务，休息60秒...
[邬左扶] ⏳ 暂无任务，休息60秒...
[安左助] ⏳ 暂无任务，休息60秒...
[常左协] ⏳ 暂无任务，休息60秒...
[李星辰] ⏳ 暂无任务，休息60秒...
[卞右盾] ⏳ 暂无任务，休息60秒...
[巴图] ⏳ 暂无任务，休息60秒...
[弓志明] ⏳ 暂无任务，休息60秒...
[母志明] ⏳ 暂无任务，休息60秒...
[干市场] ⏳ 暂无任务，休息60秒...
[曲市场] ⏳ 暂无任务，休息60秒...
[桥客服] ⏳ 暂无任务，休息60秒...
[银客服] ⏳ 暂无任务，休息60秒...
[言客服] ⏳ 暂无任务，休息60秒...
[朱巨信] ⏳ 暂无任务，休息60秒...
[李廉智] ⏳ 暂无任务，休息60秒...
[水武库] ⏳ 暂无任务，休息60秒...
[葛破浪] ⏳ 暂无任务，休息60秒...
[皮右防] ⏳ 暂无任务，休息60秒...
[赏志明] ⏳ 暂无任务，休息60秒...
[财市场] ⏳ 暂无任务，休息60秒...
[蒋巨门] ⏳ 暂无任务，休息60秒...
[沈巨明] ⏳ 暂无任务，休息60秒...
[韩巨亮] ⏳ 暂无任务，休息60秒...
[杨巨知] ⏳ 暂无任务，休息60秒...
[伍廉贞] ⏳ 暂无任务，休息60秒...
[余廉心] ⏳ 暂无任务，休息60秒...
[元廉情] ⏳ 暂无任务，休息60秒...
[孟廉意] ⏳ 暂无任务，休息60秒...
[谢武功] ⏳ 暂无任务，休息60秒...
[邹武全] ⏳ 暂无任务，休息60秒...
[喻武能] ⏳ 暂无任务，休息60秒...
[柏武技] ⏳ 暂无任务，休息60秒...
[章破军] ⏳ 暂无任务，休息60秒...
[云破敌] ⏳ 暂无任务，休息60秒...
[苏破阵] ⏳ 暂无任务，休息60秒...
[潘破晓] ⏳ 暂无任务，休息60秒...
[倪左辅] ⏳ 暂无任务，休息60秒...
[汤左膀] ⏳ 暂无任务，休息60秒...
[殷左翼] ⏳ 暂无任务，休息60秒...
[殷左护] ⏳ 暂无任务，休息60秒...
[罗左卫] ⏳ 暂无任务，休息60秒...
[周右弼] ⏳ 暂无任务，休息60秒...
[乐右弼] ⏳ 暂无任务，休息60秒...
[于右护] ⏳ 暂无任务，休息60秒...
[时右卫] ⏳ 暂无任务，休息60秒...
[薛贪狼] ⏳ 暂无任务，休息60秒...
[雷贪音] ⏳ 暂无任务，休息60秒...
[贺贪形] ⏳ 暂无任务，休息60秒...
[贡志强] ⏳ 暂无任务，休息60秒...
[齐辅弼] ⏳ 暂无任务，休息60秒...
[康辅星] ⏳ 暂无任务，休息60秒...
[和产品] ⏳ 暂无任务，休息60秒...
[穆产品] ⏳ 暂无任务，休息60秒...
[刘二明] ⏳ 暂无任务，休息60秒...
[王三思] ⏳ 暂无任务，休息60秒...
[赵四维] ⏳ 暂无任务，休息60秒...
[周禄存] ⏳ 暂无任务，休息60秒...
[吴存真] ⏳ 暂无任务，休息60秒...
[郑存义] ⏳ 暂无任务，休息60秒...
[钱存信] ⏳ 暂无任务，休息60秒...
[冯存智] ⏳ 暂无任务，休息60秒...
[陈元灵] ⏳ 暂无任务，休息60秒...
[张一凡] ⏳ 暂无任务，休息60秒...
[孙五维] ⏳ 暂无任务，休息60秒...
[陈存理] ⏳ 暂无任务，休息60秒...
[褚存道] ⏳ 暂无任务，休息60秒...
[卫存德] ⏳ 暂无任务，休息60秒...
[秦巨诚] ⏳ 暂无任务，休息60秒...
[许巨真] ⏳ 暂无任务，休息60秒...
[戚巨实] ⏳ 暂无任务，休息60秒...
[窦武备] ⏳ 暂无任务，休息60秒...
[奚破浪] ⏳ 暂无任务，休息60秒...
[范破空] ⏳ 暂无任务，休息60秒...
[柯破云] ⏳ 暂无任务，休息60秒...
[厉破风] ⏳ 暂无任务，休息60秒...
[岑破雷] ⏳ 暂无任务，休息60秒...
[毕左护] ⏳ 暂无任务，休息60秒...
[郝左持] ⏳ 暂无任务，休息60秒...
[邬左扶] ⏳ 暂无任务，休息60秒...
[安左助] ⏳ 暂无任务，休息60秒...
[常左协] ⏳ 暂无任务，休息60秒...
[李星辰] ⏳ 暂无任务，休息60秒...
[卞右盾] ⏳ 暂无任务，休息60秒...
[巴图] ⏳ 暂无任务，休息60秒...
[弓志明] ⏳ 暂无任务，休息60秒...
[母志明] ⏳ 暂无任务，休息60秒...
[干市场] ⏳ 暂无任务，休息60秒...
[曲市场] ⏳ 暂无任务，休息60秒...
[桥客服] ⏳ 暂无任务，休息60秒...
[银客服] ⏳ 暂无任务，休息60秒...
[言客服] ⏳ 暂无任务，休息60秒...
[朱巨信] ⏳ 暂无任务，休息60秒...
[李廉智] ⏳ 暂无任务，休息60秒...
[水武库] ⏳ 暂无任务，休息60秒...
[葛破浪] ⏳ 暂无任务，休息60秒...
[皮右防] ⏳ 暂无任务，休息60秒...
[赏志明] ⏳ 暂无任务，休息60秒...
[财市场] ⏳ 暂无任务，休息60秒...
[蒋巨门] ⏳ 暂无任务，休息60秒...
[沈巨明] ⏳ 暂无任务，休息60秒...
[韩巨亮] ⏳ 暂无任务，休息60秒...
[杨巨知] ⏳ 暂无任务，休息60秒...
[伍廉贞] ⏳ 暂无任务，休息60秒...
[余廉心] ⏳ 暂无任务，休息60秒...
[元廉情] ⏳ 暂无任务，休息60秒...
[孟廉意] ⏳ 暂无任务，休息60秒...
[谢武功] ⏳ 暂无任务，休息60秒...
[邹武全] ⏳ 暂无任务，休息60秒...
[喻武能] ⏳ 暂无任务，休息60秒...
[柏武技] ⏳ 暂无任务，休息60秒...
[章破军] ⏳ 暂无任务，休息60秒...
[云破敌] ⏳ 暂无任务，休息60秒...
[苏破阵] ⏳ 暂无任务，休息60秒...
[潘破晓] ⏳ 暂无任务，休息60秒...
[倪左辅] ⏳ 暂无任务，休息60秒...
[汤左膀] ⏳ 暂无任务，休息60秒...
[殷左翼] ⏳ 暂无任务，休息60秒...
[殷左护] ⏳ 暂无任务，休息60秒...
[罗左卫] ⏳ 暂无任务，休息60秒...
[周右弼] ⏳ 暂无任务，休息60秒...
[乐右弼] ⏳ 暂无任务，休息60秒...
[于右护] ⏳ 暂无任务，休息60秒...
[时右卫] ⏳ 暂无任务，休息60秒...
[薛贪狼] ⏳ 暂无任务，休息60秒...
[雷贪音] ⏳ 暂无任务，休息60秒...
[贺贪形] ⏳ 暂无任务，休息60秒...
[贡志强] ⏳ 暂无任务，休息60秒...
[齐辅弼] ⏳ 暂无任务，休息60秒...
[康辅星] ⏳ 暂无任务，休息60秒...
[和产品] ⏳ 暂无任务，休息60秒...
[穆产品] ⏳ 暂无任务，休息60秒...
[刘二明] ⏳ 暂无任务，休息60秒...
[王三思] ⏳ 暂无任务，休息60秒...
[赵四维] ⏳ 暂无任务，休息60秒...
[周禄存] ⏳ 暂无任务，休息60秒...
[吴存真] ⏳ 暂无任务，休息60秒...
[郑存义] ⏳ 暂无任务，休息60秒...
[钱存信] ⏳ 暂无任务，休息60秒...
[冯存智] ⏳ 暂无任务，休息60秒...
[陈元灵] ⏳ 暂无任务，休息60秒...
[张一凡] ⏳ 暂无任务，休息60秒...
[孙五维] ⏳ 暂无任务，休息60秒...
[陈存理] ⏳ 暂无任务，休息60秒...
[褚存道] ⏳ 暂无任务，休息60秒...
[卫存德] ⏳ 暂无任务，休息60秒...
[秦巨诚] ⏳ 暂无任务，休息60秒...
[许巨真] ⏳ 暂无任务，休息60秒...
[戚巨实] ⏳ 暂无任务，休息60秒...
[窦武备] ⏳ 暂无任务，休息60秒...
[奚破浪] ⏳ 暂无任务，休息60秒...
[范破空] ⏳ 暂无任务，休息60秒...
[柯破云] ⏳ 暂无任务，休息60秒...
[厉破风] ⏳ 暂无任务，休息60秒...
[岑破雷] ⏳ 暂无任务，休息60秒...
[毕左护] ⏳ 暂无任务，休息60秒...
[郝左持] ⏳ 暂无任务，休息60秒...
[邬左扶] ⏳ 暂无任务，休息60秒...
[安左助] ⏳ 暂无任务，休息60秒...
[常左协] ⏳ 暂无任务，休息60秒...
[李星辰] ⏳ 暂无任务，休息60秒...
[卞右盾] ⏳ 暂无任务，休息60秒...
[巴图] ⏳ 暂无任务，休息60秒...
[弓志明] ⏳ 暂无任务，休息60秒...
[母志明] ⏳ 暂无任务，休息60秒...
[干市场] ⏳ 暂无任务，休息60秒...
[曲市场] ⏳ 暂无任务，休息60秒...
[桥客服] ⏳ 暂无任务，休息60秒...
[银客服] ⏳ 暂无任务，休息60秒...
[言客服] ⏳ 暂无任务，休息60秒...
[朱巨信] ⏳ 暂无任务，休息60秒...
[李廉智] ⏳ 暂无任务，休息60秒...
[水武库] ⏳ 暂无任务，休息60秒...
[葛破浪] ⏳ 暂无任务，休息60秒...
[皮右防] ⏳ 暂无任务，休息60秒...
[赏志明] ⏳ 暂无任务，休息60秒...
[财市场] ⏳ 暂无任务，休息60秒...
[蒋巨门] ⏳ 暂无任务，休息60秒...
[沈巨明] ⏳ 暂无任务，休息60秒...
[韩巨亮] ⏳ 暂无任务，休息60秒...
[杨巨知] ⏳ 暂无任务，休息60秒...
[伍廉贞] ⏳ 暂无任务，休息60秒...
[余廉心] ⏳ 暂无任务，休息60秒...
[元廉情] ⏳ 暂无任务，休息60秒...
[孟廉意] ⏳ 暂无任务，休息60秒...
[谢武功] ⏳ 暂无任务，休息60秒...
[邹武全] ⏳ 暂无任务，休息60秒...
[喻武能] ⏳ 暂无任务，休息60秒...
[柏武技] ⏳ 暂无任务，休息60秒...
[章破军] ⏳ 暂无任务，休息60秒...
[云破敌] ⏳ 暂无任务，休息60秒...
[苏破阵] ⏳ 暂无任务，休息60秒...
[潘破晓] ⏳ 暂无任务，休息60秒...
[倪左辅] ⏳ 暂无任务，休息60秒...
[汤左膀] ⏳ 暂无任务，休息60秒...
[殷左翼] ⏳ 暂无任务，休息60秒...
[殷左护] ⏳ 暂无任务，休息60秒...
[罗左卫] ⏳ 暂无任务，休息60秒...
[周右弼] ⏳ 暂无任务，休息60秒...
[乐右弼] ⏳ 暂无任务，休息60秒...
[于右护] ⏳ 暂无任务，休息60秒...
[时右卫] ⏳ 暂无任务，休息60秒...
[薛贪狼] ⏳ 暂无任务，休息60秒...
[雷贪音] ⏳ 暂无任务，休息60秒...
[贺贪形] ⏳ 暂无任务，休息60秒...
[贡志强] ⏳ 暂无任务，休息60秒...
[齐辅弼] ⏳ 暂无任务，休息60秒...
[康辅星] ⏳ 暂无任务，休息60秒...
[和产品] ⏳ 暂无任务，休息60秒...
[穆产品] ⏳ 暂无任务，休息60秒...
[刘二明] ⏳ 暂无任务，休息60秒...
[王三思] ⏳ 暂无任务，休息60秒...
[赵四维] ⏳ 暂无任务，休息60秒...
[周禄存] ⏳ 暂无任务，休息60秒...
[吴存真] ⏳ 暂无任务，休息60秒...
[郑存义] ⏳ 暂无任务，休息60秒...
[钱存信] ⏳ 暂无任务，休息60秒...
[冯存智] ⏳ 暂无任务，休息60秒...
[陈元灵] ⏳ 暂无任务，休息60秒...
[张一凡] ⏳ 暂无任务，休息60秒...
[孙五维] ⏳ 暂无任务，休息60秒...
[陈存理] ⏳ 暂无任务，休息60秒...
[褚存道] ⏳ 暂无任务，休息60秒...
[卫存德] ⏳ 暂无任务，休息60秒...
[秦巨诚] ⏳ 暂无任务，休息60秒...
[许巨真] ⏳ 暂无任务，休息60秒...
[戚巨实] ⏳ 暂无任务，休息60秒...
[窦武备] ⏳ 暂无任务，休息60秒...
[奚破浪] ⏳ 暂无任务，休息60秒...
[范破空] ⏳ 暂无任务，休息60秒...
[柯破云] ⏳ 暂无任务，休息60秒...
[厉破风] ⏳ 暂无任务，休息60秒...
[岑破雷] ⏳ 暂无任务，休息60秒...
[毕左护] ⏳ 暂无任务，休息60秒...
[郝左持] ⏳ 暂无任务，休息60秒...
[邬左扶] ⏳ 暂无任务，休息60秒...
[安左助] ⏳ 暂无任务，休息60秒...
[常左协] ⏳ 暂无任务，休息60秒...
[李星辰] ⏳ 暂无任务，休息60秒...
[卞右盾] ⏳ 暂无任务，休息60秒...
[巴图] ⏳ 暂无任务，休息60秒...
[弓志明] ⏳ 暂无任务，休息60秒...
[母志明] ⏳ 暂无任务，休息60秒...
[干市场] ⏳ 暂无任务，休息60秒...
[曲市场] ⏳ 暂无任务，休息60秒...
[桥客服] ⏳ 暂无任务，休息60秒...
[银客服] ⏳ 暂无任务，休息60秒...
[言客服] ⏳ 暂无任务，休息60秒...
[朱巨信] ⏳ 暂无任务，休息60秒...
[李廉智] ⏳ 暂无任务，休息60秒...
[水武库] ⏳ 暂无任务，休息60秒...
[葛破浪] ⏳ 暂无任务，休息60秒...
[皮右防] ⏳ 暂无任务，休息60秒...
[赏志明] ⏳ 暂无任务，休息60秒...
[财市场] ⏳ 暂无任务，休息60秒...
[蒋巨门] ⏳ 暂无任务，休息60秒...
[沈巨明] ⏳ 暂无任务，休息60秒...
[韩巨亮] ⏳ 暂无任务，休息60秒...
[杨巨知] ⏳ 暂无任务，休息60秒...
[伍廉贞] ⏳ 暂无任务，休息60秒...
[余廉心] ⏳ 暂无任务，休息60秒...
[元廉情] ⏳ 暂无任务，休息60秒...
[孟廉意] ⏳ 暂无任务，休息60秒...
[谢武功] ⏳ 暂无任务，休息60秒...
[邹武全] ⏳ 暂无任务，休息60秒...
[喻武能] ⏳ 暂无任务，休息60秒...
[柏武技] ⏳ 暂无任务，休息60秒...
[章破军] ⏳ 暂无任务，休息60秒...
[云破敌] ⏳ 暂无任务，休息60秒...
[苏破阵] ⏳ 暂无任务，休息60秒...
[潘破晓] ⏳ 暂无任务，休息60秒...
[倪左辅] ⏳ 暂无任务，休息60秒...
[汤左膀] ⏳ 暂无任务，休息60秒...
[殷左翼] ⏳ 暂无任务，休息60秒...
[殷左护] ⏳ 暂无任务，休息60秒...
[罗左卫] ⏳ 暂无任务，休息60秒...
[周右弼] ⏳ 暂无任务，休息60秒...
[乐右弼] ⏳ 暂无任务，休息60秒...
[于右护] ⏳ 暂无任务，休息60秒...
[时右卫] ⏳ 暂无任务，休息60秒...
[薛贪狼] ⏳ 暂无任务，休息60秒...
[雷贪音] ⏳ 暂无任务，休息60秒...
[贺贪形] ⏳ 暂无任务，休息60秒...
[贡志强] ⏳ 暂无任务，休息60秒...
[齐辅弼] ⏳ 暂无任务，休息60秒...
[康辅星] ⏳ 暂无任务，休息60秒...
[和产品] ⏳ 暂无任务，休息60秒...
[穆产品] ⏳ 暂无任务，休息60秒...
[刘二明] ⏳ 暂无任务，休息60秒...
[王三思] ⏳ 暂无任务，休息60秒...
[赵四维] ⏳ 暂无任务，休息60秒...
[周禄存] ⏳ 暂无任务，休息60秒...
[吴存真] ⏳ 暂无任务，休息60秒...
[郑存义] ⏳ 暂无任务，休息60秒...
[钱存信] ⏳ 暂无任务，休息60秒...
[冯存智] ⏳ 暂无任务，休息60秒...
[陈元灵] ⏳ 暂无任务，休息60秒...
[张一凡] ⏳ 暂无任务，休息60秒...
[孙五维] ⏳ 暂无任务，休息60秒...
[陈存理] ⏳ 暂无任务，休息60秒...
[褚存道] ⏳ 暂无任务，休息60秒...
[卫存德] ⏳ 暂无任务，休息60秒...
[秦巨诚] ⏳ 暂无任务，休息60秒...
[许巨真] ⏳ 暂无任务，休息60秒...
[戚巨实] ⏳ 暂无任务，休息60秒...
[窦武备] ⏳ 暂无任务，休息60秒...
[奚破浪] ⏳ 暂无任务，休息60秒...
[范破空] ⏳ 暂无任务，休息60秒...
[柯破云] ⏳ 暂无任务，休息60秒...
[厉破风] ⏳ 暂无任务，休息60秒...
[岑破雷] ⏳ 暂无任务，休息60秒...
[毕左护] ⏳ 暂无任务，休息60秒...
[郝左持] ⏳ 暂无任务，休息60秒...
[邬左扶] ⏳ 暂无任务，休息60秒...
[安左助] ⏳ 暂无任务，休息60秒...
[常左协] ⏳ 暂无任务，休息60秒...
[李星辰] ⏳ 暂无任务，休息60秒...
[卞右盾] ⏳ 暂无任务，休息60秒...
[巴图] ⏳ 暂无任务，休息60秒...
[弓志明] ⏳ 暂无任务，休息60秒...
[母志明] ⏳ 暂无任务，休息60秒...
[干市场] ⏳ 暂无任务，休息60秒...
[曲市场] ⏳ 暂无任务，休息60秒...
[桥客服] ⏳ 暂无任务，休息60秒...
[银客服] ⏳ 暂无任务，休息60秒...
[言客服] ⏳ 暂无任务，休息60秒...
[朱巨信] ⏳ 暂无任务，休息60秒...
[李廉智] ⏳ 暂无任务，休息60秒...
[水武库] ⏳ 暂无任务，休息60秒...
[葛破浪] ⏳ 暂无任务，休息60秒...
[皮右防] ⏳ 暂无任务，休息60秒...
[赏志明] ⏳ 暂无任务，休息60秒...
[财市场] ⏳ 暂无任务，休息60秒...
[蒋巨门] ⏳ 暂无任务，休息60秒...
[沈巨明] ⏳ 暂无任务，休息60秒...
[韩巨亮] ⏳ 暂无任务，休息60秒...
[杨巨知] ⏳ 暂无任务，休息60秒...
[伍廉贞] ⏳ 暂无任务，休息60秒...
[余廉心] ⏳ 暂无任务，休息60秒...
[元廉情] ⏳ 暂无任务，休息60秒...
[孟廉意] ⏳ 暂无任务，休息60秒...
[谢武功] ⏳ 暂无任务，休息60秒...
[邹武全] ⏳ 暂无任务，休息60秒...
[喻武能] ⏳ 暂无任务，休息60秒...
[柏武技] ⏳ 暂无任务，休息60秒...
[章破军] ⏳ 暂无任务，休息60秒...
[云破敌] ⏳ 暂无任务，休息60秒...
[苏破阵] ⏳ 暂无任务，休息60秒...
[潘破晓] ⏳ 暂无任务，休息60秒...
[倪左辅] ⏳ 暂无任务，休息60秒...
[汤左膀] ⏳ 暂无任务，休息60秒...
[殷左翼] ⏳ 暂无任务，休息60秒...
[殷左护] ⏳ 暂无任务，休息60秒...
[罗左卫] ⏳ 暂无任务，休息60秒...
[周右弼] ⏳ 暂无任务，休息60秒...
[乐右弼] ⏳ 暂无任务，休息60秒...
[于右护] ⏳ 暂无任务，休息60秒...
[时右卫] ⏳ 暂无任务，休息60秒...
[薛贪狼] ⏳ 暂无任务，休息60秒...
[雷贪音] ⏳ 暂无任务，休息60秒...
[贺贪形] ⏳ 暂无任务，休息60秒...
[贡志强] ⏳ 暂无任务，休息60秒...
[齐辅弼] ⏳ 暂无任务，休息60秒...
[康辅星] ⏳ 暂无任务，休息60秒...
[和产品] ⏳ 暂无任务，休息60秒...
[穆产品] ⏳ 暂无任务，休息60秒...
[刘二明] ⏳ 暂无任务，休息60秒...
[王三思] ⏳ 暂无任务，休息60秒...
[赵四维] ⏳ 暂无任务，休息60秒...
[周禄存] ⏳ 暂无任务，休息60秒...
[吴存真] ⏳ 暂无任务，休息60秒...
[郑存义] ⏳ 暂无任务，休息60秒...
[钱存信] ⏳ 暂无任务，休息60秒...
[冯存智] ⏳ 暂无任务，休息60秒...
[陈元灵] ⏳ 暂无任务，休息60秒...
[张一凡] ⏳ 暂无任务，休息60秒...
[孙五维] ⏳ 暂无任务，休息60秒...
[陈存理] ⏳ 暂无任务，休息60秒...
[褚存道] ⏳ 暂无任务，休息60秒...
[卫存德] ⏳ 暂无任务，休息60秒...
[秦巨诚] ⏳ 暂无任务，休息60秒...
[许巨真] ⏳ 暂无任务，休息60秒...
[戚巨实] ⏳ 暂无任务，休息60秒...
[窦武备] ⏳ 暂无任务，休息60秒...
[奚破浪] ⏳ 暂无任务，休息60秒...
[范破空] ⏳ 暂无任务，休息60秒...
[柯破云] ⏳ 暂无任务，休息60秒...
[厉破风] ⏳ 暂无任务，休息60秒...
[岑破雷] ⏳ 暂无任务，休息60秒...
[毕左护] ⏳ 暂无任务，休息60秒...
[郝左持] ⏳ 暂无任务，休息60秒...
[邬左扶] ⏳ 暂无任务，休息60秒...
[安左助] ⏳ 暂无任务，休息60秒...
[常左协] ⏳ 暂无任务，休息60秒...
[李星辰] ⏳ 暂无任务，休息60秒...
[卞右盾] ⏳ 暂无任务，休息60秒...
[巴图] ⏳ 暂无任务，休息60秒...
[弓志明] ⏳ 暂无任务，休息60秒...
[母志明] ⏳ 暂无任务，休息60秒...
[干市场] ⏳ 暂无任务，休息60秒...
[曲市场] ⏳ 暂无任务，休息60秒...
[桥客服] ⏳ 暂无任务，休息60秒...
[银客服] ⏳ 暂无任务，休息60秒...
[言客服] ⏳ 暂无任务，休息60秒...
[朱巨信] ⏳ 暂无任务，休息60秒...
[李廉智] ⏳ 暂无任务，休息60秒...
[水武库] ⏳ 暂无任务，休息60秒...
[葛破浪] ⏳ 暂无任务，休息60秒...
[皮右防] ⏳ 暂无任务，休息60秒...
[赏志明] ⏳ 暂无任务，休息60秒...
[财市场] ⏳ 暂无任务，休息60秒...
[蒋巨门] ⏳ 暂无任务，休息60秒...
[沈巨明] ⏳ 暂无任务，休息60秒...
[韩巨亮] ⏳ 暂无任务，休息60秒...
[杨巨知] ⏳ 暂无任务，休息60秒...
[伍廉贞] ⏳ 暂无任务，休息60秒...
[余廉心] ⏳ 暂无任务，休息60秒...
[元廉情] ⏳ 暂无任务，休息60秒...
[孟廉意] ⏳ 暂无任务，休息60秒...
[谢武功] ⏳ 暂无任务，休息60秒...
[邹武全] ⏳ 暂无任务，休息60秒...
[喻武能] ⏳ 暂无任务，休息60秒...
[柏武技] ⏳ 暂无任务，休息60秒...
[章破军] ⏳ 暂无任务，休息60秒...
[云破敌] ⏳ 暂无任务，休息60秒...
[苏破阵] ⏳ 暂无任务，休息60秒...
[潘破晓] ⏳ 暂无任务，休息60秒...
[倪左辅] ⏳ 暂无任务，休息60秒...
[汤左膀] ⏳ 暂无任务，休息60秒...
[殷左翼] ⏳ 暂无任务，休息60秒...
[殷左护] ⏳ 暂无任务，休息60秒...
[罗左卫] ⏳ 暂无任务，休息60秒...
[周右弼] ⏳ 暂无任务，休息60秒...
[乐右弼] ⏳ 暂无任务，休息60秒...
[于右护] ⏳ 暂无任务，休息60秒...
[时右卫] ⏳ 暂无任务，休息60秒...
[薛贪狼] ⏳ 暂无任务，休息60秒...
[雷贪音] ⏳ 暂无任务，休息60秒...
[贺贪形] ⏳ 暂无任务，休息60秒...
[贡志强] ⏳ 暂无任务，休息60秒...
[齐辅弼] ⏳ 暂无任务，休息60秒...
[康辅星] ⏳ 暂无任务，休息60秒...
[和产品] ⏳ 暂无任务，休息60秒...
[穆产品] ⏳ 暂无任务，休息60秒...
[刘二明] ⏳ 暂无任务，休息60秒...
[王三思] ⏳ 暂无任务，休息60秒...
[赵四维] ⏳ 暂无任务，休息60秒...
[周禄存] ⏳ 暂无任务，休息60秒...
[吴存真] ⏳ 暂无任务，休息60秒...
[郑存义] ⏳ 暂无任务，休息60秒...
[钱存信] ⏳ 暂无任务，休息60秒...
[冯存智] ⏳ 暂无任务，休息60秒...
[陈元灵] ⏳ 暂无任务，休息60秒...
[张一凡] ⏳ 暂无任务，休息60秒...
[孙五维] ⏳ 暂无任务，休息60秒...
[陈存理] ⏳ 暂无任务，休息60秒...
[褚存道] ⏳ 暂无任务，休息60秒...
[卫存德] ⏳ 暂无任务，休息60秒...
[秦巨诚] ⏳ 暂无任务，休息60秒...
[许巨真] ⏳ 暂无任务，休息60秒...
[戚巨实] ⏳ 暂无任务，休息60秒...
[窦武备] ⏳ 暂无任务，休息60秒...
[奚破浪] ⏳ 暂无任务，休息60秒...
[范破空] ⏳ 暂无任务，休息60秒...
[柯破云] ⏳ 暂无任务，休息60秒...
[厉破风] ⏳ 暂无任务，休息60秒...
[岑破雷] ⏳ 暂无任务，休息60秒...
[毕左护] ⏳ 暂无任务，休息60秒...
[郝左持] ⏳ 暂无任务，休息60秒...
[邬左扶] ⏳ 暂无任务，休息60秒...
[安左助] ⏳ 暂无任务，休息60秒...
[常左协] ⏳ 暂无任务，休息60秒...
[李星辰] ⏳ 暂无任务，休息60秒...
[卞右盾] ⏳ 暂无任务，休息60秒...
[巴图] ⏳ 暂无任务，休息60秒...
[弓志明] ⏳ 暂无任务，休息60秒...
[母志明] ⏳ 暂无任务，休息60秒...
[干市场] ⏳ 暂无任务，休息60秒...
[曲市场] ⏳ 暂无任务，休息60秒...
[桥客服] ⏳ 暂无任务，休息60秒...
[银客服] ⏳ 暂无任务，休息60秒...
[言客服] ⏳ 暂无任务，休息60秒...
[朱巨信] ⏳ 暂无任务，休息60秒...
[李廉智] ⏳ 暂无任务，休息60秒...
[水武库] ⏳ 暂无任务，休息60秒...
[葛破浪] ⏳ 暂无任务，休息60秒...
[皮右防] ⏳ 暂无任务，休息60秒...
[赏志明] ⏳ 暂无任务，休息60秒...
[财市场] ⏳ 暂无任务，休息60秒...
[蒋巨门] ⏳ 暂无任务，休息60秒...
[沈巨明] ⏳ 暂无任务，休息60秒...
[韩巨亮] ⏳ 暂无任务，休息60秒...
[杨巨知] ⏳ 暂无任务，休息60秒...
[伍廉贞] ⏳ 暂无任务，休息60秒...
[余廉心] ⏳ 暂无任务，休息60秒...
[元廉情] ⏳ 暂无任务，休息60秒...
[孟廉意] ⏳ 暂无任务，休息60秒...
[谢武功] ⏳ 暂无任务，休息60秒...
[邹武全] ⏳ 暂无任务，休息60秒...
[喻武能] ⏳ 暂无任务，休息60秒...
[柏武技] ⏳ 暂无任务，休息60秒...
[章破军] ⏳ 暂无任务，休息60秒...
[云破敌] ⏳ 暂无任务，休息60秒...
[苏破阵] ⏳ 暂无任务，休息60秒...
[潘破晓] ⏳ 暂无任务，休息60秒...
[倪左辅] ⏳ 暂无任务，休息60秒...
[汤左膀] ⏳ 暂无任务，休息60秒...
[殷左翼] ⏳ 暂无任务，休息60秒...
[殷左护] ⏳ 暂无任务，休息60秒...
[罗左卫] ⏳ 暂无任务，休息60秒...
[周右弼] ⏳ 暂无任务，休息60秒...
[乐右弼] ⏳ 暂无任务，休息60秒...
[于右护] ⏳ 暂无任务，休息60秒...
[时右卫] ⏳ 暂无任务，休息60秒...
[薛贪狼] ⏳ 暂无任务，休息60秒...
[雷贪音] ⏳ 暂无任务，休息60秒...
[贺贪形] ⏳ 暂无任务，休息60秒...
[贡志强] ⏳ 暂无任务，休息60秒...
[齐辅弼] ⏳ 暂无任务，休息60秒...
[康辅星] ⏳ 暂无任务，休息60秒...
[和产品] ⏳ 暂无任务，休息60秒...
[穆产品] ⏳ 暂无任务，休息60秒...
[刘二明] ⏳ 暂无任务，休息60秒...
[王三思] ⏳ 暂无任务，休息60秒...
[赵四维] ⏳ 暂无任务，休息60秒...
[周禄存] ⏳ 暂无任务，休息60秒...
[吴存真] ⏳ 暂无任务，休息60秒...
[郑存义] ⏳ 暂无任务，休息60秒...
[钱存信] ⏳ 暂无任务，休息60秒...
[冯存智] ⏳ 暂无任务，休息60秒...
[陈元灵] ⏳ 暂无任务，休息60秒...
[张一凡] ⏳ 暂无任务，休息60秒...
[孙五维] ⏳ 暂无任务，休息60秒...
[陈存理] ⏳ 暂无任务，休息60秒...
[褚存道] ⏳ 暂无任务，休息60秒...
[卫存德] ⏳ 暂无任务，休息60秒...
[秦巨诚] ⏳ 暂无任务，休息60秒...
[许巨真] ⏳ 暂无任务，休息60秒...
[戚巨实] ⏳ 暂无任务，休息60秒...
[窦武备] ⏳ 暂无任务，休息60秒...
[奚破浪] ⏳ 暂无任务，休息60秒...
[范破空] ⏳ 暂无任务，休息60秒...
[柯破云] ⏳ 暂无任务，休息60秒...
[厉破风] ⏳ 暂无任务，休息60秒...
[岑破雷] ⏳ 暂无任务，休息60秒...
[毕左护] ⏳ 暂无任务，休息60秒...
[郝左持] ⏳ 暂无任务，休息60秒...
[邬左扶] ⏳ 暂无任务，休息60秒...
[安左助] ⏳ 暂无任务，休息60秒...
[常左协] ⏳ 暂无任务，休息60秒...
[李星辰] ⏳ 暂无任务，休息60秒...
[卞右盾] ⏳ 暂无任务，休息60秒...
[巴图] ⏳ 暂无任务，休息60秒...
[弓志明] ⏳ 暂无任务，休息60秒...
[母志明] ⏳ 暂无任务，休息60秒...
[干市场] ⏳ 暂无任务，休息60秒...
[曲市场] ⏳ 暂无任务，休息60秒...
[桥客服] ⏳ 暂无任务，休息60秒...
[银客服] ⏳ 暂无任务，休息60秒...
[言客服] ⏳ 暂无任务，休息60秒...
[朱巨信] ⏳ 暂无任务，休息60秒...
[李廉智] ⏳ 暂无任务，休息60秒...
[水武库] ⏳ 暂无任务，休息60秒...
[葛破浪] ⏳ 暂无任务，休息60秒...
[皮右防] ⏳ 暂无任务，休息60秒...
[赏志明] ⏳ 暂无任务，休息60秒...
[财市场] ⏳ 暂无任务，休息60秒...
[蒋巨门] ⏳ 暂无任务，休息60秒...
[沈巨明] ⏳ 暂无任务，休息60秒...
[韩巨亮] ⏳ 暂无任务，休息60秒...
[杨巨知] ⏳ 暂无任务，休息60秒...
[伍廉贞] ⏳ 暂无任务，休息60秒...
[余廉心] ⏳ 暂无任务，休息60秒...
[元廉情] ⏳ 暂无任务，休息60秒...
[孟廉意] ⏳ 暂无任务，休息60秒...
[谢武功] ⏳ 暂无任务，休息60秒...
[邹武全] ⏳ 暂无任务，休息60秒...
[喻武能] ⏳ 暂无任务，休息60秒...
[柏武技] ⏳ 暂无任务，休息60秒...
[章破军] ⏳ 暂无任务，休息60秒...
[云破敌] ⏳ 暂无任务，休息60秒...
[苏破阵] ⏳ 暂无任务，休息60秒...
[潘破晓] ⏳ 暂无任务，休息60秒...
[倪左辅] ⏳ 暂无任务，休息60秒...
[汤左膀] ⏳ 暂无任务，休息60秒...
[殷左翼] ⏳ 暂无任务，休息60秒...
[殷左护] ⏳ 暂无任务，休息60秒...
[罗左卫] ⏳ 暂无任务，休息60秒...
[周右弼] ⏳ 暂无任务，休息60秒...
[乐右弼] ⏳ 暂无任务，休息60秒...
[于右护] ⏳ 暂无任务，休息60秒...
[时右卫] ⏳ 暂无任务，休息60秒...
[薛贪狼] ⏳ 暂无任务，休息60秒...
[雷贪音] ⏳ 暂无任务，休息60秒...
[贺贪形] ⏳ 暂无任务，休息60秒...
[贡志强] ⏳ 暂无任务，休息60秒...
[齐辅弼] ⏳ 暂无任务，休息60秒...
[康辅星] ⏳ 暂无任务，休息60秒...
[和产品] ⏳ 暂无任务，休息60秒...
[穆产品] ⏳ 暂无任务，休息60秒...
[刘二明] ⏳ 暂无任务，休息60秒...
[王三思] ⏳ 暂无任务，休息60秒...
[赵四维] ⏳ 暂无任务，休息60秒...
[周禄存] ⏳ 暂无任务，休息60秒...
[吴存真] ⏳ 暂无任务，休息60秒...
[郑存义] ⏳ 暂无任务，休息60秒...
[钱存信] ⏳ 暂无任务，休息60秒...
[冯存智] ⏳ 暂无任务，休息60秒...
[陈元灵] ⏳ 暂无任务，休息60秒...
[张一凡] ⏳ 暂无任务，休息60秒...
[孙五维] ⏳ 暂无任务，休息60秒...
[陈存理] ⏳ 暂无任务，休息60秒...
[褚存道] ⏳ 暂无任务，休息60秒...
[卫存德] ⏳ 暂无任务，休息60秒...
[秦巨诚] ⏳ 暂无任务，休息60秒...
[许巨真] ⏳ 暂无任务，休息60秒...
[戚巨实] ⏳ 暂无任务，休息60秒...
[窦武备] ⏳ 暂无任务，休息60秒...
[奚破浪] ⏳ 暂无任务，休息60秒...
[范破空] ⏳ 暂无任务，休息60秒...
[柯破云] ⏳ 暂无任务，休息60秒...
[厉破风] ⏳ 暂无任务，休息60秒...
[岑破雷] ⏳ 暂无任务，休息60秒...
[毕左护] ⏳ 暂无任务，休息60秒...
[郝左持] ⏳ 暂无任务，休息60秒...
[邬左扶] ⏳ 暂无任务，休息60秒...
[安左助] ⏳ 暂无任务，休息60秒...
[常左协] ⏳ 暂无任务，休息60秒...
[李星辰] ⏳ 暂无任务，休息60秒...
[卞右盾] ⏳ 暂无任务，休息60秒...
[巴图] ⏳ 暂无任务，休息60秒...
[弓志明] ⏳ 暂无任务，休息60秒...
[母志明] ⏳ 暂无任务，休息60秒...
[干市场] ⏳ 暂无任务，休息60秒...
[曲市场] ⏳ 暂无任务，休息60秒...
[桥客服] ⏳ 暂无任务，休息60秒...
[银客服] ⏳ 暂无任务，休息60秒...
[言客服] ⏳ 暂无任务，休息60秒...
[朱巨信] ⏳ 暂无任务，休息60秒...
[李廉智] ⏳ 暂无任务，休息60秒...
[水武库] ⏳ 暂无任务，休息60秒...
[葛破浪] ⏳ 暂无任务，休息60秒...
[皮右防] ⏳ 暂无任务，休息60秒...
[赏志明] ⏳ 暂无任务，休息60秒...
[财市场] ⏳ 暂无任务，休息60秒...
[蒋巨门] ⏳ 暂无任务，休息60秒...
[沈巨明] ⏳ 暂无任务，休息60秒...
[韩巨亮] ⏳ 暂无任务，休息60秒...
[杨巨知] ⏳ 暂无任务，休息60秒...
[伍廉贞] ⏳ 暂无任务，休息60秒...
[余廉心] ⏳ 暂无任务，休息60秒...
[元廉情] ⏳ 暂无任务，休息60秒...
[孟廉意] ⏳ 暂无任务，休息60秒...
[谢武功] ⏳ 暂无任务，休息60秒...
[邹武全] ⏳ 暂无任务，休息60秒...
[喻武能] ⏳ 暂无任务，休息60秒...
[柏武技] ⏳ 暂无任务，休息60秒...
[章破军] ⏳ 暂无任务，休息60秒...
[云破敌] ⏳ 暂无任务，休息60秒...
[苏破阵] ⏳ 暂无任务，休息60秒...
[潘破晓] ⏳ 暂无任务，休息60秒...
[倪左辅] ⏳ 暂无任务，休息60秒...
[汤左膀] ⏳ 暂无任务，休息60秒...
[殷左翼] ⏳ 暂无任务，休息60秒...
[殷左护] ⏳ 暂无任务，休息60秒...
[罗左卫] ⏳ 暂无任务，休息60秒...
[周右弼] ⏳ 暂无任务，休息60秒...
[乐右弼] ⏳ 暂无任务，休息60秒...
[于右护] ⏳ 暂无任务，休息60秒...
[时右卫] ⏳ 暂无任务，休息60秒...
[薛贪狼] ⏳ 暂无任务，休息60秒...
[雷贪音] ⏳ 暂无任务，休息60秒...
[贺贪形] ⏳ 暂无任务，休息60秒...
[贡志强] ⏳ 暂无任务，休息60秒...
[齐辅弼] ⏳ 暂无任务，休息60秒...
[康辅星] ⏳ 暂无任务，休息60秒...
[和产品] ⏳ 暂无任务，休息60秒...
[穆产品] ⏳ 暂无任务，休息60秒...
[刘二明] ⏳ 暂无任务，休息60秒...
[王三思] ⏳ 暂无任务，休息60秒...
[赵四维] ⏳ 暂无任务，休息60秒...
[周禄存] ⏳ 暂无任务，休息60秒...
[吴存真] ⏳ 暂无任务，休息60秒...
[郑存义] ⏳ 暂无任务，休息60秒...
[钱存信] ⏳ 暂无任务，休息60秒...
[冯存智] ⏳ 暂无任务，休息60秒...
[陈元灵] ⏳ 暂无任务，休息60秒...
[张一凡] ⏳ 暂无任务，休息60秒...
[孙五维] ⏳ 暂无任务，休息60秒...
[陈存理] ⏳ 暂无任务，休息60秒...
[褚存道] ⏳ 暂无任务，休息60秒...
[卫存德] ⏳ 暂无任务，休息60秒...
[秦巨诚] ⏳ 暂无任务，休息60秒...
[许巨真] ⏳ 暂无任务，休息60秒...
[戚巨实] ⏳ 暂无任务，休息60秒...
[窦武备] ⏳ 暂无任务，休息60秒...
[奚破浪] ⏳ 暂无任务，休息60秒...
[范破空] ⏳ 暂无任务，休息60秒...
[柯破云] ⏳ 暂无任务，休息60秒...
[厉破风] ⏳ 暂无任务，休息60秒...
[岑破雷] ⏳ 暂无任务，休息60秒...
[毕左护] ⏳ 暂无任务，休息60秒...
[郝左持] ⏳ 暂无任务，休息60秒...
[邬左扶] ⏳ 暂无任务，休息60秒...
[安左助] ⏳ 暂无任务，休息60秒...
[常左协] ⏳ 暂无任务，休息60秒...
[李星辰] ⏳ 暂无任务，休息60秒...
[卞右盾] ⏳ 暂无任务，休息60秒...
[巴图] ⏳ 暂无任务，休息60秒...
[弓志明] ⏳ 暂无任务，休息60秒...
[母志明] ⏳ 暂无任务，休息60秒...
[干市场] ⏳ 暂无任务，休息60秒...
[曲市场] ⏳ 暂无任务，休息60秒...
[桥客服] ⏳ 暂无任务，休息60秒...
[银客服] ⏳ 暂无任务，休息60秒...
[言客服] ⏳ 暂无任务，休息60秒...
[朱巨信] ⏳ 暂无任务，休息60秒...
[李廉智] ⏳ 暂无任务，休息60秒...
[水武库] ⏳ 暂无任务，休息60秒...
[葛破浪] ⏳ 暂无任务，休息60秒...
[皮右防] ⏳ 暂无任务，休息60秒...
[赏志明] ⏳ 暂无任务，休息60秒...
[财市场] ⏳ 暂无任务，休息60秒...
[蒋巨门] ⏳ 暂无任务，休息60秒...
[沈巨明] ⏳ 暂无任务，休息60秒...
[韩巨亮] ⏳ 暂无任务，休息60秒...
[杨巨知] ⏳ 暂无任务，休息60秒...
[伍廉贞] ⏳ 暂无任务，休息60秒...
[余廉心] ⏳ 暂无任务，休息60秒...
[元廉情] ⏳ 暂无任务，休息60秒...
[孟廉意] ⏳ 暂无任务，休息60秒...
[谢武功] ⏳ 暂无任务，休息60秒...
[邹武全] ⏳ 暂无任务，休息60秒...
[喻武能] ⏳ 暂无任务，休息60秒...
[柏武技] ⏳ 暂无任务，休息60秒...
[章破军] ⏳ 暂无任务，休息60秒...
[云破敌] ⏳ 暂无任务，休息60秒...
[苏破阵] ⏳ 暂无任务，休息60秒...
[潘破晓] ⏳ 暂无任务，休息60秒...
[倪左辅] ⏳ 暂无任务，休息60秒...
[汤左膀] ⏳ 暂无任务，休息60秒...
[殷左翼] ⏳ 暂无任务，休息60秒...
[殷左护] ⏳ 暂无任务，休息60秒...
[罗左卫] ⏳ 暂无任务，休息60秒...
[周右弼] ⏳ 暂无任务，休息60秒...
[乐右弼] ⏳ 暂无任务，休息60秒...
[于右护] ⏳ 暂无任务，休息60秒...
[时右卫] ⏳ 暂无任务，休息60秒...
[薛贪狼] ⏳ 暂无任务，休息60秒...
[雷贪音] ⏳ 暂无任务，休息60秒...
[贺贪形] ⏳ 暂无任务，休息60秒...
[贡志强] ⏳ 暂无任务，休息60秒...
[齐辅弼] ⏳ 暂无任务，休息60秒...
[康辅星] ⏳ 暂无任务，休息60秒...
[和产品] ⏳ 暂无任务，休息60秒...
[穆产品] ⏳ 暂无任务，休息60秒...
[刘二明] ⏳ 暂无任务，休息60秒...
[王三思] ⏳ 暂无任务，休息60秒...
[赵四维] ⏳ 暂无任务，休息60秒...
[周禄存] ⏳ 暂无任务，休息60秒...
[吴存真] ⏳ 暂无任务，休息60秒...
[郑存义] ⏳ 暂无任务，休息60秒...
[钱存信] ⏳ 暂无任务，休息60秒...
[冯存智] ⏳ 暂无任务，休息60秒...
[陈元灵] ⏳ 暂无任务，休息60秒...
[张一凡] ⏳ 暂无任务，休息60秒...
[孙五维] ⏳ 暂无任务，休息60秒...
[陈存理] ⏳ 暂无任务，休息60秒...
[褚存道] ⏳ 暂无任务，休息60秒...
[卫存德] ⏳ 暂无任务，休息60秒...
[秦巨诚] ⏳ 暂无任务，休息60秒...
[许巨真] ⏳ 暂无任务，休息60秒...
[戚巨实] ⏳ 暂无任务，休息60秒...
[窦武备] ⏳ 暂无任务，休息60秒...
[奚破浪] ⏳ 暂无任务，休息60秒...
[范破空] ⏳ 暂无任务，休息60秒...
[柯破云] ⏳ 暂无任务，休息60秒...
[厉破风] ⏳ 暂无任务，休息60秒...
[岑破雷] ⏳ 暂无任务，休息60秒...
[毕左护] ⏳ 暂无任务，休息60秒...
[郝左持] ⏳ 暂无任务，休息60秒...
[邬左扶] ⏳ 暂无任务，休息60秒...
[安左助] ⏳ 暂无任务，休息60秒...
[常左协] ⏳ 暂无任务，休息60秒...
[李星辰] ⏳ 暂无任务，休息60秒...
[卞右盾] ⏳ 暂无任务，休息60秒...
[巴图] ⏳ 暂无任务，休息60秒...
[弓志明] ⏳ 暂无任务，休息60秒...
[母志明] ⏳ 暂无任务，休息60秒...
[干市场] ⏳ 暂无任务，休息60秒...
[曲市场] ⏳ 暂无任务，休息60秒...
[桥客服] ⏳ 暂无任务，休息60秒...
[银客服] ⏳ 暂无任务，休息60秒...
[言客服] ⏳ 暂无任务，休息60秒...
[朱巨信] ⏳ 暂无任务，休息60秒...
[李廉智] ⏳ 暂无任务，休息60秒...
[水武库] ⏳ 暂无任务，休息60秒...
[葛破浪] ⏳ 暂无任务，休息60秒...
[皮右防] ⏳ 暂无任务，休息60秒...
[赏志明] ⏳ 暂无任务，休息60秒...
[财市场] ⏳ 暂无任务，休息60秒...
[蒋巨门] ⏳ 暂无任务，休息60秒...
[沈巨明] ⏳ 暂无任务，休息60秒...
[韩巨亮] ⏳ 暂无任务，休息60秒...
[杨巨知] ⏳ 暂无任务，休息60秒...
[伍廉贞] ⏳ 暂无任务，休息60秒...
[余廉心] ⏳ 暂无任务，休息60秒...
[元廉情] ⏳ 暂无任务，休息60秒...
[孟廉意] ⏳ 暂无任务，休息60秒...
[谢武功] ⏳ 暂无任务，休息60秒...
[邹武全] ⏳ 暂无任务，休息60秒...
[喻武能] ⏳ 暂无任务，休息60秒...
[柏武技] ⏳ 暂无任务，休息60秒...
[章破军] ⏳ 暂无任务，休息60秒...
[云破敌] ⏳ 暂无任务，休息60秒...
[苏破阵] ⏳ 暂无任务，休息60秒...
[潘破晓] ⏳ 暂无任务，休息60秒...
[倪左辅] ⏳ 暂无任务，休息60秒...
[汤左膀] ⏳ 暂无任务，休息60秒...
[殷左翼] ⏳ 暂无任务，休息60秒...
[殷左护] ⏳ 暂无任务，休息60秒...
[罗左卫] ⏳ 暂无任务，休息60秒...
[周右弼] ⏳ 暂无任务，休息60秒...
[乐右弼] ⏳ 暂无任务，休息60秒...
[于右护] ⏳ 暂无任务，休息60秒...
[时右卫] ⏳ 暂无任务，休息60秒...
[薛贪狼] ⏳ 暂无任务，休息60秒...
[雷贪音] ⏳ 暂无任务，休息60秒...
[贺贪形] ⏳ 暂无任务，休息60秒...
[贡志强] ⏳ 暂无任务，休息60秒...
[齐辅弼] ⏳ 暂无任务，休息60秒...
[康辅星] ⏳ 暂无任务，休息60秒...
[和产品] ⏳ 暂无任务，休息60秒...
[穆产品] ⏳ 暂无任务，休息60秒...
[刘二明] ⏳ 暂无任务，休息60秒...
[王三思] ⏳ 暂无任务，休息60秒...
[赵四维] ⏳ 暂无任务，休息60秒...
[周禄存] ⏳ 暂无任务，休息60秒...
[吴存真] ⏳ 暂无任务，休息60秒...
[郑存义] ⏳ 暂无任务，休息60秒...
[钱存信] ⏳ 暂无任务，休息60秒...
[冯存智] ⏳ 暂无任务，休息60秒...
[陈元灵] ⏳ 暂无任务，休息60秒...
[张一凡] ⏳ 暂无任务，休息60秒...
[孙五维] ⏳ 暂无任务，休息60秒...
[陈存理] ⏳ 暂无任务，休息60秒...
[褚存道] ⏳ 暂无任务，休息60秒...
[卫存德] ⏳ 暂无任务，休息60秒...
[秦巨诚] ⏳ 暂无任务，休息60秒...
[许巨真] ⏳ 暂无任务，休息60秒...
[戚巨实] ⏳ 暂无任务，休息60秒...
[窦武备] ⏳ 暂无任务，休息60秒...
[奚破浪] ⏳ 暂无任务，休息60秒...
[范破空] ⏳ 暂无任务，休息60秒...
[柯破云] ⏳ 暂无任务，休息60秒...
[厉破风] ⏳ 暂无任务，休息60秒...
[岑破雷] ⏳ 暂无任务，休息60秒...
[毕左护] ⏳ 暂无任务，休息60秒...
[郝左持] ⏳ 暂无任务，休息60秒...
[邬左扶] ⏳ 暂无任务，休息60秒...
[安左助] ⏳ 暂无任务，休息60秒...
[常左协] ⏳ 暂无任务，休息60秒...
[李星辰] ⏳ 暂无任务，休息60秒...
[卞右盾] ⏳ 暂无任务，休息60秒...
[巴图] ⏳ 暂无任务，休息60秒...
[弓志明] ⏳ 暂无任务，休息60秒...
[母志明] ⏳ 暂无任务，休息60秒...
[干市场] ⏳ 暂无任务，休息60秒...
[曲市场] ⏳ 暂无任务，休息60秒...
[桥客服] ⏳ 暂无任务，休息60秒...
[银客服] ⏳ 暂无任务，休息60秒...
[言客服] ⏳ 暂无任务，休息60秒...
[朱巨信] ⏳ 暂无任务，休息60秒...
[李廉智] ⏳ 暂无任务，休息60秒...
[水武库] ⏳ 暂无任务，休息60秒...
[葛破浪] ⏳ 暂无任务，休息60秒...
[皮右防] ⏳ 暂无任务，休息60秒...
[赏志明] ⏳ 暂无任务，休息60秒...
[财市场] ⏳ 暂无任务，休息60秒...
[蒋巨门] ⏳ 暂无任务，休息60秒...
[沈巨明] ⏳ 暂无任务，休息60秒...
[韩巨亮] ⏳ 暂无任务，休息60秒...
[杨巨知] ⏳ 暂无任务，休息60秒...
[伍廉贞] ⏳ 暂无任务，休息60秒...
[余廉心] ⏳ 暂无任务，休息60秒...
[元廉情] ⏳ 暂无任务，休息60秒...
[孟廉意] ⏳ 暂无任务，休息60秒...
[谢武功] ⏳ 暂无任务，休息60秒...
[邹武全] ⏳ 暂无任务，休息60秒...
[喻武能] ⏳ 暂无任务，休息60秒...
[柏武技] ⏳ 暂无任务，休息60秒...
[章破军] ⏳ 暂无任务，休息60秒...
[云破敌] ⏳ 暂无任务，休息60秒...
[苏破阵] ⏳ 暂无任务，休息60秒...
[潘破晓] ⏳ 暂无任务，休息60秒...
[倪左辅] ⏳ 暂无任务，休息60秒...
[汤左膀] ⏳ 暂无任务，休息60秒...
[殷左翼] ⏳ 暂无任务，休息60秒...
[殷左护] ⏳ 暂无任务，休息60秒...
[罗左卫] ⏳ 暂无任务，休息60秒...
[周右弼] ⏳ 暂无任务，休息60秒...
[乐右弼] ⏳ 暂无任务，休息60秒...
[于右护] ⏳ 暂无任务，休息60秒...
[时右卫] ⏳ 暂无任务，休息60秒...
[薛贪狼] ⏳ 暂无任务，休息60秒...
[雷贪音] ⏳ 暂无任务，休息60秒...
[贺贪形] ⏳ 暂无任务，休息60秒...
[贡志强] ⏳ 暂无任务，休息60秒...
[齐辅弼] ⏳ 暂无任务，休息60秒...
[康辅星] ⏳ 暂无任务，休息60秒...
[和产品] ⏳ 暂无任务，休息60秒...
[穆产品] ⏳ 暂无任务，休息60秒...
[刘二明] ⏳ 暂无任务，休息60秒...
[王三思] ⏳ 暂无任务，休息60秒...
[赵四维] ⏳ 暂无任务，休息60秒...
[周禄存] ⏳ 暂无任务，休息60秒...
[吴存真] ⏳ 暂无任务，休息60秒...
[郑存义] ⏳ 暂无任务，休息60秒...
[钱存信] ⏳ 暂无任务，休息60秒...
[冯存智] ⏳ 暂无任务，休息60秒...
[陈元灵] ⏳ 暂无任务，休息60秒...
[张一凡] ⏳ 暂无任务，休息60秒...
[孙五维] ⏳ 暂无任务，休息60秒...
[陈存理] ⏳ 暂无任务，休息60秒...
[褚存道] ⏳ 暂无任务，休息60秒...
[卫存德] ⏳ 暂无任务，休息60秒...
[秦巨诚] ⏳ 暂无任务，休息60秒...
[许巨真] ⏳ 暂无任务，休息60秒...
[戚巨实] ⏳ 暂无任务，休息60秒...
[窦武备] ⏳ 暂无任务，休息60秒...
[奚破浪] ⏳ 暂无任务，休息60秒...
[范破空] ⏳ 暂无任务，休息60秒...
[柯破云] ⏳ 暂无任务，休息60秒...
[厉破风] ⏳ 暂无任务，休息60秒...
[岑破雷] ⏳ 暂无任务，休息60秒...
[毕左护] ⏳ 暂无任务，休息60秒...
[郝左持] ⏳ 暂无任务，休息60秒...
[邬左扶] ⏳ 暂无任务，休息60秒...
[安左助] ⏳ 暂无任务，休息60秒...
[常左协] ⏳ 暂无任务，休息60秒...
[李星辰] ⏳ 暂无任务，休息60秒...
[卞右盾] ⏳ 暂无任务，休息60秒...
[巴图] ⏳ 暂无任务，休息60秒...
[弓志明] ⏳ 暂无任务，休息60秒...
[母志明] ⏳ 暂无任务，休息60秒...
[干市场] ⏳ 暂无任务，休息60秒...
[曲市场] ⏳ 暂无任务，休息60秒...
[桥客服] ⏳ 暂无任务，休息60秒...
[银客服] ⏳ 暂无任务，休息60秒...
[言客服] ⏳ 暂无任务，休息60秒...
[朱巨信] ⏳ 暂无任务，休息60秒...
[李廉智] ⏳ 暂无任务，休息60秒...
[水武库] ⏳ 暂无任务，休息60秒...
[葛破浪] ⏳ 暂无任务，休息60秒...
[皮右防] ⏳ 暂无任务，休息60秒...
[赏志明] ⏳ 暂无任务，休息60秒...
[财市场] ⏳ 暂无任务，休息60秒...
[蒋巨门] ⏳ 暂无任务，休息60秒...
[沈巨明] ⏳ 暂无任务，休息60秒...
[韩巨亮] ⏳ 暂无任务，休息60秒...
[杨巨知] ⏳ 暂无任务，休息60秒...
[伍廉贞] ⏳ 暂无任务，休息60秒...
[余廉心] ⏳ 暂无任务，休息60秒...
[元廉情] ⏳ 暂无任务，休息60秒...
[孟廉意] ⏳ 暂无任务，休息60秒...
[谢武功] ⏳ 暂无任务，休息60秒...
[邹武全] ⏳ 暂无任务，休息60秒...
[喻武能] ⏳ 暂无任务，休息60秒...
[柏武技] ⏳ 暂无任务，休息60秒...
[章破军] ⏳ 暂无任务，休息60秒...
[云破敌] ⏳ 暂无任务，休息60秒...
[苏破阵] ⏳ 暂无任务，休息60秒...
[潘破晓] ⏳ 暂无任务，休息60秒...
[倪左辅] ⏳ 暂无任务，休息60秒...
[汤左膀] ⏳ 暂无任务，休息60秒...
[殷左翼] ⏳ 暂无任务，休息60秒...
[殷左护] ⏳ 暂无任务，休息60秒...
[罗左卫] ⏳ 暂无任务，休息60秒...
[周右弼] ⏳ 暂无任务，休息60秒...
[乐右弼] ⏳ 暂无任务，休息60秒...
[于右护] ⏳ 暂无任务，休息60秒...
[时右卫] ⏳ 暂无任务，休息60秒...
[薛贪狼] ⏳ 暂无任务，休息60秒...
[雷贪音] ⏳ 暂无任务，休息60秒...
[贺贪形] ⏳ 暂无任务，休息60秒...
[贡志强] ⏳ 暂无任务，休息60秒...
[齐辅弼] ⏳ 暂无任务，休息60秒...
[康辅星] ⏳ 暂无任务，休息60秒...
[和产品] ⏳ 暂无任务，休息60秒...
[穆产品] ⏳ 暂无任务，休息60秒...
[刘二明] ⏳ 暂无任务，休息60秒...
[王三思] ⏳ 暂无任务，休息60秒...
[赵四维] ⏳ 暂无任务，休息60秒...
[周禄存] ⏳ 暂无任务，休息60秒...
[吴存真] ⏳ 暂无任务，休息60秒...
[郑存义] ⏳ 暂无任务，休息60秒...
[钱存信] ⏳ 暂无任务，休息60秒...
[冯存智] ⏳ 暂无任务，休息60秒...
[陈元灵] ⏳ 暂无任务，休息60秒...
[张一凡] ⏳ 暂无任务，休息60秒...
[孙五维] ⏳ 暂无任务，休息60秒...
[陈存理] ⏳ 暂无任务，休息60秒...
[褚存道] ⏳ 暂无任务，休息60秒...
[卫存德] ⏳ 暂无任务，休息60秒...
[秦巨诚] ⏳ 暂无任务，休息60秒...
[许巨真] ⏳ 暂无任务，休息60秒...
[戚巨实] ⏳ 暂无任务，休息60秒...
[窦武备] ⏳ 暂无任务，休息60秒...
[奚破浪] ⏳ 暂无任务，休息60秒...
[范破空] ⏳ 暂无任务，休息60秒...
[柯破云] ⏳ 暂无任务，休息60秒...
[厉破风] ⏳ 暂无任务，休息60秒...
[岑破雷] ⏳ 暂无任务，休息60秒...
[毕左护] ⏳ 暂无任务，休息60秒...
[郝左持] ⏳ 暂无任务，休息60秒...
[邬左扶] ⏳ 暂无任务，休息60秒...
[安左助] ⏳ 暂无任务，休息60秒...
[常左协] ⏳ 暂无任务，休息60秒...
[李星辰] ⏳ 暂无任务，休息60秒...
[卞右盾] ⏳ 暂无任务，休息60秒...
[巴图] ⏳ 暂无任务，休息60秒...
[弓志明] ⏳ 暂无任务，休息60秒...
[母志明] ⏳ 暂无任务，休息60秒...
[干市场] ⏳ 暂无任务，休息60秒...
[曲市场] ⏳ 暂无任务，休息60秒...
[桥客服] ⏳ 暂无任务，休息60秒...
[银客服] ⏳ 暂无任务，休息60秒...
[言客服] ⏳ 暂无任务，休息60秒...
[朱巨信] ⏳ 暂无任务，休息60秒...
[李廉智] ⏳ 暂无任务，休息60秒...
[水武库] ⏳ 暂无任务，休息60秒...
[葛破浪] ⏳ 暂无任务，休息60秒...
[皮右防] ⏳ 暂无任务，休息60秒...
[赏志明] ⏳ 暂无任务，休息60秒...
[财市场] ⏳ 暂无任务，休息60秒...
[蒋巨门] ⏳ 暂无任务，休息60秒...
[沈巨明] ⏳ 暂无任务，休息60秒...
[韩巨亮] ⏳ 暂无任务，休息60秒...
[杨巨知] ⏳ 暂无任务，休息60秒...
[伍廉贞] ⏳ 暂无任务，休息60秒...
[余廉心] ⏳ 暂无任务，休息60秒...
[元廉情] ⏳ 暂无任务，休息60秒...
[孟廉意] ⏳ 暂无任务，休息60秒...
[谢武功] ⏳ 暂无任务，休息60秒...
[邹武全] ⏳ 暂无任务，休息60秒...
[喻武能] ⏳ 暂无任务，休息60秒...
[柏武技] ⏳ 暂无任务，休息60秒...
[章破军] ⏳ 暂无任务，休息60秒...
[云破敌] ⏳ 暂无任务，休息60秒...
[苏破阵] ⏳ 暂无任务，休息60秒...
[潘破晓] ⏳ 暂无任务，休息60秒...
[倪左辅] ⏳ 暂无任务，休息60秒...
[汤左膀] ⏳ 暂无任务，休息60秒...
[殷左翼] ⏳ 暂无任务，休息60秒...
[殷左护] ⏳ 暂无任务，休息60秒...
[罗左卫] ⏳ 暂无任务，休息60秒...
[周右弼] ⏳ 暂无任务，休息60秒...
[乐右弼] ⏳ 暂无任务，休息60秒...
[于右护] ⏳ 暂无任务，休息60秒...
[时右卫] ⏳ 暂无任务，休息60秒...
[薛贪狼] ⏳ 暂无任务，休息60秒...
[雷贪音] ⏳ 暂无任务，休息60秒...
[贺贪形] ⏳ 暂无任务，休息60秒...
[贡志强] ⏳ 暂无任务，休息60秒...
[齐辅弼] ⏳ 暂无任务，休息60秒...
[康辅星] ⏳ 暂无任务，休息60秒...
[和产品] ⏳ 暂无任务，休息60秒...
[穆产品] ⏳ 暂无任务，休息60秒...
[刘二明] ⏳ 暂无任务，休息60秒...
[王三思] ⏳ 暂无任务，休息60秒...
[赵四维] ⏳ 暂无任务，休息60秒...
[周禄存] ⏳ 暂无任务，休息60秒...
[吴存真] ⏳ 暂无任务，休息60秒...
[郑存义] ⏳ 暂无任务，休息60秒...
[钱存信] ⏳ 暂无任务，休息60秒...
[冯存智] ⏳ 暂无任务，休息60秒...
[陈元灵] ⏳ 暂无任务，休息60秒...
[张一凡] ⏳ 暂无任务，休息60秒...
[孙五维] ⏳ 暂无任务，休息60秒...
[陈存理] ⏳ 暂无任务，休息60秒...
[褚存道] ⏳ 暂无任务，休息60秒...
[卫存德] ⏳ 暂无任务，休息60秒...
[秦巨诚] ⏳ 暂无任务，休息60秒...
[许巨真] ⏳ 暂无任务，休息60秒...
[戚巨实] ⏳ 暂无任务，休息60秒...
[窦武备] ⏳ 暂无任务，休息60秒...
[奚破浪] ⏳ 暂无任务，休息60秒...
[范破空] ⏳ 暂无任务，休息60秒...
[柯破云] ⏳ 暂无任务，休息60秒...
[厉破风] ⏳ 暂无任务，休息60秒...
[岑破雷] ⏳ 暂无任务，休息60秒...
[毕左护] ⏳ 暂无任务，休息60秒...
[郝左持] ⏳ 暂无任务，休息60秒...
[邬左扶] ⏳ 暂无任务，休息60秒...
[安左助] ⏳ 暂无任务，休息60秒...
[常左协] ⏳ 暂无任务，休息60秒...
[李星辰] ⏳ 暂无任务，休息60秒...
[卞右盾] ⏳ 暂无任务，休息60秒...
[巴图] ⏳ 暂无任务，休息60秒...
[弓志明] ⏳ 暂无任务，休息60秒...
[母志明] ⏳ 暂无任务，休息60秒...
[干市场] ⏳ 暂无任务，休息60秒...
[曲市场] ⏳ 暂无任务，休息60秒...
[桥客服] ⏳ 暂无任务，休息60秒...
[银客服] ⏳ 暂无任务，休息60秒...
[言客服] ⏳ 暂无任务，休息60秒...
[朱巨信] ⏳ 暂无任务，休息60秒...
[李廉智] ⏳ 暂无任务，休息60秒...
[水武库] ⏳ 暂无任务，休息60秒...
[葛破浪] ⏳ 暂无任务，休息60秒...
[皮右防] ⏳ 暂无任务，休息60秒...
[赏志明] ⏳ 暂无任务，休息60秒...
[财市场] ⏳ 暂无任务，休息60秒...
[蒋巨门] ⏳ 暂无任务，休息60秒...
[沈巨明] ⏳ 暂无任务，休息60秒...
[韩巨亮] ⏳ 暂无任务，休息60秒...
[杨巨知] ⏳ 暂无任务，休息60秒...
[伍廉贞] ⏳ 暂无任务，休息60秒...
[余廉心] ⏳ 暂无任务，休息60秒...
[元廉情] ⏳ 暂无任务，休息60秒...
[孟廉意] ⏳ 暂无任务，休息60秒...
[谢武功] ⏳ 暂无任务，休息60秒...
[邹武全] ⏳ 暂无任务，休息60秒...
[喻武能] ⏳ 暂无任务，休息60秒...
[柏武技] ⏳ 暂无任务，休息60秒...
[章破军] ⏳ 暂无任务，休息60秒...
[云破敌] ⏳ 暂无任务，休息60秒...
[苏破阵] ⏳ 暂无任务，休息60秒...
[潘破晓] ⏳ 暂无任务，休息60秒...
[倪左辅] ⏳ 暂无任务，休息60秒...
[汤左膀] ⏳ 暂无任务，休息60秒...
[殷左翼] ⏳ 暂无任务，休息60秒...
[殷左护] ⏳ 暂无任务，休息60秒...
[罗左卫] ⏳ 暂无任务，休息60秒...
[周右弼] ⏳ 暂无任务，休息60秒...
[乐右弼] ⏳ 暂无任务，休息60秒...
[于右护] ⏳ 暂无任务，休息60秒...
[时右卫] ⏳ 暂无任务，休息60秒...
[薛贪狼] ⏳ 暂无任务，休息60秒...
[雷贪音] ⏳ 暂无任务，休息60秒...
[贺贪形] ⏳ 暂无任务，休息60秒...
[贡志强] ⏳ 暂无任务，休息60秒...
[齐辅弼] ⏳ 暂无任务，休息60秒...
[康辅星] ⏳ 暂无任务，休息60秒...
[和产品] ⏳ 暂无任务，休息60秒...
[穆产品] ⏳ 暂无任务，休息60秒...
[刘二明] ⏳ 暂无任务，休息60秒...
[王三思] ⏳ 暂无任务，休息60秒...
[赵四维] ⏳ 暂无任务，休息60秒...
[周禄存] ⏳ 暂无任务，休息60秒...
[吴存真] ⏳ 暂无任务，休息60秒...
[郑存义] ⏳ 暂无任务，休息60秒...
[钱存信] ⏳ 暂无任务，休息60秒...
[冯存智] ⏳ 暂无任务，休息60秒...
[陈元灵] ⏳ 暂无任务，休息60秒...
[张一凡] ⏳ 暂无任务，休息60秒...
[孙五维] ⏳ 暂无任务，休息60秒...
[陈存理] ⏳ 暂无任务，休息60秒...
[褚存道] ⏳ 暂无任务，休息60秒...
[卫存德] ⏳ 暂无任务，休息60秒...
[秦巨诚] ⏳ 暂无任务，休息60秒...
[许巨真] ⏳ 暂无任务，休息60秒...
[戚巨实] ⏳ 暂无任务，休息60秒...
[窦武备] ⏳ 暂无任务，休息60秒...
[奚破浪] ⏳ 暂无任务，休息60秒...
[范破空] ⏳ 暂无任务，休息60秒...
[柯破云] ⏳ 暂无任务，休息60秒...
[厉破风] ⏳ 暂无任务，休息60秒...
[岑破雷] ⏳ 暂无任务，休息60秒...
[毕左护] ⏳ 暂无任务，休息60秒...
[郝左持] ⏳ 暂无任务，休息60秒...
[邬左扶] ⏳ 暂无任务，休息60秒...
[安左助] ⏳ 暂无任务，休息60秒...
[常左协] ⏳ 暂无任务，休息60秒...
[李星辰] ⏳ 暂无任务，休息60秒...
[卞右盾] ⏳ 暂无任务，休息60秒...
[巴图] ⏳ 暂无任务，休息60秒...
[弓志明] ⏳ 暂无任务，休息60秒...
[母志明] ⏳ 暂无任务，休息60秒...
[干市场] ⏳ 暂无任务，休息60秒...
[曲市场] ⏳ 暂无任务，休息60秒...
[桥客服] ⏳ 暂无任务，休息60秒...
[银客服] ⏳ 暂无任务，休息60秒...
[言客服] ⏳ 暂无任务，休息60秒...
[朱巨信] ⏳ 暂无任务，休息60秒...
[李廉智] ⏳ 暂无任务，休息60秒...
[水武库] ⏳ 暂无任务，休息60秒...
[葛破浪] ⏳ 暂无任务，休息60秒...
[皮右防] ⏳ 暂无任务，休息60秒...
[赏志明] ⏳ 暂无任务，休息60秒...
[财市场] ⏳ 暂无任务，休息60秒...
[蒋巨门] ⏳ 暂无任务，休息60秒...
[沈巨明] ⏳ 暂无任务，休息60秒...
[韩巨亮] ⏳ 暂无任务，休息60秒...
[杨巨知] ⏳ 暂无任务，休息60秒...
[伍廉贞] ⏳ 暂无任务，休息60秒...
[余廉心] ⏳ 暂无任务，休息60秒...
[元廉情] ⏳ 暂无任务，休息60秒...
[孟廉意] ⏳ 暂无任务，休息60秒...
[谢武功] ⏳ 暂无任务，休息60秒...
[邹武全] ⏳ 暂无任务，休息60秒...
[喻武能] ⏳ 暂无任务，休息60秒...
[柏武技] ⏳ 暂无任务，休息60秒...
[章破军] ⏳ 暂无任务，休息60秒...
[云破敌] ⏳ 暂无任务，休息60秒...
[苏破阵] ⏳ 暂无任务，休息60秒...
[潘破晓] ⏳ 暂无任务，休息60秒...
[倪左辅] ⏳ 暂无任务，休息60秒...
[汤左膀] ⏳ 暂无任务，休息60秒...
[殷左翼] ⏳ 暂无任务，休息60秒...
[殷左护] ⏳ 暂无任务，休息60秒...
[罗左卫] ⏳ 暂无任务，休息60秒...
[周右弼] ⏳ 暂无任务，休息60秒...
[乐右弼] ⏳ 暂无任务，休息60秒...
[于右护] ⏳ 暂无任务，休息60秒...
[时右卫] ⏳ 暂无任务，休息60秒...
[薛贪狼] ⏳ 暂无任务，休息60秒...
[雷贪音] ⏳ 暂无任务，休息60秒...
[贺贪形] ⏳ 暂无任务，休息60秒...
[贡志强] ⏳ 暂无任务，休息60秒...
[齐辅弼] ⏳ 暂无任务，休息60秒...
[康辅星] ⏳ 暂无任务，休息60秒...
[和产品] ⏳ 暂无任务，休息60秒...
[穆产品] ⏳ 暂无任务，休息60秒...
[刘二明] ⏳ 暂无任务，休息60秒...
[王三思] ⏳ 暂无任务，休息60秒...
[赵四维] ⏳ 暂无任务，休息60秒...
[周禄存] ⏳ 暂无任务，休息60秒...
[吴存真] ⏳ 暂无任务，休息60秒...
[郑存义] ⏳ 暂无任务，休息60秒...
[钱存信] ⏳ 暂无任务，休息60秒...
[冯存智] ⏳ 暂无任务，休息60秒...
[陈元灵] ⏳ 暂无任务，休息60秒...
[张一凡] ⏳ 暂无任务，休息60秒...
[孙五维] ⏳ 暂无任务，休息60秒...
[陈存理] ⏳ 暂无任务，休息60秒...
[褚存道] ⏳ 暂无任务，休息60秒...
[卫存德] ⏳ 暂无任务，休息60秒...
[秦巨诚] ⏳ 暂无任务，休息60秒...
[许巨真] ⏳ 暂无任务，休息60秒...
[戚巨实] ⏳ 暂无任务，休息60秒...
[窦武备] ⏳ 暂无任务，休息60秒...
[奚破浪] ⏳ 暂无任务，休息60秒...
[范破空] ⏳ 暂无任务，休息60秒...
[柯破云] ⏳ 暂无任务，休息60秒...
[厉破风] ⏳ 暂无任务，休息60秒...
[岑破雷] ⏳ 暂无任务，休息60秒...
[毕左护] ⏳ 暂无任务，休息60秒...
[郝左持] ⏳ 暂无任务，休息60秒...
[邬左扶] ⏳ 暂无任务，休息60秒...
[安左助] ⏳ 暂无任务，休息60秒...
[常左协] ⏳ 暂无任务，休息60秒...
[李星辰] ⏳ 暂无任务，休息60秒...
[卞右盾] ⏳ 暂无任务，休息60秒...
[巴图] ⏳ 暂无任务，休息60秒...
[弓志明] ⏳ 暂无任务，休息60秒...
[母志明] ⏳ 暂无任务，休息60秒...
[干市场] ⏳ 暂无任务，休息60秒...
[曲市场] ⏳ 暂无任务，休息60秒...
[桥客服] ⏳ 暂无任务，休息60秒...
[银客服] ⏳ 暂无任务，休息60秒...
[言客服] ⏳ 暂无任务，休息60秒...
[朱巨信] ⏳ 暂无任务，休息60秒...
[李廉智] ⏳ 暂无任务，休息60秒...
[水武库] ⏳ 暂无任务，休息60秒...
[葛破浪] ⏳ 暂无任务，休息60秒...
[皮右防] ⏳ 暂无任务，休息60秒...
[赏志明] ⏳ 暂无任务，休息60秒...
[财市场] ⏳ 暂无任务，休息60秒...
[蒋巨门] ⏳ 暂无任务，休息60秒...
[沈巨明] ⏳ 暂无任务，休息60秒...
[韩巨亮] ⏳ 暂无任务，休息60秒...
[杨巨知] ⏳ 暂无任务，休息60秒...
[伍廉贞] ⏳ 暂无任务，休息60秒...
[余廉心] ⏳ 暂无任务，休息60秒...
[元廉情] ⏳ 暂无任务，休息60秒...
[孟廉意] ⏳ 暂无任务，休息60秒...
[谢武功] ⏳ 暂无任务，休息60秒...
[邹武全] ⏳ 暂无任务，休息60秒...
[喻武能] ⏳ 暂无任务，休息60秒...
[柏武技] ⏳ 暂无任务，休息60秒...
[章破军] ⏳ 暂无任务，休息60秒...
[云破敌] ⏳ 暂无任务，休息60秒...
[苏破阵] ⏳ 暂无任务，休息60秒...
[潘破晓] ⏳ 暂无任务，休息60秒...
[倪左辅] ⏳ 暂无任务，休息60秒...
[汤左膀] ⏳ 暂无任务，休息60秒...
[殷左翼] ⏳ 暂无任务，休息60秒...
[殷左护] ⏳ 暂无任务，休息60秒...
[罗左卫] ⏳ 暂无任务，休息60秒...
[周右弼] ⏳ 暂无任务，休息60秒...
[乐右弼] ⏳ 暂无任务，休息60秒...
[于右护] ⏳ 暂无任务，休息60秒...
[时右卫] ⏳ 暂无任务，休息60秒...
[薛贪狼] ⏳ 暂无任务，休息60秒...
[雷贪音] ⏳ 暂无任务，休息60秒...
[贺贪形] ⏳ 暂无任务，休息60秒...
[贡志强] ⏳ 暂无任务，休息60秒...
[齐辅弼] ⏳ 暂无任务，休息60秒...
[康辅星] ⏳ 暂无任务，休息60秒...
[和产品] ⏳ 暂无任务，休息60秒...
[穆产品] ⏳ 暂无任务，休息60秒...
[刘二明] ⏳ 暂无任务，休息60秒...
[王三思] ⏳ 暂无任务，休息60秒...
[赵四维] ⏳ 暂无任务，休息60秒...
[周禄存] ⏳ 暂无任务，休息60秒...
[吴存真] ⏳ 暂无任务，休息60秒...
[郑存义] ⏳ 暂无任务，休息60秒...
[钱存信] ⏳ 暂无任务，休息60秒...
[冯存智] ⏳ 暂无任务，休息60秒...
[陈元灵] ⏳ 暂无任务，休息60秒...
[张一凡] ⏳ 暂无任务，休息60秒...
[孙五维] ⏳ 暂无任务，休息60秒...
[陈存理] ⏳ 暂无任务，休息60秒...
[褚存道] ⏳ 暂无任务，休息60秒...
[卫存德] ⏳ 暂无任务，休息60秒...
[秦巨诚] ⏳ 暂无任务，休息60秒...
[许巨真] ⏳ 暂无任务，休息60秒...
[戚巨实] ⏳ 暂无任务，休息60秒...
[窦武备] ⏳ 暂无任务，休息60秒...
[奚破浪] ⏳ 暂无任务，休息60秒...
[范破空] ⏳ 暂无任务，休息60秒...
[柯破云] ⏳ 暂无任务，休息60秒...
[厉破风] ⏳ 暂无任务，休息60秒...
[岑破雷] ⏳ 暂无任务，休息60秒...
[毕左护] ⏳ 暂无任务，休息60秒...
[郝左持] ⏳ 暂无任务，休息60秒...
[邬左扶] ⏳ 暂无任务，休息60秒...
[安左助] ⏳ 暂无任务，休息60秒...
[常左协] ⏳ 暂无任务，休息60秒...
[李星辰] ⏳ 暂无任务，休息60秒...
[卞右盾] ⏳ 暂无任务，休息60秒...
[巴图] ⏳ 暂无任务，休息60秒...
[弓志明] ⏳ 暂无任务，休息60秒...
[母志明] ⏳ 暂无任务，休息60秒...
[干市场] ⏳ 暂无任务，休息60秒...
[曲市场] ⏳ 暂无任务，休息60秒...
[桥客服] ⏳ 暂无任务，休息60秒...
[银客服] ⏳ 暂无任务，休息60秒...
[言客服] ⏳ 暂无任务，休息60秒...
[朱巨信] ⏳ 暂无任务，休息60秒...
[李廉智] ⏳ 暂无任务，休息60秒...
[水武库] ⏳ 暂无任务，休息60秒...
[葛破浪] ⏳ 暂无任务，休息60秒...
[皮右防] ⏳ 暂无任务，休息60秒...
[赏志明] ⏳ 暂无任务，休息60秒...
[财市场] ⏳ 暂无任务，休息60秒...
[蒋巨门] ⏳ 暂无任务，休息60秒...
[沈巨明] ⏳ 暂无任务，休息60秒...
[韩巨亮] ⏳ 暂无任务，休息60秒...
[杨巨知] ⏳ 暂无任务，休息60秒...
[伍廉贞] ⏳ 暂无任务，休息60秒...
[余廉心] ⏳ 暂无任务，休息60秒...
[元廉情] ⏳ 暂无任务，休息60秒...
[孟廉意] ⏳ 暂无任务，休息60秒...
[谢武功] ⏳ 暂无任务，休息60秒...
[邹武全] ⏳ 暂无任务，休息60秒...
[喻武能] ⏳ 暂无任务，休息60秒...
[柏武技] ⏳ 暂无任务，休息60秒...
[章破军] ⏳ 暂无任务，休息60秒...
[云破敌] ⏳ 暂无任务，休息60秒...
[苏破阵] ⏳ 暂无任务，休息60秒...
[潘破晓] ⏳ 暂无任务，休息60秒...
[倪左辅] ⏳ 暂无任务，休息60秒...
[汤左膀] ⏳ 暂无任务，休息60秒...
[殷左翼] ⏳ 暂无任务，休息60秒...
[殷左护] ⏳ 暂无任务，休息60秒...
[罗左卫] ⏳ 暂无任务，休息60秒...
[周右弼] ⏳ 暂无任务，休息60秒...
[乐右弼] ⏳ 暂无任务，休息60秒...
[于右护] ⏳ 暂无任务，休息60秒...
[时右卫] ⏳ 暂无任务，休息60秒...
[薛贪狼] ⏳ 暂无任务，休息60秒...
[雷贪音] ⏳ 暂无任务，休息60秒...
[贺贪形] ⏳ 暂无任务，休息60秒...
[贡志强] ⏳ 暂无任务，休息60秒...
[齐辅弼] ⏳ 暂无任务，休息60秒...
[康辅星] ⏳ 暂无任务，休息60秒...
[和产品] ⏳ 暂无任务，休息60秒...
[穆产品] ⏳ 暂无任务，休息60秒...
[刘二明] ⏳ 暂无任务，休息60秒...
[王三思] ⏳ 暂无任务，休息60秒...
[赵四维] ⏳ 暂无任务，休息60秒...
[周禄存] ⏳ 暂无任务，休息60秒...
[吴存真] ⏳ 暂无任务，休息60秒...
[郑存义] ⏳ 暂无任务，休息60秒...
[钱存信] ⏳ 暂无任务，休息60秒...
[冯存智] ⏳ 暂无任务，休息60秒...
[陈元灵] ⏳ 暂无任务，休息60秒...
[张一凡] ⏳ 暂无任务，休息60秒...
[孙五维] ⏳ 暂无任务，休息60秒...
[陈存理] ⏳ 暂无任务，休息60秒...
[褚存道] ⏳ 暂无任务，休息60秒...
[卫存德] ⏳ 暂无任务，休息60秒...
[秦巨诚] ⏳ 暂无任务，休息60秒...
[许巨真] ⏳ 暂无任务，休息60秒...
[戚巨实] ⏳ 暂无任务，休息60秒...
[窦武备] ⏳ 暂无任务，休息60秒...
[奚破浪] ⏳ 暂无任务，休息60秒...
[范破空] ⏳ 暂无任务，休息60秒...
[柯破云] ⏳ 暂无任务，休息60秒...
[厉破风] ⏳ 暂无任务，休息60秒...
[岑破雷] ⏳ 暂无任务，休息60秒...
[毕左护] ⏳ 暂无任务，休息60秒...
[郝左持] ⏳ 暂无任务，休息60秒...
[邬左扶] ⏳ 暂无任务，休息60秒...
[安左助] ⏳ 暂无任务，休息60秒...
[常左协] ⏳ 暂无任务，休息60秒...
[李星辰] ⏳ 暂无任务，休息60秒...
[卞右盾] ⏳ 暂无任务，休息60秒...
[巴图] ⏳ 暂无任务，休息60秒...
[弓志明] ⏳ 暂无任务，休息60秒...
[母志明] ⏳ 暂无任务，休息60秒...
[干市场] ⏳ 暂无任务，休息60秒...
[曲市场] ⏳ 暂无任务，休息60秒...
[桥客服] ⏳ 暂无任务，休息60秒...
[银客服] ⏳ 暂无任务，休息60秒...
[言客服] ⏳ 暂无任务，休息60秒...
[朱巨信] ⏳ 暂无任务，休息60秒...
[李廉智] ⏳ 暂无任务，休息60秒...
[水武库] ⏳ 暂无任务，休息60秒...
[葛破浪] ⏳ 暂无任务，休息60秒...
[皮右防] ⏳ 暂无任务，休息60秒...
[赏志明] ⏳ 暂无任务，休息60秒...
[财市场] ⏳ 暂无任务，休息60秒...
[蒋巨门] ⏳ 暂无任务，休息60秒...
[沈巨明] ⏳ 暂无任务，休息60秒...
[韩巨亮] ⏳ 暂无任务，休息60秒...
[杨巨知] ⏳ 暂无任务，休息60秒...
[伍廉贞] ⏳ 暂无任务，休息60秒...
[余廉心] ⏳ 暂无任务，休息60秒...
[元廉情] ⏳ 暂无任务，休息60秒...
[孟廉意] ⏳ 暂无任务，休息60秒...
[谢武功] ⏳ 暂无任务，休息60秒...
[邹武全] ⏳ 暂无任务，休息60秒...
[喻武能] ⏳ 暂无任务，休息60秒...
[柏武技] ⏳ 暂无任务，休息60秒...
[章破军] ⏳ 暂无任务，休息60秒...
[云破敌] ⏳ 暂无任务，休息60秒...
[苏破阵] ⏳ 暂无任务，休息60秒...
[潘破晓] ⏳ 暂无任务，休息60秒...
[倪左辅] ⏳ 暂无任务，休息60秒...
[汤左膀] ⏳ 暂无任务，休息60秒...
[殷左翼] ⏳ 暂无任务，休息60秒...
[殷左护] ⏳ 暂无任务，休息60秒...
[罗左卫] ⏳ 暂无任务，休息60秒...
[周右弼] ⏳ 暂无任务，休息60秒...
[乐右弼] ⏳ 暂无任务，休息60秒...
[于右护] ⏳ 暂无任务，休息60秒...
[时右卫] ⏳ 暂无任务，休息60秒...
[薛贪狼] ⏳ 暂无任务，休息60秒...
[雷贪音] ⏳ 暂无任务，休息60秒...
[贺贪形] ⏳ 暂无任务，休息60秒...
[贡志强] ⏳ 暂无任务，休息60秒...
[齐辅弼] ⏳ 暂无任务，休息60秒...
[康辅星] ⏳ 暂无任务，休息60秒...
[和产品] ⏳ 暂无任务，休息60秒...
[穆产品] ⏳ 暂无任务，休息60秒...
[刘二明] ⏳ 暂无任务，休息60秒...
[王三思] ⏳ 暂无任务，休息60秒...
[赵四维] ⏳ 暂无任务，休息60秒...
[周禄存] ⏳ 暂无任务，休息60秒...
[吴存真] ⏳ 暂无任务，休息60秒...
[郑存义] ⏳ 暂无任务，休息60秒...
[钱存信] ⏳ 暂无任务，休息60秒...
[冯存智] ⏳ 暂无任务，休息60秒...
[陈元灵] ⏳ 暂无任务，休息60秒...
[张一凡] ⏳ 暂无任务，休息60秒...
[孙五维] ⏳ 暂无任务，休息60秒...
[陈存理] ⏳ 暂无任务，休息60秒...
[褚存道] ⏳ 暂无任务，休息60秒...
[卫存德] ⏳ 暂无任务，休息60秒...
[秦巨诚] ⏳ 暂无任务，休息60秒...
[许巨真] ⏳ 暂无任务，休息60秒...
[戚巨实] ⏳ 暂无任务，休息60秒...
[窦武备] ⏳ 暂无任务，休息60秒...
[奚破浪] ⏳ 暂无任务，休息60秒...
[范破空] ⏳ 暂无任务，休息60秒...
[柯破云] ⏳ 暂无任务，休息60秒...
[厉破风] ⏳ 暂无任务，休息60秒...
[岑破雷] ⏳ 暂无任务，休息60秒...
[毕左护] ⏳ 暂无任务，休息60秒...
[郝左持] ⏳ 暂无任务，休息60秒...
[邬左扶] ⏳ 暂无任务，休息60秒...
[安左助] ⏳ 暂无任务，休息60秒...
[常左协] ⏳ 暂无任务，休息60秒...
[李星辰] ⏳ 暂无任务，休息60秒...
[卞右盾] ⏳ 暂无任务，休息60秒...
[巴图] ⏳ 暂无任务，休息60秒...
[弓志明] ⏳ 暂无任务，休息60秒...
[母志明] ⏳ 暂无任务，休息60秒...
[干市场] ⏳ 暂无任务，休息60秒...
[曲市场] ⏳ 暂无任务，休息60秒...
[桥客服] ⏳ 暂无任务，休息60秒...
[银客服] ⏳ 暂无任务，休息60秒...
[言客服] ⏳ 暂无任务，休息60秒...
[朱巨信] ⏳ 暂无任务，休息60秒...
[李廉智] ⏳ 暂无任务，休息60秒...
[水武库] ⏳ 暂无任务，休息60秒...
[葛破浪] ⏳ 暂无任务，休息60秒...
[皮右防] ⏳ 暂无任务，休息60秒...
[赏志明] ⏳ 暂无任务，休息60秒...
[财市场] ⏳ 暂无任务，休息60秒...
[蒋巨门] ⏳ 暂无任务，休息60秒...
[沈巨明] ⏳ 暂无任务，休息60秒...
[韩巨亮] ⏳ 暂无任务，休息60秒...
[杨巨知] ⏳ 暂无任务，休息60秒...
[伍廉贞] ⏳ 暂无任务，休息60秒...
[余廉心] ⏳ 暂无任务，休息60秒...
[元廉情] ⏳ 暂无任务，休息60秒...
[孟廉意] ⏳ 暂无任务，休息60秒...
[谢武功] ⏳ 暂无任务，休息60秒...
[邹武全] ⏳ 暂无任务，休息60秒...
[喻武能] ⏳ 暂无任务，休息60秒...
[柏武技] ⏳ 暂无任务，休息60秒...
[章破军] ⏳ 暂无任务，休息60秒...
[云破敌] ⏳ 暂无任务，休息60秒...
[苏破阵] ⏳ 暂无任务，休息60秒...
[潘破晓] ⏳ 暂无任务，休息60秒...
[倪左辅] ⏳ 暂无任务，休息60秒...
[汤左膀] ⏳ 暂无任务，休息60秒...
[殷左翼] ⏳ 暂无任务，休息60秒...
[殷左护] ⏳ 暂无任务，休息60秒...
[罗左卫] ⏳ 暂无任务，休息60秒...
[周右弼] ⏳ 暂无任务，休息60秒...
[乐右弼] ⏳ 暂无任务，休息60秒...
[于右护] ⏳ 暂无任务，休息60秒...
[时右卫] ⏳ 暂无任务，休息60秒...
[薛贪狼] ⏳ 暂无任务，休息60秒...
[雷贪音] ⏳ 暂无任务，休息60秒...
[贺贪形] ⏳ 暂无任务，休息60秒...
[贡志强] ⏳ 暂无任务，休息60秒...
[齐辅弼] ⏳ 暂无任务，休息60秒...
[康辅星] ⏳ 暂无任务，休息60秒...
[和产品] ⏳ 暂无任务，休息60秒...
[穆产品] ⏳ 暂无任务，休息60秒...
[刘二明] ⏳ 暂无任务，休息60秒...
[王三思] ⏳ 暂无任务，休息60秒...
[赵四维] ⏳ 暂无任务，休息60秒...
[周禄存] ⏳ 暂无任务，休息60秒...
[吴存真] ⏳ 暂无任务，休息60秒...
[郑存义] ⏳ 暂无任务，休息60秒...
[钱存信] ⏳ 暂无任务，休息60秒...
[冯存智] ⏳ 暂无任务，休息60秒...
[陈元灵] ⏳ 暂无任务，休息60秒...
[张一凡] ⏳ 暂无任务，休息60秒...
[孙五维] ⏳ 暂无任务，休息60秒...
[陈存理] ⏳ 暂无任务，休息60秒...
[褚存道] ⏳ 暂无任务，休息60秒...
[卫存德] ⏳ 暂无任务，休息60秒...
[秦巨诚] ⏳ 暂无任务，休息60秒...
[许巨真] ⏳ 暂无任务，休息60秒...
[戚巨实] ⏳ 暂无任务，休息60秒...
[窦武备] ⏳ 暂无任务，休息60秒...
[奚破浪] ⏳ 暂无任务，休息60秒...
[范破空] ⏳ 暂无任务，休息60秒...
[柯破云] ⏳ 暂无任务，休息60秒...
[厉破风] ⏳ 暂无任务，休息60秒...
[岑破雷] ⏳ 暂无任务，休息60秒...
[毕左护] ⏳ 暂无任务，休息60秒...
[郝左持] ⏳ 暂无任务，休息60秒...
[邬左扶] ⏳ 暂无任务，休息60秒...
[安左助] ⏳ 暂无任务，休息60秒...
[常左协] ⏳ 暂无任务，休息60秒...
[李星辰] ⏳ 暂无任务，休息60秒...
[卞右盾] ⏳ 暂无任务，休息60秒...
[巴图] ⏳ 暂无任务，休息60秒...
[弓志明] ⏳ 暂无任务，休息60秒...
[母志明] ⏳ 暂无任务，休息60秒...
[干市场] ⏳ 暂无任务，休息60秒...
[曲市场] ⏳ 暂无任务，休息60秒...
[桥客服] ⏳ 暂无任务，休息60秒...
[银客服] ⏳ 暂无任务，休息60秒...
[言客服] ⏳ 暂无任务，休息60秒...
[朱巨信] ⏳ 暂无任务，休息60秒...
[李廉智] ⏳ 暂无任务，休息60秒...
[水武库] ⏳ 暂无任务，休息60秒...
[葛破浪] ⏳ 暂无任务，休息60秒...
[皮右防] ⏳ 暂无任务，休息60秒...
[赏志明] ⏳ 暂无任务，休息60秒...
[财市场] ⏳ 暂无任务，休息60秒...
[蒋巨门] ⏳ 暂无任务，休息60秒...
[沈巨明] ⏳ 暂无任务，休息60秒...
[韩巨亮] ⏳ 暂无任务，休息60秒...
[杨巨知] ⏳ 暂无任务，休息60秒...
[伍廉贞] ⏳ 暂无任务，休息60秒...
[余廉心] ⏳ 暂无任务，休息60秒...
[元廉情] ⏳ 暂无任务，休息60秒...
[孟廉意] ⏳ 暂无任务，休息60秒...
[谢武功] ⏳ 暂无任务，休息60秒...
[邹武全] ⏳ 暂无任务，休息60秒...
[喻武能] ⏳ 暂无任务，休息60秒...
[柏武技] ⏳ 暂无任务，休息60秒...
[章破军] ⏳ 暂无任务，休息60秒...
[云破敌] ⏳ 暂无任务，休息60秒...
[苏破阵] ⏳ 暂无任务，休息60秒...
[潘破晓] ⏳ 暂无任务，休息60秒...
[倪左辅] ⏳ 暂无任务，休息60秒...
[汤左膀] ⏳ 暂无任务，休息60秒...
[殷左翼] ⏳ 暂无任务，休息60秒...
[殷左护] ⏳ 暂无任务，休息60秒...
[罗左卫] ⏳ 暂无任务，休息60秒...
[周右弼] ⏳ 暂无任务，休息60秒...
[乐右弼] ⏳ 暂无任务，休息60秒...
[于右护] ⏳ 暂无任务，休息60秒...
[时右卫] ⏳ 暂无任务，休息60秒...
[薛贪狼] ⏳ 暂无任务，休息60秒...
[雷贪音] ⏳ 暂无任务，休息60秒...
[贺贪形] ⏳ 暂无任务，休息60秒...
[贡志强] ⏳ 暂无任务，休息60秒...
[齐辅弼] ⏳ 暂无任务，休息60秒...
[康辅星] ⏳ 暂无任务，休息60秒...
[和产品] ⏳ 暂无任务，休息60秒...
[穆产品] ⏳ 暂无任务，休息60秒...
[刘二明] ⏳ 暂无任务，休息60秒...
[王三思] ⏳ 暂无任务，休息60秒...
[赵四维] ⏳ 暂无任务，休息60秒...
[周禄存] ⏳ 暂无任务，休息60秒...
[吴存真] ⏳ 暂无任务，休息60秒...
[郑存义] ⏳ 暂无任务，休息60秒...
[钱存信] ⏳ 暂无任务，休息60秒...
[冯存智] ⏳ 暂无任务，休息60秒...
[陈元灵] ⏳ 暂无任务，休息60秒...
[张一凡] ⏳ 暂无任务，休息60秒...
[孙五维] ⏳ 暂无任务，休息60秒...
[陈存理] ⏳ 暂无任务，休息60秒...
[褚存道] ⏳ 暂无任务，休息60秒...
[卫存德] ⏳ 暂无任务，休息60秒...
[秦巨诚] ⏳ 暂无任务，休息60秒...
[许巨真] ⏳ 暂无任务，休息60秒...
[戚巨实] ⏳ 暂无任务，休息60秒...
[窦武备] ⏳ 暂无任务，休息60秒...
[奚破浪] ⏳ 暂无任务，休息60秒...
[范破空] ⏳ 暂无任务，休息60秒...
[柯破云] ⏳ 暂无任务，休息60秒...
[厉破风] ⏳ 暂无任务，休息60秒...
[岑破雷] ⏳ 暂无任务，休息60秒...
[毕左护] ⏳ 暂无任务，休息60秒...
[郝左持] ⏳ 暂无任务，休息60秒...
[邬左扶] ⏳ 暂无任务，休息60秒...
[安左助] ⏳ 暂无任务，休息60秒...
[常左协] ⏳ 暂无任务，休息60秒...
[李星辰] ⏳ 暂无任务，休息60秒...
[卞右盾] ⏳ 暂无任务，休息60秒...
[巴图] ⏳ 暂无任务，休息60秒...
[弓志明] ⏳ 暂无任务，休息60秒...
[母志明] ⏳ 暂无任务，休息60秒...
[干市场] ⏳ 暂无任务，休息60秒...
[曲市场] ⏳ 暂无任务，休息60秒...
[桥客服] ⏳ 暂无任务，休息60秒...
[银客服] ⏳ 暂无任务，休息60秒...
[言客服] ⏳ 暂无任务，休息60秒...
[朱巨信] ⏳ 暂无任务，休息60秒...
[李廉智] ⏳ 暂无任务，休息60秒...
[水武库] ⏳ 暂无任务，休息60秒...
[葛破浪] ⏳ 暂无任务，休息60秒...
[皮右防] ⏳ 暂无任务，休息60秒...
[赏志明] ⏳ 暂无任务，休息60秒...
[财市场] ⏳ 暂无任务，休息60秒...
[蒋巨门] ⏳ 暂无任务，休息60秒...
[沈巨明] ⏳ 暂无任务，休息60秒...
[韩巨亮] ⏳ 暂无任务，休息60秒...
[杨巨知] ⏳ 暂无任务，休息60秒...
[伍廉贞] ⏳ 暂无任务，休息60秒...
[余廉心] ⏳ 暂无任务，休息60秒...
[元廉情] ⏳ 暂无任务，休息60秒...
[孟廉意] ⏳ 暂无任务，休息60秒...
[谢武功] ⏳ 暂无任务，休息60秒...
[邹武全] ⏳ 暂无任务，休息60秒...
[喻武能] ⏳ 暂无任务，休息60秒...
[柏武技] ⏳ 暂无任务，休息60秒...
[章破军] ⏳ 暂无任务，休息60秒...
[云破敌] ⏳ 暂无任务，休息60秒...
[苏破阵] ⏳ 暂无任务，休息60秒...
[潘破晓] ⏳ 暂无任务，休息60秒...
[倪左辅] ⏳ 暂无任务，休息60秒...
[汤左膀] ⏳ 暂无任务，休息60秒...
[殷左翼] ⏳ 暂无任务，休息60秒...
[殷左护] ⏳ 暂无任务，休息60秒...
[罗左卫] ⏳ 暂无任务，休息60秒...
[周右弼] ⏳ 暂无任务，休息60秒...
[乐右弼] ⏳ 暂无任务，休息60秒...
[于右护] ⏳ 暂无任务，休息60秒...
[时右卫] ⏳ 暂无任务，休息60秒...
[薛贪狼] ⏳ 暂无任务，休息60秒...
[雷贪音] ⏳ 暂无任务，休息60秒...
[贺贪形] ⏳ 暂无任务，休息60秒...
[贡志强] ⏳ 暂无任务，休息60秒...
[齐辅弼] ⏳ 暂无任务，休息60秒...
[康辅星] ⏳ 暂无任务，休息60秒...
[和产品] ⏳ 暂无任务，休息60秒...
[穆产品] ⏳ 暂无任务，休息60秒...
[刘二明] ⏳ 暂无任务，休息60秒...
[王三思] ⏳ 暂无任务，休息60秒...
[赵四维] ⏳ 暂无任务，休息60秒...
[周禄存] ⏳ 暂无任务，休息60秒...
[吴存真] ⏳ 暂无任务，休息60秒...
[郑存义] ⏳ 暂无任务，休息60秒...
[钱存信] ⏳ 暂无任务，休息60秒...
[冯存智] ⏳ 暂无任务，休息60秒...
[陈元灵] ⏳ 暂无任务，休息60秒...
[张一凡] ⏳ 暂无任务，休息60秒...
[孙五维] ⏳ 暂无任务，休息60秒...
[陈存理] ⏳ 暂无任务，休息60秒...
[褚存道] ⏳ 暂无任务，休息60秒...
[卫存德] ⏳ 暂无任务，休息60秒...
[秦巨诚] ⏳ 暂无任务，休息60秒...
[许巨真] ⏳ 暂无任务，休息60秒...
[戚巨实] ⏳ 暂无任务，休息60秒...
[窦武备] ⏳ 暂无任务，休息60秒...
[奚破浪] ⏳ 暂无任务，休息60秒...
[范破空] ⏳ 暂无任务，休息60秒...
[柯破云] ⏳ 暂无任务，休息60秒...
[厉破风] ⏳ 暂无任务，休息60秒...
[岑破雷] ⏳ 暂无任务，休息60秒...
[毕左护] ⏳ 暂无任务，休息60秒...
[郝左持] ⏳ 暂无任务，休息60秒...
[邬左扶] ⏳ 暂无任务，休息60秒...
[安左助] ⏳ 暂无任务，休息60秒...
[常左协] ⏳ 暂无任务，休息60秒...
[李星辰] ⏳ 暂无任务，休息60秒...
[卞右盾] ⏳ 暂无任务，休息60秒...
[巴图] ⏳ 暂无任务，休息60秒...
[弓志明] ⏳ 暂无任务，休息60秒...
[母志明] ⏳ 暂无任务，休息60秒...
[干市场] ⏳ 暂无任务，休息60秒...
[曲市场] ⏳ 暂无任务，休息60秒...
[桥客服] ⏳ 暂无任务，休息60秒...
[银客服] ⏳ 暂无任务，休息60秒...
[言客服] ⏳ 暂无任务，休息60秒...
[朱巨信] ⏳ 暂无任务，休息60秒...
[李廉智] ⏳ 暂无任务，休息60秒...
[水武库] ⏳ 暂无任务，休息60秒...
[葛破浪] ⏳ 暂无任务，休息60秒...
[皮右防] ⏳ 暂无任务，休息60秒...
[赏志明] ⏳ 暂无任务，休息60秒...
[财市场] ⏳ 暂无任务，休息60秒...
[蒋巨门] ⏳ 暂无任务，休息60秒...
[沈巨明] ⏳ 暂无任务，休息60秒...
[韩巨亮] ⏳ 暂无任务，休息60秒...
[杨巨知] ⏳ 暂无任务，休息60秒...
[伍廉贞] ⏳ 暂无任务，休息60秒...
[余廉心] ⏳ 暂无任务，休息60秒...
[元廉情] ⏳ 暂无任务，休息60秒...
[孟廉意] ⏳ 暂无任务，休息60秒...
[谢武功] ⏳ 暂无任务，休息60秒...
[邹武全] ⏳ 暂无任务，休息60秒...
[喻武能] ⏳ 暂无任务，休息60秒...
[柏武技] ⏳ 暂无任务，休息60秒...
[章破军] ⏳ 暂无任务，休息60秒...
[云破敌] ⏳ 暂无任务，休息60秒...
[苏破阵] ⏳ 暂无任务，休息60秒...
[潘破晓] ⏳ 暂无任务，休息60秒...
[倪左辅] ⏳ 暂无任务，休息60秒...
[汤左膀] ⏳ 暂无任务，休息60秒...
[殷左翼] ⏳ 暂无任务，休息60秒...
[殷左护] ⏳ 暂无任务，休息60秒...
[罗左卫] ⏳ 暂无任务，休息60秒...
[周右弼] ⏳ 暂无任务，休息60秒...
[乐右弼] ⏳ 暂无任务，休息60秒...
[于右护] ⏳ 暂无任务，休息60秒...
[时右卫] ⏳ 暂无任务，休息60秒...
[薛贪狼] ⏳ 暂无任务，休息60秒...
[雷贪音] ⏳ 暂无任务，休息60秒...
[贺贪形] ⏳ 暂无任务，休息60秒...
[贡志强] ⏳ 暂无任务，休息60秒...
[齐辅弼] ⏳ 暂无任务，休息60秒...
[康辅星] ⏳ 暂无任务，休息60秒...
[和产品] ⏳ 暂无任务，休息60秒...
[穆产品] ⏳ 暂无任务，休息60秒...
[刘二明] ⏳ 暂无任务，休息60秒...
[王三思] ⏳ 暂无任务，休息60秒...
[赵四维] ⏳ 暂无任务，休息60秒...
[周禄存] ⏳ 暂无任务，休息60秒...
[吴存真] ⏳ 暂无任务，休息60秒...
[郑存义] ⏳ 暂无任务，休息60秒...
[钱存信] ⏳ 暂无任务，休息60秒...
[冯存智] ⏳ 暂无任务，休息60秒...
[陈元灵] ⏳ 暂无任务，休息60秒...
[张一凡] ⏳ 暂无任务，休息60秒...
[孙五维] ⏳ 暂无任务，休息60秒...
[陈存理] ⏳ 暂无任务，休息60秒...
[褚存道] ⏳ 暂无任务，休息60秒...
[卫存德] ⏳ 暂无任务，休息60秒...
[秦巨诚] ⏳ 暂无任务，休息60秒...
[许巨真] ⏳ 暂无任务，休息60秒...
[戚巨实] ⏳ 暂无任务，休息60秒...
[窦武备] ⏳ 暂无任务，休息60秒...
[奚破浪] ⏳ 暂无任务，休息60秒...
[范破空] ⏳ 暂无任务，休息60秒...
[柯破云] ⏳ 暂无任务，休息60秒...
[厉破风] ⏳ 暂无任务，休息60秒...
[岑破雷] ⏳ 暂无任务，休息60秒...
[毕左护] ⏳ 暂无任务，休息60秒...
[郝左持] ⏳ 暂无任务，休息60秒...
[邬左扶] ⏳ 暂无任务，休息60秒...
[安左助] ⏳ 暂无任务，休息60秒...
[常左协] ⏳ 暂无任务，休息60秒...
[李星辰] ⏳ 暂无任务，休息60秒...
[卞右盾] ⏳ 暂无任务，休息60秒...
[巴图] ⏳ 暂无任务，休息60秒...
[弓志明] ⏳ 暂无任务，休息60秒...
[母志明] ⏳ 暂无任务，休息60秒...
[干市场] ⏳ 暂无任务，休息60秒...
[曲市场] ⏳ 暂无任务，休息60秒...
[桥客服] ⏳ 暂无任务，休息60秒...
[银客服] ⏳ 暂无任务，休息60秒...
[言客服] ⏳ 暂无任务，休息60秒...
[朱巨信] ⏳ 暂无任务，休息60秒...
[李廉智] ⏳ 暂无任务，休息60秒...
[水武库] ⏳ 暂无任务，休息60秒...
[葛破浪] ⏳ 暂无任务，休息60秒...
[皮右防] ⏳ 暂无任务，休息60秒...
[赏志明] ⏳ 暂无任务，休息60秒...
[财市场] ⏳ 暂无任务，休息60秒...
[蒋巨门] ⏳ 暂无任务，休息60秒...
[沈巨明] ⏳ 暂无任务，休息60秒...
[韩巨亮] ⏳ 暂无任务，休息60秒...
[杨巨知] ⏳ 暂无任务，休息60秒...
[伍廉贞] ⏳ 暂无任务，休息60秒...
[余廉心] ⏳ 暂无任务，休息60秒...
[元廉情] ⏳ 暂无任务，休息60秒...
[孟廉意] ⏳ 暂无任务，休息60秒...
[谢武功] ⏳ 暂无任务，休息60秒...
[邹武全] ⏳ 暂无任务，休息60秒...
[喻武能] ⏳ 暂无任务，休息60秒...
[柏武技] ⏳ 暂无任务，休息60秒...
[章破军] ⏳ 暂无任务，休息60秒...
[云破敌] ⏳ 暂无任务，休息60秒...
[苏破阵] ⏳ 暂无任务，休息60秒...
[潘破晓] ⏳ 暂无任务，休息60秒...
[倪左辅] ⏳ 暂无任务，休息60秒...
[汤左膀] ⏳ 暂无任务，休息60秒...
[殷左翼] ⏳ 暂无任务，休息60秒...
[殷左护] ⏳ 暂无任务，休息60秒...
[罗左卫] ⏳ 暂无任务，休息60秒...
[周右弼] ⏳ 暂无任务，休息60秒...
[乐右弼] ⏳ 暂无任务，休息60秒...
[于右护] ⏳ 暂无任务，休息60秒...
[时右卫] ⏳ 暂无任务，休息60秒...
[薛贪狼] ⏳ 暂无任务，休息60秒...
[雷贪音] ⏳ 暂无任务，休息60秒...
[贺贪形] ⏳ 暂无任务，休息60秒...
[贡志强] ⏳ 暂无任务，休息60秒...
[齐辅弼] ⏳ 暂无任务，休息60秒...
[康辅星] ⏳ 暂无任务，休息60秒...
[和产品] ⏳ 暂无任务，休息60秒...
[穆产品] ⏳ 暂无任务，休息60秒...
[刘二明] ⏳ 暂无任务，休息60秒...
[王三思] ⏳ 暂无任务，休息60秒...
[赵四维] ⏳ 暂无任务，休息60秒...
[周禄存] ⏳ 暂无任务，休息60秒...
[吴存真] ⏳ 暂无任务，休息60秒...
[郑存义] ⏳ 暂无任务，休息60秒...
[钱存信] ⏳ 暂无任务，休息60秒...
[冯存智] ⏳ 暂无任务，休息60秒...
[陈元灵] ⏳ 暂无任务，休息60秒...
[张一凡] ⏳ 暂无任务，休息60秒...
[孙五维] ⏳ 暂无任务，休息60秒...
[陈存理] ⏳ 暂无任务，休息60秒...
[褚存道] ⏳ 暂无任务，休息60秒...
[卫存德] ⏳ 暂无任务，休息60秒...
[秦巨诚] ⏳ 暂无任务，休息60秒...
[许巨真] ⏳ 暂无任务，休息60秒...
[戚巨实] ⏳ 暂无任务，休息60秒...
[窦武备] ⏳ 暂无任务，休息60秒...
[奚破浪] ⏳ 暂无任务，休息60秒...
[范破空] ⏳ 暂无任务，休息60秒...
[柯破云] ⏳ 暂无任务，休息60秒...
[厉破风] ⏳ 暂无任务，休息60秒...
[岑破雷] ⏳ 暂无任务，休息60秒...
[毕左护] ⏳ 暂无任务，休息60秒...
[郝左持] ⏳ 暂无任务，休息60秒...
[邬左扶] ⏳ 暂无任务，休息60秒...
[安左助] ⏳ 暂无任务，休息60秒...
[常左协] ⏳ 暂无任务，休息60秒...
[李星辰] ⏳ 暂无任务，休息60秒...
[卞右盾] ⏳ 暂无任务，休息60秒...
[巴图] ⏳ 暂无任务，休息60秒...
[弓志明] ⏳ 暂无任务，休息60秒...
[母志明] ⏳ 暂无任务，休息60秒...
[干市场] ⏳ 暂无任务，休息60秒...
[曲市场] ⏳ 暂无任务，休息60秒...
[桥客服] ⏳ 暂无任务，休息60秒...
[银客服] ⏳ 暂无任务，休息60秒...
[言客服] ⏳ 暂无任务，休息60秒...
[朱巨信] ⏳ 暂无任务，休息60秒...
[李廉智] ⏳ 暂无任务，休息60秒...
[水武库] ⏳ 暂无任务，休息60秒...
[葛破浪] ⏳ 暂无任务，休息60秒...
[皮右防] ⏳ 暂无任务，休息60秒...
[赏志明] ⏳ 暂无任务，休息60秒...
[财市场] ⏳ 暂无任务，休息60秒...
[蒋巨门] ⏳ 暂无任务，休息60秒...
[沈巨明] ⏳ 暂无任务，休息60秒...
[韩巨亮] ⏳ 暂无任务，休息60秒...
[杨巨知] ⏳ 暂无任务，休息60秒...
[伍廉贞] ⏳ 暂无任务，休息60秒...
[余廉心] ⏳ 暂无任务，休息60秒...
[元廉情] ⏳ 暂无任务，休息60秒...
[孟廉意] ⏳ 暂无任务，休息60秒...
[谢武功] ⏳ 暂无任务，休息60秒...
[邹武全] ⏳ 暂无任务，休息60秒...
[喻武能] ⏳ 暂无任务，休息60秒...
[柏武技] ⏳ 暂无任务，休息60秒...
[章破军] ⏳ 暂无任务，休息60秒...
[云破敌] ⏳ 暂无任务，休息60秒...
[苏破阵] ⏳ 暂无任务，休息60秒...
[潘破晓] ⏳ 暂无任务，休息60秒...
[倪左辅] ⏳ 暂无任务，休息60秒...
[汤左膀] ⏳ 暂无任务，休息60秒...
[殷左翼] ⏳ 暂无任务，休息60秒...
[殷左护] ⏳ 暂无任务，休息60秒...
[罗左卫] ⏳ 暂无任务，休息60秒...
[周右弼] ⏳ 暂无任务，休息60秒...
[乐右弼] ⏳ 暂无任务，休息60秒...
[于右护] ⏳ 暂无任务，休息60秒...
[时右卫] ⏳ 暂无任务，休息60秒...
[薛贪狼] ⏳ 暂无任务，休息60秒...
[雷贪音] ⏳ 暂无任务，休息60秒...
[贺贪形] ⏳ 暂无任务，休息60秒...
[贡志强] ⏳ 暂无任务，休息60秒...
[齐辅弼] ⏳ 暂无任务，休息60秒...
[康辅星] ⏳ 暂无任务，休息60秒...
[和产品] ⏳ 暂无任务，休息60秒...
[穆产品] ⏳ 暂无任务，休息60秒...
[刘二明] ⏳ 暂无任务，休息60秒...
[王三思] ⏳ 暂无任务，休息60秒...
[赵四维] ⏳ 暂无任务，休息60秒...
[周禄存] ⏳ 暂无任务，休息60秒...
[吴存真] ⏳ 暂无任务，休息60秒...
[郑存义] ⏳ 暂无任务，休息60秒...
[钱存信] ⏳ 暂无任务，休息60秒...
[冯存智] ⏳ 暂无任务，休息60秒...
[陈元灵] ⏳ 暂无任务，休息60秒...
[张一凡] ⏳ 暂无任务，休息60秒...
[孙五维] ⏳ 暂无任务，休息60秒...
[陈存理] ⏳ 暂无任务，休息60秒...
[褚存道] ⏳ 暂无任务，休息60秒...
[卫存德] ⏳ 暂无任务，休息60秒...
[秦巨诚] ⏳ 暂无任务，休息60秒...
[许巨真] ⏳ 暂无任务，休息60秒...
[戚巨实] ⏳ 暂无任务，休息60秒...
[窦武备] ⏳ 暂无任务，休息60秒...
[奚破浪] ⏳ 暂无任务，休息60秒...
[范破空] ⏳ 暂无任务，休息60秒...
[柯破云] ⏳ 暂无任务，休息60秒...
[厉破风] ⏳ 暂无任务，休息60秒...
[岑破雷] ⏳ 暂无任务，休息60秒...
[毕左护] ⏳ 暂无任务，休息60秒...
[郝左持] ⏳ 暂无任务，休息60秒...
[邬左扶] ⏳ 暂无任务，休息60秒...
[安左助] ⏳ 暂无任务，休息60秒...
[常左协] ⏳ 暂无任务，休息60秒...
[李星辰] ⏳ 暂无任务，休息60秒...
[卞右盾] ⏳ 暂无任务，休息60秒...
[巴图] ⏳ 暂无任务，休息60秒...
[弓志明] ⏳ 暂无任务，休息60秒...
[母志明] ⏳ 暂无任务，休息60秒...
[干市场] ⏳ 暂无任务，休息60秒...
[曲市场] ⏳ 暂无任务，休息60秒...
[桥客服] ⏳ 暂无任务，休息60秒...
[银客服] ⏳ 暂无任务，休息60秒...
[言客服] ⏳ 暂无任务，休息60秒...
[朱巨信] ⏳ 暂无任务，休息60秒...
[李廉智] ⏳ 暂无任务，休息60秒...
[水武库] ⏳ 暂无任务，休息60秒...
[葛破浪] ⏳ 暂无任务，休息60秒...
[皮右防] ⏳ 暂无任务，休息60秒...
[赏志明] ⏳ 暂无任务，休息60秒...
[财市场] ⏳ 暂无任务，休息60秒...
[蒋巨门] ⏳ 暂无任务，休息60秒...
[沈巨明] ⏳ 暂无任务，休息60秒...
[韩巨亮] ⏳ 暂无任务，休息60秒...
[杨巨知] ⏳ 暂无任务，休息60秒...
[伍廉贞] ⏳ 暂无任务，休息60秒...
[余廉心] ⏳ 暂无任务，休息60秒...
[元廉情] ⏳ 暂无任务，休息60秒...
[孟廉意] ⏳ 暂无任务，休息60秒...
[谢武功] ⏳ 暂无任务，休息60秒...
[邹武全] ⏳ 暂无任务，休息60秒...
[喻武能] ⏳ 暂无任务，休息60秒...
[柏武技] ⏳ 暂无任务，休息60秒...
[章破军] ⏳ 暂无任务，休息60秒...
[云破敌] ⏳ 暂无任务，休息60秒...
[苏破阵] ⏳ 暂无任务，休息60秒...
[潘破晓] ⏳ 暂无任务，休息60秒...
[倪左辅] ⏳ 暂无任务，休息60秒...
[汤左膀] ⏳ 暂无任务，休息60秒...
[殷左翼] ⏳ 暂无任务，休息60秒...
[殷左护] ⏳ 暂无任务，休息60秒...
[罗左卫] ⏳ 暂无任务，休息60秒...
[周右弼] ⏳ 暂无任务，休息60秒...
[乐右弼] ⏳ 暂无任务，休息60秒...
[于右护] ⏳ 暂无任务，休息60秒...
[时右卫] ⏳ 暂无任务，休息60秒...
[薛贪狼] ⏳ 暂无任务，休息60秒...
[雷贪音] ⏳ 暂无任务，休息60秒...
[贺贪形] ⏳ 暂无任务，休息60秒...
[贡志强] ⏳ 暂无任务，休息60秒...
[齐辅弼] ⏳ 暂无任务，休息60秒...
[康辅星] ⏳ 暂无任务，休息60秒...
[和产品] ⏳ 暂无任务，休息60秒...
[穆产品] ⏳ 暂无任务，休息60秒...
[刘二明] ⏳ 暂无任务，休息60秒...
[王三思] ⏳ 暂无任务，休息60秒...
[赵四维] ⏳ 暂无任务，休息60秒...
[周禄存] ⏳ 暂无任务，休息60秒...
[吴存真] ⏳ 暂无任务，休息60秒...
[郑存义] ⏳ 暂无任务，休息60秒...
[钱存信] ⏳ 暂无任务，休息60秒...
[冯存智] ⏳ 暂无任务，休息60秒...
[陈元灵] ⏳ 暂无任务，休息60秒...
[张一凡] ⏳ 暂无任务，休息60秒...
[孙五维] ⏳ 暂无任务，休息60秒...
[陈存理] ⏳ 暂无任务，休息60秒...
[褚存道] ⏳ 暂无任务，休息60秒...
[卫存德] ⏳ 暂无任务，休息60秒...
[秦巨诚] ⏳ 暂无任务，休息60秒...
[许巨真] ⏳ 暂无任务，休息60秒...
[戚巨实] ⏳ 暂无任务，休息60秒...
[窦武备] ⏳ 暂无任务，休息60秒...
[奚破浪] ⏳ 暂无任务，休息60秒...
[范破空] ⏳ 暂无任务，休息60秒...
[柯破云] ⏳ 暂无任务，休息60秒...
[厉破风] ⏳ 暂无任务，休息60秒...
[岑破雷] ⏳ 暂无任务，休息60秒...
[毕左护] ⏳ 暂无任务，休息60秒...
[郝左持] ⏳ 暂无任务，休息60秒...
[邬左扶] ⏳ 暂无任务，休息60秒...
[安左助] ⏳ 暂无任务，休息60秒...
[常左协] ⏳ 暂无任务，休息60秒...
[李星辰] ⏳ 暂无任务，休息60秒...
[卞右盾] ⏳ 暂无任务，休息60秒...
[巴图] ⏳ 暂无任务，休息60秒...
[弓志明] ⏳ 暂无任务，休息60秒...
[母志明] ⏳ 暂无任务，休息60秒...
[干市场] ⏳ 暂无任务，休息60秒...
[曲市场] ⏳ 暂无任务，休息60秒...
[桥客服] ⏳ 暂无任务，休息60秒...
[银客服] ⏳ 暂无任务，休息60秒...
[言客服] ⏳ 暂无任务，休息60秒...
[朱巨信] ⏳ 暂无任务，休息60秒...
[李廉智] ⏳ 暂无任务，休息60秒...
[水武库] ⏳ 暂无任务，休息60秒...
[葛破浪] ⏳ 暂无任务，休息60秒...
[皮右防] ⏳ 暂无任务，休息60秒...
[赏志明] ⏳ 暂无任务，休息60秒...
[财市场] ⏳ 暂无任务，休息60秒...
[蒋巨门] ⏳ 暂无任务，休息60秒...
[沈巨明] ⏳ 暂无任务，休息60秒...
[韩巨亮] ⏳ 暂无任务，休息60秒...
[杨巨知] ⏳ 暂无任务，休息60秒...
[伍廉贞] ⏳ 暂无任务，休息60秒...
[余廉心] ⏳ 暂无任务，休息60秒...
[元廉情] ⏳ 暂无任务，休息60秒...
[孟廉意] ⏳ 暂无任务，休息60秒...
[谢武功] ⏳ 暂无任务，休息60秒...
[邹武全] ⏳ 暂无任务，休息60秒...
[喻武能] ⏳ 暂无任务，休息60秒...
[柏武技] ⏳ 暂无任务，休息60秒...
[章破军] ⏳ 暂无任务，休息60秒...
[云破敌] ⏳ 暂无任务，休息60秒...
[苏破阵] ⏳ 暂无任务，休息60秒...
[潘破晓] ⏳ 暂无任务，休息60秒...
[倪左辅] ⏳ 暂无任务，休息60秒...
[汤左膀] ⏳ 暂无任务，休息60秒...
[殷左翼] ⏳ 暂无任务，休息60秒...
[殷左护] ⏳ 暂无任务，休息60秒...
[罗左卫] ⏳ 暂无任务，休息60秒...
[周右弼] ⏳ 暂无任务，休息60秒...
[乐右弼] ⏳ 暂无任务，休息60秒...
[于右护] ⏳ 暂无任务，休息60秒...
[时右卫] ⏳ 暂无任务，休息60秒...
[薛贪狼] ⏳ 暂无任务，休息60秒...
[雷贪音] ⏳ 暂无任务，休息60秒...
[贺贪形] ⏳ 暂无任务，休息60秒...
[贡志强] ⏳ 暂无任务，休息60秒...
[齐辅弼] ⏳ 暂无任务，休息60秒...
[康辅星] ⏳ 暂无任务，休息60秒...
[和产品] ⏳ 暂无任务，休息60秒...
[穆产品] ⏳ 暂无任务，休息60秒...
[刘二明] ⏳ 暂无任务，休息60秒...
[王三思] ⏳ 暂无任务，休息60秒...
[赵四维] ⏳ 暂无任务，休息60秒...
[周禄存] ⏳ 暂无任务，休息60秒...
[吴存真] ⏳ 暂无任务，休息60秒...
[郑存义] ⏳ 暂无任务，休息60秒...
[钱存信] ⏳ 暂无任务，休息60秒...
[冯存智] ⏳ 暂无任务，休息60秒...
[陈元灵] ⏳ 暂无任务，休息60秒...
[张一凡] ⏳ 暂无任务，休息60秒...
[孙五维] ⏳ 暂无任务，休息60秒...
[陈存理] ⏳ 暂无任务，休息60秒...
[褚存道] ⏳ 暂无任务，休息60秒...
[卫存德] ⏳ 暂无任务，休息60秒...
[秦巨诚] ⏳ 暂无任务，休息60秒...
[许巨真] ⏳ 暂无任务，休息60秒...
[戚巨实] ⏳ 暂无任务，休息60秒...
[窦武备] ⏳ 暂无任务，休息60秒...
[奚破浪] ⏳ 暂无任务，休息60秒...
[范破空] ⏳ 暂无任务，休息60秒...
[柯破云] ⏳ 暂无任务，休息60秒...
[厉破风] ⏳ 暂无任务，休息60秒...
[岑破雷] ⏳ 暂无任务，休息60秒...
[毕左护] ⏳ 暂无任务，休息60秒...
[郝左持] ⏳ 暂无任务，休息60秒...
[邬左扶] ⏳ 暂无任务，休息60秒...
[安左助] ⏳ 暂无任务，休息60秒...
[常左协] ⏳ 暂无任务，休息60秒...
[李星辰] ⏳ 暂无任务，休息60秒...
[卞右盾] ⏳ 暂无任务，休息60秒...
[巴图] ⏳ 暂无任务，休息60秒...
[弓志明] ⏳ 暂无任务，休息60秒...
[母志明] ⏳ 暂无任务，休息60秒...
[干市场] ⏳ 暂无任务，休息60秒...
[曲市场] ⏳ 暂无任务，休息60秒...
[桥客服] ⏳ 暂无任务，休息60秒...
[银客服] ⏳ 暂无任务，休息60秒...
[言客服] ⏳ 暂无任务，休息60秒...
[朱巨信] ⏳ 暂无任务，休息60秒...
[李廉智] ⏳ 暂无任务，休息60秒...
[水武库] ⏳ 暂无任务，休息60秒...
[葛破浪] ⏳ 暂无任务，休息60秒...
[皮右防] ⏳ 暂无任务，休息60秒...
[赏志明] ⏳ 暂无任务，休息60秒...
[财市场] ⏳ 暂无任务，休息60秒...
[蒋巨门] ⏳ 暂无任务，休息60秒...
[沈巨明] ⏳ 暂无任务，休息60秒...
[韩巨亮] ⏳ 暂无任务，休息60秒...
[杨巨知] ⏳ 暂无任务，休息60秒...
[伍廉贞] ⏳ 暂无任务，休息60秒...
[余廉心] ⏳ 暂无任务，休息60秒...
[元廉情] ⏳ 暂无任务，休息60秒...
[孟廉意] ⏳ 暂无任务，休息60秒...
[谢武功] ⏳ 暂无任务，休息60秒...
[邹武全] ⏳ 暂无任务，休息60秒...
[喻武能] ⏳ 暂无任务，休息60秒...
[柏武技] ⏳ 暂无任务，休息60秒...
[章破军] ⏳ 暂无任务，休息60秒...
[云破敌] ⏳ 暂无任务，休息60秒...
[苏破阵] ⏳ 暂无任务，休息60秒...
[潘破晓] ⏳ 暂无任务，休息60秒...
[倪左辅] ⏳ 暂无任务，休息60秒...
[汤左膀] ⏳ 暂无任务，休息60秒...
[殷左翼] ⏳ 暂无任务，休息60秒...
[殷左护] ⏳ 暂无任务，休息60秒...
[罗左卫] ⏳ 暂无任务，休息60秒...
[周右弼] ⏳ 暂无任务，休息60秒...
[乐右弼] ⏳ 暂无任务，休息60秒...
[于右护] ⏳ 暂无任务，休息60秒...
[时右卫] ⏳ 暂无任务，休息60秒...
[薛贪狼] ⏳ 暂无任务，休息60秒...
[雷贪音] ⏳ 暂无任务，休息60秒...
[贺贪形] ⏳ 暂无任务，休息60秒...
[贡志强] ⏳ 暂无任务，休息60秒...
[齐辅弼] ⏳ 暂无任务，休息60秒...
[康辅星] ⏳ 暂无任务，休息60秒...
[和产品] ⏳ 暂无任务，休息60秒...
[穆产品] ⏳ 暂无任务，休息60秒...
[刘二明] ⏳ 暂无任务，休息60秒...
[王三思] ⏳ 暂无任务，休息60秒...
[赵四维] ⏳ 暂无任务，休息60秒...
[周禄存] ⏳ 暂无任务，休息60秒...
[吴存真] ⏳ 暂无任务，休息60秒...
[郑存义] ⏳ 暂无任务，休息60秒...
[钱存信] ⏳ 暂无任务，休息60秒...
[冯存智] ⏳ 暂无任务，休息60秒...
[陈元灵] ⏳ 暂无任务，休息60秒...
[张一凡] ⏳ 暂无任务，休息60秒...
[孙五维] ⏳ 暂无任务，休息60秒...
[陈存理] ⏳ 暂无任务，休息60秒...
[褚存道] ⏳ 暂无任务，休息60秒...
[卫存德] ⏳ 暂无任务，休息60秒...
[秦巨诚] ⏳ 暂无任务，休息60秒...
[许巨真] ⏳ 暂无任务，休息60秒...
[戚巨实] ⏳ 暂无任务，休息60秒...
[窦武备] ⏳ 暂无任务，休息60秒...
[奚破浪] ⏳ 暂无任务，休息60秒...
[范破空] ⏳ 暂无任务，休息60秒...
[柯破云] ⏳ 暂无任务，休息60秒...
[厉破风] ⏳ 暂无任务，休息60秒...
[岑破雷] ⏳ 暂无任务，休息60秒...
[毕左护] ⏳ 暂无任务，休息60秒...
[郝左持] ⏳ 暂无任务，休息60秒...
[邬左扶] ⏳ 暂无任务，休息60秒...
[安左助] ⏳ 暂无任务，休息60秒...
[常左协] ⏳ 暂无任务，休息60秒...
[李星辰] ⏳ 暂无任务，休息60秒...
[卞右盾] ⏳ 暂无任务，休息60秒...
[巴图] ⏳ 暂无任务，休息60秒...
[弓志明] ⏳ 暂无任务，休息60秒...
[母志明] ⏳ 暂无任务，休息60秒...
[干市场] ⏳ 暂无任务，休息60秒...
[曲市场] ⏳ 暂无任务，休息60秒...
[桥客服] ⏳ 暂无任务，休息60秒...
[银客服] ⏳ 暂无任务，休息60秒...
[言客服] ⏳ 暂无任务，休息60秒...
[朱巨信] ⏳ 暂无任务，休息60秒...
[李廉智] ⏳ 暂无任务，休息60秒...
[水武库] ⏳ 暂无任务，休息60秒...
[葛破浪] ⏳ 暂无任务，休息60秒...
[皮右防] ⏳ 暂无任务，休息60秒...
[赏志明] ⏳ 暂无任务，休息60秒...
[财市场] ⏳ 暂无任务，休息60秒...
[蒋巨门] ⏳ 暂无任务，休息60秒...
[沈巨明] ⏳ 暂无任务，休息60秒...
[韩巨亮] ⏳ 暂无任务，休息60秒...
[杨巨知] ⏳ 暂无任务，休息60秒...
[伍廉贞] ⏳ 暂无任务，休息60秒...
[余廉心] ⏳ 暂无任务，休息60秒...
[元廉情] ⏳ 暂无任务，休息60秒...
[孟廉意] ⏳ 暂无任务，休息60秒...
[谢武功] ⏳ 暂无任务，休息60秒...
[邹武全] ⏳ 暂无任务，休息60秒...
[喻武能] ⏳ 暂无任务，休息60秒...
[柏武技] ⏳ 暂无任务，休息60秒...
[章破军] ⏳ 暂无任务，休息60秒...
[云破敌] ⏳ 暂无任务，休息60秒...
[苏破阵] ⏳ 暂无任务，休息60秒...
[潘破晓] ⏳ 暂无任务，休息60秒...
[倪左辅] ⏳ 暂无任务，休息60秒...
[汤左膀] ⏳ 暂无任务，休息60秒...
[殷左翼] ⏳ 暂无任务，休息60秒...
[殷左护] ⏳ 暂无任务，休息60秒...
[罗左卫] ⏳ 暂无任务，休息60秒...
[周右弼] ⏳ 暂无任务，休息60秒...
[乐右弼] ⏳ 暂无任务，休息60秒...
[于右护] ⏳ 暂无任务，休息60秒...
[时右卫] ⏳ 暂无任务，休息60秒...
[薛贪狼] ⏳ 暂无任务，休息60秒...
[雷贪音] ⏳ 暂无任务，休息60秒...
[贺贪形] ⏳ 暂无任务，休息60秒...
[贡志强] ⏳ 暂无任务，休息60秒...
[齐辅弼] ⏳ 暂无任务，休息60秒...
[康辅星] ⏳ 暂无任务，休息60秒...
[和产品] ⏳ 暂无任务，休息60秒...
[穆产品] ⏳ 暂无任务，休息60秒...
[刘二明] ⏳ 暂无任务，休息60秒...
[王三思] ⏳ 暂无任务，休息60秒...
[赵四维] ⏳ 暂无任务，休息60秒...
[周禄存] ⏳ 暂无任务，休息60秒...
[吴存真] ⏳ 暂无任务，休息60秒...
[郑存义] ⏳ 暂无任务，休息60秒...
[钱存信] ⏳ 暂无任务，休息60秒...
[冯存智] ⏳ 暂无任务，休息60秒...
[陈元灵] ⏳ 暂无任务，休息60秒...
[张一凡] ⏳ 暂无任务，休息60秒...
[孙五维] ⏳ 暂无任务，休息60秒...
[陈存理] ⏳ 暂无任务，休息60秒...
[褚存道] ⏳ 暂无任务，休息60秒...
[卫存德] ⏳ 暂无任务，休息60秒...
[秦巨诚] ⏳ 暂无任务，休息60秒...
[许巨真] ⏳ 暂无任务，休息60秒...
[戚巨实] ⏳ 暂无任务，休息60秒...
[窦武备] ⏳ 暂无任务，休息60秒...
[奚破浪] ⏳ 暂无任务，休息60秒...
[范破空] ⏳ 暂无任务，休息60秒...
[柯破云] ⏳ 暂无任务，休息60秒...
[厉破风] ⏳ 暂无任务，休息60秒...
[岑破雷] ⏳ 暂无任务，休息60秒...
[毕左护] ⏳ 暂无任务，休息60秒...
[郝左持] ⏳ 暂无任务，休息60秒...
[邬左扶] ⏳ 暂无任务，休息60秒...
[安左助] ⏳ 暂无任务，休息60秒...
[常左协] ⏳ 暂无任务，休息60秒...
[李星辰] ⏳ 暂无任务，休息60秒...
[卞右盾] ⏳ 暂无任务，休息60秒...
[巴图] ⏳ 暂无任务，休息60秒...
[弓志明] ⏳ 暂无任务，休息60秒...
[母志明] ⏳ 暂无任务，休息60秒...
启动AI数字员工全自动工作系统 v3.0 (P1任务版)...
✅ 终极版任务加载成功: 135 个任务
✅ 注册仓库: xuanji_engine -> /workspace/projects/workspace/xuanji-engine-v2
✅ 注册仓库: ai_stock_app -> /workspace/projects/workspace/ai-stock-app
✅ 注册仓库: hanyu_learning -> /workspace/projects/workspace/han-yu-vietnamese-learning
✅ 注册AI员工: 陈元灵 (102) -> xuanji_engine
✅ 注册AI员工: 张一凡 (106) -> xuanji_engine
✅ 注册AI员工: 刘二明 (107) -> xuanji_engine
✅ 注册AI员工: 王三思 (108) -> xuanji_engine
✅ 注册AI员工: 赵四维 (109) -> xuanji_engine
✅ 注册AI员工: 孙五维 (110) -> xuanji_engine
✅ 注册AI员工: 周禄存 (111) -> xuanji_engine
✅ 注册AI员工: 吴存真 (112) -> xuanji_engine
✅ 注册AI员工: 郑存义 (113) -> xuanji_engine
✅ 注册AI员工: 钱存信 (114) -> xuanji_engine
✅ 注册AI员工: 冯存智 (115) -> xuanji_engine
✅ 注册AI员工: 陈存理 (116) -> xuanji_engine
✅ 注册AI员工: 褚存道 (117) -> xuanji_engine
✅ 注册AI员工: 卫存德 (118) -> xuanji_engine
✅ 注册AI员工: 蒋巨门 (119) -> xuanji_engine
✅ 注册AI员工: 沈巨明 (120) -> xuanji_engine
✅ 注册AI员工: 韩巨亮 (121) -> xuanji_engine
✅ 注册AI员工: 杨巨知 (122) -> xuanji_engine
✅ 注册AI员工: 朱巨信 (123) -> xuanji_engine
✅ 注册AI员工: 秦巨诚 (124) -> xuanji_engine
✅ 注册AI员工: 许巨真 (125) -> xuanji_engine
✅ 注册AI员工: 戚巨实 (126) -> xuanji_engine
✅ 注册AI员工: 伍廉贞 (163) -> xuanji_engine
✅ 注册AI员工: 余廉心 (164) -> xuanji_engine
✅ 注册AI员工: 元廉情 (165) -> xuanji_engine
✅ 注册AI员工: 孟廉意 (166) -> xuanji_engine
✅ 注册AI员工: 李廉智 (167) -> xuanji_engine
✅ 注册AI员工: 谢武功 (127) -> xuanji_engine
✅ 注册AI员工: 邹武全 (128) -> xuanji_engine
✅ 注册AI员工: 喻武能 (129) -> xuanji_engine
✅ 注册AI员工: 柏武技 (130) -> xuanji_engine
✅ 注册AI员工: 水武库 (131) -> xuanji_engine
✅ 注册AI员工: 窦武备 (132) -> xuanji_engine
✅ 注册AI员工: 章破军 (133) -> xuanji_engine
✅ 注册AI员工: 云破敌 (134) -> xuanji_engine
✅ 注册AI员工: 苏破阵 (135) -> xuanji_engine
✅ 注册AI员工: 潘破晓 (136) -> xuanji_engine
✅ 注册AI员工: 葛破浪 (137) -> xuanji_engine
✅ 注册AI员工: 奚破浪 (138) -> xuanji_engine
✅ 注册AI员工: 范破空 (139) -> xuanji_engine
✅ 注册AI员工: 柯破云 (140) -> xuanji_engine
✅ 注册AI员工: 厉破风 (141) -> xuanji_engine
✅ 注册AI员工: 岑破雷 (142) -> xuanji_engine
✅ 注册AI员工: 倪左辅 (146) -> xuanji_engine
✅ 注册AI员工: 汤左膀 (147) -> xuanji_engine
✅ 注册AI员工: 殷左翼 (148) -> xuanji_engine
✅ 注册AI员工: 殷左护 (149) -> xuanji_engine
✅ 注册AI员工: 罗左卫 (150) -> xuanji_engine
✅ 注册AI员工: 毕左护 (151) -> xuanji_engine
✅ 注册AI员工: 郝左持 (152) -> xuanji_engine
✅ 注册AI员工: 邬左扶 (153) -> xuanji_engine
✅ 注册AI员工: 安左助 (154) -> xuanji_engine
✅ 注册AI员工: 常左协 (155) -> xuanji_engine
✅ 注册AI员工: 李星辰 (101) -> xuanji_engine
✅ 注册AI员工: 周右弼 (105) -> xuanji_engine
✅ 注册AI员工: 乐右弼 (156) -> xuanji_engine
✅ 注册AI员工: 于右护 (157) -> xuanji_engine
✅ 注册AI员工: 时右卫 (158) -> xuanji_engine
✅ 注册AI员工: 皮右防 (159) -> xuanji_engine
✅ 注册AI员工: 卞右盾 (160) -> xuanji_engine
✅ 注册AI员工: 薛贪狼 (143) -> xuanji_engine
✅ 注册AI员工: 雷贪音 (144) -> xuanji_engine
✅ 注册AI员工: 贺贪形 (145) -> xuanji_engine
✅ 注册AI员工: 贡志强 (176) -> xuanji_engine
✅ 注册AI员工: 赏志明 (177) -> xuanji_engine
✅ 注册AI员工: 巴图 (178) -> xuanji_engine
✅ 注册AI员工: 弓志明 (179) -> xuanji_engine
✅ 注册AI员工: 母志明 (180) -> xuanji_engine
✅ 注册AI员工: 齐辅弼 (161) -> xuanji_engine
✅ 注册AI员工: 康辅星 (162) -> xuanji_engine
✅ 注册AI员工: 和产品 (168) -> xuanji_engine
✅ 注册AI员工: 穆产品 (169) -> xuanji_engine
✅ 注册AI员工: 财市场 (183) -> xuanji_engine
✅ 注册AI员工: 干市场 (184) -> xuanji_engine
✅ 注册AI员工: 曲市场 (185) -> xuanji_engine
✅ 注册AI员工: 桥客服 (188) -> xuanji_engine
✅ 注册AI员工: 银客服 (189) -> xuanji_engine
✅ 注册AI员工: 言客服 (190) -> xuanji_engine

============================================================
🚀 AI数字员工全自动工作系统 v3.0 (P1任务版)
============================================================
总员工数: 78
项目数: 3
============================================================
⚠️ P0任务完成后自动继续P1任务
⚠️ 覆盖玄玑引擎全部10个组
============================================================

🚀 [陈元灵] 开始工作...
[陈元灵] ✅ 领取任务: [P0] Task-01 - 个性化进化决策模块开发
[陈元灵] 📝 生成代码: /workspace/projects/workspace/xuanji-engine-v2/01/ziwei/star/task_01.py
[陈元灵] ✅ Git提交成功: 4cb7d58

🚀 [张一凡] 开始工作...
[张一凡] ✅ 领取任务: [P0] Task-02 - 用户个人知识图谱构建
[张一凡] 📝 生成代码: /workspace/projects/workspace/xuanji-engine-v2/01/ziwei/star/task_02.py
[张一凡] ✅ Git提交成功: d98f74d

🚀 [刘二明] 开始工作...
[刘二明] ✅ 领取任务: [P0] Task-03 - 知识实时同步机制实现
[刘二明] 📝 生成代码: /workspace/projects/workspace/xuanji-engine-v2/01/ziwei/star/task_03.py
[刘二明] ✅ Git提交成功: db4c853

🚀 [王三思] 开始工作...
[王三思] ✅ 领取任务: [P0] Task-06 - 系统集成测试
[王三思] 📝 生成代码: /workspace/projects/workspace/xuanji-engine-v2/01/ziwei/star/task_06.py
[王三思] ✅ Git提交成功: 9fcb2d6

🚀 [赵四维] 开始工作...
[赵四维] ✅ 领取任务: [P0] Task-07 - 文档编写与交付
[赵四维] 📝 生成代码: /workspace/projects/workspace/xuanji-engine-v2/01/ziwei/star/task_07.py
[赵四维] ✅ Git提交成功: d19d8a6

🚀 [孙五维] 开始工作...

🚀 [周禄存] 开始工作...
[周禄存] ✅ 领取任务: [P0] Task-01 - 多模型统一接入协议设计
[周禄存] 📝 生成代码: /workspace/projects/workspace/xuanji-engine-v2/02/lucun/star/task_01.py
[周禄存] ⚠️ Git提交失败: 提交失败: 

🚀 [吴存真] 开始工作...
[吴存真] ✅ 领取任务: [P0] Task-02 - SpeechLLM接入实现
[吴存真] 📝 生成代码: /workspace/projects/workspace/xuanji-engine-v2/02/lucun/star/task_02.py
[吴存真] ⚠️ Git提交失败: 提交失败: 

🚀 [郑存义] 开始工作...
[郑存义] ✅ 领取任务: [P0] Task-03 - 智能调度引擎开发
[郑存义] 📝 生成代码: /workspace/projects/workspace/xuanji-engine-v2/02/lucun/star/task_03.py
[郑存义] ⚠️ Git提交失败: 提交失败: 

🚀 [钱存信] 开始工作...
[钱存信] ✅ 领取任务: [P0] Task-04 - 模型注册中心建设
[钱存信] 📝 生成代码: /workspace/projects/workspace/xuanji-engine-v2/02/lucun/star/task_04.py
[钱存信] ⚠️ Git提交失败: 提交失败: 

🚀 [冯存智] 开始工作...
[冯存智] ✅ 领取任务: [P0] Task-05 - 性能监控系统开发
[冯存智] 📝 生成代码: /workspace/projects/workspace/xuanji-engine-v2/02/lucun/star/task_05.py
[冯存智] ⚠️ Git提交失败: 提交失败: 

🚀 [陈存理] 开始工作...

🚀 [褚存道] 开始工作...

🚀 [卫存德] 开始工作...

🚀 [蒋巨门] 开始工作...
[蒋巨门] ✅ 领取任务: [P0] OBJ-03-001 - 个性化特征记忆库
[蒋巨门] 📝 生成代码: /workspace/projects/workspace/xuanji-engine-v2/03/jumen/star/obj_03_001.py
[蒋巨门] ⚠️ Git提交失败: 提交失败: 

🚀 [沈巨明] 开始工作...
[沈巨明] ✅ 领取任务: [P0] OBJ-03-002 - 智能检索系统
[沈巨明] 📝 生成代码: /workspace/projects/workspace/xuanji-engine-v2/03/jumen/star/obj_03_002.py
[沈巨明] ⚠️ Git提交失败: 提交失败: 

🚀 [韩巨亮] 开始工作...
[韩巨亮] ✅ 领取任务: [P0] OBJ-03-003 - 记忆持久化
[韩巨亮] 📝 生成代码: /workspace/projects/workspace/xuanji-engine-v2/03/jumen/star/obj_03_003.py
[韩巨亮] ⚠️ Git提交失败: 提交失败: 

🚀 [杨巨知] 开始工作...
[杨巨知] ✅ 领取任务: [P1] P2-03-007 - 记忆压缩算法
[杨巨知] 📝 生成代码: /workspace/projects/workspace/xuanji-engine-v2/03/jumen/star/p2_03_007.py
[杨巨知] ⚠️ Git提交失败: 提交失败: 

🚀 [朱巨信] 开始工作...
[朱巨信] ✅ 领取任务: [P1] P2-03-008 - 检索速度优化
[朱巨信] 📝 生成代码: /workspace/projects/workspace/xuanji-engine-v2/03/jumen/star/p2_03_008.py
[朱巨信] ⚠️ Git提交失败: 提交失败: 

🚀 [秦巨诚] 开始工作...

🚀 [许巨真] 开始工作...

🚀 [戚巨实] 开始工作...

🚀 [伍廉贞] 开始工作...
[伍廉贞] ✅ 领取任务: [P0] OBJ-04-001 - 个性化人格微调系统
[伍廉贞] 📝 生成代码: /workspace/projects/workspace/xuanji-engine-v2/04/lianzheng/star/obj_04_001.py
[伍廉贞] ✅ Git提交成功: 255a5ab

🚀 [余廉心] 开始工作...
[余廉心] ✅ 领取任务: [P0] OBJ-04-002 - 数字分身系统
[余廉心] 📝 生成代码: /workspace/projects/workspace/xuanji-engine-v2/04/lianzheng/star/obj_04_002.py
[余廉心] ✅ Git提交成功: 572b6bb

🚀 [元廉情] 开始工作...
[元廉情] ✅ 领取任务: [P0] OBJ-04-003 - 人设一致性保障
[元廉情] 📝 生成代码: /workspace/projects/workspace/xuanji-engine-v2/04/lianzheng/star/obj_04_003.py
[元廉情] ✅ Git提交成功: f84d17f

🚀 [孟廉意] 开始工作...
[孟廉意] ✅ 领取任务: [P1] P2-04-009 - 人格模板丰富
[孟廉意] 📝 生成代码: /workspace/projects/workspace/xuanji-engine-v2/04/lianzheng/star/p2_04_009.py
[孟廉意] ✅ Git提交成功: 423653d

🚀 [李廉智] 开始工作...
[李廉智] ✅ 领取任务: [P1] P2-04-010 - 情绪识别优化
[李廉智] 📝 生成代码: /workspace/projects/workspace/xuanji-engine-v2/04/lianzheng/star/p2_04_010.py
[李廉智] ✅ Git提交成功: 63e8b0d

🚀 [谢武功] 开始工作...
[谢武功] ✅ 领取任务: [P0] OBJ-05-001 - 10万级插件库与能力分级
[谢武功] 📝 生成代码: /workspace/projects/workspace/xuanji-engine-v2/05/wuqu/star/obj_05_001.py
[谢武功] ✅ Git提交成功: 11e81a2

🚀 [邹武全] 开始工作...
[邹武全] ✅ 领取任务: [P0] OBJ-05-002 - 插件自动化生产与定价系统（紫微星协同）
[邹武全] 📝 生成代码: /workspace/projects/workspace/xuanji-engine-v2/05/wuqu/star/obj_05_002.py
[邹武全] ✅ Git提交成功: 02338f8

🚀 [喻武能] 开始工作...
[喻武能] ✅ 领取任务: [P0] OBJ-05-003 - 五大宪法铁律执行
[喻武能] 📝 生成代码: /workspace/projects/workspace/xuanji-engine-v2/05/wuqu/star/obj_05_003.py
[喻武能] ✅ Git提交成功: 3117176

🚀 [柏武技] 开始工作...
[柏武技] ✅ 领取任务: [P1] P2-05-011 - 插件模板扩充
[柏武技] 📝 生成代码: /workspace/projects/workspace/xuanji-engine-v2/05/wuqu/star/p2_05_011.py
[柏武技] ✅ Git提交成功: 82bb11e

🚀 [水武库] 开始工作...
[水武库] ✅ 领取任务: [P1] P2-05-012 - 插件测试工具
[水武库] 📝 生成代码: /workspace/projects/workspace/xuanji-engine-v2/05/wuqu/star/p2_05_012.py
[水武库] ✅ Git提交成功: 47cf070

🚀 [窦武备] 开始工作...

🚀 [章破军] 开始工作...
[章破军] ✅ 领取任务: [P0] OBJ-06-001 - 任务流程自动化
[章破军] 📝 生成代码: /workspace/projects/workspace/xuanji-engine-v2/06/pojun/star/obj_06_001.py
[章破军] ✅ Git提交成功: 7ca7c9f

🚀 [云破敌] 开始工作...
[云破敌] ✅ 领取任务: [P0] OBJ-06-002 - 多插件协同执行
[云破敌] 📝 生成代码: /workspace/projects/workspace/xuanji-engine-v2/06/pojun/star/obj_06_002.py
[云破敌] ✅ Git提交成功: e2248f6

🚀 [苏破阵] 开始工作...
[苏破阵] ✅ 领取任务: [P0] OBJ-06-003 - 智能错误处理
[苏破阵] 📝 生成代码: /workspace/projects/workspace/xuanji-engine-v2/06/pojun/star/obj_06_003.py
[苏破阵] ✅ Git提交成功: 7ed340d

🚀 [潘破晓] 开始工作...
[潘破晓] ✅ 领取任务: [P1] P2-06-013 - 执行流程优化
[潘破晓] 📝 生成代码: /workspace/projects/workspace/xuanji-engine-v2/06/pojun/star/p2_06_013.py
[潘破晓] ✅ Git提交成功: 01b3bd8

🚀 [葛破浪] 开始工作...
[葛破浪] ✅ 领取任务: [P1] P2-06-014 - 错误处理增强
[葛破浪] 📝 生成代码: /workspace/projects/workspace/xuanji-engine-v2/06/pojun/star/p2_06_014.py
[葛破浪] ✅ Git提交成功: 40b6883

🚀 [奚破浪] 开始工作...

🚀 [范破空] 开始工作...

🚀 [柯破云] 开始工作...

🚀 [厉破风] 开始工作...

🚀 [岑破雷] 开始工作...

🚀 [倪左辅] 开始工作...
[倪左辅] ✅ 领取任务: [P0] OBJ-07-001 - 灵活计费引擎v2.0（算力成本导向+能力梯度定价）
[倪左辅] 📝 生成代码: /workspace/projects/workspace/xuanji-engine-v2/07/zuofu/star/obj_07_001.py
[倪左辅] ✅ Git提交成功: aa243ea

🚀 [汤左膀] 开始工作...
[汤左膀] ✅ 领取任务: [P0] OBJ-07-002 - 智能总控后台
[汤左膀] 📝 生成代码: /workspace/projects/workspace/xuanji-engine-v2/07/zuofu/star/obj_07_002.py
[汤左膀] ✅ Git提交成功: c3ad39d

🚀 [殷左翼] 开始工作...
[殷左翼] ✅ 领取任务: [P0] OBJ-07-003 - 五端统一部署
[殷左翼] 📝 生成代码: /workspace/projects/workspace/xuanji-engine-v2/07/zuofu/star/obj_07_003.py
[殷左翼] ✅ Git提交成功: 1b17927

🚀 [殷左护] 开始工作...
[殷左护] ✅ 领取任务: [P0] OBJ-07-004 - 资源管理
[殷左护] 📝 生成代码: /workspace/projects/workspace/xuanji-engine-v2/07/zuofu/star/obj_07_004.py
[殷左护] ✅ Git提交成功: 09427c8

🚀 [罗左卫] 开始工作...
[罗左卫] ✅ 领取任务: [P1] P2-07-015 - 部署脚本优化
[罗左卫] 📝 生成代码: /workspace/projects/workspace/xuanji-engine-v2/07/zuofu/star/p2_07_015.py
[罗左卫] ✅ Git提交成功: 481b80a

🚀 [毕左护] 开始工作...

🚀 [郝左持] 开始工作...

🚀 [邬左扶] 开始工作...

🚀 [安左助] 开始工作...

🚀 [常左协] 开始工作...

🚀 [李星辰] 开始工作...

🚀 [周右弼] 开始工作...
[周右弼] ✅ 领取任务: [P0] OBJ-08-001 - 计费权限控制v2.0
[周右弼] 📝 生成代码: /workspace/projects/workspace/xuanji-engine-v2/08/youbi/star/obj_08_001.py
[周右弼] ✅ Git提交成功: 8c0be46

🚀 [乐右弼] 开始工作...
[乐右弼] ✅ 领取任务: [P0] OBJ-08-002 - 等保三级合规
[乐右弼] 📝 生成代码: /workspace/projects/workspace/xuanji-engine-v2/08/youbi/star/obj_08_002.py
[乐右弼] ✅ Git提交成功: e81e445

🚀 [于右护] 开始工作...
[于右护] ✅ 领取任务: [P0] OBJ-08-003 - 数据安全
[于右护] 📝 生成代码: /workspace/projects/workspace/xuanji-engine-v2/08/youbi/star/obj_08_003.py
[于右护] ✅ Git提交成功: b8ceb17

🚀 [时右卫] 开始工作...
[时右卫] ✅ 领取任务: [P1] P2-08-017 - 安全策略完善
[时右卫] 📝 生成代码: /workspace/projects/workspace/xuanji-engine-v2/08/youbi/star/p2_08_017.py
[时右卫] ✅ Git提交成功: b247303

🚀 [皮右防] 开始工作...
[皮右防] ✅ 领取任务: [P1] P2-08-018 - 审计报表优化
[皮右防] 📝 生成代码: /workspace/projects/workspace/xuanji-engine-v2/08/youbi/star/p2_08_018.py
[皮右防] ✅ Git提交成功: 07ad388

🚀 [卞右盾] 开始工作...

🚀 [薛贪狼] 开始工作...
[薛贪狼] ✅ 领取任务: [P0] OBJ-09-001 - 五端统一交互协议
[薛贪狼] 📝 生成代码: /workspace/projects/workspace/xuanji-engine-v2/09/tanlang/star/obj_09_001.py
[薛贪狼] ✅ Git提交成功: 4346f2b

🚀 [雷贪音] 开始工作...
[雷贪音] ✅ 领取任务: [P0] OBJ-09-002 - 跨端状态同步
[雷贪音] 📝 生成代码: /workspace/projects/workspace/xuanji-engine-v2/09/tanlang/star/obj_09_002.py
[雷贪音] ✅ Git提交成功: c82b4c2

🚀 [贺贪形] 开始工作...
[贺贪形] ✅ 领取任务: [P0] OBJ-09-003 - 性能优化
[贺贪形] 📝 生成代码: /workspace/projects/workspace/xuanji-engine-v2/09/tanlang/star/obj_09_003.py
[贺贪形] ✅ Git提交成功: 3f72b61

🚀 [贡志强] 开始工作...
[贡志强] ✅ 领取任务: [P1] P2-09-019 - 交互界面优化
[贡志强] 📝 生成代码: /workspace/projects/workspace/xuanji-engine-v2/09/tanlang/star/p2_09_019.py
[贡志强] ✅ Git提交成功: 1cc2687

🚀 [赏志明] 开始工作...
[赏志明] ✅ 领取任务: [P1] P2-09-020 - 语音识别优化
[赏志明] 📝 生成代码: /workspace/projects/workspace/xuanji-engine-v2/09/tanlang/star/p2_09_020.py
[赏志明] ✅ Git提交成功: 38aadad

🚀 [巴图] 开始工作...

🚀 [弓志明] 开始工作...

🚀 [母志明] 开始工作...

🚀 [齐辅弼] 开始工作...
[齐辅弼] ✅ 领取任务: [P0] OBJ-10-001 - 官方网站与文档
[齐辅弼] 📝 生成代码: /workspace/projects/workspace/xuanji-engine-v2/10/fubi/star/obj_10_001.py
[齐辅弼] ✅ Git提交成功: 4591ed6

🚀 [康辅星] 开始工作...
[康辅星] ✅ 领取任务: [P0] OBJ-10-002 - 开发者开放平台
[康辅星] 📝 生成代码: /workspace/projects/workspace/xuanji-engine-v2/10/fubi/star/obj_10_002.py
[康辅星] ✅ Git提交成功: 98f3209

🚀 [和产品] 开始工作...
[和产品] ✅ 领取任务: [P0] OBJ-10-003 - 插件市场
[和产品] 📝 生成代码: /workspace/projects/workspace/xuanji-engine-v2/10/fubi/star/obj_10_003.py
[和产品] ✅ Git提交成功: 5bc6e20

🚀 [穆产品] 开始工作...
[穆产品] ✅ 领取任务: [P1] P2-10-021 - 文档结构优化
[穆产品] 📝 生成代码: /workspace/projects/workspace/xuanji-engine-v2/10/fubi/star/p2_10_021.py
[穆产品] ✅ Git提交成功: 51f5b64

🚀 [财市场] 开始工作...
[财市场] ✅ 领取任务: [P1] P2-10-022 - 开发者体验优化
[财市场] 📝 生成代码: /workspace/projects/workspace/xuanji-engine-v2/10/fubi/star/p2_10_022.py
[财市场] ✅ Git提交成功: 4f831db

🚀 [干市场] 开始工作...

🚀 [曲市场] 开始工作...

🚀 [桥客服] 开始工作...

🚀 [银客服] 开始工作...

🚀 [言客服] 开始工作...
[陈元灵] ✅ 领取任务: [P0] C-01-001 - 全领域知识自动获取
[陈元灵] 📝 生成代码: /workspace/projects/workspace/xuanji-engine-v2/01/ziwei/star/c_01_001.py
[陈元灵] ✅ Git提交成功: c3f594b
[张一凡] ✅ 领取任务: [P0] C-01-002 - 知识切片自动生成
[张一凡] 📝 生成代码: /workspace/projects/workspace/xuanji-engine-v2/01/ziwei/star/c_01_002.py
[张一凡] ✅ Git提交成功: d0aa331
[刘二明] ✅ 领取任务: [P0] C-01-003 - 插件自动化封装
[刘二明] 📝 生成代码: /workspace/projects/workspace/xuanji-engine-v2/01/ziwei/star/c_01_003.py
[刘二明] ✅ Git提交成功: 4cabbd8
[王三思] ✅ 领取任务: [P0] C-01-004 - 智能定价系统
[王三思] 📝 生成代码: /workspace/projects/workspace/xuanji-engine-v2/01/ziwei/star/c_01_004.py
[王三思] ✅ Git提交成功: 1f62178
[赵四维] ✅ 领取任务: [P0] C-01-005 - 总控后台监控
[赵四维] 📝 生成代码: /workspace/projects/workspace/xuanji-engine-v2/01/ziwei/star/c_01_005.py
[赵四维] ✅ Git提交成功: 2c1d268
[周禄存] ✅ 领取任务: [P0] Task-07 - 系统集成测试
[周禄存] 📝 生成代码: /workspace/projects/workspace/xuanji-engine-v2/02/lucun/star/task_07.py
[周禄存] ⚠️ Git提交失败: 提交失败: 
[吴存真] ✅ 领取任务: [P0] Task-08 - 文档编写与交付
[吴存真] 📝 生成代码: /workspace/projects/workspace/xuanji-engine-v2/02/lucun/star/task_08.py
[吴存真] ⚠️ Git提交失败: 提交失败: 
[郑存义] ✅ 领取任务: [P0] C-02-001 - 多模型统一接入
[郑存义] 📝 生成代码: /workspace/projects/workspace/xuanji-engine-v2/02/lucun/star/c_02_001.py
[郑存义] ⚠️ Git提交失败: 提交失败: 
[钱存信] ✅ 领取任务: [P0] C-02-002 - 智能调度引擎
[钱存信] 📝 生成代码: /workspace/projects/workspace/xuanji-engine-v2/02/lucun/star/c_02_002.py
[钱存信] ⚠️ Git提交失败: 提交失败: 
[冯存智] ✅ 领取任务: [P0] C-02-003 - 成本优化
[冯存智] 📝 生成代码: /workspace/projects/workspace/xuanji-engine-v2/02/lucun/star/c_02_003.py
[冯存智] ⚠️ Git提交失败: 提交失败: 
[蒋巨门] ✅ 领取任务: [P1] P3-03-005 - 记忆导出功能
[蒋巨门] 📝 生成代码: /workspace/projects/workspace/xuanji-engine-v2/03/jumen/star/p3_03_005.py
[蒋巨门] ⚠️ Git提交失败: 提交失败: 
[沈巨明] ✅ 领取任务: [P1] P3-03-006 - 记忆迁移工具
[沈巨明] 📝 生成代码: /workspace/projects/workspace/xuanji-engine-v2/03/jumen/star/p3_03_006.py
[沈巨明] ⚠️ Git提交失败: 提交失败: 
[韩巨亮] ✅ 领取任务: [P1] P4-03-005 - 长期记忆压缩
[韩巨亮] 📝 生成代码: /workspace/projects/workspace/xuanji-engine-v2/03/jumen/star/p4_03_005.py
[韩巨亮] ⚠️ Git提交失败: 提交失败: 
[杨巨知] ✅ 领取任务: [P1] P4-03-006 - 记忆隐私加密
[杨巨知] 📝 生成代码: /workspace/projects/workspace/xuanji-engine-v2/03/jumen/star/p4_03_006.py
[杨巨知] ⚠️ Git提交失败: 提交失败: 
[伍廉贞] ✅ 领取任务: [P1] P3-04-007 - 人格导入导出
[伍廉贞] 📝 生成代码: /workspace/projects/workspace/xuanji-engine-v2/04/lianzheng/star/p3_04_007.py
[伍廉贞] ✅ Git提交成功: 1d2cb3d
[余廉心] ✅ 领取任务: [P1] P3-04-008 - 情绪分析报告
[余廉心] 📝 生成代码: /workspace/projects/workspace/xuanji-engine-v2/04/lianzheng/star/p3_04_008.py
[余廉心] ✅ Git提交成功: fb6478d
[元廉情] ✅ 领取任务: [P1] P4-04-007 - 人格A/B测试
[元廉情] 📝 生成代码: /workspace/projects/workspace/xuanji-engine-v2/04/lianzheng/star/p4_04_007.py
[元廉情] ✅ Git提交成功: 04b6bf1
[孟廉意] ✅ 领取任务: [P1] P4-04-008 - 情绪预测引擎
[孟廉意] 📝 生成代码: /workspace/projects/workspace/xuanji-engine-v2/04/lianzheng/star/p4_04_008.py
[孟廉意] ✅ Git提交成功: 76ef160
[谢武功] ✅ 领取任务: [P1] P3-05-009 - 插件市场推广
[谢武功] 📝 生成代码: /workspace/projects/workspace/xuanji-engine-v2/05/wuqu/star/p3_05_009.py
[谢武功] ✅ Git提交成功: db403c7
[邹武全] ✅ 领取任务: [P1] P3-05-010 - 插件评分系统
[邹武全] 📝 生成代码: /workspace/projects/workspace/xuanji-engine-v2/05/wuqu/star/p3_05_010.py
[邹武全] ✅ Git提交成功: 4127273
[喻武能] ✅ 领取任务: [P1] P4-05-009 - 插件AI增强
[喻武能] 📝 生成代码: /workspace/projects/workspace/xuanji-engine-v2/05/wuqu/star/p4_05_009.py
[喻武能] ✅ Git提交成功: 7c03f19
[柏武技] ✅ 领取任务: [P1] P4-05-010 - 插件生态联盟
[柏武技] 📝 生成代码: /workspace/projects/workspace/xuanji-engine-v2/05/wuqu/star/p4_05_010.py
[柏武技] ✅ Git提交成功: a9ca9b5
[章破军] ✅ 领取任务: [P1] P3-06-011 - 工作流可视化
[章破军] 📝 生成代码: /workspace/projects/workspace/xuanji-engine-v2/06/pojun/star/p3_06_011.py
[章破军] ✅ Git提交成功: f6b38d0
[云破敌] ✅ 领取任务: [P1] P3-06-012 - 任务模板库
[云破敌] 📝 生成代码: /workspace/projects/workspace/xuanji-engine-v2/06/pojun/star/p3_06_012.py
[云破敌] ✅ Git提交成功: 7944a11
[苏破阵] ✅ 领取任务: [P1] P4-06-011 - 跨系统编排
[苏破阵] 📝 生成代码: /workspace/projects/workspace/xuanji-engine-v2/06/pojun/star/p4_06_011.py
[苏破阵] ✅ Git提交成功: d98c3d0
[潘破晓] ✅ 领取任务: [P1] P4-06-012 - 任务链智能优化
[潘破晓] 📝 生成代码: /workspace/projects/workspace/xuanji-engine-v2/06/pojun/star/p4_06_012.py
[潘破晓] ✅ Git提交成功: f23d4fa
[倪左辅] ✅ 领取任务: [P1] P2-07-016 - 监控指标扩展
[倪左辅] 📝 生成代码: /workspace/projects/workspace/xuanji-engine-v2/07/zuofu/star/p2_07_016.py
[倪左辅] ✅ Git提交成功: af8e2cc
[汤左膀] ✅ 领取任务: [P1] P3-07-013 - 多云部署支持
[汤左膀] 📝 生成代码: /workspace/projects/workspace/xuanji-engine-v2/07/zuofu/star/p3_07_013.py
[汤左膀] ✅ Git提交成功: e04554a
[殷左翼] ✅ 领取任务: [P1] P3-07-014 - 成本优化工具
[殷左翼] 📝 生成代码: /workspace/projects/workspace/xuanji-engine-v2/07/zuofu/star/p3_07_014.py
[殷左翼] ✅ Git提交成功: a6a2d65
[殷左护] ✅ 领取任务: [P1] P4-07-013 - 智能扩缩容
[殷左护] 📝 生成代码: /workspace/projects/workspace/xuanji-engine-v2/07/zuofu/star/p4_07_013.py
[殷左护] ✅ Git提交成功: b5a087e
[罗左卫] ✅ 领取任务: [P1] P4-07-014 - 灾难自动恢复
[罗左卫] 📝 生成代码: /workspace/projects/workspace/xuanji-engine-v2/07/zuofu/star/p4_07_014.py
[罗左卫] ✅ Git提交成功: 2410b91
[周右弼] ✅ 领取任务: [P1] P3-08-015 - GDPR合规支持
[周右弼] 📝 生成代码: /workspace/projects/workspace/xuanji-engine-v2/08/youbi/star/p3_08_015.py
[周右弼] ✅ Git提交成功: 3369ff4
[乐右弼] ✅ 领取任务: [P1] P3-08-016 - 安全审计自动化
[乐右弼] 📝 生成代码: /workspace/projects/workspace/xuanji-engine-v2/08/youbi/star/p3_08_016.py
[乐右弼] ✅ Git提交成功: 0b5f0bc
[于右护] ✅ 领取任务: [P1] P4-08-015 - 零信任架构
[于右护] 📝 生成代码: /workspace/projects/workspace/xuanji-engine-v2/08/youbi/star/p4_08_015.py
[于右护] ✅ Git提交成功: 7aa4abd
[时右卫] ✅ 领取任务: [P1] P4-08-016 - 安全威胁狩猎
[时右卫] 📝 生成代码: /workspace/projects/workspace/xuanji-engine-v2/08/youbi/star/p4_08_016.py
[时右卫] ✅ Git提交成功: cf71776
[薛贪狼] ✅ 领取任务: [P1] P3-09-017 - 视频通话功能
[薛贪狼] 📝 生成代码: /workspace/projects/workspace/xuanji-engine-v2/09/tanlang/star/p3_09_017.py
[薛贪狼] ✅ Git提交成功: 7a8eecf
[雷贪音] ✅ 领取任务: [P1] P3-09-018 - 屏幕共享功能
[雷贪音] 📝 生成代码: /workspace/projects/workspace/xuanji-engine-v2/09/tanlang/star/p3_09_018.py
[雷贪音] ✅ Git提交成功: 82c209c
[贺贪形] ✅ 领取任务: [P1] P4-09-017 - 多模态理解
[贺贪形] 📝 生成代码: /workspace/projects/workspace/xuanji-engine-v2/09/tanlang/star/p4_09_017.py
[贺贪形] ✅ Git提交成功: b252cfa
[贡志强] ✅ 领取任务: [P1] P4-09-018 - 情感计算引擎
[贡志强] 📝 生成代码: /workspace/projects/workspace/xuanji-engine-v2/09/tanlang/star/p4_09_018.py
[贡志强] ✅ Git提交成功: 2d45058
[齐辅弼] ✅ 领取任务: [P1] P3-10-019 - 高级文档生成
[齐辅弼] 📝 生成代码: /workspace/projects/workspace/xuanji-engine-v2/10/fubi/star/p3_10_019.py
[齐辅弼] ✅ Git提交成功: 54b72e9
[康辅星] ✅ 领取任务: [P1] P3-10-020 - API测试套件
[康辅星] 📝 生成代码: /workspace/projects/workspace/xuanji-engine-v2/10/fubi/star/p3_10_020.py
[康辅星] ✅ Git提交成功: 54404f5
[和产品] ✅ 领取任务: [P1] P4-10-019 - 开发者社区平台
[和产品] 📝 生成代码: /workspace/projects/workspace/xuanji-engine-v2/10/fubi/star/p4_10_019.py
[和产品] ✅ Git提交成功: 3e8613e
[穆产品] ✅ 领取任务: [P1] P4-10-020 - 插件商业化平台
[穆产品] 📝 生成代码: /workspace/projects/workspace/xuanji-engine-v2/10/fubi/star/p4_10_020.py
[穆产品] ✅ Git提交成功: 5dc69a6
[陈元灵] ✅ 领取任务: [P0] C-01-006 - 个性化进化决策
[陈元灵] 📝 生成代码: /workspace/projects/workspace/xuanji-engine-v2/01/ziwei/star/c_01_006.py
[陈元灵] ✅ Git提交成功: ac6556d
[张一凡] ✅ 领取任务: [P0] C-01-007 - 用户个人知识图谱
[张一凡] 📝 生成代码: /workspace/projects/workspace/xuanji-engine-v2/01/ziwei/star/c_01_007.py
[张一凡] ✅ Git提交成功: 4f5518a
[刘二明] ✅ 领取任务: [P0] C-01-008 - 知识实时同步
[刘二明] 📝 生成代码: /workspace/projects/workspace/xuanji-engine-v2/01/ziwei/star/c_01_008.py
[刘二明] ✅ Git提交成功: f84a057
[王三思] ✅ 领取任务: [P1] Task-04 - 元灵系统性能优化
[王三思] 📝 生成代码: /workspace/projects/workspace/xuanji-engine-v2/01/ziwei/star/task_04.py
[王三思] ✅ Git提交成功: 7c0bf58
[赵四维] ✅ 领取任务: [P1] Task-05 - 自我进化能力增强
[赵四维] 📝 生成代码: /workspace/projects/workspace/xuanji-engine-v2/01/ziwei/star/task_05.py
[赵四维] ✅ Git提交成功: d6d869b
[周禄存] ✅ 领取任务: [P0] C-02-004 - 性能监控
[周禄存] 📝 生成代码: /workspace/projects/workspace/xuanji-engine-v2/02/lucun/star/c_02_004.py
[周禄存] ⚠️ Git提交失败: 提交失败: 
[吴存真] ✅ 领取任务: [P1] Task-06 - 成本优化算法开发
[吴存真] 📝 生成代码: /workspace/projects/workspace/xuanji-engine-v2/02/lucun/star/task_06.py
[吴存真] ⚠️ Git提交失败: 提交失败: 
[郑存义] ✅ 领取任务: [P1] C-02-005 - 模型自动注册
[郑存义] 📝 生成代码: /workspace/projects/workspace/xuanji-engine-v2/02/lucun/star/c_02_005.py
[郑存义] ⚠️ Git提交失败: 提交失败: 
[钱存信] ✅ 领取任务: [P1] P2-02-004 - 调度算法优化
[钱存信] 📝 生成代码: /workspace/projects/workspace/xuanji-engine-v2/02/lucun/star/p2_02_004.py
[钱存信] ⚠️ Git提交失败: 提交失败: 
[冯存智] ✅ 领取任务: [P1] P2-02-005 - 负载均衡优化
[冯存智] 📝 生成代码: /workspace/projects/workspace/xuanji-engine-v2/02/lucun/star/p2_02_005.py
[冯存智] ⚠️ Git提交失败: 提交失败: 
[孙五维] ⏳ 暂无任务，休息60秒...
[陈存理] ⏳ 暂无任务，休息60秒...
[褚存道] ⏳ 暂无任务，休息60秒...
[卫存德] ⏳ 暂无任务，休息60秒...
[秦巨诚] ⏳ 暂无任务，休息60秒...
[许巨真] ⏳ 暂无任务，休息60秒...
[戚巨实] ⏳ 暂无任务，休息60秒...
[窦武备] ⏳ 暂无任务，休息60秒...
[奚破浪] ⏳ 暂无任务，休息60秒...
[范破空] ⏳ 暂无任务，休息60秒...
[柯破云] ⏳ 暂无任务，休息60秒...
[厉破风] ⏳ 暂无任务，休息60秒...
[岑破雷] ⏳ 暂无任务，休息60秒...
[毕左护] ⏳ 暂无任务，休息60秒...
[郝左持] ⏳ 暂无任务，休息60秒...
[邬左扶] ⏳ 暂无任务，休息60秒...
[安左助] ⏳ 暂无任务，休息60秒...
[常左协] ⏳ 暂无任务，休息60秒...
[李星辰] ⏳ 暂无任务，休息60秒...
[卞右盾] ⏳ 暂无任务，休息60秒...
[巴图] ⏳ 暂无任务，休息60秒...
[弓志明] ⏳ 暂无任务，休息60秒...
[母志明] ⏳ 暂无任务，休息60秒...
[陈元灵] ✅ 领取任务: [P1] P2-01-001 - UI美化优化
[陈元灵] 📝 生成代码: /workspace/projects/workspace/xuanji-engine-v2/01/ziwei/star/p2_01_001.py
[陈元灵] ✅ Git提交成功: 6c4f796
[张一凡] ✅ 领取任务: [P1] P2-01-002 - 性能微调
[张一凡] 📝 生成代码: /workspace/projects/workspace/xuanji-engine-v2/01/ziwei/star/p2_01_002.py
[张一凡] ✅ Git提交成功: b75fe81
[干市场] ⏳ 暂无任务，休息60秒...
[曲市场] ⏳ 暂无任务，休息60秒...
[桥客服] ⏳ 暂无任务，休息60秒...
[银客服] ⏳ 暂无任务，休息60秒...
[言客服] ⏳ 暂无任务，休息60秒...
[刘二明] ✅ 领取任务: [P1] P2-01-003 - 用户体验优化
[刘二明] 📝 生成代码: /workspace/projects/workspace/xuanji-engine-v2/01/ziwei/star/p2_01_003.py
[刘二明] ✅ Git提交成功: c0e5958
[王三思] ✅ 领取任务: [P1] P3-01-001 - 多语言知识库
[王三思] 📝 生成代码: /workspace/projects/workspace/xuanji-engine-v2/01/ziwei/star/p3_01_001.py
[王三思] ✅ Git提交成功: ad37167
[赵四维] ✅ 领取任务: [P1] P3-01-002 - 跨平台知识同步
[赵四维] 📝 生成代码: /workspace/projects/workspace/xuanji-engine-v2/01/ziwei/star/p3_01_002.py
[赵四维] ✅ Git提交成功: 71be005
[周禄存] ✅ 领取任务: [P1] P2-02-006 - 缓存策略优化
[周禄存] 📝 生成代码: /workspace/projects/workspace/xuanji-engine-v2/02/lucun/star/p2_02_006.py
[周禄存] ⚠️ Git提交失败: 提交失败: 
[吴存真] ✅ 领取任务: [P1] P3-02-003 - 第三方模型接入
[吴存真] 📝 生成代码: /workspace/projects/workspace/xuanji-engine-v2/02/lucun/star/p3_02_003.py
[吴存真] ⚠️ Git提交失败: 提交失败: 
[郑存义] ✅ 领取任务: [P1] P3-02-004 - 自定义调度策略
[郑存义] 📝 生成代码: /workspace/projects/workspace/xuanji-engine-v2/02/lucun/star/p3_02_004.py
[郑存义] ⚠️ Git提交失败: 提交失败: 
[钱存信] ✅ 领取任务: [P1] P4-02-003 - SpeechLLM深度集成
[钱存信] 📝 生成代码: /workspace/projects/workspace/xuanji-engine-v2/02/lucun/star/p4_02_003.py
[钱存信] ⚠️ Git提交失败: 提交失败: 
[冯存智] ✅ 领取任务: [P1] P4-02-004 - 模型热切换引擎
[冯存智] 📝 生成代码: /workspace/projects/workspace/xuanji-engine-v2/02/lucun/star/p4_02_004.py
[冯存智] ⚠️ Git提交失败: 提交失败: 
[陈元灵] ✅ 领取任务: [P1] P4-01-001 - AI模型微调平台
[陈元灵] 📝 生成代码: /workspace/projects/workspace/xuanji-engine-v2/01/ziwei/star/p4_01_001.py
[陈元灵] ✅ Git提交成功: 12c6414
[朱巨信] ⏳ 暂无任务，休息60秒...
[李廉智] ⏳ 暂无任务，休息60秒...
[水武库] ⏳ 暂无任务，休息60秒...
[葛破浪] ⏳ 暂无任务，休息60秒...
[皮右防] ⏳ 暂无任务，休息60秒...
[赏志明] ⏳ 暂无任务，休息60秒...
[张一凡] ✅ 领取任务: [P1] P4-01-002 - 知识图谱可视化
[张一凡] 📝 生成代码: /workspace/projects/workspace/xuanji-engine-v2/01/ziwei/star/p4_01_002.py
[张一凡] ✅ Git提交成功: 8634e8d
[财市场] ⏳ 暂无任务，休息60秒...
[蒋巨门] ⏳ 暂无任务，休息60秒...
[沈巨明] ⏳ 暂无任务，休息60秒...
[韩巨亮] ⏳ 暂无任务，休息60秒...
[杨巨知] ⏳ 暂无任务，休息60秒...
[伍廉贞] ⏳ 暂无任务，休息60秒...
[余廉心] ⏳ 暂无任务，休息60秒...
[元廉情] ⏳ 暂无任务，休息60秒...
[孟廉意] ⏳ 暂无任务，休息60秒...
[谢武功] ⏳ 暂无任务，休息60秒...
[邹武全] ⏳ 暂无任务，休息60秒...
[喻武能] ⏳ 暂无任务，休息60秒...
[柏武技] ⏳ 暂无任务，休息60秒...
[章破军] ⏳ 暂无任务，休息60秒...
[云破敌] ⏳ 暂无任务，休息60秒...
[苏破阵] ⏳ 暂无任务，休息60秒...
[潘破晓] ⏳ 暂无任务，休息60秒...
[倪左辅] ⏳ 暂无任务，休息60秒...
[汤左膀] ⏳ 暂无任务，休息60秒...
[殷左翼] ⏳ 暂无任务，休息60秒...
[殷左护] ⏳ 暂无任务，休息60秒...
[罗左卫] ⏳ 暂无任务，休息60秒...
[周右弼] ⏳ 暂无任务，休息60秒...
[乐右弼] ⏳ 暂无任务，休息60秒...
[于右护] ⏳ 暂无任务，休息60秒...
[时右卫] ⏳ 暂无任务，休息60秒...
[薛贪狼] ⏳ 暂无任务，休息60秒...
[雷贪音] ⏳ 暂无任务，休息60秒...
[贺贪形] ⏳ 暂无任务，休息60秒...
[贡志强] ⏳ 暂无任务，休息60秒...
[齐辅弼] ⏳ 暂无任务，休息60秒...
[康辅星] ⏳ 暂无任务，休息60秒...
[和产品] ⏳ 暂无任务，休息60秒...
[穆产品] ⏳ 暂无任务，休息60秒...
[刘二明] ⏳ 暂无任务，休息60秒...
[王三思] ⏳ 暂无任务，休息60秒...
[赵四维] ⏳ 暂无任务，休息60秒...
[周禄存] ⏳ 暂无任务，休息60秒...
[吴存真] ⏳ 暂无任务，休息60秒...
[郑存义] ⏳ 暂无任务，休息60秒...
[钱存信] ⏳ 暂无任务，休息60秒...
[冯存智] ⏳ 暂无任务，休息60秒...
[陈元灵] ⏳ 暂无任务，休息60秒...
[张一凡] ⏳ 暂无任务，休息60秒...
[孙五维] ⏳ 暂无任务，休息60秒...
[陈存理] ⏳ 暂无任务，休息60秒...
[褚存道] ⏳ 暂无任务，休息60秒...
[卫存德] ⏳ 暂无任务，休息60秒...
[秦巨诚] ⏳ 暂无任务，休息60秒...
[许巨真] ⏳ 暂无任务，休息60秒...
[戚巨实] ⏳ 暂无任务，休息60秒...
[窦武备] ⏳ 暂无任务，休息60秒...
[奚破浪] ⏳ 暂无任务，休息60秒...
[范破空] ⏳ 暂无任务，休息60秒...
[柯破云] ⏳ 暂无任务，休息60秒...
[厉破风] ⏳ 暂无任务，休息60秒...
[岑破雷] ⏳ 暂无任务，休息60秒...
[毕左护] ⏳ 暂无任务，休息60秒...
[郝左持] ⏳ 暂无任务，休息60秒...
[邬左扶] ⏳ 暂无任务，休息60秒...
[安左助] ⏳ 暂无任务，休息60秒...
[常左协] ⏳ 暂无任务，休息60秒...
[李星辰] ⏳ 暂无任务，休息60秒...
[卞右盾] ⏳ 暂无任务，休息60秒...
[巴图] ⏳ 暂无任务，休息60秒...
[弓志明] ⏳ 暂无任务，休息60秒...
[母志明] ⏳ 暂无任务，休息60秒...
[干市场] ⏳ 暂无任务，休息60秒...
[曲市场] ⏳ 暂无任务，休息60秒...
[桥客服] ⏳ 暂无任务，休息60秒...
[银客服] ⏳ 暂无任务，休息60秒...
[言客服] ⏳ 暂无任务，休息60秒...
[朱巨信] ⏳ 暂无任务，休息60秒...
[李廉智] ⏳ 暂无任务，休息60秒...
[水武库] ⏳ 暂无任务，休息60秒...
[葛破浪] ⏳ 暂无任务，休息60秒...
[皮右防] ⏳ 暂无任务，休息60秒...
[赏志明] ⏳ 暂无任务，休息60秒...
[财市场] ⏳ 暂无任务，休息60秒...
[蒋巨门] ⏳ 暂无任务，休息60秒...
[沈巨明] ⏳ 暂无任务，休息60秒...
[韩巨亮] ⏳ 暂无任务，休息60秒...
[杨巨知] ⏳ 暂无任务，休息60秒...
[伍廉贞] ⏳ 暂无任务，休息60秒...
[余廉心] ⏳ 暂无任务，休息60秒...
[元廉情] ⏳ 暂无任务，休息60秒...
[孟廉意] ⏳ 暂无任务，休息60秒...
[谢武功] ⏳ 暂无任务，休息60秒...
[邹武全] ⏳ 暂无任务，休息60秒...
[喻武能] ⏳ 暂无任务，休息60秒...
[柏武技] ⏳ 暂无任务，休息60秒...
[章破军] ⏳ 暂无任务，休息60秒...
[云破敌] ⏳ 暂无任务，休息60秒...
[苏破阵] ⏳ 暂无任务，休息60秒...
[潘破晓] ⏳ 暂无任务，休息60秒...
[倪左辅] ⏳ 暂无任务，休息60秒...
[汤左膀] ⏳ 暂无任务，休息60秒...
[殷左翼] ⏳ 暂无任务，休息60秒...
[殷左护] ⏳ 暂无任务，休息60秒...
[罗左卫] ⏳ 暂无任务，休息60秒...
[周右弼] ⏳ 暂无任务，休息60秒...
[乐右弼] ⏳ 暂无任务，休息60秒...
[于右护] ⏳ 暂无任务，休息60秒...
[时右卫] ⏳ 暂无任务，休息60秒...
[薛贪狼] ⏳ 暂无任务，休息60秒...
[雷贪音] ⏳ 暂无任务，休息60秒...
[贺贪形] ⏳ 暂无任务，休息60秒...
[贡志强] ⏳ 暂无任务，休息60秒...
[齐辅弼] ⏳ 暂无任务，休息60秒...
[康辅星] ⏳ 暂无任务，休息60秒...
[和产品] ⏳ 暂无任务，休息60秒...
[穆产品] ⏳ 暂无任务，休息60秒...
[刘二明] ⏳ 暂无任务，休息60秒...
[王三思] ⏳ 暂无任务，休息60秒...
[赵四维] ⏳ 暂无任务，休息60秒...
[周禄存] ⏳ 暂无任务，休息60秒...
[吴存真] ⏳ 暂无任务，休息60秒...
[郑存义] ⏳ 暂无任务，休息60秒...
[钱存信] ⏳ 暂无任务，休息60秒...
[冯存智] ⏳ 暂无任务，休息60秒...
[陈元灵] ⏳ 暂无任务，休息60秒...
[张一凡] ⏳ 暂无任务，休息60秒...
[孙五维] ⏳ 暂无任务，休息60秒...
[陈存理] ⏳ 暂无任务，休息60秒...
[褚存道] ⏳ 暂无任务，休息60秒...
[卫存德] ⏳ 暂无任务，休息60秒...
[秦巨诚] ⏳ 暂无任务，休息60秒...
[许巨真] ⏳ 暂无任务，休息60秒...
[戚巨实] ⏳ 暂无任务，休息60秒...
[窦武备] ⏳ 暂无任务，休息60秒...
[奚破浪] ⏳ 暂无任务，休息60秒...
[范破空] ⏳ 暂无任务，休息60秒...
[柯破云] ⏳ 暂无任务，休息60秒...
[厉破风] ⏳ 暂无任务，休息60秒...
[岑破雷] ⏳ 暂无任务，休息60秒...
[毕左护] ⏳ 暂无任务，休息60秒...
[郝左持] ⏳ 暂无任务，休息60秒...
[邬左扶] ⏳ 暂无任务，休息60秒...
[安左助] ⏳ 暂无任务，休息60秒...
[常左协] ⏳ 暂无任务，休息60秒...
[李星辰] ⏳ 暂无任务，休息60秒...
[卞右盾] ⏳ 暂无任务，休息60秒...
[巴图] ⏳ 暂无任务，休息60秒...
[弓志明] ⏳ 暂无任务，休息60秒...
[母志明] ⏳ 暂无任务，休息60秒...
[干市场] ⏳ 暂无任务，休息60秒...
[曲市场] ⏳ 暂无任务，休息60秒...
[桥客服] ⏳ 暂无任务，休息60秒...
[银客服] ⏳ 暂无任务，休息60秒...
[言客服] ⏳ 暂无任务，休息60秒...
[朱巨信] ⏳ 暂无任务，休息60秒...
[李廉智] ⏳ 暂无任务，休息60秒...
[水武库] ⏳ 暂无任务，休息60秒...
[葛破浪] ⏳ 暂无任务，休息60秒...
[皮右防] ⏳ 暂无任务，休息60秒...
[赏志明] ⏳ 暂无任务，休息60秒...
[财市场] ⏳ 暂无任务，休息60秒...
[蒋巨门] ⏳ 暂无任务，休息60秒...
[沈巨明] ⏳ 暂无任务，休息60秒...
[韩巨亮] ⏳ 暂无任务，休息60秒...
[杨巨知] ⏳ 暂无任务，休息60秒...
[伍廉贞] ⏳ 暂无任务，休息60秒...
[余廉心] ⏳ 暂无任务，休息60秒...
[元廉情] ⏳ 暂无任务，休息60秒...
[孟廉意] ⏳ 暂无任务，休息60秒...
[谢武功] ⏳ 暂无任务，休息60秒...
[邹武全] ⏳ 暂无任务，休息60秒...
[喻武能] ⏳ 暂无任务，休息60秒...
[柏武技] ⏳ 暂无任务，休息60秒...
[章破军] ⏳ 暂无任务，休息60秒...
[云破敌] ⏳ 暂无任务，休息60秒...
[苏破阵] ⏳ 暂无任务，休息60秒...
[潘破晓] ⏳ 暂无任务，休息60秒...
[倪左辅] ⏳ 暂无任务，休息60秒...
[汤左膀] ⏳ 暂无任务，休息60秒...
[殷左翼] ⏳ 暂无任务，休息60秒...
[殷左护] ⏳ 暂无任务，休息60秒...
[罗左卫] ⏳ 暂无任务，休息60秒...
[周右弼] ⏳ 暂无任务，休息60秒...
[乐右弼] ⏳ 暂无任务，休息60秒...
[于右护] ⏳ 暂无任务，休息60秒...
[时右卫] ⏳ 暂无任务，休息60秒...
[薛贪狼] ⏳ 暂无任务，休息60秒...
[雷贪音] ⏳ 暂无任务，休息60秒...
[贺贪形] ⏳ 暂无任务，休息60秒...
[贡志强] ⏳ 暂无任务，休息60秒...
[齐辅弼] ⏳ 暂无任务，休息60秒...
[康辅星] ⏳ 暂无任务，休息60秒...
[和产品] ⏳ 暂无任务，休息60秒...
[穆产品] ⏳ 暂无任务，休息60秒...
[刘二明] ⏳ 暂无任务，休息60秒...
[王三思] ⏳ 暂无任务，休息60秒...
[赵四维] ⏳ 暂无任务，休息60秒...
[周禄存] ⏳ 暂无任务，休息60秒...
[吴存真] ⏳ 暂无任务，休息60秒...
[郑存义] ⏳ 暂无任务，休息60秒...
[钱存信] ⏳ 暂无任务，休息60秒...
[冯存智] ⏳ 暂无任务，休息60秒...
[陈元灵] ⏳ 暂无任务，休息60秒...
[张一凡] ⏳ 暂无任务，休息60秒...
[孙五维] ⏳ 暂无任务，休息60秒...
[陈存理] ⏳ 暂无任务，休息60秒...
[褚存道] ⏳ 暂无任务，休息60秒...
[卫存德] ⏳ 暂无任务，休息60秒...
[秦巨诚] ⏳ 暂无任务，休息60秒...
[许巨真] ⏳ 暂无任务，休息60秒...
[戚巨实] ⏳ 暂无任务，休息60秒...
[窦武备] ⏳ 暂无任务，休息60秒...
[奚破浪] ⏳ 暂无任务，休息60秒...
[范破空] ⏳ 暂无任务，休息60秒...
[柯破云] ⏳ 暂无任务，休息60秒...
[厉破风] ⏳ 暂无任务，休息60秒...
[岑破雷] ⏳ 暂无任务，休息60秒...
[毕左护] ⏳ 暂无任务，休息60秒...
[郝左持] ⏳ 暂无任务，休息60秒...
[邬左扶] ⏳ 暂无任务，休息60秒...
[安左助] ⏳ 暂无任务，休息60秒...
[常左协] ⏳ 暂无任务，休息60秒...
[李星辰] ⏳ 暂无任务，休息60秒...
[卞右盾] ⏳ 暂无任务，休息60秒...
[巴图] ⏳ 暂无任务，休息60秒...
[弓志明] ⏳ 暂无任务，休息60秒...
[母志明] ⏳ 暂无任务，休息60秒...
[干市场] ⏳ 暂无任务，休息60秒...
[曲市场] ⏳ 暂无任务，休息60秒...
[桥客服] ⏳ 暂无任务，休息60秒...
[银客服] ⏳ 暂无任务，休息60秒...
[言客服] ⏳ 暂无任务，休息60秒...
[朱巨信] ⏳ 暂无任务，休息60秒...
[李廉智] ⏳ 暂无任务，休息60秒...
[水武库] ⏳ 暂无任务，休息60秒...
[葛破浪] ⏳ 暂无任务，休息60秒...
[皮右防] ⏳ 暂无任务，休息60秒...
[赏志明] ⏳ 暂无任务，休息60秒...
[财市场] ⏳ 暂无任务，休息60秒...
[蒋巨门] ⏳ 暂无任务，休息60秒...
[沈巨明] ⏳ 暂无任务，休息60秒...
[韩巨亮] ⏳ 暂无任务，休息60秒...
[杨巨知] ⏳ 暂无任务，休息60秒...
[伍廉贞] ⏳ 暂无任务，休息60秒...
[余廉心] ⏳ 暂无任务，休息60秒...
[元廉情] ⏳ 暂无任务，休息60秒...
[孟廉意] ⏳ 暂无任务，休息60秒...
[谢武功] ⏳ 暂无任务，休息60秒...
[邹武全] ⏳ 暂无任务，休息60秒...
[喻武能] ⏳ 暂无任务，休息60秒...
[柏武技] ⏳ 暂无任务，休息60秒...
[章破军] ⏳ 暂无任务，休息60秒...
[云破敌] ⏳ 暂无任务，休息60秒...
[苏破阵] ⏳ 暂无任务，休息60秒...
[潘破晓] ⏳ 暂无任务，休息60秒...
[倪左辅] ⏳ 暂无任务，休息60秒...
[汤左膀] ⏳ 暂无任务，休息60秒...
[殷左翼] ⏳ 暂无任务，休息60秒...
[殷左护] ⏳ 暂无任务，休息60秒...
[罗左卫] ⏳ 暂无任务，休息60秒...
[周右弼] ⏳ 暂无任务，休息60秒...
[乐右弼] ⏳ 暂无任务，休息60秒...
[于右护] ⏳ 暂无任务，休息60秒...
[时右卫] ⏳ 暂无任务，休息60秒...
[薛贪狼] ⏳ 暂无任务，休息60秒...
[雷贪音] ⏳ 暂无任务，休息60秒...
[贺贪形] ⏳ 暂无任务，休息60秒...
[贡志强] ⏳ 暂无任务，休息60秒...
[齐辅弼] ⏳ 暂无任务，休息60秒...
[康辅星] ⏳ 暂无任务，休息60秒...
[和产品] ⏳ 暂无任务，休息60秒...
[穆产品] ⏳ 暂无任务，休息60秒...
[刘二明] ⏳ 暂无任务，休息60秒...
[王三思] ⏳ 暂无任务，休息60秒...
[赵四维] ⏳ 暂无任务，休息60秒...
[周禄存] ⏳ 暂无任务，休息60秒...
[吴存真] ⏳ 暂无任务，休息60秒...
[郑存义] ⏳ 暂无任务，休息60秒...
[钱存信] ⏳ 暂无任务，休息60秒...
[冯存智] ⏳ 暂无任务，休息60秒...
[陈元灵] ⏳ 暂无任务，休息60秒...
[张一凡] ⏳ 暂无任务，休息60秒...
[孙五维] ⏳ 暂无任务，休息60秒...
[陈存理] ⏳ 暂无任务，休息60秒...
[褚存道] ⏳ 暂无任务，休息60秒...
[卫存德] ⏳ 暂无任务，休息60秒...
[秦巨诚] ⏳ 暂无任务，休息60秒...
[许巨真] ⏳ 暂无任务，休息60秒...
[戚巨实] ⏳ 暂无任务，休息60秒...
[窦武备] ⏳ 暂无任务，休息60秒...
[奚破浪] ⏳ 暂无任务，休息60秒...
[范破空] ⏳ 暂无任务，休息60秒...
[柯破云] ⏳ 暂无任务，休息60秒...
[厉破风] ⏳ 暂无任务，休息60秒...
[岑破雷] ⏳ 暂无任务，休息60秒...
[毕左护] ⏳ 暂无任务，休息60秒...
[郝左持] ⏳ 暂无任务，休息60秒...
[邬左扶] ⏳ 暂无任务，休息60秒...
[安左助] ⏳ 暂无任务，休息60秒...
[常左协] ⏳ 暂无任务，休息60秒...
[李星辰] ⏳ 暂无任务，休息60秒...
[卞右盾] ⏳ 暂无任务，休息60秒...
[巴图] ⏳ 暂无任务，休息60秒...
[弓志明] ⏳ 暂无任务，休息60秒...
[母志明] ⏳ 暂无任务，休息60秒...
[干市场] ⏳ 暂无任务，休息60秒...
[曲市场] ⏳ 暂无任务，休息60秒...
[桥客服] ⏳ 暂无任务，休息60秒...
[银客服] ⏳ 暂无任务，休息60秒...
[言客服] ⏳ 暂无任务，休息60秒...
[朱巨信] ⏳ 暂无任务，休息60秒...
[李廉智] ⏳ 暂无任务，休息60秒...
[水武库] ⏳ 暂无任务，休息60秒...
[葛破浪] ⏳ 暂无任务，休息60秒...
[皮右防] ⏳ 暂无任务，休息60秒...
[赏志明] ⏳ 暂无任务，休息60秒...
[财市场] ⏳ 暂无任务，休息60秒...
[蒋巨门] ⏳ 暂无任务，休息60秒...
[沈巨明] ⏳ 暂无任务，休息60秒...
[韩巨亮] ⏳ 暂无任务，休息60秒...
[杨巨知] ⏳ 暂无任务，休息60秒...
[伍廉贞] ⏳ 暂无任务，休息60秒...
[余廉心] ⏳ 暂无任务，休息60秒...
[元廉情] ⏳ 暂无任务，休息60秒...
[孟廉意] ⏳ 暂无任务，休息60秒...
[谢武功] ⏳ 暂无任务，休息60秒...
[邹武全] ⏳ 暂无任务，休息60秒...
[喻武能] ⏳ 暂无任务，休息60秒...
[柏武技] ⏳ 暂无任务，休息60秒...
[章破军] ⏳ 暂无任务，休息60秒...
[云破敌] ⏳ 暂无任务，休息60秒...
[苏破阵] ⏳ 暂无任务，休息60秒...
[潘破晓] ⏳ 暂无任务，休息60秒...
[倪左辅] ⏳ 暂无任务，休息60秒...
[汤左膀] ⏳ 暂无任务，休息60秒...
[殷左翼] ⏳ 暂无任务，休息60秒...
[殷左护] ⏳ 暂无任务，休息60秒...
[罗左卫] ⏳ 暂无任务，休息60秒...
[周右弼] ⏳ 暂无任务，休息60秒...
[乐右弼] ⏳ 暂无任务，休息60秒...
[于右护] ⏳ 暂无任务，休息60秒...
[时右卫] ⏳ 暂无任务，休息60秒...
[薛贪狼] ⏳ 暂无任务，休息60秒...
[雷贪音] ⏳ 暂无任务，休息60秒...
[贺贪形] ⏳ 暂无任务，休息60秒...
[贡志强] ⏳ 暂无任务，休息60秒...
[齐辅弼] ⏳ 暂无任务，休息60秒...
[康辅星] ⏳ 暂无任务，休息60秒...
[和产品] ⏳ 暂无任务，休息60秒...
[穆产品] ⏳ 暂无任务，休息60秒...
[刘二明] ⏳ 暂无任务，休息60秒...
[王三思] ⏳ 暂无任务，休息60秒...
[赵四维] ⏳ 暂无任务，休息60秒...
[周禄存] ⏳ 暂无任务，休息60秒...
[吴存真] ⏳ 暂无任务，休息60秒...
[郑存义] ⏳ 暂无任务，休息60秒...
[钱存信] ⏳ 暂无任务，休息60秒...
[冯存智] ⏳ 暂无任务，休息60秒...
[陈元灵] ⏳ 暂无任务，休息60秒...
[张一凡] ⏳ 暂无任务，休息60秒...
[孙五维] ⏳ 暂无任务，休息60秒...
[陈存理] ⏳ 暂无任务，休息60秒...
[褚存道] ⏳ 暂无任务，休息60秒...
[卫存德] ⏳ 暂无任务，休息60秒...
[秦巨诚] ⏳ 暂无任务，休息60秒...
[许巨真] ⏳ 暂无任务，休息60秒...
[戚巨实] ⏳ 暂无任务，休息60秒...
[窦武备] ⏳ 暂无任务，休息60秒...
[奚破浪] ⏳ 暂无任务，休息60秒...
[范破空] ⏳ 暂无任务，休息60秒...
[柯破云] ⏳ 暂无任务，休息60秒...
[厉破风] ⏳ 暂无任务，休息60秒...
[岑破雷] ⏳ 暂无任务，休息60秒...
[毕左护] ⏳ 暂无任务，休息60秒...
[郝左持] ⏳ 暂无任务，休息60秒...
[邬左扶] ⏳ 暂无任务，休息60秒...
[安左助] ⏳ 暂无任务，休息60秒...
[常左协] ⏳ 暂无任务，休息60秒...
[李星辰] ⏳ 暂无任务，休息60秒...
[卞右盾] ⏳ 暂无任务，休息60秒...
[巴图] ⏳ 暂无任务，休息60秒...
[弓志明] ⏳ 暂无任务，休息60秒...
[母志明] ⏳ 暂无任务，休息60秒...
[干市场] ⏳ 暂无任务，休息60秒...
[曲市场] ⏳ 暂无任务，休息60秒...
[桥客服] ⏳ 暂无任务，休息60秒...
[银客服] ⏳ 暂无任务，休息60秒...
[言客服] ⏳ 暂无任务，休息60秒...
[朱巨信] ⏳ 暂无任务，休息60秒...
[李廉智] ⏳ 暂无任务，休息60秒...
[水武库] ⏳ 暂无任务，休息60秒...
[葛破浪] ⏳ 暂无任务，休息60秒...
[皮右防] ⏳ 暂无任务，休息60秒...
[赏志明] ⏳ 暂无任务，休息60秒...
[财市场] ⏳ 暂无任务，休息60秒...
[蒋巨门] ⏳ 暂无任务，休息60秒...
[沈巨明] ⏳ 暂无任务，休息60秒...
[韩巨亮] ⏳ 暂无任务，休息60秒...
[杨巨知] ⏳ 暂无任务，休息60秒...
[伍廉贞] ⏳ 暂无任务，休息60秒...
[余廉心] ⏳ 暂无任务，休息60秒...
[元廉情] ⏳ 暂无任务，休息60秒...
[孟廉意] ⏳ 暂无任务，休息60秒...
[谢武功] ⏳ 暂无任务，休息60秒...
[邹武全] ⏳ 暂无任务，休息60秒...
[喻武能] ⏳ 暂无任务，休息60秒...
[柏武技] ⏳ 暂无任务，休息60秒...
[章破军] ⏳ 暂无任务，休息60秒...
[云破敌] ⏳ 暂无任务，休息60秒...
[苏破阵] ⏳ 暂无任务，休息60秒...
[潘破晓] ⏳ 暂无任务，休息60秒...
[倪左辅] ⏳ 暂无任务，休息60秒...
[汤左膀] ⏳ 暂无任务，休息60秒...
[殷左翼] ⏳ 暂无任务，休息60秒...
[殷左护] ⏳ 暂无任务，休息60秒...
[罗左卫] ⏳ 暂无任务，休息60秒...
[周右弼] ⏳ 暂无任务，休息60秒...
[乐右弼] ⏳ 暂无任务，休息60秒...
[于右护] ⏳ 暂无任务，休息60秒...
[时右卫] ⏳ 暂无任务，休息60秒...
[薛贪狼] ⏳ 暂无任务，休息60秒...
[雷贪音] ⏳ 暂无任务，休息60秒...
[贺贪形] ⏳ 暂无任务，休息60秒...
[贡志强] ⏳ 暂无任务，休息60秒...
[齐辅弼] ⏳ 暂无任务，休息60秒...
[康辅星] ⏳ 暂无任务，休息60秒...
[和产品] ⏳ 暂无任务，休息60秒...
[穆产品] ⏳ 暂无任务，休息60秒...
[刘二明] ⏳ 暂无任务，休息60秒...
[王三思] ⏳ 暂无任务，休息60秒...
[赵四维] ⏳ 暂无任务，休息60秒...
[周禄存] ⏳ 暂无任务，休息60秒...
[吴存真] ⏳ 暂无任务，休息60秒...
[郑存义] ⏳ 暂无任务，休息60秒...
[钱存信] ⏳ 暂无任务，休息60秒...
[冯存智] ⏳ 暂无任务，休息60秒...
[陈元灵] ⏳ 暂无任务，休息60秒...
[张一凡] ⏳ 暂无任务，休息60秒...
[孙五维] ⏳ 暂无任务，休息60秒...
[陈存理] ⏳ 暂无任务，休息60秒...
[褚存道] ⏳ 暂无任务，休息60秒...
[卫存德] ⏳ 暂无任务，休息60秒...
[秦巨诚] ⏳ 暂无任务，休息60秒...
[许巨真] ⏳ 暂无任务，休息60秒...
[戚巨实] ⏳ 暂无任务，休息60秒...
[窦武备] ⏳ 暂无任务，休息60秒...
[奚破浪] ⏳ 暂无任务，休息60秒...
[范破空] ⏳ 暂无任务，休息60秒...
[柯破云] ⏳ 暂无任务，休息60秒...
[厉破风] ⏳ 暂无任务，休息60秒...
[岑破雷] ⏳ 暂无任务，休息60秒...
[毕左护] ⏳ 暂无任务，休息60秒...
[郝左持] ⏳ 暂无任务，休息60秒...
[邬左扶] ⏳ 暂无任务，休息60秒...
[安左助] ⏳ 暂无任务，休息60秒...
[常左协] ⏳ 暂无任务，休息60秒...
[李星辰] ⏳ 暂无任务，休息60秒...
[卞右盾] ⏳ 暂无任务，休息60秒...
[巴图] ⏳ 暂无任务，休息60秒...
[弓志明] ⏳ 暂无任务，休息60秒...
[母志明] ⏳ 暂无任务，休息60秒...
[干市场] ⏳ 暂无任务，休息60秒...
[曲市场] ⏳ 暂无任务，休息60秒...
[桥客服] ⏳ 暂无任务，休息60秒...
[银客服] ⏳ 暂无任务，休息60秒...
[言客服] ⏳ 暂无任务，休息60秒...
[朱巨信] ⏳ 暂无任务，休息60秒...
[李廉智] ⏳ 暂无任务，休息60秒...
[水武库] ⏳ 暂无任务，休息60秒...
[葛破浪] ⏳ 暂无任务，休息60秒...
[皮右防] ⏳ 暂无任务，休息60秒...
[赏志明] ⏳ 暂无任务，休息60秒...
[财市场] ⏳ 暂无任务，休息60秒...
[蒋巨门] ⏳ 暂无任务，休息60秒...
[沈巨明] ⏳ 暂无任务，休息60秒...
[韩巨亮] ⏳ 暂无任务，休息60秒...
[杨巨知] ⏳ 暂无任务，休息60秒...
[伍廉贞] ⏳ 暂无任务，休息60秒...
[余廉心] ⏳ 暂无任务，休息60秒...
[元廉情] ⏳ 暂无任务，休息60秒...
[孟廉意] ⏳ 暂无任务，休息60秒...
[谢武功] ⏳ 暂无任务，休息60秒...
[邹武全] ⏳ 暂无任务，休息60秒...
[喻武能] ⏳ 暂无任务，休息60秒...
[柏武技] ⏳ 暂无任务，休息60秒...
[章破军] ⏳ 暂无任务，休息60秒...
[云破敌] ⏳ 暂无任务，休息60秒...
[苏破阵] ⏳ 暂无任务，休息60秒...
[潘破晓] ⏳ 暂无任务，休息60秒...
[倪左辅] ⏳ 暂无任务，休息60秒...
[汤左膀] ⏳ 暂无任务，休息60秒...
[殷左翼] ⏳ 暂无任务，休息60秒...
[殷左护] ⏳ 暂无任务，休息60秒...
[罗左卫] ⏳ 暂无任务，休息60秒...
[周右弼] ⏳ 暂无任务，休息60秒...
[乐右弼] ⏳ 暂无任务，休息60秒...
[于右护] ⏳ 暂无任务，休息60秒...
[时右卫] ⏳ 暂无任务，休息60秒...
[薛贪狼] ⏳ 暂无任务，休息60秒...
[雷贪音] ⏳ 暂无任务，休息60秒...
[贺贪形] ⏳ 暂无任务，休息60秒...
[贡志强] ⏳ 暂无任务，休息60秒...
[齐辅弼] ⏳ 暂无任务，休息60秒...
[康辅星] ⏳ 暂无任务，休息60秒...
[和产品] ⏳ 暂无任务，休息60秒...
[穆产品] ⏳ 暂无任务，休息60秒...
[刘二明] ⏳ 暂无任务，休息60秒...
[王三思] ⏳ 暂无任务，休息60秒...
[赵四维] ⏳ 暂无任务，休息60秒...
[周禄存] ⏳ 暂无任务，休息60秒...
[吴存真] ⏳ 暂无任务，休息60秒...
[郑存义] ⏳ 暂无任务，休息60秒...
[钱存信] ⏳ 暂无任务，休息60秒...
[冯存智] ⏳ 暂无任务，休息60秒...
[陈元灵] ⏳ 暂无任务，休息60秒...
[张一凡] ⏳ 暂无任务，休息60秒...
[孙五维] ⏳ 暂无任务，休息60秒...
[陈存理] ⏳ 暂无任务，休息60秒...
[褚存道] ⏳ 暂无任务，休息60秒...
[卫存德] ⏳ 暂无任务，休息60秒...
[秦巨诚] ⏳ 暂无任务，休息60秒...
[许巨真] ⏳ 暂无任务，休息60秒...
[戚巨实] ⏳ 暂无任务，休息60秒...
[窦武备] ⏳ 暂无任务，休息60秒...
[奚破浪] ⏳ 暂无任务，休息60秒...
[范破空] ⏳ 暂无任务，休息60秒...
[柯破云] ⏳ 暂无任务，休息60秒...
[厉破风] ⏳ 暂无任务，休息60秒...
[岑破雷] ⏳ 暂无任务，休息60秒...
[毕左护] ⏳ 暂无任务，休息60秒...
[郝左持] ⏳ 暂无任务，休息60秒...
[邬左扶] ⏳ 暂无任务，休息60秒...
[安左助] ⏳ 暂无任务，休息60秒...
[常左协] ⏳ 暂无任务，休息60秒...
[李星辰] ⏳ 暂无任务，休息60秒...
[卞右盾] ⏳ 暂无任务，休息60秒...
[巴图] ⏳ 暂无任务，休息60秒...
[弓志明] ⏳ 暂无任务，休息60秒...
[母志明] ⏳ 暂无任务，休息60秒...
[干市场] ⏳ 暂无任务，休息60秒...
[曲市场] ⏳ 暂无任务，休息60秒...
[桥客服] ⏳ 暂无任务，休息60秒...
[银客服] ⏳ 暂无任务，休息60秒...
[言客服] ⏳ 暂无任务，休息60秒...
[朱巨信] ⏳ 暂无任务，休息60秒...
[李廉智] ⏳ 暂无任务，休息60秒...
[水武库] ⏳ 暂无任务，休息60秒...
[葛破浪] ⏳ 暂无任务，休息60秒...
[皮右防] ⏳ 暂无任务，休息60秒...
[赏志明] ⏳ 暂无任务，休息60秒...
[财市场] ⏳ 暂无任务，休息60秒...
[蒋巨门] ⏳ 暂无任务，休息60秒...
[沈巨明] ⏳ 暂无任务，休息60秒...
[韩巨亮] ⏳ 暂无任务，休息60秒...
[杨巨知] ⏳ 暂无任务，休息60秒...
[伍廉贞] ⏳ 暂无任务，休息60秒...
[余廉心] ⏳ 暂无任务，休息60秒...
[元廉情] ⏳ 暂无任务，休息60秒...
[孟廉意] ⏳ 暂无任务，休息60秒...
[谢武功] ⏳ 暂无任务，休息60秒...
[邹武全] ⏳ 暂无任务，休息60秒...
[喻武能] ⏳ 暂无任务，休息60秒...
[柏武技] ⏳ 暂无任务，休息60秒...
[章破军] ⏳ 暂无任务，休息60秒...
[云破敌] ⏳ 暂无任务，休息60秒...
[苏破阵] ⏳ 暂无任务，休息60秒...
[潘破晓] ⏳ 暂无任务，休息60秒...
[倪左辅] ⏳ 暂无任务，休息60秒...
[汤左膀] ⏳ 暂无任务，休息60秒...
[殷左翼] ⏳ 暂无任务，休息60秒...
[殷左护] ⏳ 暂无任务，休息60秒...
[罗左卫] ⏳ 暂无任务，休息60秒...
[周右弼] ⏳ 暂无任务，休息60秒...
[乐右弼] ⏳ 暂无任务，休息60秒...
[于右护] ⏳ 暂无任务，休息60秒...
[时右卫] ⏳ 暂无任务，休息60秒...
[薛贪狼] ⏳ 暂无任务，休息60秒...
[雷贪音] ⏳ 暂无任务，休息60秒...
[贺贪形] ⏳ 暂无任务，休息60秒...
[贡志强] ⏳ 暂无任务，休息60秒...
[齐辅弼] ⏳ 暂无任务，休息60秒...
[康辅星] ⏳ 暂无任务，休息60秒...
[和产品] ⏳ 暂无任务，休息60秒...
[穆产品] ⏳ 暂无任务，休息60秒...
[刘二明] ⏳ 暂无任务，休息60秒...
[王三思] ⏳ 暂无任务，休息60秒...
[赵四维] ⏳ 暂无任务，休息60秒...
[周禄存] ⏳ 暂无任务，休息60秒...
[吴存真] ⏳ 暂无任务，休息60秒...
[郑存义] ⏳ 暂无任务，休息60秒...
[钱存信] ⏳ 暂无任务，休息60秒...
[冯存智] ⏳ 暂无任务，休息60秒...
[陈元灵] ⏳ 暂无任务，休息60秒...
[张一凡] ⏳ 暂无任务，休息60秒...
[孙五维] ⏳ 暂无任务，休息60秒...
[陈存理] ⏳ 暂无任务，休息60秒...
[褚存道] ⏳ 暂无任务，休息60秒...
[卫存德] ⏳ 暂无任务，休息60秒...
[秦巨诚] ⏳ 暂无任务，休息60秒...
[许巨真] ⏳ 暂无任务，休息60秒...
[戚巨实] ⏳ 暂无任务，休息60秒...
[窦武备] ⏳ 暂无任务，休息60秒...
[奚破浪] ⏳ 暂无任务，休息60秒...
[范破空] ⏳ 暂无任务，休息60秒...
[柯破云] ⏳ 暂无任务，休息60秒...
[厉破风] ⏳ 暂无任务，休息60秒...
[岑破雷] ⏳ 暂无任务，休息60秒...
[毕左护] ⏳ 暂无任务，休息60秒...
[郝左持] ⏳ 暂无任务，休息60秒...
[邬左扶] ⏳ 暂无任务，休息60秒...
[安左助] ⏳ 暂无任务，休息60秒...
[常左协] ⏳ 暂无任务，休息60秒...
[李星辰] ⏳ 暂无任务，休息60秒...
[卞右盾] ⏳ 暂无任务，休息60秒...
[巴图] ⏳ 暂无任务，休息60秒...
[弓志明] ⏳ 暂无任务，休息60秒...
[母志明] ⏳ 暂无任务，休息60秒...
[干市场] ⏳ 暂无任务，休息60秒...
[曲市场] ⏳ 暂无任务，休息60秒...
[桥客服] ⏳ 暂无任务，休息60秒...
[银客服] ⏳ 暂无任务，休息60秒...
[言客服] ⏳ 暂无任务，休息60秒...
[朱巨信] ⏳ 暂无任务，休息60秒...
[李廉智] ⏳ 暂无任务，休息60秒...
[水武库] ⏳ 暂无任务，休息60秒...
[葛破浪] ⏳ 暂无任务，休息60秒...
[皮右防] ⏳ 暂无任务，休息60秒...
[赏志明] ⏳ 暂无任务，休息60秒...
[财市场] ⏳ 暂无任务，休息60秒...
[蒋巨门] ⏳ 暂无任务，休息60秒...
[沈巨明] ⏳ 暂无任务，休息60秒...
[韩巨亮] ⏳ 暂无任务，休息60秒...
[杨巨知] ⏳ 暂无任务，休息60秒...
[伍廉贞] ⏳ 暂无任务，休息60秒...
[余廉心] ⏳ 暂无任务，休息60秒...
[元廉情] ⏳ 暂无任务，休息60秒...
[孟廉意] ⏳ 暂无任务，休息60秒...
[谢武功] ⏳ 暂无任务，休息60秒...
[邹武全] ⏳ 暂无任务，休息60秒...
[喻武能] ⏳ 暂无任务，休息60秒...
[柏武技] ⏳ 暂无任务，休息60秒...
[章破军] ⏳ 暂无任务，休息60秒...
[云破敌] ⏳ 暂无任务，休息60秒...
[苏破阵] ⏳ 暂无任务，休息60秒...
[潘破晓] ⏳ 暂无任务，休息60秒...
[倪左辅] ⏳ 暂无任务，休息60秒...
[汤左膀] ⏳ 暂无任务，休息60秒...
[殷左翼] ⏳ 暂无任务，休息60秒...
[殷左护] ⏳ 暂无任务，休息60秒...
[罗左卫] ⏳ 暂无任务，休息60秒...
[周右弼] ⏳ 暂无任务，休息60秒...
[乐右弼] ⏳ 暂无任务，休息60秒...
[于右护] ⏳ 暂无任务，休息60秒...
[时右卫] ⏳ 暂无任务，休息60秒...
[薛贪狼] ⏳ 暂无任务，休息60秒...
[雷贪音] ⏳ 暂无任务，休息60秒...
[贺贪形] ⏳ 暂无任务，休息60秒...
[贡志强] ⏳ 暂无任务，休息60秒...
[齐辅弼] ⏳ 暂无任务，休息60秒...
[康辅星] ⏳ 暂无任务，休息60秒...
[和产品] ⏳ 暂无任务，休息60秒...
[穆产品] ⏳ 暂无任务，休息60秒...
[刘二明] ⏳ 暂无任务，休息60秒...
[王三思] ⏳ 暂无任务，休息60秒...
[赵四维] ⏳ 暂无任务，休息60秒...
[周禄存] ⏳ 暂无任务，休息60秒...
[吴存真] ⏳ 暂无任务，休息60秒...
[郑存义] ⏳ 暂无任务，休息60秒...
[钱存信] ⏳ 暂无任务，休息60秒...
[冯存智] ⏳ 暂无任务，休息60秒...
[陈元灵] ⏳ 暂无任务，休息60秒...
[张一凡] ⏳ 暂无任务，休息60秒...
[孙五维] ⏳ 暂无任务，休息60秒...
[陈存理] ⏳ 暂无任务，休息60秒...
[褚存道] ⏳ 暂无任务，休息60秒...
[卫存德] ⏳ 暂无任务，休息60秒...
[秦巨诚] ⏳ 暂无任务，休息60秒...
[许巨真] ⏳ 暂无任务，休息60秒...
[戚巨实] ⏳ 暂无任务，休息60秒...
[窦武备] ⏳ 暂无任务，休息60秒...
[奚破浪] ⏳ 暂无任务，休息60秒...
[范破空] ⏳ 暂无任务，休息60秒...
[柯破云] ⏳ 暂无任务，休息60秒...
[厉破风] ⏳ 暂无任务，休息60秒...
[岑破雷] ⏳ 暂无任务，休息60秒...
[毕左护] ⏳ 暂无任务，休息60秒...
[郝左持] ⏳ 暂无任务，休息60秒...
[邬左扶] ⏳ 暂无任务，休息60秒...
[安左助] ⏳ 暂无任务，休息60秒...
[常左协] ⏳ 暂无任务，休息60秒...
[李星辰] ⏳ 暂无任务，休息60秒...
[卞右盾] ⏳ 暂无任务，休息60秒...
[巴图] ⏳ 暂无任务，休息60秒...
[弓志明] ⏳ 暂无任务，休息60秒...
[母志明] ⏳ 暂无任务，休息60秒...
[干市场] ⏳ 暂无任务，休息60秒...
[曲市场] ⏳ 暂无任务，休息60秒...
[桥客服] ⏳ 暂无任务，休息60秒...
[银客服] ⏳ 暂无任务，休息60秒...
[言客服] ⏳ 暂无任务，休息60秒...
[朱巨信] ⏳ 暂无任务，休息60秒...
[李廉智] ⏳ 暂无任务，休息60秒...
[水武库] ⏳ 暂无任务，休息60秒...
[葛破浪] ⏳ 暂无任务，休息60秒...
[皮右防] ⏳ 暂无任务，休息60秒...
[赏志明] ⏳ 暂无任务，休息60秒...
[财市场] ⏳ 暂无任务，休息60秒...
[蒋巨门] ⏳ 暂无任务，休息60秒...
[沈巨明] ⏳ 暂无任务，休息60秒...
[韩巨亮] ⏳ 暂无任务，休息60秒...
[杨巨知] ⏳ 暂无任务，休息60秒...
[伍廉贞] ⏳ 暂无任务，休息60秒...
[余廉心] ⏳ 暂无任务，休息60秒...
[元廉情] ⏳ 暂无任务，休息60秒...
[孟廉意] ⏳ 暂无任务，休息60秒...
[谢武功] ⏳ 暂无任务，休息60秒...
[邹武全] ⏳ 暂无任务，休息60秒...
[喻武能] ⏳ 暂无任务，休息60秒...
[柏武技] ⏳ 暂无任务，休息60秒...
[章破军] ⏳ 暂无任务，休息60秒...
[云破敌] ⏳ 暂无任务，休息60秒...
[苏破阵] ⏳ 暂无任务，休息60秒...
[潘破晓] ⏳ 暂无任务，休息60秒...
[倪左辅] ⏳ 暂无任务，休息60秒...
[汤左膀] ⏳ 暂无任务，休息60秒...
[殷左翼] ⏳ 暂无任务，休息60秒...
[殷左护] ⏳ 暂无任务，休息60秒...
[罗左卫] ⏳ 暂无任务，休息60秒...
[周右弼] ⏳ 暂无任务，休息60秒...
[乐右弼] ⏳ 暂无任务，休息60秒...
[于右护] ⏳ 暂无任务，休息60秒...
[时右卫] ⏳ 暂无任务，休息60秒...
[薛贪狼] ⏳ 暂无任务，休息60秒...
[雷贪音] ⏳ 暂无任务，休息60秒...
[贺贪形] ⏳ 暂无任务，休息60秒...
[贡志强] ⏳ 暂无任务，休息60秒...
[齐辅弼] ⏳ 暂无任务，休息60秒...
[康辅星] ⏳ 暂无任务，休息60秒...
[和产品] ⏳ 暂无任务，休息60秒...
[穆产品] ⏳ 暂无任务，休息60秒...
[刘二明] ⏳ 暂无任务，休息60秒...
[王三思] ⏳ 暂无任务，休息60秒...
[赵四维] ⏳ 暂无任务，休息60秒...
[周禄存] ⏳ 暂无任务，休息60秒...
[吴存真] ⏳ 暂无任务，休息60秒...
[郑存义] ⏳ 暂无任务，休息60秒...
[钱存信] ⏳ 暂无任务，休息60秒...
[冯存智] ⏳ 暂无任务，休息60秒...
[陈元灵] ⏳ 暂无任务，休息60秒...
[张一凡] ⏳ 暂无任务，休息60秒...
[孙五维] ⏳ 暂无任务，休息60秒...
[陈存理] ⏳ 暂无任务，休息60秒...
[褚存道] ⏳ 暂无任务，休息60秒...
[卫存德] ⏳ 暂无任务，休息60秒...
[秦巨诚] ⏳ 暂无任务，休息60秒...
[许巨真] ⏳ 暂无任务，休息60秒...
[戚巨实] ⏳ 暂无任务，休息60秒...
[窦武备] ⏳ 暂无任务，休息60秒...
[奚破浪] ⏳ 暂无任务，休息60秒...
[范破空] ⏳ 暂无任务，休息60秒...
[柯破云] ⏳ 暂无任务，休息60秒...
[厉破风] ⏳ 暂无任务，休息60秒...
[岑破雷] ⏳ 暂无任务，休息60秒...
[毕左护] ⏳ 暂无任务，休息60秒...
[郝左持] ⏳ 暂无任务，休息60秒...
[邬左扶] ⏳ 暂无任务，休息60秒...
[安左助] ⏳ 暂无任务，休息60秒...
[常左协] ⏳ 暂无任务，休息60秒...
[李星辰] ⏳ 暂无任务，休息60秒...
[卞右盾] ⏳ 暂无任务，休息60秒...
[巴图] ⏳ 暂无任务，休息60秒...
[弓志明] ⏳ 暂无任务，休息60秒...
[母志明] ⏳ 暂无任务，休息60秒...
[干市场] ⏳ 暂无任务，休息60秒...
[曲市场] ⏳ 暂无任务，休息60秒...
[桥客服] ⏳ 暂无任务，休息60秒...
[银客服] ⏳ 暂无任务，休息60秒...
[言客服] ⏳ 暂无任务，休息60秒...
[朱巨信] ⏳ 暂无任务，休息60秒...
[李廉智] ⏳ 暂无任务，休息60秒...
[水武库] ⏳ 暂无任务，休息60秒...
[葛破浪] ⏳ 暂无任务，休息60秒...
[皮右防] ⏳ 暂无任务，休息60秒...
[赏志明] ⏳ 暂无任务，休息60秒...
[财市场] ⏳ 暂无任务，休息60秒...
[蒋巨门] ⏳ 暂无任务，休息60秒...
[沈巨明] ⏳ 暂无任务，休息60秒...
[韩巨亮] ⏳ 暂无任务，休息60秒...
[杨巨知] ⏳ 暂无任务，休息60秒...
[伍廉贞] ⏳ 暂无任务，休息60秒...
[余廉心] ⏳ 暂无任务，休息60秒...
[元廉情] ⏳ 暂无任务，休息60秒...
[孟廉意] ⏳ 暂无任务，休息60秒...
[谢武功] ⏳ 暂无任务，休息60秒...
[邹武全] ⏳ 暂无任务，休息60秒...
[喻武能] ⏳ 暂无任务，休息60秒...
[柏武技] ⏳ 暂无任务，休息60秒...
[章破军] ⏳ 暂无任务，休息60秒...
[云破敌] ⏳ 暂无任务，休息60秒...
[苏破阵] ⏳ 暂无任务，休息60秒...
[潘破晓] ⏳ 暂无任务，休息60秒...
[倪左辅] ⏳ 暂无任务，休息60秒...
[汤左膀] ⏳ 暂无任务，休息60秒...
[殷左翼] ⏳ 暂无任务，休息60秒...
[殷左护] ⏳ 暂无任务，休息60秒...
[罗左卫] ⏳ 暂无任务，休息60秒...
[周右弼] ⏳ 暂无任务，休息60秒...
[乐右弼] ⏳ 暂无任务，休息60秒...
[于右护] ⏳ 暂无任务，休息60秒...
[时右卫] ⏳ 暂无任务，休息60秒...
[薛贪狼] ⏳ 暂无任务，休息60秒...
[雷贪音] ⏳ 暂无任务，休息60秒...
[贺贪形] ⏳ 暂无任务，休息60秒...
[贡志强] ⏳ 暂无任务，休息60秒...
[齐辅弼] ⏳ 暂无任务，休息60秒...
[康辅星] ⏳ 暂无任务，休息60秒...
[和产品] ⏳ 暂无任务，休息60秒...
[穆产品] ⏳ 暂无任务，休息60秒...
[刘二明] ⏳ 暂无任务，休息60秒...
[王三思] ⏳ 暂无任务，休息60秒...
[赵四维] ⏳ 暂无任务，休息60秒...
[周禄存] ⏳ 暂无任务，休息60秒...
[吴存真] ⏳ 暂无任务，休息60秒...
[郑存义] ⏳ 暂无任务，休息60秒...
[钱存信] ⏳ 暂无任务，休息60秒...
[冯存智] ⏳ 暂无任务，休息60秒...
[陈元灵] ⏳ 暂无任务，休息60秒...
[张一凡] ⏳ 暂无任务，休息60秒...
[孙五维] ⏳ 暂无任务，休息60秒...
[陈存理] ⏳ 暂无任务，休息60秒...
[褚存道] ⏳ 暂无任务，休息60秒...
[卫存德] ⏳ 暂无任务，休息60秒...
[秦巨诚] ⏳ 暂无任务，休息60秒...
[许巨真] ⏳ 暂无任务，休息60秒...
[戚巨实] ⏳ 暂无任务，休息60秒...
[窦武备] ⏳ 暂无任务，休息60秒...
[奚破浪] ⏳ 暂无任务，休息60秒...
[范破空] ⏳ 暂无任务，休息60秒...
[柯破云] ⏳ 暂无任务，休息60秒...
[厉破风] ⏳ 暂无任务，休息60秒...
[岑破雷] ⏳ 暂无任务，休息60秒...
[毕左护] ⏳ 暂无任务，休息60秒...
[郝左持] ⏳ 暂无任务，休息60秒...
[邬左扶] ⏳ 暂无任务，休息60秒...
[安左助] ⏳ 暂无任务，休息60秒...
[常左协] ⏳ 暂无任务，休息60秒...
[李星辰] ⏳ 暂无任务，休息60秒...
[卞右盾] ⏳ 暂无任务，休息60秒...
[巴图] ⏳ 暂无任务，休息60秒...
[弓志明] ⏳ 暂无任务，休息60秒...
[母志明] ⏳ 暂无任务，休息60秒...
[干市场] ⏳ 暂无任务，休息60秒...
[曲市场] ⏳ 暂无任务，休息60秒...
[桥客服] ⏳ 暂无任务，休息60秒...
[银客服] ⏳ 暂无任务，休息60秒...
[言客服] ⏳ 暂无任务，休息60秒...
[朱巨信] ⏳ 暂无任务，休息60秒...
[李廉智] ⏳ 暂无任务，休息60秒...
[水武库] ⏳ 暂无任务，休息60秒...
[葛破浪] ⏳ 暂无任务，休息60秒...
[皮右防] ⏳ 暂无任务，休息60秒...
[赏志明] ⏳ 暂无任务，休息60秒...
[财市场] ⏳ 暂无任务，休息60秒...
[蒋巨门] ⏳ 暂无任务，休息60秒...
[沈巨明] ⏳ 暂无任务，休息60秒...
[韩巨亮] ⏳ 暂无任务，休息60秒...
[杨巨知] ⏳ 暂无任务，休息60秒...
[伍廉贞] ⏳ 暂无任务，休息60秒...
[余廉心] ⏳ 暂无任务，休息60秒...
[元廉情] ⏳ 暂无任务，休息60秒...
[孟廉意] ⏳ 暂无任务，休息60秒...
[谢武功] ⏳ 暂无任务，休息60秒...
[邹武全] ⏳ 暂无任务，休息60秒...
[喻武能] ⏳ 暂无任务，休息60秒...
[柏武技] ⏳ 暂无任务，休息60秒...
[章破军] ⏳ 暂无任务，休息60秒...
[云破敌] ⏳ 暂无任务，休息60秒...
[苏破阵] ⏳ 暂无任务，休息60秒...
[潘破晓] ⏳ 暂无任务，休息60秒...
[倪左辅] ⏳ 暂无任务，休息60秒...
[汤左膀] ⏳ 暂无任务，休息60秒...
[殷左翼] ⏳ 暂无任务，休息60秒...
[殷左护] ⏳ 暂无任务，休息60秒...
[罗左卫] ⏳ 暂无任务，休息60秒...
[周右弼] ⏳ 暂无任务，休息60秒...
[乐右弼] ⏳ 暂无任务，休息60秒...
[于右护] ⏳ 暂无任务，休息60秒...
[时右卫] ⏳ 暂无任务，休息60秒...
[薛贪狼] ⏳ 暂无任务，休息60秒...
[雷贪音] ⏳ 暂无任务，休息60秒...
[贺贪形] ⏳ 暂无任务，休息60秒...
[贡志强] ⏳ 暂无任务，休息60秒...
[齐辅弼] ⏳ 暂无任务，休息60秒...
[康辅星] ⏳ 暂无任务，休息60秒...
[和产品] ⏳ 暂无任务，休息60秒...
[穆产品] ⏳ 暂无任务，休息60秒...
[刘二明] ⏳ 暂无任务，休息60秒...
[王三思] ⏳ 暂无任务，休息60秒...
[赵四维] ⏳ 暂无任务，休息60秒...
[周禄存] ⏳ 暂无任务，休息60秒...
[吴存真] ⏳ 暂无任务，休息60秒...
[郑存义] ⏳ 暂无任务，休息60秒...
[钱存信] ⏳ 暂无任务，休息60秒...
[冯存智] ⏳ 暂无任务，休息60秒...
[陈元灵] ⏳ 暂无任务，休息60秒...
[张一凡] ⏳ 暂无任务，休息60秒...
[孙五维] ⏳ 暂无任务，休息60秒...
[陈存理] ⏳ 暂无任务，休息60秒...
[褚存道] ⏳ 暂无任务，休息60秒...
[卫存德] ⏳ 暂无任务，休息60秒...
[秦巨诚] ⏳ 暂无任务，休息60秒...
[许巨真] ⏳ 暂无任务，休息60秒...
[戚巨实] ⏳ 暂无任务，休息60秒...
[窦武备] ⏳ 暂无任务，休息60秒...
[奚破浪] ⏳ 暂无任务，休息60秒...
[范破空] ⏳ 暂无任务，休息60秒...
[柯破云] ⏳ 暂无任务，休息60秒...
[厉破风] ⏳ 暂无任务，休息60秒...
[岑破雷] ⏳ 暂无任务，休息60秒...
[毕左护] ⏳ 暂无任务，休息60秒...
[郝左持] ⏳ 暂无任务，休息60秒...
[邬左扶] ⏳ 暂无任务，休息60秒...
[安左助] ⏳ 暂无任务，休息60秒...
[常左协] ⏳ 暂无任务，休息60秒...
[李星辰] ⏳ 暂无任务，休息60秒...
[卞右盾] ⏳ 暂无任务，休息60秒...
[巴图] ⏳ 暂无任务，休息60秒...
[弓志明] ⏳ 暂无任务，休息60秒...
[母志明] ⏳ 暂无任务，休息60秒...
[干市场] ⏳ 暂无任务，休息60秒...
[曲市场] ⏳ 暂无任务，休息60秒...
[桥客服] ⏳ 暂无任务，休息60秒...
[银客服] ⏳ 暂无任务，休息60秒...
[言客服] ⏳ 暂无任务，休息60秒...
[朱巨信] ⏳ 暂无任务，休息60秒...
[李廉智] ⏳ 暂无任务，休息60秒...
[水武库] ⏳ 暂无任务，休息60秒...
[葛破浪] ⏳ 暂无任务，休息60秒...
[皮右防] ⏳ 暂无任务，休息60秒...
[赏志明] ⏳ 暂无任务，休息60秒...
[财市场] ⏳ 暂无任务，休息60秒...
[蒋巨门] ⏳ 暂无任务，休息60秒...
[沈巨明] ⏳ 暂无任务，休息60秒...
[韩巨亮] ⏳ 暂无任务，休息60秒...
[杨巨知] ⏳ 暂无任务，休息60秒...
[伍廉贞] ⏳ 暂无任务，休息60秒...
[余廉心] ⏳ 暂无任务，休息60秒...
[元廉情] ⏳ 暂无任务，休息60秒...
[孟廉意] ⏳ 暂无任务，休息60秒...
[谢武功] ⏳ 暂无任务，休息60秒...
[邹武全] ⏳ 暂无任务，休息60秒...
[喻武能] ⏳ 暂无任务，休息60秒...
[柏武技] ⏳ 暂无任务，休息60秒...
[章破军] ⏳ 暂无任务，休息60秒...
[云破敌] ⏳ 暂无任务，休息60秒...
[苏破阵] ⏳ 暂无任务，休息60秒...
[潘破晓] ⏳ 暂无任务，休息60秒...
[倪左辅] ⏳ 暂无任务，休息60秒...
[汤左膀] ⏳ 暂无任务，休息60秒...
[殷左翼] ⏳ 暂无任务，休息60秒...
[殷左护] ⏳ 暂无任务，休息60秒...
[罗左卫] ⏳ 暂无任务，休息60秒...
[周右弼] ⏳ 暂无任务，休息60秒...
[乐右弼] ⏳ 暂无任务，休息60秒...
[于右护] ⏳ 暂无任务，休息60秒...
[时右卫] ⏳ 暂无任务，休息60秒...
[薛贪狼] ⏳ 暂无任务，休息60秒...
[雷贪音] ⏳ 暂无任务，休息60秒...
[贺贪形] ⏳ 暂无任务，休息60秒...
[贡志强] ⏳ 暂无任务，休息60秒...
[齐辅弼] ⏳ 暂无任务，休息60秒...
[康辅星] ⏳ 暂无任务，休息60秒...
[和产品] ⏳ 暂无任务，休息60秒...
[穆产品] ⏳ 暂无任务，休息60秒...
[刘二明] ⏳ 暂无任务，休息60秒...
[王三思] ⏳ 暂无任务，休息60秒...
[赵四维] ⏳ 暂无任务，休息60秒...
[周禄存] ⏳ 暂无任务，休息60秒...
[吴存真] ⏳ 暂无任务，休息60秒...
[郑存义] ⏳ 暂无任务，休息60秒...
[钱存信] ⏳ 暂无任务，休息60秒...
[冯存智] ⏳ 暂无任务，休息60秒...
[陈元灵] ⏳ 暂无任务，休息60秒...
[张一凡] ⏳ 暂无任务，休息60秒...
[孙五维] ⏳ 暂无任务，休息60秒...
[陈存理] ⏳ 暂无任务，休息60秒...
[褚存道] ⏳ 暂无任务，休息60秒...
[卫存德] ⏳ 暂无任务，休息60秒...
[秦巨诚] ⏳ 暂无任务，休息60秒...
[许巨真] ⏳ 暂无任务，休息60秒...
[戚巨实] ⏳ 暂无任务，休息60秒...
[窦武备] ⏳ 暂无任务，休息60秒...
[奚破浪] ⏳ 暂无任务，休息60秒...
[范破空] ⏳ 暂无任务，休息60秒...
[柯破云] ⏳ 暂无任务，休息60秒...
[厉破风] ⏳ 暂无任务，休息60秒...
[岑破雷] ⏳ 暂无任务，休息60秒...
[毕左护] ⏳ 暂无任务，休息60秒...
[郝左持] ⏳ 暂无任务，休息60秒...
[邬左扶] ⏳ 暂无任务，休息60秒...
[安左助] ⏳ 暂无任务，休息60秒...
[常左协] ⏳ 暂无任务，休息60秒...
[李星辰] ⏳ 暂无任务，休息60秒...
[卞右盾] ⏳ 暂无任务，休息60秒...
[巴图] ⏳ 暂无任务，休息60秒...
[弓志明] ⏳ 暂无任务，休息60秒...
[母志明] ⏳ 暂无任务，休息60秒...
[干市场] ⏳ 暂无任务，休息60秒...
[曲市场] ⏳ 暂无任务，休息60秒...
[桥客服] ⏳ 暂无任务，休息60秒...
[银客服] ⏳ 暂无任务，休息60秒...
[言客服] ⏳ 暂无任务，休息60秒...
[朱巨信] ⏳ 暂无任务，休息60秒...
[李廉智] ⏳ 暂无任务，休息60秒...
[水武库] ⏳ 暂无任务，休息60秒...
[葛破浪] ⏳ 暂无任务，休息60秒...
[皮右防] ⏳ 暂无任务，休息60秒...
[赏志明] ⏳ 暂无任务，休息60秒...
[财市场] ⏳ 暂无任务，休息60秒...
[蒋巨门] ⏳ 暂无任务，休息60秒...
[沈巨明] ⏳ 暂无任务，休息60秒...
[韩巨亮] ⏳ 暂无任务，休息60秒...
[杨巨知] ⏳ 暂无任务，休息60秒...
[伍廉贞] ⏳ 暂无任务，休息60秒...
[余廉心] ⏳ 暂无任务，休息60秒...
[元廉情] ⏳ 暂无任务，休息60秒...
[孟廉意] ⏳ 暂无任务，休息60秒...
[谢武功] ⏳ 暂无任务，休息60秒...
[邹武全] ⏳ 暂无任务，休息60秒...
[喻武能] ⏳ 暂无任务，休息60秒...
[柏武技] ⏳ 暂无任务，休息60秒...
[章破军] ⏳ 暂无任务，休息60秒...
[云破敌] ⏳ 暂无任务，休息60秒...
[苏破阵] ⏳ 暂无任务，休息60秒...
[潘破晓] ⏳ 暂无任务，休息60秒...
[倪左辅] ⏳ 暂无任务，休息60秒...
[汤左膀] ⏳ 暂无任务，休息60秒...
[殷左翼] ⏳ 暂无任务，休息60秒...
[殷左护] ⏳ 暂无任务，休息60秒...
[罗左卫] ⏳ 暂无任务，休息60秒...
[周右弼] ⏳ 暂无任务，休息60秒...
[乐右弼] ⏳ 暂无任务，休息60秒...
[于右护] ⏳ 暂无任务，休息60秒...
[时右卫] ⏳ 暂无任务，休息60秒...
[薛贪狼] ⏳ 暂无任务，休息60秒...
[雷贪音] ⏳ 暂无任务，休息60秒...
[贺贪形] ⏳ 暂无任务，休息60秒...
[贡志强] ⏳ 暂无任务，休息60秒...
[齐辅弼] ⏳ 暂无任务，休息60秒...
[康辅星] ⏳ 暂无任务，休息60秒...
[和产品] ⏳ 暂无任务，休息60秒...
[穆产品] ⏳ 暂无任务，休息60秒...
[刘二明] ⏳ 暂无任务，休息60秒...
[王三思] ⏳ 暂无任务，休息60秒...
[赵四维] ⏳ 暂无任务，休息60秒...
[周禄存] ⏳ 暂无任务，休息60秒...
[吴存真] ⏳ 暂无任务，休息60秒...
[郑存义] ⏳ 暂无任务，休息60秒...
[钱存信] ⏳ 暂无任务，休息60秒...
[冯存智] ⏳ 暂无任务，休息60秒...
[陈元灵] ⏳ 暂无任务，休息60秒...
[张一凡] ⏳ 暂无任务，休息60秒...
[孙五维] ⏳ 暂无任务，休息60秒...
[陈存理] ⏳ 暂无任务，休息60秒...
[褚存道] ⏳ 暂无任务，休息60秒...
[卫存德] ⏳ 暂无任务，休息60秒...
[秦巨诚] ⏳ 暂无任务，休息60秒...
[许巨真] ⏳ 暂无任务，休息60秒...
[戚巨实] ⏳ 暂无任务，休息60秒...
[窦武备] ⏳ 暂无任务，休息60秒...
[奚破浪] ⏳ 暂无任务，休息60秒...
[范破空] ⏳ 暂无任务，休息60秒...
[柯破云] ⏳ 暂无任务，休息60秒...
[厉破风] ⏳ 暂无任务，休息60秒...
[岑破雷] ⏳ 暂无任务，休息60秒...
[毕左护] ⏳ 暂无任务，休息60秒...
[郝左持] ⏳ 暂无任务，休息60秒...
[邬左扶] ⏳ 暂无任务，休息60秒...
[安左助] ⏳ 暂无任务，休息60秒...
[常左协] ⏳ 暂无任务，休息60秒...
[李星辰] ⏳ 暂无任务，休息60秒...
[卞右盾] ⏳ 暂无任务，休息60秒...
[巴图] ⏳ 暂无任务，休息60秒...
[弓志明] ⏳ 暂无任务，休息60秒...
[母志明] ⏳ 暂无任务，休息60秒...
[干市场] ⏳ 暂无任务，休息60秒...
[曲市场] ⏳ 暂无任务，休息60秒...
[桥客服] ⏳ 暂无任务，休息60秒...
[银客服] ⏳ 暂无任务，休息60秒...
[言客服] ⏳ 暂无任务，休息60秒...
[朱巨信] ⏳ 暂无任务，休息60秒...
[李廉智] ⏳ 暂无任务，休息60秒...
[水武库] ⏳ 暂无任务，休息60秒...
[葛破浪] ⏳ 暂无任务，休息60秒...
[皮右防] ⏳ 暂无任务，休息60秒...
[赏志明] ⏳ 暂无任务，休息60秒...
[财市场] ⏳ 暂无任务，休息60秒...
[蒋巨门] ⏳ 暂无任务，休息60秒...
[沈巨明] ⏳ 暂无任务，休息60秒...
[韩巨亮] ⏳ 暂无任务，休息60秒...
[杨巨知] ⏳ 暂无任务，休息60秒...
[伍廉贞] ⏳ 暂无任务，休息60秒...
[余廉心] ⏳ 暂无任务，休息60秒...
[元廉情] ⏳ 暂无任务，休息60秒...
[孟廉意] ⏳ 暂无任务，休息60秒...
[谢武功] ⏳ 暂无任务，休息60秒...
[邹武全] ⏳ 暂无任务，休息60秒...
[喻武能] ⏳ 暂无任务，休息60秒...
[柏武技] ⏳ 暂无任务，休息60秒...
[章破军] ⏳ 暂无任务，休息60秒...
[云破敌] ⏳ 暂无任务，休息60秒...
[苏破阵] ⏳ 暂无任务，休息60秒...
[潘破晓] ⏳ 暂无任务，休息60秒...
[倪左辅] ⏳ 暂无任务，休息60秒...
[汤左膀] ⏳ 暂无任务，休息60秒...
[殷左翼] ⏳ 暂无任务，休息60秒...
[殷左护] ⏳ 暂无任务，休息60秒...
[罗左卫] ⏳ 暂无任务，休息60秒...
[周右弼] ⏳ 暂无任务，休息60秒...
[乐右弼] ⏳ 暂无任务，休息60秒...
[于右护] ⏳ 暂无任务，休息60秒...
[时右卫] ⏳ 暂无任务，休息60秒...
[薛贪狼] ⏳ 暂无任务，休息60秒...
[雷贪音] ⏳ 暂无任务，休息60秒...
[贺贪形] ⏳ 暂无任务，休息60秒...
[贡志强] ⏳ 暂无任务，休息60秒...
[齐辅弼] ⏳ 暂无任务，休息60秒...
[康辅星] ⏳ 暂无任务，休息60秒...
[和产品] ⏳ 暂无任务，休息60秒...
[穆产品] ⏳ 暂无任务，休息60秒...
[刘二明] ⏳ 暂无任务，休息60秒...
[王三思] ⏳ 暂无任务，休息60秒...
[赵四维] ⏳ 暂无任务，休息60秒...
[周禄存] ⏳ 暂无任务，休息60秒...
[吴存真] ⏳ 暂无任务，休息60秒...
[郑存义] ⏳ 暂无任务，休息60秒...
[钱存信] ⏳ 暂无任务，休息60秒...
[冯存智] ⏳ 暂无任务，休息60秒...
[陈元灵] ⏳ 暂无任务，休息60秒...
[张一凡] ⏳ 暂无任务，休息60秒...
[孙五维] ⏳ 暂无任务，休息60秒...
[陈存理] ⏳ 暂无任务，休息60秒...
[褚存道] ⏳ 暂无任务，休息60秒...
[卫存德] ⏳ 暂无任务，休息60秒...
[秦巨诚] ⏳ 暂无任务，休息60秒...
[许巨真] ⏳ 暂无任务，休息60秒...
[戚巨实] ⏳ 暂无任务，休息60秒...
[窦武备] ⏳ 暂无任务，休息60秒...
[奚破浪] ⏳ 暂无任务，休息60秒...
[范破空] ⏳ 暂无任务，休息60秒...
[柯破云] ⏳ 暂无任务，休息60秒...
[厉破风] ⏳ 暂无任务，休息60秒...
[岑破雷] ⏳ 暂无任务，休息60秒...
[毕左护] ⏳ 暂无任务，休息60秒...
[郝左持] ⏳ 暂无任务，休息60秒...
[邬左扶] ⏳ 暂无任务，休息60秒...
[安左助] ⏳ 暂无任务，休息60秒...
[常左协] ⏳ 暂无任务，休息60秒...
[李星辰] ⏳ 暂无任务，休息60秒...
[卞右盾] ⏳ 暂无任务，休息60秒...
[巴图] ⏳ 暂无任务，休息60秒...
[弓志明] ⏳ 暂无任务，休息60秒...
[母志明] ⏳ 暂无任务，休息60秒...
[干市场] ⏳ 暂无任务，休息60秒...
[曲市场] ⏳ 暂无任务，休息60秒...
[桥客服] ⏳ 暂无任务，休息60秒...
[银客服] ⏳ 暂无任务，休息60秒...
[言客服] ⏳ 暂无任务，休息60秒...
[朱巨信] ⏳ 暂无任务，休息60秒...
[李廉智] ⏳ 暂无任务，休息60秒...
[水武库] ⏳ 暂无任务，休息60秒...
[葛破浪] ⏳ 暂无任务，休息60秒...
[皮右防] ⏳ 暂无任务，休息60秒...
[赏志明] ⏳ 暂无任务，休息60秒...
[财市场] ⏳ 暂无任务，休息60秒...
[蒋巨门] ⏳ 暂无任务，休息60秒...
[沈巨明] ⏳ 暂无任务，休息60秒...
[韩巨亮] ⏳ 暂无任务，休息60秒...
[杨巨知] ⏳ 暂无任务，休息60秒...
[伍廉贞] ⏳ 暂无任务，休息60秒...
[余廉心] ⏳ 暂无任务，休息60秒...
[元廉情] ⏳ 暂无任务，休息60秒...
[孟廉意] ⏳ 暂无任务，休息60秒...
[谢武功] ⏳ 暂无任务，休息60秒...
[邹武全] ⏳ 暂无任务，休息60秒...
[喻武能] ⏳ 暂无任务，休息60秒...
[柏武技] ⏳ 暂无任务，休息60秒...
[章破军] ⏳ 暂无任务，休息60秒...
[云破敌] ⏳ 暂无任务，休息60秒...
[苏破阵] ⏳ 暂无任务，休息60秒...
[潘破晓] ⏳ 暂无任务，休息60秒...
[倪左辅] ⏳ 暂无任务，休息60秒...
[汤左膀] ⏳ 暂无任务，休息60秒...
[殷左翼] ⏳ 暂无任务，休息60秒...
[殷左护] ⏳ 暂无任务，休息60秒...
[罗左卫] ⏳ 暂无任务，休息60秒...
[周右弼] ⏳ 暂无任务，休息60秒...
[乐右弼] ⏳ 暂无任务，休息60秒...
[于右护] ⏳ 暂无任务，休息60秒...
[时右卫] ⏳ 暂无任务，休息60秒...
[薛贪狼] ⏳ 暂无任务，休息60秒...
[雷贪音] ⏳ 暂无任务，休息60秒...
[贺贪形] ⏳ 暂无任务，休息60秒...
[贡志强] ⏳ 暂无任务，休息60秒...
[齐辅弼] ⏳ 暂无任务，休息60秒...
[康辅星] ⏳ 暂无任务，休息60秒...
[和产品] ⏳ 暂无任务，休息60秒...
[穆产品] ⏳ 暂无任务，休息60秒...
[刘二明] ⏳ 暂无任务，休息60秒...
[王三思] ⏳ 暂无任务，休息60秒...
[赵四维] ⏳ 暂无任务，休息60秒...
[周禄存] ⏳ 暂无任务，休息60秒...
[吴存真] ⏳ 暂无任务，休息60秒...
[郑存义] ⏳ 暂无任务，休息60秒...
[钱存信] ⏳ 暂无任务，休息60秒...
[冯存智] ⏳ 暂无任务，休息60秒...
[陈元灵] ⏳ 暂无任务，休息60秒...
[张一凡] ⏳ 暂无任务，休息60秒...
[孙五维] ⏳ 暂无任务，休息60秒...
[陈存理] ⏳ 暂无任务，休息60秒...
[褚存道] ⏳ 暂无任务，休息60秒...
[卫存德] ⏳ 暂无任务，休息60秒...
[秦巨诚] ⏳ 暂无任务，休息60秒...
[许巨真] ⏳ 暂无任务，休息60秒...
[戚巨实] ⏳ 暂无任务，休息60秒...
[窦武备] ⏳ 暂无任务，休息60秒...
[奚破浪] ⏳ 暂无任务，休息60秒...
[范破空] ⏳ 暂无任务，休息60秒...
[柯破云] ⏳ 暂无任务，休息60秒...
[厉破风] ⏳ 暂无任务，休息60秒...
[岑破雷] ⏳ 暂无任务，休息60秒...
[毕左护] ⏳ 暂无任务，休息60秒...
[郝左持] ⏳ 暂无任务，休息60秒...
[邬左扶] ⏳ 暂无任务，休息60秒...
[安左助] ⏳ 暂无任务，休息60秒...
[常左协] ⏳ 暂无任务，休息60秒...
[李星辰] ⏳ 暂无任务，休息60秒...
[卞右盾] ⏳ 暂无任务，休息60秒...
[巴图] ⏳ 暂无任务，休息60秒...
[弓志明] ⏳ 暂无任务，休息60秒...
[母志明] ⏳ 暂无任务，休息60秒...
[干市场] ⏳ 暂无任务，休息60秒...
[曲市场] ⏳ 暂无任务，休息60秒...
[桥客服] ⏳ 暂无任务，休息60秒...
[银客服] ⏳ 暂无任务，休息60秒...
[言客服] ⏳ 暂无任务，休息60秒...
[朱巨信] ⏳ 暂无任务，休息60秒...
[李廉智] ⏳ 暂无任务，休息60秒...
[水武库] ⏳ 暂无任务，休息60秒...
[葛破浪] ⏳ 暂无任务，休息60秒...
[皮右防] ⏳ 暂无任务，休息60秒...
[赏志明] ⏳ 暂无任务，休息60秒...
[财市场] ⏳ 暂无任务，休息60秒...
[蒋巨门] ⏳ 暂无任务，休息60秒...
[沈巨明] ⏳ 暂无任务，休息60秒...
[韩巨亮] ⏳ 暂无任务，休息60秒...
[杨巨知] ⏳ 暂无任务，休息60秒...
[伍廉贞] ⏳ 暂无任务，休息60秒...
[余廉心] ⏳ 暂无任务，休息60秒...
[元廉情] ⏳ 暂无任务，休息60秒...
[孟廉意] ⏳ 暂无任务，休息60秒...
[谢武功] ⏳ 暂无任务，休息60秒...
[邹武全] ⏳ 暂无任务，休息60秒...
[喻武能] ⏳ 暂无任务，休息60秒...
[柏武技] ⏳ 暂无任务，休息60秒...
[章破军] ⏳ 暂无任务，休息60秒...
[云破敌] ⏳ 暂无任务，休息60秒...
[苏破阵] ⏳ 暂无任务，休息60秒...
[潘破晓] ⏳ 暂无任务，休息60秒...
[倪左辅] ⏳ 暂无任务，休息60秒...
[汤左膀] ⏳ 暂无任务，休息60秒...
[殷左翼] ⏳ 暂无任务，休息60秒...
[殷左护] ⏳ 暂无任务，休息60秒...
[罗左卫] ⏳ 暂无任务，休息60秒...
[周右弼] ⏳ 暂无任务，休息60秒...
[乐右弼] ⏳ 暂无任务，休息60秒...
[于右护] ⏳ 暂无任务，休息60秒...
[时右卫] ⏳ 暂无任务，休息60秒...
[薛贪狼] ⏳ 暂无任务，休息60秒...
[雷贪音] ⏳ 暂无任务，休息60秒...
[贺贪形] ⏳ 暂无任务，休息60秒...
[贡志强] ⏳ 暂无任务，休息60秒...
[齐辅弼] ⏳ 暂无任务，休息60秒...
[康辅星] ⏳ 暂无任务，休息60秒...
[和产品] ⏳ 暂无任务，休息60秒...
[穆产品] ⏳ 暂无任务，休息60秒...
[刘二明] ⏳ 暂无任务，休息60秒...
[王三思] ⏳ 暂无任务，休息60秒...
[赵四维] ⏳ 暂无任务，休息60秒...
[周禄存] ⏳ 暂无任务，休息60秒...
[吴存真] ⏳ 暂无任务，休息60秒...
[郑存义] ⏳ 暂无任务，休息60秒...
[钱存信] ⏳ 暂无任务，休息60秒...
[冯存智] ⏳ 暂无任务，休息60秒...
[陈元灵] ⏳ 暂无任务，休息60秒...
[张一凡] ⏳ 暂无任务，休息60秒...
[孙五维] ⏳ 暂无任务，休息60秒...
[陈存理] ⏳ 暂无任务，休息60秒...
[褚存道] ⏳ 暂无任务，休息60秒...
[卫存德] ⏳ 暂无任务，休息60秒...
[秦巨诚] ⏳ 暂无任务，休息60秒...
[许巨真] ⏳ 暂无任务，休息60秒...
[戚巨实] ⏳ 暂无任务，休息60秒...
[窦武备] ⏳ 暂无任务，休息60秒...
[奚破浪] ⏳ 暂无任务，休息60秒...
[范破空] ⏳ 暂无任务，休息60秒...
[柯破云] ⏳ 暂无任务，休息60秒...
[厉破风] ⏳ 暂无任务，休息60秒...
[岑破雷] ⏳ 暂无任务，休息60秒...
[毕左护] ⏳ 暂无任务，休息60秒...
[郝左持] ⏳ 暂无任务，休息60秒...
[邬左扶] ⏳ 暂无任务，休息60秒...
[安左助] ⏳ 暂无任务，休息60秒...
[常左协] ⏳ 暂无任务，休息60秒...
[李星辰] ⏳ 暂无任务，休息60秒...
[卞右盾] ⏳ 暂无任务，休息60秒...
[巴图] ⏳ 暂无任务，休息60秒...
[弓志明] ⏳ 暂无任务，休息60秒...
[母志明] ⏳ 暂无任务，休息60秒...
[干市场] ⏳ 暂无任务，休息60秒...
[曲市场] ⏳ 暂无任务，休息60秒...
[桥客服] ⏳ 暂无任务，休息60秒...
[银客服] ⏳ 暂无任务，休息60秒...
[言客服] ⏳ 暂无任务，休息60秒...
[朱巨信] ⏳ 暂无任务，休息60秒...
[李廉智] ⏳ 暂无任务，休息60秒...
[水武库] ⏳ 暂无任务，休息60秒...
[葛破浪] ⏳ 暂无任务，休息60秒...
[皮右防] ⏳ 暂无任务，休息60秒...
[赏志明] ⏳ 暂无任务，休息60秒...
[财市场] ⏳ 暂无任务，休息60秒...
[蒋巨门] ⏳ 暂无任务，休息60秒...
[沈巨明] ⏳ 暂无任务，休息60秒...
[韩巨亮] ⏳ 暂无任务，休息60秒...
[杨巨知] ⏳ 暂无任务，休息60秒...
[伍廉贞] ⏳ 暂无任务，休息60秒...
[余廉心] ⏳ 暂无任务，休息60秒...
[元廉情] ⏳ 暂无任务，休息60秒...
[孟廉意] ⏳ 暂无任务，休息60秒...
[谢武功] ⏳ 暂无任务，休息60秒...
[邹武全] ⏳ 暂无任务，休息60秒...
[喻武能] ⏳ 暂无任务，休息60秒...
[柏武技] ⏳ 暂无任务，休息60秒...
[章破军] ⏳ 暂无任务，休息60秒...
[云破敌] ⏳ 暂无任务，休息60秒...
[苏破阵] ⏳ 暂无任务，休息60秒...
[潘破晓] ⏳ 暂无任务，休息60秒...
[倪左辅] ⏳ 暂无任务，休息60秒...
[汤左膀] ⏳ 暂无任务，休息60秒...
[殷左翼] ⏳ 暂无任务，休息60秒...
[殷左护] ⏳ 暂无任务，休息60秒...
[罗左卫] ⏳ 暂无任务，休息60秒...
[周右弼] ⏳ 暂无任务，休息60秒...
[乐右弼] ⏳ 暂无任务，休息60秒...
[于右护] ⏳ 暂无任务，休息60秒...
[时右卫] ⏳ 暂无任务，休息60秒...
[薛贪狼] ⏳ 暂无任务，休息60秒...
[雷贪音] ⏳ 暂无任务，休息60秒...
[贺贪形] ⏳ 暂无任务，休息60秒...
[贡志强] ⏳ 暂无任务，休息60秒...
[齐辅弼] ⏳ 暂无任务，休息60秒...
[康辅星] ⏳ 暂无任务，休息60秒...
[和产品] ⏳ 暂无任务，休息60秒...
[穆产品] ⏳ 暂无任务，休息60秒...
[刘二明] ⏳ 暂无任务，休息60秒...
[王三思] ⏳ 暂无任务，休息60秒...
[赵四维] ⏳ 暂无任务，休息60秒...
[周禄存] ⏳ 暂无任务，休息60秒...
[吴存真] ⏳ 暂无任务，休息60秒...
[郑存义] ⏳ 暂无任务，休息60秒...
[钱存信] ⏳ 暂无任务，休息60秒...
[冯存智] ⏳ 暂无任务，休息60秒...
[陈元灵] ⏳ 暂无任务，休息60秒...
[张一凡] ⏳ 暂无任务，休息60秒...
[孙五维] ⏳ 暂无任务，休息60秒...
[陈存理] ⏳ 暂无任务，休息60秒...
[褚存道] ⏳ 暂无任务，休息60秒...
[卫存德] ⏳ 暂无任务，休息60秒...
[秦巨诚] ⏳ 暂无任务，休息60秒...
[许巨真] ⏳ 暂无任务，休息60秒...
[戚巨实] ⏳ 暂无任务，休息60秒...
[窦武备] ⏳ 暂无任务，休息60秒...
[奚破浪] ⏳ 暂无任务，休息60秒...
[范破空] ⏳ 暂无任务，休息60秒...
[柯破云] ⏳ 暂无任务，休息60秒...
[厉破风] ⏳ 暂无任务，休息60秒...
[岑破雷] ⏳ 暂无任务，休息60秒...
[毕左护] ⏳ 暂无任务，休息60秒...
[郝左持] ⏳ 暂无任务，休息60秒...
[邬左扶] ⏳ 暂无任务，休息60秒...
[安左助] ⏳ 暂无任务，休息60秒...
[常左协] ⏳ 暂无任务，休息60秒...
[李星辰] ⏳ 暂无任务，休息60秒...
[卞右盾] ⏳ 暂无任务，休息60秒...
[巴图] ⏳ 暂无任务，休息60秒...
[弓志明] ⏳ 暂无任务，休息60秒...
[母志明] ⏳ 暂无任务，休息60秒...
[干市场] ⏳ 暂无任务，休息60秒...
[曲市场] ⏳ 暂无任务，休息60秒...
[桥客服] ⏳ 暂无任务，休息60秒...
[银客服] ⏳ 暂无任务，休息60秒...
[言客服] ⏳ 暂无任务，休息60秒...
[朱巨信] ⏳ 暂无任务，休息60秒...
[李廉智] ⏳ 暂无任务，休息60秒...
[水武库] ⏳ 暂无任务，休息60秒...
[葛破浪] ⏳ 暂无任务，休息60秒...
[皮右防] ⏳ 暂无任务，休息60秒...
[赏志明] ⏳ 暂无任务，休息60秒...
[财市场] ⏳ 暂无任务，休息60秒...
[蒋巨门] ⏳ 暂无任务，休息60秒...
[沈巨明] ⏳ 暂无任务，休息60秒...
[韩巨亮] ⏳ 暂无任务，休息60秒...
[杨巨知] ⏳ 暂无任务，休息60秒...
[伍廉贞] ⏳ 暂无任务，休息60秒...
[余廉心] ⏳ 暂无任务，休息60秒...
[元廉情] ⏳ 暂无任务，休息60秒...
[孟廉意] ⏳ 暂无任务，休息60秒...
[谢武功] ⏳ 暂无任务，休息60秒...
[邹武全] ⏳ 暂无任务，休息60秒...
[喻武能] ⏳ 暂无任务，休息60秒...
[柏武技] ⏳ 暂无任务，休息60秒...
[章破军] ⏳ 暂无任务，休息60秒...
[云破敌] ⏳ 暂无任务，休息60秒...
[苏破阵] ⏳ 暂无任务，休息60秒...
[潘破晓] ⏳ 暂无任务，休息60秒...
[倪左辅] ⏳ 暂无任务，休息60秒...
[汤左膀] ⏳ 暂无任务，休息60秒...
[殷左翼] ⏳ 暂无任务，休息60秒...
[殷左护] ⏳ 暂无任务，休息60秒...
[罗左卫] ⏳ 暂无任务，休息60秒...
[周右弼] ⏳ 暂无任务，休息60秒...
[乐右弼] ⏳ 暂无任务，休息60秒...
[于右护] ⏳ 暂无任务，休息60秒...
[时右卫] ⏳ 暂无任务，休息60秒...
[薛贪狼] ⏳ 暂无任务，休息60秒...
[雷贪音] ⏳ 暂无任务，休息60秒...
[贺贪形] ⏳ 暂无任务，休息60秒...
[贡志强] ⏳ 暂无任务，休息60秒...
[齐辅弼] ⏳ 暂无任务，休息60秒...
[康辅星] ⏳ 暂无任务，休息60秒...
[和产品] ⏳ 暂无任务，休息60秒...
[穆产品] ⏳ 暂无任务，休息60秒...
[刘二明] ⏳ 暂无任务，休息60秒...
[王三思] ⏳ 暂无任务，休息60秒...
[赵四维] ⏳ 暂无任务，休息60秒...
[周禄存] ⏳ 暂无任务，休息60秒...
[吴存真] ⏳ 暂无任务，休息60秒...
[郑存义] ⏳ 暂无任务，休息60秒...
[钱存信] ⏳ 暂无任务，休息60秒...
[冯存智] ⏳ 暂无任务，休息60秒...
[陈元灵] ⏳ 暂无任务，休息60秒...
[张一凡] ⏳ 暂无任务，休息60秒...
[孙五维] ⏳ 暂无任务，休息60秒...
[陈存理] ⏳ 暂无任务，休息60秒...
[褚存道] ⏳ 暂无任务，休息60秒...
[卫存德] ⏳ 暂无任务，休息60秒...
[秦巨诚] ⏳ 暂无任务，休息60秒...
[许巨真] ⏳ 暂无任务，休息60秒...
[戚巨实] ⏳ 暂无任务，休息60秒...
[窦武备] ⏳ 暂无任务，休息60秒...
[奚破浪] ⏳ 暂无任务，休息60秒...
[范破空] ⏳ 暂无任务，休息60秒...
[柯破云] ⏳ 暂无任务，休息60秒...
[厉破风] ⏳ 暂无任务，休息60秒...
[岑破雷] ⏳ 暂无任务，休息60秒...
[毕左护] ⏳ 暂无任务，休息60秒...
[郝左持] ⏳ 暂无任务，休息60秒...
[邬左扶] ⏳ 暂无任务，休息60秒...
[安左助] ⏳ 暂无任务，休息60秒...
[常左协] ⏳ 暂无任务，休息60秒...
[李星辰] ⏳ 暂无任务，休息60秒...
[卞右盾] ⏳ 暂无任务，休息60秒...
[巴图] ⏳ 暂无任务，休息60秒...
[弓志明] ⏳ 暂无任务，休息60秒...
[母志明] ⏳ 暂无任务，休息60秒...
[干市场] ⏳ 暂无任务，休息60秒...
[曲市场] ⏳ 暂无任务，休息60秒...
[桥客服] ⏳ 暂无任务，休息60秒...
[银客服] ⏳ 暂无任务，休息60秒...
[言客服] ⏳ 暂无任务，休息60秒...
[朱巨信] ⏳ 暂无任务，休息60秒...
[李廉智] ⏳ 暂无任务，休息60秒...
[水武库] ⏳ 暂无任务，休息60秒...
[葛破浪] ⏳ 暂无任务，休息60秒...
[皮右防] ⏳ 暂无任务，休息60秒...
[赏志明] ⏳ 暂无任务，休息60秒...
[财市场] ⏳ 暂无任务，休息60秒...
[蒋巨门] ⏳ 暂无任务，休息60秒...
[沈巨明] ⏳ 暂无任务，休息60秒...
[韩巨亮] ⏳ 暂无任务，休息60秒...
[杨巨知] ⏳ 暂无任务，休息60秒...
[伍廉贞] ⏳ 暂无任务，休息60秒...
[余廉心] ⏳ 暂无任务，休息60秒...
[元廉情] ⏳ 暂无任务，休息60秒...
[孟廉意] ⏳ 暂无任务，休息60秒...
[谢武功] ⏳ 暂无任务，休息60秒...
[邹武全] ⏳ 暂无任务，休息60秒...
[喻武能] ⏳ 暂无任务，休息60秒...
[柏武技] ⏳ 暂无任务，休息60秒...
[章破军] ⏳ 暂无任务，休息60秒...
[云破敌] ⏳ 暂无任务，休息60秒...
[苏破阵] ⏳ 暂无任务，休息60秒...
[潘破晓] ⏳ 暂无任务，休息60秒...
[倪左辅] ⏳ 暂无任务，休息60秒...
[汤左膀] ⏳ 暂无任务，休息60秒...
[殷左翼] ⏳ 暂无任务，休息60秒...
[殷左护] ⏳ 暂无任务，休息60秒...
[罗左卫] ⏳ 暂无任务，休息60秒...
[周右弼] ⏳ 暂无任务，休息60秒...
[乐右弼] ⏳ 暂无任务，休息60秒...
[于右护] ⏳ 暂无任务，休息60秒...
[时右卫] ⏳ 暂无任务，休息60秒...
[薛贪狼] ⏳ 暂无任务，休息60秒...
[雷贪音] ⏳ 暂无任务，休息60秒...
[贺贪形] ⏳ 暂无任务，休息60秒...
[贡志强] ⏳ 暂无任务，休息60秒...
[齐辅弼] ⏳ 暂无任务，休息60秒...
[康辅星] ⏳ 暂无任务，休息60秒...
[和产品] ⏳ 暂无任务，休息60秒...
[穆产品] ⏳ 暂无任务，休息60秒...
[刘二明] ⏳ 暂无任务，休息60秒...
[王三思] ⏳ 暂无任务，休息60秒...
[赵四维] ⏳ 暂无任务，休息60秒...
[周禄存] ⏳ 暂无任务，休息60秒...
[吴存真] ⏳ 暂无任务，休息60秒...
[郑存义] ⏳ 暂无任务，休息60秒...
[钱存信] ⏳ 暂无任务，休息60秒...
[冯存智] ⏳ 暂无任务，休息60秒...
[陈元灵] ⏳ 暂无任务，休息60秒...
[张一凡] ⏳ 暂无任务，休息60秒...
[孙五维] ⏳ 暂无任务，休息60秒...
[陈存理] ⏳ 暂无任务，休息60秒...
[褚存道] ⏳ 暂无任务，休息60秒...
[卫存德] ⏳ 暂无任务，休息60秒...
[秦巨诚] ⏳ 暂无任务，休息60秒...
[许巨真] ⏳ 暂无任务，休息60秒...
[戚巨实] ⏳ 暂无任务，休息60秒...
[窦武备] ⏳ 暂无任务，休息60秒...
[奚破浪] ⏳ 暂无任务，休息60秒...
[范破空] ⏳ 暂无任务，休息60秒...
[柯破云] ⏳ 暂无任务，休息60秒...
[厉破风] ⏳ 暂无任务，休息60秒...
[岑破雷] ⏳ 暂无任务，休息60秒...
[毕左护] ⏳ 暂无任务，休息60秒...
[郝左持] ⏳ 暂无任务，休息60秒...
[邬左扶] ⏳ 暂无任务，休息60秒...
[安左助] ⏳ 暂无任务，休息60秒...
[常左协] ⏳ 暂无任务，休息60秒...
[李星辰] ⏳ 暂无任务，休息60秒...
[卞右盾] ⏳ 暂无任务，休息60秒...
[巴图] ⏳ 暂无任务，休息60秒...
[弓志明] ⏳ 暂无任务，休息60秒...
[母志明] ⏳ 暂无任务，休息60秒...
[干市场] ⏳ 暂无任务，休息60秒...
[曲市场] ⏳ 暂无任务，休息60秒...
[桥客服] ⏳ 暂无任务，休息60秒...
[银客服] ⏳ 暂无任务，休息60秒...
[言客服] ⏳ 暂无任务，休息60秒...
[朱巨信] ⏳ 暂无任务，休息60秒...
[李廉智] ⏳ 暂无任务，休息60秒...
[水武库] ⏳ 暂无任务，休息60秒...
[葛破浪] ⏳ 暂无任务，休息60秒...
[皮右防] ⏳ 暂无任务，休息60秒...
[赏志明] ⏳ 暂无任务，休息60秒...
[财市场] ⏳ 暂无任务，休息60秒...
[蒋巨门] ⏳ 暂无任务，休息60秒...
[沈巨明] ⏳ 暂无任务，休息60秒...
[韩巨亮] ⏳ 暂无任务，休息60秒...
[杨巨知] ⏳ 暂无任务，休息60秒...
[伍廉贞] ⏳ 暂无任务，休息60秒...
[余廉心] ⏳ 暂无任务，休息60秒...
[元廉情] ⏳ 暂无任务，休息60秒...
[孟廉意] ⏳ 暂无任务，休息60秒...
[谢武功] ⏳ 暂无任务，休息60秒...
[邹武全] ⏳ 暂无任务，休息60秒...
[喻武能] ⏳ 暂无任务，休息60秒...
[柏武技] ⏳ 暂无任务，休息60秒...
[章破军] ⏳ 暂无任务，休息60秒...
[云破敌] ⏳ 暂无任务，休息60秒...
[苏破阵] ⏳ 暂无任务，休息60秒...
[潘破晓] ⏳ 暂无任务，休息60秒...
[倪左辅] ⏳ 暂无任务，休息60秒...
[汤左膀] ⏳ 暂无任务，休息60秒...
[殷左翼] ⏳ 暂无任务，休息60秒...
[殷左护] ⏳ 暂无任务，休息60秒...
[罗左卫] ⏳ 暂无任务，休息60秒...
[周右弼] ⏳ 暂无任务，休息60秒...
[乐右弼] ⏳ 暂无任务，休息60秒...
[于右护] ⏳ 暂无任务，休息60秒...
[时右卫] ⏳ 暂无任务，休息60秒...
[薛贪狼] ⏳ 暂无任务，休息60秒...
[雷贪音] ⏳ 暂无任务，休息60秒...
[贺贪形] ⏳ 暂无任务，休息60秒...
[贡志强] ⏳ 暂无任务，休息60秒...
[齐辅弼] ⏳ 暂无任务，休息60秒...
[康辅星] ⏳ 暂无任务，休息60秒...
[和产品] ⏳ 暂无任务，休息60秒...
[穆产品] ⏳ 暂无任务，休息60秒...
[刘二明] ⏳ 暂无任务，休息60秒...
[王三思] ⏳ 暂无任务，休息60秒...
[赵四维] ⏳ 暂无任务，休息60秒...
[周禄存] ⏳ 暂无任务，休息60秒...
[吴存真] ⏳ 暂无任务，休息60秒...
[郑存义] ⏳ 暂无任务，休息60秒...
[钱存信] ⏳ 暂无任务，休息60秒...
[冯存智] ⏳ 暂无任务，休息60秒...
[陈元灵] ⏳ 暂无任务，休息60秒...
[张一凡] ⏳ 暂无任务，休息60秒...
[孙五维] ⏳ 暂无任务，休息60秒...
[陈存理] ⏳ 暂无任务，休息60秒...
[褚存道] ⏳ 暂无任务，休息60秒...
[卫存德] ⏳ 暂无任务，休息60秒...
[秦巨诚] ⏳ 暂无任务，休息60秒...
[许巨真] ⏳ 暂无任务，休息60秒...
[戚巨实] ⏳ 暂无任务，休息60秒...
[窦武备] ⏳ 暂无任务，休息60秒...
[奚破浪] ⏳ 暂无任务，休息60秒...
[范破空] ⏳ 暂无任务，休息60秒...
[柯破云] ⏳ 暂无任务，休息60秒...
[厉破风] ⏳ 暂无任务，休息60秒...
[岑破雷] ⏳ 暂无任务，休息60秒...
[毕左护] ⏳ 暂无任务，休息60秒...
[郝左持] ⏳ 暂无任务，休息60秒...
[邬左扶] ⏳ 暂无任务，休息60秒...
[安左助] ⏳ 暂无任务，休息60秒...
[常左协] ⏳ 暂无任务，休息60秒...
[李星辰] ⏳ 暂无任务，休息60秒...
[卞右盾] ⏳ 暂无任务，休息60秒...
[巴图] ⏳ 暂无任务，休息60秒...
[弓志明] ⏳ 暂无任务，休息60秒...
[母志明] ⏳ 暂无任务，休息60秒...
[干市场] ⏳ 暂无任务，休息60秒...
[曲市场] ⏳ 暂无任务，休息60秒...
[桥客服] ⏳ 暂无任务，休息60秒...
[银客服] ⏳ 暂无任务，休息60秒...
[言客服] ⏳ 暂无任务，休息60秒...
[朱巨信] ⏳ 暂无任务，休息60秒...
[李廉智] ⏳ 暂无任务，休息60秒...
[水武库] ⏳ 暂无任务，休息60秒...
[葛破浪] ⏳ 暂无任务，休息60秒...
[皮右防] ⏳ 暂无任务，休息60秒...
[赏志明] ⏳ 暂无任务，休息60秒...
[财市场] ⏳ 暂无任务，休息60秒...
[蒋巨门] ⏳ 暂无任务，休息60秒...
[沈巨明] ⏳ 暂无任务，休息60秒...
[韩巨亮] ⏳ 暂无任务，休息60秒...
[杨巨知] ⏳ 暂无任务，休息60秒...
[伍廉贞] ⏳ 暂无任务，休息60秒...
[余廉心] ⏳ 暂无任务，休息60秒...
[元廉情] ⏳ 暂无任务，休息60秒...
[孟廉意] ⏳ 暂无任务，休息60秒...
[谢武功] ⏳ 暂无任务，休息60秒...
[邹武全] ⏳ 暂无任务，休息60秒...
[喻武能] ⏳ 暂无任务，休息60秒...
[柏武技] ⏳ 暂无任务，休息60秒...
[章破军] ⏳ 暂无任务，休息60秒...
[云破敌] ⏳ 暂无任务，休息60秒...
[苏破阵] ⏳ 暂无任务，休息60秒...
[潘破晓] ⏳ 暂无任务，休息60秒...
[倪左辅] ⏳ 暂无任务，休息60秒...
[汤左膀] ⏳ 暂无任务，休息60秒...
[殷左翼] ⏳ 暂无任务，休息60秒...
[殷左护] ⏳ 暂无任务，休息60秒...
[罗左卫] ⏳ 暂无任务，休息60秒...
[周右弼] ⏳ 暂无任务，休息60秒...
[乐右弼] ⏳ 暂无任务，休息60秒...
[于右护] ⏳ 暂无任务，休息60秒...
[时右卫] ⏳ 暂无任务，休息60秒...
[薛贪狼] ⏳ 暂无任务，休息60秒...
[雷贪音] ⏳ 暂无任务，休息60秒...
[贺贪形] ⏳ 暂无任务，休息60秒...
[贡志强] ⏳ 暂无任务，休息60秒...
[齐辅弼] ⏳ 暂无任务，休息60秒...
[康辅星] ⏳ 暂无任务，休息60秒...
[和产品] ⏳ 暂无任务，休息60秒...
[穆产品] ⏳ 暂无任务，休息60秒...
[刘二明] ⏳ 暂无任务，休息60秒...
[王三思] ⏳ 暂无任务，休息60秒...
[赵四维] ⏳ 暂无任务，休息60秒...
[周禄存] ⏳ 暂无任务，休息60秒...
[吴存真] ⏳ 暂无任务，休息60秒...
[郑存义] ⏳ 暂无任务，休息60秒...
[钱存信] ⏳ 暂无任务，休息60秒...
[冯存智] ⏳ 暂无任务，休息60秒...
[陈元灵] ⏳ 暂无任务，休息60秒...
[张一凡] ⏳ 暂无任务，休息60秒...
[孙五维] ⏳ 暂无任务，休息60秒...
[陈存理] ⏳ 暂无任务，休息60秒...
[褚存道] ⏳ 暂无任务，休息60秒...
[卫存德] ⏳ 暂无任务，休息60秒...
[秦巨诚] ⏳ 暂无任务，休息60秒...
[许巨真] ⏳ 暂无任务，休息60秒...
[戚巨实] ⏳ 暂无任务，休息60秒...
[窦武备] ⏳ 暂无任务，休息60秒...
[奚破浪] ⏳ 暂无任务，休息60秒...
[范破空] ⏳ 暂无任务，休息60秒...
[柯破云] ⏳ 暂无任务，休息60秒...
[厉破风] ⏳ 暂无任务，休息60秒...
[岑破雷] ⏳ 暂无任务，休息60秒...
[毕左护] ⏳ 暂无任务，休息60秒...
[郝左持] ⏳ 暂无任务，休息60秒...
[邬左扶] ⏳ 暂无任务，休息60秒...
[安左助] ⏳ 暂无任务，休息60秒...
[常左协] ⏳ 暂无任务，休息60秒...
[李星辰] ⏳ 暂无任务，休息60秒...
[卞右盾] ⏳ 暂无任务，休息60秒...
[巴图] ⏳ 暂无任务，休息60秒...
[弓志明] ⏳ 暂无任务，休息60秒...
[母志明] ⏳ 暂无任务，休息60秒...
[干市场] ⏳ 暂无任务，休息60秒...
[曲市场] ⏳ 暂无任务，休息60秒...
[桥客服] ⏳ 暂无任务，休息60秒...
[银客服] ⏳ 暂无任务，休息60秒...
[言客服] ⏳ 暂无任务，休息60秒...
[朱巨信] ⏳ 暂无任务，休息60秒...
[李廉智] ⏳ 暂无任务，休息60秒...
[水武库] ⏳ 暂无任务，休息60秒...
[葛破浪] ⏳ 暂无任务，休息60秒...
[皮右防] ⏳ 暂无任务，休息60秒...
[赏志明] ⏳ 暂无任务，休息60秒...
[财市场] ⏳ 暂无任务，休息60秒...
[蒋巨门] ⏳ 暂无任务，休息60秒...
[沈巨明] ⏳ 暂无任务，休息60秒...
[韩巨亮] ⏳ 暂无任务，休息60秒...
[杨巨知] ⏳ 暂无任务，休息60秒...
[伍廉贞] ⏳ 暂无任务，休息60秒...
[余廉心] ⏳ 暂无任务，休息60秒...
[元廉情] ⏳ 暂无任务，休息60秒...
[孟廉意] ⏳ 暂无任务，休息60秒...
[谢武功] ⏳ 暂无任务，休息60秒...
[邹武全] ⏳ 暂无任务，休息60秒...
[喻武能] ⏳ 暂无任务，休息60秒...
[柏武技] ⏳ 暂无任务，休息60秒...
[章破军] ⏳ 暂无任务，休息60秒...
[云破敌] ⏳ 暂无任务，休息60秒...
[苏破阵] ⏳ 暂无任务，休息60秒...
[潘破晓] ⏳ 暂无任务，休息60秒...
[倪左辅] ⏳ 暂无任务，休息60秒...
[汤左膀] ⏳ 暂无任务，休息60秒...
[殷左翼] ⏳ 暂无任务，休息60秒...
[殷左护] ⏳ 暂无任务，休息60秒...
[罗左卫] ⏳ 暂无任务，休息60秒...
[周右弼] ⏳ 暂无任务，休息60秒...
[乐右弼] ⏳ 暂无任务，休息60秒...
[于右护] ⏳ 暂无任务，休息60秒...
[时右卫] ⏳ 暂无任务，休息60秒...
[薛贪狼] ⏳ 暂无任务，休息60秒...
[雷贪音] ⏳ 暂无任务，休息60秒...
[贺贪形] ⏳ 暂无任务，休息60秒...
[贡志强] ⏳ 暂无任务，休息60秒...
[齐辅弼] ⏳ 暂无任务，休息60秒...
[康辅星] ⏳ 暂无任务，休息60秒...
[和产品] ⏳ 暂无任务，休息60秒...
[穆产品] ⏳ 暂无任务，休息60秒...
[刘二明] ⏳ 暂无任务，休息60秒...
[王三思] ⏳ 暂无任务，休息60秒...
[赵四维] ⏳ 暂无任务，休息60秒...
[周禄存] ⏳ 暂无任务，休息60秒...
[吴存真] ⏳ 暂无任务，休息60秒...
[郑存义] ⏳ 暂无任务，休息60秒...
[钱存信] ⏳ 暂无任务，休息60秒...
[冯存智] ⏳ 暂无任务，休息60秒...
[陈元灵] ⏳ 暂无任务，休息60秒...
[张一凡] ⏳ 暂无任务，休息60秒...
[孙五维] ⏳ 暂无任务，休息60秒...
[陈存理] ⏳ 暂无任务，休息60秒...
[褚存道] ⏳ 暂无任务，休息60秒...
[卫存德] ⏳ 暂无任务，休息60秒...
[秦巨诚] ⏳ 暂无任务，休息60秒...
[许巨真] ⏳ 暂无任务，休息60秒...
[戚巨实] ⏳ 暂无任务，休息60秒...
[窦武备] ⏳ 暂无任务，休息60秒...
[奚破浪] ⏳ 暂无任务，休息60秒...
[范破空] ⏳ 暂无任务，休息60秒...
[柯破云] ⏳ 暂无任务，休息60秒...
[厉破风] ⏳ 暂无任务，休息60秒...
[岑破雷] ⏳ 暂无任务，休息60秒...
[毕左护] ⏳ 暂无任务，休息60秒...
[郝左持] ⏳ 暂无任务，休息60秒...
[邬左扶] ⏳ 暂无任务，休息60秒...
[安左助] ⏳ 暂无任务，休息60秒...
[常左协] ⏳ 暂无任务，休息60秒...
[李星辰] ⏳ 暂无任务，休息60秒...
[卞右盾] ⏳ 暂无任务，休息60秒...
[巴图] ⏳ 暂无任务，休息60秒...
[弓志明] ⏳ 暂无任务，休息60秒...
[母志明] ⏳ 暂无任务，休息60秒...
[干市场] ⏳ 暂无任务，休息60秒...
[曲市场] ⏳ 暂无任务，休息60秒...
[桥客服] ⏳ 暂无任务，休息60秒...
[银客服] ⏳ 暂无任务，休息60秒...
[言客服] ⏳ 暂无任务，休息60秒...
[朱巨信] ⏳ 暂无任务，休息60秒...
[李廉智] ⏳ 暂无任务，休息60秒...
[水武库] ⏳ 暂无任务，休息60秒...
[葛破浪] ⏳ 暂无任务，休息60秒...
[皮右防] ⏳ 暂无任务，休息60秒...
[赏志明] ⏳ 暂无任务，休息60秒...
[财市场] ⏳ 暂无任务，休息60秒...
[蒋巨门] ⏳ 暂无任务，休息60秒...
[沈巨明] ⏳ 暂无任务，休息60秒...
[韩巨亮] ⏳ 暂无任务，休息60秒...
[杨巨知] ⏳ 暂无任务，休息60秒...
[伍廉贞] ⏳ 暂无任务，休息60秒...
[余廉心] ⏳ 暂无任务，休息60秒...
[元廉情] ⏳ 暂无任务，休息60秒...
[孟廉意] ⏳ 暂无任务，休息60秒...
[谢武功] ⏳ 暂无任务，休息60秒...
[邹武全] ⏳ 暂无任务，休息60秒...
[喻武能] ⏳ 暂无任务，休息60秒...
[柏武技] ⏳ 暂无任务，休息60秒...
[章破军] ⏳ 暂无任务，休息60秒...
[云破敌] ⏳ 暂无任务，休息60秒...
[苏破阵] ⏳ 暂无任务，休息60秒...
[潘破晓] ⏳ 暂无任务，休息60秒...
[倪左辅] ⏳ 暂无任务，休息60秒...
[汤左膀] ⏳ 暂无任务，休息60秒...
[殷左翼] ⏳ 暂无任务，休息60秒...
[殷左护] ⏳ 暂无任务，休息60秒...
[罗左卫] ⏳ 暂无任务，休息60秒...
[周右弼] ⏳ 暂无任务，休息60秒...
[乐右弼] ⏳ 暂无任务，休息60秒...
[于右护] ⏳ 暂无任务，休息60秒...
[时右卫] ⏳ 暂无任务，休息60秒...
[薛贪狼] ⏳ 暂无任务，休息60秒...
[雷贪音] ⏳ 暂无任务，休息60秒...
[贺贪形] ⏳ 暂无任务，休息60秒...
[贡志强] ⏳ 暂无任务，休息60秒...
[齐辅弼] ⏳ 暂无任务，休息60秒...
[康辅星] ⏳ 暂无任务，休息60秒...
[和产品] ⏳ 暂无任务，休息60秒...
[穆产品] ⏳ 暂无任务，休息60秒...
[刘二明] ⏳ 暂无任务，休息60秒...
[王三思] ⏳ 暂无任务，休息60秒...
[赵四维] ⏳ 暂无任务，休息60秒...
[周禄存] ⏳ 暂无任务，休息60秒...
[吴存真] ⏳ 暂无任务，休息60秒...
[郑存义] ⏳ 暂无任务，休息60秒...
[钱存信] ⏳ 暂无任务，休息60秒...
[冯存智] ⏳ 暂无任务，休息60秒...
[陈元灵] ⏳ 暂无任务，休息60秒...
[张一凡] ⏳ 暂无任务，休息60秒...
[孙五维] ⏳ 暂无任务，休息60秒...
[陈存理] ⏳ 暂无任务，休息60秒...
[褚存道] ⏳ 暂无任务，休息60秒...
[卫存德] ⏳ 暂无任务，休息60秒...
[秦巨诚] ⏳ 暂无任务，休息60秒...
[许巨真] ⏳ 暂无任务，休息60秒...
[戚巨实] ⏳ 暂无任务，休息60秒...
[窦武备] ⏳ 暂无任务，休息60秒...
[奚破浪] ⏳ 暂无任务，休息60秒...
[范破空] ⏳ 暂无任务，休息60秒...
[柯破云] ⏳ 暂无任务，休息60秒...
[厉破风] ⏳ 暂无任务，休息60秒...
[岑破雷] ⏳ 暂无任务，休息60秒...
[毕左护] ⏳ 暂无任务，休息60秒...
[郝左持] ⏳ 暂无任务，休息60秒...
[邬左扶] ⏳ 暂无任务，休息60秒...
[安左助] ⏳ 暂无任务，休息60秒...
[常左协] ⏳ 暂无任务，休息60秒...
[李星辰] ⏳ 暂无任务，休息60秒...
[卞右盾] ⏳ 暂无任务，休息60秒...
[巴图] ⏳ 暂无任务，休息60秒...
[弓志明] ⏳ 暂无任务，休息60秒...
[母志明] ⏳ 暂无任务，休息60秒...
[干市场] ⏳ 暂无任务，休息60秒...
[曲市场] ⏳ 暂无任务，休息60秒...
[桥客服] ⏳ 暂无任务，休息60秒...
[银客服] ⏳ 暂无任务，休息60秒...
[言客服] ⏳ 暂无任务，休息60秒...
[朱巨信] ⏳ 暂无任务，休息60秒...
[李廉智] ⏳ 暂无任务，休息60秒...
[水武库] ⏳ 暂无任务，休息60秒...
[葛破浪] ⏳ 暂无任务，休息60秒...
[皮右防] ⏳ 暂无任务，休息60秒...
[赏志明] ⏳ 暂无任务，休息60秒...
[财市场] ⏳ 暂无任务，休息60秒...
[蒋巨门] ⏳ 暂无任务，休息60秒...
[沈巨明] ⏳ 暂无任务，休息60秒...
[韩巨亮] ⏳ 暂无任务，休息60秒...
[杨巨知] ⏳ 暂无任务，休息60秒...
[伍廉贞] ⏳ 暂无任务，休息60秒...
[余廉心] ⏳ 暂无任务，休息60秒...
[元廉情] ⏳ 暂无任务，休息60秒...
[孟廉意] ⏳ 暂无任务，休息60秒...
[谢武功] ⏳ 暂无任务，休息60秒...
[邹武全] ⏳ 暂无任务，休息60秒...
[喻武能] ⏳ 暂无任务，休息60秒...
[柏武技] ⏳ 暂无任务，休息60秒...
[章破军] ⏳ 暂无任务，休息60秒...
[云破敌] ⏳ 暂无任务，休息60秒...
[苏破阵] ⏳ 暂无任务，休息60秒...
[潘破晓] ⏳ 暂无任务，休息60秒...
[倪左辅] ⏳ 暂无任务，休息60秒...
[汤左膀] ⏳ 暂无任务，休息60秒...
[殷左翼] ⏳ 暂无任务，休息60秒...
[殷左护] ⏳ 暂无任务，休息60秒...
[罗左卫] ⏳ 暂无任务，休息60秒...
[周右弼] ⏳ 暂无任务，休息60秒...
[乐右弼] ⏳ 暂无任务，休息60秒...
[于右护] ⏳ 暂无任务，休息60秒...
[时右卫] ⏳ 暂无任务，休息60秒...
[薛贪狼] ⏳ 暂无任务，休息60秒...
[雷贪音] ⏳ 暂无任务，休息60秒...
[贺贪形] ⏳ 暂无任务，休息60秒...
[贡志强] ⏳ 暂无任务，休息60秒...
[齐辅弼] ⏳ 暂无任务，休息60秒...
[康辅星] ⏳ 暂无任务，休息60秒...
[和产品] ⏳ 暂无任务，休息60秒...
[穆产品] ⏳ 暂无任务，休息60秒...
[刘二明] ⏳ 暂无任务，休息60秒...
[王三思] ⏳ 暂无任务，休息60秒...
[赵四维] ⏳ 暂无任务，休息60秒...
[周禄存] ⏳ 暂无任务，休息60秒...
[吴存真] ⏳ 暂无任务，休息60秒...
[郑存义] ⏳ 暂无任务，休息60秒...
[钱存信] ⏳ 暂无任务，休息60秒...
[冯存智] ⏳ 暂无任务，休息60秒...
[陈元灵] ⏳ 暂无任务，休息60秒...
[张一凡] ⏳ 暂无任务，休息60秒...
[孙五维] ⏳ 暂无任务，休息60秒...
[陈存理] ⏳ 暂无任务，休息60秒...
[褚存道] ⏳ 暂无任务，休息60秒...
[卫存德] ⏳ 暂无任务，休息60秒...
[秦巨诚] ⏳ 暂无任务，休息60秒...
[许巨真] ⏳ 暂无任务，休息60秒...
[戚巨实] ⏳ 暂无任务，休息60秒...
[窦武备] ⏳ 暂无任务，休息60秒...
[奚破浪] ⏳ 暂无任务，休息60秒...
[范破空] ⏳ 暂无任务，休息60秒...
[柯破云] ⏳ 暂无任务，休息60秒...
[厉破风] ⏳ 暂无任务，休息60秒...
[岑破雷] ⏳ 暂无任务，休息60秒...
[毕左护] ⏳ 暂无任务，休息60秒...
[郝左持] ⏳ 暂无任务，休息60秒...
[邬左扶] ⏳ 暂无任务，休息60秒...
[安左助] ⏳ 暂无任务，休息60秒...
[常左协] ⏳ 暂无任务，休息60秒...
[李星辰] ⏳ 暂无任务，休息60秒...
[卞右盾] ⏳ 暂无任务，休息60秒...
[巴图] ⏳ 暂无任务，休息60秒...
[弓志明] ⏳ 暂无任务，休息60秒...
[母志明] ⏳ 暂无任务，休息60秒...
[干市场] ⏳ 暂无任务，休息60秒...
[曲市场] ⏳ 暂无任务，休息60秒...
[桥客服] ⏳ 暂无任务，休息60秒...
[银客服] ⏳ 暂无任务，休息60秒...
[言客服] ⏳ 暂无任务，休息60秒...
[朱巨信] ⏳ 暂无任务，休息60秒...
[李廉智] ⏳ 暂无任务，休息60秒...
[水武库] ⏳ 暂无任务，休息60秒...
[葛破浪] ⏳ 暂无任务，休息60秒...
[皮右防] ⏳ 暂无任务，休息60秒...
[赏志明] ⏳ 暂无任务，休息60秒...
[财市场] ⏳ 暂无任务，休息60秒...
[蒋巨门] ⏳ 暂无任务，休息60秒...
[沈巨明] ⏳ 暂无任务，休息60秒...
[韩巨亮] ⏳ 暂无任务，休息60秒...
[杨巨知] ⏳ 暂无任务，休息60秒...
[伍廉贞] ⏳ 暂无任务，休息60秒...
[余廉心] ⏳ 暂无任务，休息60秒...
[元廉情] ⏳ 暂无任务，休息60秒...
[孟廉意] ⏳ 暂无任务，休息60秒...
[谢武功] ⏳ 暂无任务，休息60秒...
[邹武全] ⏳ 暂无任务，休息60秒...
[喻武能] ⏳ 暂无任务，休息60秒...
[柏武技] ⏳ 暂无任务，休息60秒...
[章破军] ⏳ 暂无任务，休息60秒...
[云破敌] ⏳ 暂无任务，休息60秒...
[苏破阵] ⏳ 暂无任务，休息60秒...
[潘破晓] ⏳ 暂无任务，休息60秒...
[倪左辅] ⏳ 暂无任务，休息60秒...
[汤左膀] ⏳ 暂无任务，休息60秒...
[殷左翼] ⏳ 暂无任务，休息60秒...
[殷左护] ⏳ 暂无任务，休息60秒...
[罗左卫] ⏳ 暂无任务，休息60秒...
[周右弼] ⏳ 暂无任务，休息60秒...
[乐右弼] ⏳ 暂无任务，休息60秒...
[于右护] ⏳ 暂无任务，休息60秒...
[时右卫] ⏳ 暂无任务，休息60秒...
[薛贪狼] ⏳ 暂无任务，休息60秒...
[雷贪音] ⏳ 暂无任务，休息60秒...
[贺贪形] ⏳ 暂无任务，休息60秒...
[贡志强] ⏳ 暂无任务，休息60秒...
[齐辅弼] ⏳ 暂无任务，休息60秒...
[康辅星] ⏳ 暂无任务，休息60秒...
[和产品] ⏳ 暂无任务，休息60秒...
[穆产品] ⏳ 暂无任务，休息60秒...
[刘二明] ⏳ 暂无任务，休息60秒...
[王三思] ⏳ 暂无任务，休息60秒...
[赵四维] ⏳ 暂无任务，休息60秒...
[周禄存] ⏳ 暂无任务，休息60秒...
[吴存真] ⏳ 暂无任务，休息60秒...
[郑存义] ⏳ 暂无任务，休息60秒...
[钱存信] ⏳ 暂无任务，休息60秒...
[冯存智] ⏳ 暂无任务，休息60秒...
[陈元灵] ⏳ 暂无任务，休息60秒...
[张一凡] ⏳ 暂无任务，休息60秒...
[孙五维] ⏳ 暂无任务，休息60秒...
[陈存理] ⏳ 暂无任务，休息60秒...
[褚存道] ⏳ 暂无任务，休息60秒...
[卫存德] ⏳ 暂无任务，休息60秒...
[秦巨诚] ⏳ 暂无任务，休息60秒...
[许巨真] ⏳ 暂无任务，休息60秒...
[戚巨实] ⏳ 暂无任务，休息60秒...
[窦武备] ⏳ 暂无任务，休息60秒...
[奚破浪] ⏳ 暂无任务，休息60秒...
[范破空] ⏳ 暂无任务，休息60秒...
[柯破云] ⏳ 暂无任务，休息60秒...
[厉破风] ⏳ 暂无任务，休息60秒...
[岑破雷] ⏳ 暂无任务，休息60秒...
[毕左护] ⏳ 暂无任务，休息60秒...
[郝左持] ⏳ 暂无任务，休息60秒...
[邬左扶] ⏳ 暂无任务，休息60秒...
[安左助] ⏳ 暂无任务，休息60秒...
[常左协] ⏳ 暂无任务，休息60秒...
[李星辰] ⏳ 暂无任务，休息60秒...
[卞右盾] ⏳ 暂无任务，休息60秒...
[巴图] ⏳ 暂无任务，休息60秒...
[弓志明] ⏳ 暂无任务，休息60秒...
[母志明] ⏳ 暂无任务，休息60秒...
[干市场] ⏳ 暂无任务，休息60秒...
[曲市场] ⏳ 暂无任务，休息60秒...
[桥客服] ⏳ 暂无任务，休息60秒...
[银客服] ⏳ 暂无任务，休息60秒...
[言客服] ⏳ 暂无任务，休息60秒...
[朱巨信] ⏳ 暂无任务，休息60秒...
[李廉智] ⏳ 暂无任务，休息60秒...
[水武库] ⏳ 暂无任务，休息60秒...
[葛破浪] ⏳ 暂无任务，休息60秒...
[皮右防] ⏳ 暂无任务，休息60秒...
[赏志明] ⏳ 暂无任务，休息60秒...
[财市场] ⏳ 暂无任务，休息60秒...
[蒋巨门] ⏳ 暂无任务，休息60秒...
[沈巨明] ⏳ 暂无任务，休息60秒...
[韩巨亮] ⏳ 暂无任务，休息60秒...
[杨巨知] ⏳ 暂无任务，休息60秒...
[伍廉贞] ⏳ 暂无任务，休息60秒...
[余廉心] ⏳ 暂无任务，休息60秒...
[元廉情] ⏳ 暂无任务，休息60秒...
[孟廉意] ⏳ 暂无任务，休息60秒...
[谢武功] ⏳ 暂无任务，休息60秒...
[邹武全] ⏳ 暂无任务，休息60秒...
[喻武能] ⏳ 暂无任务，休息60秒...
[柏武技] ⏳ 暂无任务，休息60秒...
[章破军] ⏳ 暂无任务，休息60秒...
[云破敌] ⏳ 暂无任务，休息60秒...
[苏破阵] ⏳ 暂无任务，休息60秒...
[潘破晓] ⏳ 暂无任务，休息60秒...
[倪左辅] ⏳ 暂无任务，休息60秒...
[汤左膀] ⏳ 暂无任务，休息60秒...
[殷左翼] ⏳ 暂无任务，休息60秒...
[殷左护] ⏳ 暂无任务，休息60秒...
[罗左卫] ⏳ 暂无任务，休息60秒...
[周右弼] ⏳ 暂无任务，休息60秒...
[乐右弼] ⏳ 暂无任务，休息60秒...
[于右护] ⏳ 暂无任务，休息60秒...
[时右卫] ⏳ 暂无任务，休息60秒...
[薛贪狼] ⏳ 暂无任务，休息60秒...
[雷贪音] ⏳ 暂无任务，休息60秒...
[贺贪形] ⏳ 暂无任务，休息60秒...
[贡志强] ⏳ 暂无任务，休息60秒...
[齐辅弼] ⏳ 暂无任务，休息60秒...
[康辅星] ⏳ 暂无任务，休息60秒...
[和产品] ⏳ 暂无任务，休息60秒...
[穆产品] ⏳ 暂无任务，休息60秒...
[刘二明] ⏳ 暂无任务，休息60秒...
[王三思] ⏳ 暂无任务，休息60秒...
[赵四维] ⏳ 暂无任务，休息60秒...
[周禄存] ⏳ 暂无任务，休息60秒...
[吴存真] ⏳ 暂无任务，休息60秒...
[郑存义] ⏳ 暂无任务，休息60秒...
[钱存信] ⏳ 暂无任务，休息60秒...
[冯存智] ⏳ 暂无任务，休息60秒...
[陈元灵] ⏳ 暂无任务，休息60秒...
[张一凡] ⏳ 暂无任务，休息60秒...
[孙五维] ⏳ 暂无任务，休息60秒...
[陈存理] ⏳ 暂无任务，休息60秒...
[褚存道] ⏳ 暂无任务，休息60秒...
[卫存德] ⏳ 暂无任务，休息60秒...
[秦巨诚] ⏳ 暂无任务，休息60秒...
[许巨真] ⏳ 暂无任务，休息60秒...
[戚巨实] ⏳ 暂无任务，休息60秒...
[窦武备] ⏳ 暂无任务，休息60秒...
[奚破浪] ⏳ 暂无任务，休息60秒...
[范破空] ⏳ 暂无任务，休息60秒...
[柯破云] ⏳ 暂无任务，休息60秒...
[厉破风] ⏳ 暂无任务，休息60秒...
[岑破雷] ⏳ 暂无任务，休息60秒...
[毕左护] ⏳ 暂无任务，休息60秒...
[郝左持] ⏳ 暂无任务，休息60秒...
[邬左扶] ⏳ 暂无任务，休息60秒...
[安左助] ⏳ 暂无任务，休息60秒...
[常左协] ⏳ 暂无任务，休息60秒...
[李星辰] ⏳ 暂无任务，休息60秒...
[卞右盾] ⏳ 暂无任务，休息60秒...
[巴图] ⏳ 暂无任务，休息60秒...
[弓志明] ⏳ 暂无任务，休息60秒...
[母志明] ⏳ 暂无任务，休息60秒...
[干市场] ⏳ 暂无任务，休息60秒...
[曲市场] ⏳ 暂无任务，休息60秒...
[桥客服] ⏳ 暂无任务，休息60秒...
[银客服] ⏳ 暂无任务，休息60秒...
[言客服] ⏳ 暂无任务，休息60秒...
[朱巨信] ⏳ 暂无任务，休息60秒...
[李廉智] ⏳ 暂无任务，休息60秒...
[水武库] ⏳ 暂无任务，休息60秒...
[葛破浪] ⏳ 暂无任务，休息60秒...
[皮右防] ⏳ 暂无任务，休息60秒...
[赏志明] ⏳ 暂无任务，休息60秒...
[财市场] ⏳ 暂无任务，休息60秒...
[蒋巨门] ⏳ 暂无任务，休息60秒...
[沈巨明] ⏳ 暂无任务，休息60秒...
[韩巨亮] ⏳ 暂无任务，休息60秒...
[杨巨知] ⏳ 暂无任务，休息60秒...
[伍廉贞] ⏳ 暂无任务，休息60秒...
[余廉心] ⏳ 暂无任务，休息60秒...
[元廉情] ⏳ 暂无任务，休息60秒...
[孟廉意] ⏳ 暂无任务，休息60秒...
[谢武功] ⏳ 暂无任务，休息60秒...
[邹武全] ⏳ 暂无任务，休息60秒...
[喻武能] ⏳ 暂无任务，休息60秒...
[柏武技] ⏳ 暂无任务，休息60秒...
[章破军] ⏳ 暂无任务，休息60秒...
[云破敌] ⏳ 暂无任务，休息60秒...
[苏破阵] ⏳ 暂无任务，休息60秒...
[潘破晓] ⏳ 暂无任务，休息60秒...
[倪左辅] ⏳ 暂无任务，休息60秒...
[汤左膀] ⏳ 暂无任务，休息60秒...
[殷左翼] ⏳ 暂无任务，休息60秒...
[殷左护] ⏳ 暂无任务，休息60秒...
[罗左卫] ⏳ 暂无任务，休息60秒...
[周右弼] ⏳ 暂无任务，休息60秒...
[乐右弼] ⏳ 暂无任务，休息60秒...
[于右护] ⏳ 暂无任务，休息60秒...
[时右卫] ⏳ 暂无任务，休息60秒...
[薛贪狼] ⏳ 暂无任务，休息60秒...
[雷贪音] ⏳ 暂无任务，休息60秒...
[贺贪形] ⏳ 暂无任务，休息60秒...
[贡志强] ⏳ 暂无任务，休息60秒...
[齐辅弼] ⏳ 暂无任务，休息60秒...
[康辅星] ⏳ 暂无任务，休息60秒...
[和产品] ⏳ 暂无任务，休息60秒...
[穆产品] ⏳ 暂无任务，休息60秒...
[刘二明] ⏳ 暂无任务，休息60秒...
[王三思] ⏳ 暂无任务，休息60秒...
[赵四维] ⏳ 暂无任务，休息60秒...
[周禄存] ⏳ 暂无任务，休息60秒...
[吴存真] ⏳ 暂无任务，休息60秒...
[郑存义] ⏳ 暂无任务，休息60秒...
[钱存信] ⏳ 暂无任务，休息60秒...
[冯存智] ⏳ 暂无任务，休息60秒...
[陈元灵] ⏳ 暂无任务，休息60秒...
[张一凡] ⏳ 暂无任务，休息60秒...
[孙五维] ⏳ 暂无任务，休息60秒...
[陈存理] ⏳ 暂无任务，休息60秒...
[褚存道] ⏳ 暂无任务，休息60秒...
[卫存德] ⏳ 暂无任务，休息60秒...
[秦巨诚] ⏳ 暂无任务，休息60秒...
[许巨真] ⏳ 暂无任务，休息60秒...
[戚巨实] ⏳ 暂无任务，休息60秒...
[窦武备] ⏳ 暂无任务，休息60秒...
[奚破浪] ⏳ 暂无任务，休息60秒...
[范破空] ⏳ 暂无任务，休息60秒...
[柯破云] ⏳ 暂无任务，休息60秒...
[厉破风] ⏳ 暂无任务，休息60秒...
[岑破雷] ⏳ 暂无任务，休息60秒...
[毕左护] ⏳ 暂无任务，休息60秒...
[郝左持] ⏳ 暂无任务，休息60秒...
[邬左扶] ⏳ 暂无任务，休息60秒...
[安左助] ⏳ 暂无任务，休息60秒...
[常左协] ⏳ 暂无任务，休息60秒...
[李星辰] ⏳ 暂无任务，休息60秒...
[卞右盾] ⏳ 暂无任务，休息60秒...
[巴图] ⏳ 暂无任务，休息60秒...
[弓志明] ⏳ 暂无任务，休息60秒...
[母志明] ⏳ 暂无任务，休息60秒...
[干市场] ⏳ 暂无任务，休息60秒...
[曲市场] ⏳ 暂无任务，休息60秒...
[桥客服] ⏳ 暂无任务，休息60秒...
[银客服] ⏳ 暂无任务，休息60秒...
[言客服] ⏳ 暂无任务，休息60秒...
[朱巨信] ⏳ 暂无任务，休息60秒...
[李廉智] ⏳ 暂无任务，休息60秒...
[水武库] ⏳ 暂无任务，休息60秒...
[葛破浪] ⏳ 暂无任务，休息60秒...
[皮右防] ⏳ 暂无任务，休息60秒...
[赏志明] ⏳ 暂无任务，休息60秒...
[财市场] ⏳ 暂无任务，休息60秒...
[蒋巨门] ⏳ 暂无任务，休息60秒...
[沈巨明] ⏳ 暂无任务，休息60秒...
[韩巨亮] ⏳ 暂无任务，休息60秒...
[杨巨知] ⏳ 暂无任务，休息60秒...
[伍廉贞] ⏳ 暂无任务，休息60秒...
[余廉心] ⏳ 暂无任务，休息60秒...
[元廉情] ⏳ 暂无任务，休息60秒...
[孟廉意] ⏳ 暂无任务，休息60秒...
[谢武功] ⏳ 暂无任务，休息60秒...
[邹武全] ⏳ 暂无任务，休息60秒...
[喻武能] ⏳ 暂无任务，休息60秒...
[柏武技] ⏳ 暂无任务，休息60秒...
[章破军] ⏳ 暂无任务，休息60秒...
[云破敌] ⏳ 暂无任务，休息60秒...
[苏破阵] ⏳ 暂无任务，休息60秒...
[潘破晓] ⏳ 暂无任务，休息60秒...
[倪左辅] ⏳ 暂无任务，休息60秒...
[汤左膀] ⏳ 暂无任务，休息60秒...
[殷左翼] ⏳ 暂无任务，休息60秒...
[殷左护] ⏳ 暂无任务，休息60秒...
[罗左卫] ⏳ 暂无任务，休息60秒...
[周右弼] ⏳ 暂无任务，休息60秒...
[乐右弼] ⏳ 暂无任务，休息60秒...
[于右护] ⏳ 暂无任务，休息60秒...
[时右卫] ⏳ 暂无任务，休息60秒...
[薛贪狼] ⏳ 暂无任务，休息60秒...
[雷贪音] ⏳ 暂无任务，休息60秒...
[贺贪形] ⏳ 暂无任务，休息60秒...
[贡志强] ⏳ 暂无任务，休息60秒...
[齐辅弼] ⏳ 暂无任务，休息60秒...
[康辅星] ⏳ 暂无任务，休息60秒...
[和产品] ⏳ 暂无任务，休息60秒...
[穆产品] ⏳ 暂无任务，休息60秒...
[刘二明] ⏳ 暂无任务，休息60秒...
[王三思] ⏳ 暂无任务，休息60秒...
[赵四维] ⏳ 暂无任务，休息60秒...
[周禄存] ⏳ 暂无任务，休息60秒...
[吴存真] ⏳ 暂无任务，休息60秒...
[郑存义] ⏳ 暂无任务，休息60秒...
[钱存信] ⏳ 暂无任务，休息60秒...
[冯存智] ⏳ 暂无任务，休息60秒...
[陈元灵] ⏳ 暂无任务，休息60秒...
[张一凡] ⏳ 暂无任务，休息60秒...
[孙五维] ⏳ 暂无任务，休息60秒...
[陈存理] ⏳ 暂无任务，休息60秒...
[褚存道] ⏳ 暂无任务，休息60秒...
[卫存德] ⏳ 暂无任务，休息60秒...
[秦巨诚] ⏳ 暂无任务，休息60秒...
[许巨真] ⏳ 暂无任务，休息60秒...
[戚巨实] ⏳ 暂无任务，休息60秒...
[窦武备] ⏳ 暂无任务，休息60秒...
[奚破浪] ⏳ 暂无任务，休息60秒...
[范破空] ⏳ 暂无任务，休息60秒...
[柯破云] ⏳ 暂无任务，休息60秒...
[厉破风] ⏳ 暂无任务，休息60秒...
[岑破雷] ⏳ 暂无任务，休息60秒...
[毕左护] ⏳ 暂无任务，休息60秒...
[郝左持] ⏳ 暂无任务，休息60秒...
[邬左扶] ⏳ 暂无任务，休息60秒...
[安左助] ⏳ 暂无任务，休息60秒...
[常左协] ⏳ 暂无任务，休息60秒...
[李星辰] ⏳ 暂无任务，休息60秒...
[卞右盾] ⏳ 暂无任务，休息60秒...
[巴图] ⏳ 暂无任务，休息60秒...
[弓志明] ⏳ 暂无任务，休息60秒...
[母志明] ⏳ 暂无任务，休息60秒...
[干市场] ⏳ 暂无任务，休息60秒...
[曲市场] ⏳ 暂无任务，休息60秒...
[桥客服] ⏳ 暂无任务，休息60秒...
[银客服] ⏳ 暂无任务，休息60秒...
[言客服] ⏳ 暂无任务，休息60秒...
[朱巨信] ⏳ 暂无任务，休息60秒...
[李廉智] ⏳ 暂无任务，休息60秒...
[水武库] ⏳ 暂无任务，休息60秒...
[葛破浪] ⏳ 暂无任务，休息60秒...
[皮右防] ⏳ 暂无任务，休息60秒...
[赏志明] ⏳ 暂无任务，休息60秒...
[财市场] ⏳ 暂无任务，休息60秒...
[蒋巨门] ⏳ 暂无任务，休息60秒...
[沈巨明] ⏳ 暂无任务，休息60秒...
[韩巨亮] ⏳ 暂无任务，休息60秒...
[杨巨知] ⏳ 暂无任务，休息60秒...
[伍廉贞] ⏳ 暂无任务，休息60秒...
[余廉心] ⏳ 暂无任务，休息60秒...
[元廉情] ⏳ 暂无任务，休息60秒...
[孟廉意] ⏳ 暂无任务，休息60秒...
[谢武功] ⏳ 暂无任务，休息60秒...
[邹武全] ⏳ 暂无任务，休息60秒...
[喻武能] ⏳ 暂无任务，休息60秒...
[柏武技] ⏳ 暂无任务，休息60秒...
[章破军] ⏳ 暂无任务，休息60秒...
[云破敌] ⏳ 暂无任务，休息60秒...
[苏破阵] ⏳ 暂无任务，休息60秒...
[潘破晓] ⏳ 暂无任务，休息60秒...
[倪左辅] ⏳ 暂无任务，休息60秒...
[汤左膀] ⏳ 暂无任务，休息60秒...
[殷左翼] ⏳ 暂无任务，休息60秒...
[殷左护] ⏳ 暂无任务，休息60秒...
[罗左卫] ⏳ 暂无任务，休息60秒...
[周右弼] ⏳ 暂无任务，休息60秒...
[乐右弼] ⏳ 暂无任务，休息60秒...
[于右护] ⏳ 暂无任务，休息60秒...
[时右卫] ⏳ 暂无任务，休息60秒...
[薛贪狼] ⏳ 暂无任务，休息60秒...
[雷贪音] ⏳ 暂无任务，休息60秒...
[贺贪形] ⏳ 暂无任务，休息60秒...
[贡志强] ⏳ 暂无任务，休息60秒...
[齐辅弼] ⏳ 暂无任务，休息60秒...
[康辅星] ⏳ 暂无任务，休息60秒...
[和产品] ⏳ 暂无任务，休息60秒...
[穆产品] ⏳ 暂无任务，休息60秒...
[刘二明] ⏳ 暂无任务，休息60秒...
[王三思] ⏳ 暂无任务，休息60秒...
[赵四维] ⏳ 暂无任务，休息60秒...
[周禄存] ⏳ 暂无任务，休息60秒...
[吴存真] ⏳ 暂无任务，休息60秒...
[郑存义] ⏳ 暂无任务，休息60秒...
[钱存信] ⏳ 暂无任务，休息60秒...
[冯存智] ⏳ 暂无任务，休息60秒...
[陈元灵] ⏳ 暂无任务，休息60秒...
[张一凡] ⏳ 暂无任务，休息60秒...
[孙五维] ⏳ 暂无任务，休息60秒...
[陈存理] ⏳ 暂无任务，休息60秒...
[褚存道] ⏳ 暂无任务，休息60秒...
[卫存德] ⏳ 暂无任务，休息60秒...
[秦巨诚] ⏳ 暂无任务，休息60秒...
[许巨真] ⏳ 暂无任务，休息60秒...
[戚巨实] ⏳ 暂无任务，休息60秒...
[窦武备] ⏳ 暂无任务，休息60秒...
[奚破浪] ⏳ 暂无任务，休息60秒...
[范破空] ⏳ 暂无任务，休息60秒...
[柯破云] ⏳ 暂无任务，休息60秒...
[厉破风] ⏳ 暂无任务，休息60秒...
[岑破雷] ⏳ 暂无任务，休息60秒...
[毕左护] ⏳ 暂无任务，休息60秒...
[郝左持] ⏳ 暂无任务，休息60秒...
[邬左扶] ⏳ 暂无任务，休息60秒...
[安左助] ⏳ 暂无任务，休息60秒...
[常左协] ⏳ 暂无任务，休息60秒...
[李星辰] ⏳ 暂无任务，休息60秒...
[卞右盾] ⏳ 暂无任务，休息60秒...
[巴图] ⏳ 暂无任务，休息60秒...
[弓志明] ⏳ 暂无任务，休息60秒...
[母志明] ⏳ 暂无任务，休息60秒...
[干市场] ⏳ 暂无任务，休息60秒...
[曲市场] ⏳ 暂无任务，休息60秒...
[桥客服] ⏳ 暂无任务，休息60秒...
[银客服] ⏳ 暂无任务，休息60秒...
[言客服] ⏳ 暂无任务，休息60秒...
[朱巨信] ⏳ 暂无任务，休息60秒...
[李廉智] ⏳ 暂无任务，休息60秒...
[水武库] ⏳ 暂无任务，休息60秒...
[葛破浪] ⏳ 暂无任务，休息60秒...
[皮右防] ⏳ 暂无任务，休息60秒...
[赏志明] ⏳ 暂无任务，休息60秒...
[财市场] ⏳ 暂无任务，休息60秒...
[蒋巨门] ⏳ 暂无任务，休息60秒...
[沈巨明] ⏳ 暂无任务，休息60秒...
[韩巨亮] ⏳ 暂无任务，休息60秒...
[杨巨知] ⏳ 暂无任务，休息60秒...
[伍廉贞] ⏳ 暂无任务，休息60秒...
[余廉心] ⏳ 暂无任务，休息60秒...
[元廉情] ⏳ 暂无任务，休息60秒...
[孟廉意] ⏳ 暂无任务，休息60秒...
[谢武功] ⏳ 暂无任务，休息60秒...
[邹武全] ⏳ 暂无任务，休息60秒...
[喻武能] ⏳ 暂无任务，休息60秒...
[柏武技] ⏳ 暂无任务，休息60秒...
[章破军] ⏳ 暂无任务，休息60秒...
[云破敌] ⏳ 暂无任务，休息60秒...
[苏破阵] ⏳ 暂无任务，休息60秒...
[潘破晓] ⏳ 暂无任务，休息60秒...
[倪左辅] ⏳ 暂无任务，休息60秒...
[汤左膀] ⏳ 暂无任务，休息60秒...
[殷左翼] ⏳ 暂无任务，休息60秒...
[殷左护] ⏳ 暂无任务，休息60秒...
[罗左卫] ⏳ 暂无任务，休息60秒...
[周右弼] ⏳ 暂无任务，休息60秒...
[乐右弼] ⏳ 暂无任务，休息60秒...
[于右护] ⏳ 暂无任务，休息60秒...
[时右卫] ⏳ 暂无任务，休息60秒...
[薛贪狼] ⏳ 暂无任务，休息60秒...
[雷贪音] ⏳ 暂无任务，休息60秒...
[贺贪形] ⏳ 暂无任务，休息60秒...
[贡志强] ⏳ 暂无任务，休息60秒...
[齐辅弼] ⏳ 暂无任务，休息60秒...
[康辅星] ⏳ 暂无任务，休息60秒...
[和产品] ⏳ 暂无任务，休息60秒...
[穆产品] ⏳ 暂无任务，休息60秒...
[刘二明] ⏳ 暂无任务，休息60秒...
[王三思] ⏳ 暂无任务，休息60秒...
[赵四维] ⏳ 暂无任务，休息60秒...
[周禄存] ⏳ 暂无任务，休息60秒...
[吴存真] ⏳ 暂无任务，休息60秒...
[郑存义] ⏳ 暂无任务，休息60秒...
[钱存信] ⏳ 暂无任务，休息60秒...
[冯存智] ⏳ 暂无任务，休息60秒...
[陈元灵] ⏳ 暂无任务，休息60秒...
[张一凡] ⏳ 暂无任务，休息60秒...
[孙五维] ⏳ 暂无任务，休息60秒...
[陈存理] ⏳ 暂无任务，休息60秒...
[褚存道] ⏳ 暂无任务，休息60秒...
[卫存德] ⏳ 暂无任务，休息60秒...
[秦巨诚] ⏳ 暂无任务，休息60秒...
[许巨真] ⏳ 暂无任务，休息60秒...
[戚巨实] ⏳ 暂无任务，休息60秒...
[窦武备] ⏳ 暂无任务，休息60秒...
[奚破浪] ⏳ 暂无任务，休息60秒...
[范破空] ⏳ 暂无任务，休息60秒...
[柯破云] ⏳ 暂无任务，休息60秒...
[厉破风] ⏳ 暂无任务，休息60秒...
[岑破雷] ⏳ 暂无任务，休息60秒...
[毕左护] ⏳ 暂无任务，休息60秒...
[郝左持] ⏳ 暂无任务，休息60秒...
[邬左扶] ⏳ 暂无任务，休息60秒...
[安左助] ⏳ 暂无任务，休息60秒...
[常左协] ⏳ 暂无任务，休息60秒...
[李星辰] ⏳ 暂无任务，休息60秒...
[卞右盾] ⏳ 暂无任务，休息60秒...
[巴图] ⏳ 暂无任务，休息60秒...
[弓志明] ⏳ 暂无任务，休息60秒...
[母志明] ⏳ 暂无任务，休息60秒...
[干市场] ⏳ 暂无任务，休息60秒...
[曲市场] ⏳ 暂无任务，休息60秒...
[桥客服] ⏳ 暂无任务，休息60秒...
[银客服] ⏳ 暂无任务，休息60秒...
[言客服] ⏳ 暂无任务，休息60秒...
[朱巨信] ⏳ 暂无任务，休息60秒...
[李廉智] ⏳ 暂无任务，休息60秒...
[水武库] ⏳ 暂无任务，休息60秒...
[葛破浪] ⏳ 暂无任务，休息60秒...
[皮右防] ⏳ 暂无任务，休息60秒...
[赏志明] ⏳ 暂无任务，休息60秒...
[财市场] ⏳ 暂无任务，休息60秒...
[蒋巨门] ⏳ 暂无任务，休息60秒...
[沈巨明] ⏳ 暂无任务，休息60秒...
[韩巨亮] ⏳ 暂无任务，休息60秒...
[杨巨知] ⏳ 暂无任务，休息60秒...
[伍廉贞] ⏳ 暂无任务，休息60秒...
[余廉心] ⏳ 暂无任务，休息60秒...
[元廉情] ⏳ 暂无任务，休息60秒...
[孟廉意] ⏳ 暂无任务，休息60秒...
[谢武功] ⏳ 暂无任务，休息60秒...
[邹武全] ⏳ 暂无任务，休息60秒...
[喻武能] ⏳ 暂无任务，休息60秒...
[柏武技] ⏳ 暂无任务，休息60秒...
[章破军] ⏳ 暂无任务，休息60秒...
[云破敌] ⏳ 暂无任务，休息60秒...
[苏破阵] ⏳ 暂无任务，休息60秒...
[潘破晓] ⏳ 暂无任务，休息60秒...
[倪左辅] ⏳ 暂无任务，休息60秒...
[汤左膀] ⏳ 暂无任务，休息60秒...
[殷左翼] ⏳ 暂无任务，休息60秒...
[殷左护] ⏳ 暂无任务，休息60秒...
[罗左卫] ⏳ 暂无任务，休息60秒...
[周右弼] ⏳ 暂无任务，休息60秒...
[乐右弼] ⏳ 暂无任务，休息60秒...
[于右护] ⏳ 暂无任务，休息60秒...
[时右卫] ⏳ 暂无任务，休息60秒...
[薛贪狼] ⏳ 暂无任务，休息60秒...
[雷贪音] ⏳ 暂无任务，休息60秒...
[贺贪形] ⏳ 暂无任务，休息60秒...
[贡志强] ⏳ 暂无任务，休息60秒...
[齐辅弼] ⏳ 暂无任务，休息60秒...
[康辅星] ⏳ 暂无任务，休息60秒...
[和产品] ⏳ 暂无任务，休息60秒...
[穆产品] ⏳ 暂无任务，休息60秒...
[刘二明] ⏳ 暂无任务，休息60秒...
[王三思] ⏳ 暂无任务，休息60秒...
[赵四维] ⏳ 暂无任务，休息60秒...
[周禄存] ⏳ 暂无任务，休息60秒...
[吴存真] ⏳ 暂无任务，休息60秒...
[郑存义] ⏳ 暂无任务，休息60秒...
[钱存信] ⏳ 暂无任务，休息60秒...
[冯存智] ⏳ 暂无任务，休息60秒...
[陈元灵] ⏳ 暂无任务，休息60秒...
[张一凡] ⏳ 暂无任务，休息60秒...
[孙五维] ⏳ 暂无任务，休息60秒...
[陈存理] ⏳ 暂无任务，休息60秒...
[褚存道] ⏳ 暂无任务，休息60秒...
[卫存德] ⏳ 暂无任务，休息60秒...
[秦巨诚] ⏳ 暂无任务，休息60秒...
[许巨真] ⏳ 暂无任务，休息60秒...
[戚巨实] ⏳ 暂无任务，休息60秒...
[窦武备] ⏳ 暂无任务，休息60秒...
[奚破浪] ⏳ 暂无任务，休息60秒...
[范破空] ⏳ 暂无任务，休息60秒...
[柯破云] ⏳ 暂无任务，休息60秒...
[厉破风] ⏳ 暂无任务，休息60秒...
[岑破雷] ⏳ 暂无任务，休息60秒...
[毕左护] ⏳ 暂无任务，休息60秒...
[郝左持] ⏳ 暂无任务，休息60秒...
[邬左扶] ⏳ 暂无任务，休息60秒...
[安左助] ⏳ 暂无任务，休息60秒...
[常左协] ⏳ 暂无任务，休息60秒...
[李星辰] ⏳ 暂无任务，休息60秒...
[卞右盾] ⏳ 暂无任务，休息60秒...
[巴图] ⏳ 暂无任务，休息60秒...
[弓志明] ⏳ 暂无任务，休息60秒...
[母志明] ⏳ 暂无任务，休息60秒...
[干市场] ⏳ 暂无任务，休息60秒...
[曲市场] ⏳ 暂无任务，休息60秒...
[桥客服] ⏳ 暂无任务，休息60秒...
[银客服] ⏳ 暂无任务，休息60秒...
[言客服] ⏳ 暂无任务，休息60秒...
[朱巨信] ⏳ 暂无任务，休息60秒...
[李廉智] ⏳ 暂无任务，休息60秒...
[水武库] ⏳ 暂无任务，休息60秒...
[葛破浪] ⏳ 暂无任务，休息60秒...
[皮右防] ⏳ 暂无任务，休息60秒...
[赏志明] ⏳ 暂无任务，休息60秒...
[财市场] ⏳ 暂无任务，休息60秒...
[蒋巨门] ⏳ 暂无任务，休息60秒...
[沈巨明] ⏳ 暂无任务，休息60秒...
[韩巨亮] ⏳ 暂无任务，休息60秒...
[杨巨知] ⏳ 暂无任务，休息60秒...
[伍廉贞] ⏳ 暂无任务，休息60秒...
[余廉心] ⏳ 暂无任务，休息60秒...
[元廉情] ⏳ 暂无任务，休息60秒...
[孟廉意] ⏳ 暂无任务，休息60秒...
[谢武功] ⏳ 暂无任务，休息60秒...
[邹武全] ⏳ 暂无任务，休息60秒...
[喻武能] ⏳ 暂无任务，休息60秒...
[柏武技] ⏳ 暂无任务，休息60秒...
[章破军] ⏳ 暂无任务，休息60秒...
[云破敌] ⏳ 暂无任务，休息60秒...
[苏破阵] ⏳ 暂无任务，休息60秒...
[潘破晓] ⏳ 暂无任务，休息60秒...
[倪左辅] ⏳ 暂无任务，休息60秒...
[汤左膀] ⏳ 暂无任务，休息60秒...
[殷左翼] ⏳ 暂无任务，休息60秒...
[殷左护] ⏳ 暂无任务，休息60秒...
[罗左卫] ⏳ 暂无任务，休息60秒...
[周右弼] ⏳ 暂无任务，休息60秒...
[乐右弼] ⏳ 暂无任务，休息60秒...
[于右护] ⏳ 暂无任务，休息60秒...
[时右卫] ⏳ 暂无任务，休息60秒...
[薛贪狼] ⏳ 暂无任务，休息60秒...
[雷贪音] ⏳ 暂无任务，休息60秒...
[贺贪形] ⏳ 暂无任务，休息60秒...
[贡志强] ⏳ 暂无任务，休息60秒...
[齐辅弼] ⏳ 暂无任务，休息60秒...
[康辅星] ⏳ 暂无任务，休息60秒...
[和产品] ⏳ 暂无任务，休息60秒...
[穆产品] ⏳ 暂无任务，休息60秒...
[刘二明] ⏳ 暂无任务，休息60秒...
[王三思] ⏳ 暂无任务，休息60秒...
[赵四维] ⏳ 暂无任务，休息60秒...
[周禄存] ⏳ 暂无任务，休息60秒...
[吴存真] ⏳ 暂无任务，休息60秒...
[郑存义] ⏳ 暂无任务，休息60秒...
[钱存信] ⏳ 暂无任务，休息60秒...
[冯存智] ⏳ 暂无任务，休息60秒...
[陈元灵] ⏳ 暂无任务，休息60秒...
[张一凡] ⏳ 暂无任务，休息60秒...
[孙五维] ⏳ 暂无任务，休息60秒...
[陈存理] ⏳ 暂无任务，休息60秒...
[褚存道] ⏳ 暂无任务，休息60秒...
[卫存德] ⏳ 暂无任务，休息60秒...
[秦巨诚] ⏳ 暂无任务，休息60秒...
[许巨真] ⏳ 暂无任务，休息60秒...
[戚巨实] ⏳ 暂无任务，休息60秒...
[窦武备] ⏳ 暂无任务，休息60秒...
[奚破浪] ⏳ 暂无任务，休息60秒...
[范破空] ⏳ 暂无任务，休息60秒...
[柯破云] ⏳ 暂无任务，休息60秒...
[厉破风] ⏳ 暂无任务，休息60秒...
[岑破雷] ⏳ 暂无任务，休息60秒...
[毕左护] ⏳ 暂无任务，休息60秒...
[郝左持] ⏳ 暂无任务，休息60秒...
[邬左扶] ⏳ 暂无任务，休息60秒...
[安左助] ⏳ 暂无任务，休息60秒...
[常左协] ⏳ 暂无任务，休息60秒...
[李星辰] ⏳ 暂无任务，休息60秒...
[卞右盾] ⏳ 暂无任务，休息60秒...
[巴图] ⏳ 暂无任务，休息60秒...
[弓志明] ⏳ 暂无任务，休息60秒...
[母志明] ⏳ 暂无任务，休息60秒...
[干市场] ⏳ 暂无任务，休息60秒...
[曲市场] ⏳ 暂无任务，休息60秒...
[桥客服] ⏳ 暂无任务，休息60秒...
[银客服] ⏳ 暂无任务，休息60秒...
[言客服] ⏳ 暂无任务，休息60秒...
[朱巨信] ⏳ 暂无任务，休息60秒...
[李廉智] ⏳ 暂无任务，休息60秒...
[水武库] ⏳ 暂无任务，休息60秒...
[葛破浪] ⏳ 暂无任务，休息60秒...
[皮右防] ⏳ 暂无任务，休息60秒...
[赏志明] ⏳ 暂无任务，休息60秒...
[财市场] ⏳ 暂无任务，休息60秒...
[蒋巨门] ⏳ 暂无任务，休息60秒...
[沈巨明] ⏳ 暂无任务，休息60秒...
[韩巨亮] ⏳ 暂无任务，休息60秒...
[杨巨知] ⏳ 暂无任务，休息60秒...
[伍廉贞] ⏳ 暂无任务，休息60秒...
[余廉心] ⏳ 暂无任务，休息60秒...
[元廉情] ⏳ 暂无任务，休息60秒...
[孟廉意] ⏳ 暂无任务，休息60秒...
[谢武功] ⏳ 暂无任务，休息60秒...
[邹武全] ⏳ 暂无任务，休息60秒...
[喻武能] ⏳ 暂无任务，休息60秒...
[柏武技] ⏳ 暂无任务，休息60秒...
[章破军] ⏳ 暂无任务，休息60秒...
[云破敌] ⏳ 暂无任务，休息60秒...
[苏破阵] ⏳ 暂无任务，休息60秒...
[潘破晓] ⏳ 暂无任务，休息60秒...
[倪左辅] ⏳ 暂无任务，休息60秒...
[汤左膀] ⏳ 暂无任务，休息60秒...
[殷左翼] ⏳ 暂无任务，休息60秒...
[殷左护] ⏳ 暂无任务，休息60秒...
[罗左卫] ⏳ 暂无任务，休息60秒...
[周右弼] ⏳ 暂无任务，休息60秒...
[乐右弼] ⏳ 暂无任务，休息60秒...
[于右护] ⏳ 暂无任务，休息60秒...
[时右卫] ⏳ 暂无任务，休息60秒...
[薛贪狼] ⏳ 暂无任务，休息60秒...
[雷贪音] ⏳ 暂无任务，休息60秒...
[贺贪形] ⏳ 暂无任务，休息60秒...
[贡志强] ⏳ 暂无任务，休息60秒...
[齐辅弼] ⏳ 暂无任务，休息60秒...
[康辅星] ⏳ 暂无任务，休息60秒...
[和产品] ⏳ 暂无任务，休息60秒...
[穆产品] ⏳ 暂无任务，休息60秒...
[刘二明] ⏳ 暂无任务，休息60秒...
[王三思] ⏳ 暂无任务，休息60秒...
[赵四维] ⏳ 暂无任务，休息60秒...
[周禄存] ⏳ 暂无任务，休息60秒...
[吴存真] ⏳ 暂无任务，休息60秒...
[郑存义] ⏳ 暂无任务，休息60秒...
[钱存信] ⏳ 暂无任务，休息60秒...
[冯存智] ⏳ 暂无任务，休息60秒...
[陈元灵] ⏳ 暂无任务，休息60秒...
[张一凡] ⏳ 暂无任务，休息60秒...
[孙五维] ⏳ 暂无任务，休息60秒...
[陈存理] ⏳ 暂无任务，休息60秒...
[褚存道] ⏳ 暂无任务，休息60秒...
[卫存德] ⏳ 暂无任务，休息60秒...
[秦巨诚] ⏳ 暂无任务，休息60秒...
[许巨真] ⏳ 暂无任务，休息60秒...
[戚巨实] ⏳ 暂无任务，休息60秒...
[窦武备] ⏳ 暂无任务，休息60秒...
[奚破浪] ⏳ 暂无任务，休息60秒...
[范破空] ⏳ 暂无任务，休息60秒...
[柯破云] ⏳ 暂无任务，休息60秒...
[厉破风] ⏳ 暂无任务，休息60秒...
[岑破雷] ⏳ 暂无任务，休息60秒...
[毕左护] ⏳ 暂无任务，休息60秒...
[郝左持] ⏳ 暂无任务，休息60秒...
[邬左扶] ⏳ 暂无任务，休息60秒...
[安左助] ⏳ 暂无任务，休息60秒...
[常左协] ⏳ 暂无任务，休息60秒...
[李星辰] ⏳ 暂无任务，休息60秒...
[卞右盾] ⏳ 暂无任务，休息60秒...
[巴图] ⏳ 暂无任务，休息60秒...
[弓志明] ⏳ 暂无任务，休息60秒...
[母志明] ⏳ 暂无任务，休息60秒...
[干市场] ⏳ 暂无任务，休息60秒...
[曲市场] ⏳ 暂无任务，休息60秒...
[桥客服] ⏳ 暂无任务，休息60秒...
[银客服] ⏳ 暂无任务，休息60秒...
[言客服] ⏳ 暂无任务，休息60秒...
[朱巨信] ⏳ 暂无任务，休息60秒...
[李廉智] ⏳ 暂无任务，休息60秒...
[水武库] ⏳ 暂无任务，休息60秒...
[葛破浪] ⏳ 暂无任务，休息60秒...
[皮右防] ⏳ 暂无任务，休息60秒...
[赏志明] ⏳ 暂无任务，休息60秒...
[财市场] ⏳ 暂无任务，休息60秒...
[蒋巨门] ⏳ 暂无任务，休息60秒...
[沈巨明] ⏳ 暂无任务，休息60秒...
[韩巨亮] ⏳ 暂无任务，休息60秒...
[杨巨知] ⏳ 暂无任务，休息60秒...
[伍廉贞] ⏳ 暂无任务，休息60秒...
[余廉心] ⏳ 暂无任务，休息60秒...
[元廉情] ⏳ 暂无任务，休息60秒...
[孟廉意] ⏳ 暂无任务，休息60秒...
[谢武功] ⏳ 暂无任务，休息60秒...
[邹武全] ⏳ 暂无任务，休息60秒...
[喻武能] ⏳ 暂无任务，休息60秒...
[柏武技] ⏳ 暂无任务，休息60秒...
[章破军] ⏳ 暂无任务，休息60秒...
[云破敌] ⏳ 暂无任务，休息60秒...
[苏破阵] ⏳ 暂无任务，休息60秒...
[潘破晓] ⏳ 暂无任务，休息60秒...
[倪左辅] ⏳ 暂无任务，休息60秒...
[汤左膀] ⏳ 暂无任务，休息60秒...
[殷左翼] ⏳ 暂无任务，休息60秒...
[殷左护] ⏳ 暂无任务，休息60秒...
[罗左卫] ⏳ 暂无任务，休息60秒...
[周右弼] ⏳ 暂无任务，休息60秒...
[乐右弼] ⏳ 暂无任务，休息60秒...
[于右护] ⏳ 暂无任务，休息60秒...
[时右卫] ⏳ 暂无任务，休息60秒...
[薛贪狼] ⏳ 暂无任务，休息60秒...
[雷贪音] ⏳ 暂无任务，休息60秒...
[贺贪形] ⏳ 暂无任务，休息60秒...
[贡志强] ⏳ 暂无任务，休息60秒...
[齐辅弼] ⏳ 暂无任务，休息60秒...
[康辅星] ⏳ 暂无任务，休息60秒...
[和产品] ⏳ 暂无任务，休息60秒...
[穆产品] ⏳ 暂无任务，休息60秒...
[刘二明] ⏳ 暂无任务，休息60秒...
[王三思] ⏳ 暂无任务，休息60秒...
[赵四维] ⏳ 暂无任务，休息60秒...
[周禄存] ⏳ 暂无任务，休息60秒...
[吴存真] ⏳ 暂无任务，休息60秒...
[郑存义] ⏳ 暂无任务，休息60秒...
[钱存信] ⏳ 暂无任务，休息60秒...
[冯存智] ⏳ 暂无任务，休息60秒...
[陈元灵] ⏳ 暂无任务，休息60秒...
[张一凡] ⏳ 暂无任务，休息60秒...
[孙五维] ⏳ 暂无任务，休息60秒...
[陈存理] ⏳ 暂无任务，休息60秒...
[褚存道] ⏳ 暂无任务，休息60秒...
[卫存德] ⏳ 暂无任务，休息60秒...
[秦巨诚] ⏳ 暂无任务，休息60秒...
[许巨真] ⏳ 暂无任务，休息60秒...
[戚巨实] ⏳ 暂无任务，休息60秒...
[窦武备] ⏳ 暂无任务，休息60秒...
[奚破浪] ⏳ 暂无任务，休息60秒...
[范破空] ⏳ 暂无任务，休息60秒...
[柯破云] ⏳ 暂无任务，休息60秒...
[厉破风] ⏳ 暂无任务，休息60秒...
[岑破雷] ⏳ 暂无任务，休息60秒...
[毕左护] ⏳ 暂无任务，休息60秒...
[郝左持] ⏳ 暂无任务，休息60秒...
[邬左扶] ⏳ 暂无任务，休息60秒...
[安左助] ⏳ 暂无任务，休息60秒...
[常左协] ⏳ 暂无任务，休息60秒...
[李星辰] ⏳ 暂无任务，休息60秒...
[卞右盾] ⏳ 暂无任务，休息60秒...
[巴图] ⏳ 暂无任务，休息60秒...
[弓志明] ⏳ 暂无任务，休息60秒...
[母志明] ⏳ 暂无任务，休息60秒...
[干市场] ⏳ 暂无任务，休息60秒...
[曲市场] ⏳ 暂无任务，休息60秒...
[桥客服] ⏳ 暂无任务，休息60秒...
[银客服] ⏳ 暂无任务，休息60秒...
[言客服] ⏳ 暂无任务，休息60秒...
[朱巨信] ⏳ 暂无任务，休息60秒...
[李廉智] ⏳ 暂无任务，休息60秒...
[水武库] ⏳ 暂无任务，休息60秒...
[葛破浪] ⏳ 暂无任务，休息60秒...
[皮右防] ⏳ 暂无任务，休息60秒...
[赏志明] ⏳ 暂无任务，休息60秒...
[财市场] ⏳ 暂无任务，休息60秒...
[蒋巨门] ⏳ 暂无任务，休息60秒...
[沈巨明] ⏳ 暂无任务，休息60秒...
[韩巨亮] ⏳ 暂无任务，休息60秒...
[杨巨知] ⏳ 暂无任务，休息60秒...
[伍廉贞] ⏳ 暂无任务，休息60秒...
[余廉心] ⏳ 暂无任务，休息60秒...
[元廉情] ⏳ 暂无任务，休息60秒...
[孟廉意] ⏳ 暂无任务，休息60秒...
[谢武功] ⏳ 暂无任务，休息60秒...
[邹武全] ⏳ 暂无任务，休息60秒...
[喻武能] ⏳ 暂无任务，休息60秒...
[柏武技] ⏳ 暂无任务，休息60秒...
[章破军] ⏳ 暂无任务，休息60秒...
[云破敌] ⏳ 暂无任务，休息60秒...
[苏破阵] ⏳ 暂无任务，休息60秒...
[潘破晓] ⏳ 暂无任务，休息60秒...
[倪左辅] ⏳ 暂无任务，休息60秒...
[汤左膀] ⏳ 暂无任务，休息60秒...
[殷左翼] ⏳ 暂无任务，休息60秒...
[殷左护] ⏳ 暂无任务，休息60秒...
[罗左卫] ⏳ 暂无任务，休息60秒...
[周右弼] ⏳ 暂无任务，休息60秒...
[乐右弼] ⏳ 暂无任务，休息60秒...
[于右护] ⏳ 暂无任务，休息60秒...
[时右卫] ⏳ 暂无任务，休息60秒...
[薛贪狼] ⏳ 暂无任务，休息60秒...
[雷贪音] ⏳ 暂无任务，休息60秒...
[贺贪形] ⏳ 暂无任务，休息60秒...
[贡志强] ⏳ 暂无任务，休息60秒...
[齐辅弼] ⏳ 暂无任务，休息60秒...
[康辅星] ⏳ 暂无任务，休息60秒...
[和产品] ⏳ 暂无任务，休息60秒...
[穆产品] ⏳ 暂无任务，休息60秒...
[刘二明] ⏳ 暂无任务，休息60秒...
[王三思] ⏳ 暂无任务，休息60秒...
[赵四维] ⏳ 暂无任务，休息60秒...
[周禄存] ⏳ 暂无任务，休息60秒...
[吴存真] ⏳ 暂无任务，休息60秒...
[郑存义] ⏳ 暂无任务，休息60秒...
[钱存信] ⏳ 暂无任务，休息60秒...
[冯存智] ⏳ 暂无任务，休息60秒...
[陈元灵] ⏳ 暂无任务，休息60秒...
[张一凡] ⏳ 暂无任务，休息60秒...
[孙五维] ⏳ 暂无任务，休息60秒...
[陈存理] ⏳ 暂无任务，休息60秒...
[褚存道] ⏳ 暂无任务，休息60秒...
[卫存德] ⏳ 暂无任务，休息60秒...
[秦巨诚] ⏳ 暂无任务，休息60秒...
[许巨真] ⏳ 暂无任务，休息60秒...
[戚巨实] ⏳ 暂无任务，休息60秒...
[窦武备] ⏳ 暂无任务，休息60秒...
[奚破浪] ⏳ 暂无任务，休息60秒...
[范破空] ⏳ 暂无任务，休息60秒...
[柯破云] ⏳ 暂无任务，休息60秒...
[厉破风] ⏳ 暂无任务，休息60秒...
[岑破雷] ⏳ 暂无任务，休息60秒...
[毕左护] ⏳ 暂无任务，休息60秒...
[郝左持] ⏳ 暂无任务，休息60秒...
[邬左扶] ⏳ 暂无任务，休息60秒...
[安左助] ⏳ 暂无任务，休息60秒...
[常左协] ⏳ 暂无任务，休息60秒...
[李星辰] ⏳ 暂无任务，休息60秒...
[卞右盾] ⏳ 暂无任务，休息60秒...
[巴图] ⏳ 暂无任务，休息60秒...
[弓志明] ⏳ 暂无任务，休息60秒...
[母志明] ⏳ 暂无任务，休息60秒...
[干市场] ⏳ 暂无任务，休息60秒...
[曲市场] ⏳ 暂无任务，休息60秒...
[桥客服] ⏳ 暂无任务，休息60秒...
[银客服] ⏳ 暂无任务，休息60秒...
[言客服] ⏳ 暂无任务，休息60秒...
[朱巨信] ⏳ 暂无任务，休息60秒...
[李廉智] ⏳ 暂无任务，休息60秒...
[水武库] ⏳ 暂无任务，休息60秒...
[葛破浪] ⏳ 暂无任务，休息60秒...
[皮右防] ⏳ 暂无任务，休息60秒...
[赏志明] ⏳ 暂无任务，休息60秒...
[财市场] ⏳ 暂无任务，休息60秒...
[蒋巨门] ⏳ 暂无任务，休息60秒...
[沈巨明] ⏳ 暂无任务，休息60秒...
[韩巨亮] ⏳ 暂无任务，休息60秒...
[杨巨知] ⏳ 暂无任务，休息60秒...
[伍廉贞] ⏳ 暂无任务，休息60秒...
[余廉心] ⏳ 暂无任务，休息60秒...
[元廉情] ⏳ 暂无任务，休息60秒...
[孟廉意] ⏳ 暂无任务，休息60秒...
[谢武功] ⏳ 暂无任务，休息60秒...
[邹武全] ⏳ 暂无任务，休息60秒...
[喻武能] ⏳ 暂无任务，休息60秒...
[柏武技] ⏳ 暂无任务，休息60秒...
[章破军] ⏳ 暂无任务，休息60秒...
[云破敌] ⏳ 暂无任务，休息60秒...
[苏破阵] ⏳ 暂无任务，休息60秒...
[潘破晓] ⏳ 暂无任务，休息60秒...
[倪左辅] ⏳ 暂无任务，休息60秒...
[汤左膀] ⏳ 暂无任务，休息60秒...
[殷左翼] ⏳ 暂无任务，休息60秒...
[殷左护] ⏳ 暂无任务，休息60秒...
[罗左卫] ⏳ 暂无任务，休息60秒...
[周右弼] ⏳ 暂无任务，休息60秒...
[乐右弼] ⏳ 暂无任务，休息60秒...
[于右护] ⏳ 暂无任务，休息60秒...
[时右卫] ⏳ 暂无任务，休息60秒...
[薛贪狼] ⏳ 暂无任务，休息60秒...
[雷贪音] ⏳ 暂无任务，休息60秒...
[贺贪形] ⏳ 暂无任务，休息60秒...
[贡志强] ⏳ 暂无任务，休息60秒...
[齐辅弼] ⏳ 暂无任务，休息60秒...
[康辅星] ⏳ 暂无任务，休息60秒...
[和产品] ⏳ 暂无任务，休息60秒...
[穆产品] ⏳ 暂无任务，休息60秒...
[刘二明] ⏳ 暂无任务，休息60秒...
[王三思] ⏳ 暂无任务，休息60秒...
[赵四维] ⏳ 暂无任务，休息60秒...
[周禄存] ⏳ 暂无任务，休息60秒...
[吴存真] ⏳ 暂无任务，休息60秒...
[郑存义] ⏳ 暂无任务，休息60秒...
[钱存信] ⏳ 暂无任务，休息60秒...
[冯存智] ⏳ 暂无任务，休息60秒...
[陈元灵] ⏳ 暂无任务，休息60秒...
[张一凡] ⏳ 暂无任务，休息60秒...
[孙五维] ⏳ 暂无任务，休息60秒...
[陈存理] ⏳ 暂无任务，休息60秒...
[褚存道] ⏳ 暂无任务，休息60秒...
[卫存德] ⏳ 暂无任务，休息60秒...
[秦巨诚] ⏳ 暂无任务，休息60秒...
[许巨真] ⏳ 暂无任务，休息60秒...
[戚巨实] ⏳ 暂无任务，休息60秒...
[窦武备] ⏳ 暂无任务，休息60秒...
[奚破浪] ⏳ 暂无任务，休息60秒...
[范破空] ⏳ 暂无任务，休息60秒...
[柯破云] ⏳ 暂无任务，休息60秒...
[厉破风] ⏳ 暂无任务，休息60秒...
[岑破雷] ⏳ 暂无任务，休息60秒...
[毕左护] ⏳ 暂无任务，休息60秒...
[郝左持] ⏳ 暂无任务，休息60秒...
[邬左扶] ⏳ 暂无任务，休息60秒...
[安左助] ⏳ 暂无任务，休息60秒...
[常左协] ⏳ 暂无任务，休息60秒...
[李星辰] ⏳ 暂无任务，休息60秒...
[卞右盾] ⏳ 暂无任务，休息60秒...
[巴图] ⏳ 暂无任务，休息60秒...
[弓志明] ⏳ 暂无任务，休息60秒...
[母志明] ⏳ 暂无任务，休息60秒...
[干市场] ⏳ 暂无任务，休息60秒...
[曲市场] ⏳ 暂无任务，休息60秒...
[桥客服] ⏳ 暂无任务，休息60秒...
[银客服] ⏳ 暂无任务，休息60秒...
[言客服] ⏳ 暂无任务，休息60秒...
[朱巨信] ⏳ 暂无任务，休息60秒...
[李廉智] ⏳ 暂无任务，休息60秒...
[水武库] ⏳ 暂无任务，休息60秒...
[葛破浪] ⏳ 暂无任务，休息60秒...
[皮右防] ⏳ 暂无任务，休息60秒...
[赏志明] ⏳ 暂无任务，休息60秒...
[财市场] ⏳ 暂无任务，休息60秒...
[蒋巨门] ⏳ 暂无任务，休息60秒...
[沈巨明] ⏳ 暂无任务，休息60秒...
[韩巨亮] ⏳ 暂无任务，休息60秒...
[杨巨知] ⏳ 暂无任务，休息60秒...
[伍廉贞] ⏳ 暂无任务，休息60秒...
[余廉心] ⏳ 暂无任务，休息60秒...
[元廉情] ⏳ 暂无任务，休息60秒...
[孟廉意] ⏳ 暂无任务，休息60秒...
[谢武功] ⏳ 暂无任务，休息60秒...
[邹武全] ⏳ 暂无任务，休息60秒...
[喻武能] ⏳ 暂无任务，休息60秒...
[柏武技] ⏳ 暂无任务，休息60秒...
[章破军] ⏳ 暂无任务，休息60秒...
[云破敌] ⏳ 暂无任务，休息60秒...
[苏破阵] ⏳ 暂无任务，休息60秒...
[潘破晓] ⏳ 暂无任务，休息60秒...
[倪左辅] ⏳ 暂无任务，休息60秒...
[汤左膀] ⏳ 暂无任务，休息60秒...
[殷左翼] ⏳ 暂无任务，休息60秒...
[殷左护] ⏳ 暂无任务，休息60秒...
[罗左卫] ⏳ 暂无任务，休息60秒...
[周右弼] ⏳ 暂无任务，休息60秒...
[乐右弼] ⏳ 暂无任务，休息60秒...
[于右护] ⏳ 暂无任务，休息60秒...
[时右卫] ⏳ 暂无任务，休息60秒...
[薛贪狼] ⏳ 暂无任务，休息60秒...
[雷贪音] ⏳ 暂无任务，休息60秒...
[贺贪形] ⏳ 暂无任务，休息60秒...
[贡志强] ⏳ 暂无任务，休息60秒...
[齐辅弼] ⏳ 暂无任务，休息60秒...
[康辅星] ⏳ 暂无任务，休息60秒...
[和产品] ⏳ 暂无任务，休息60秒...
[穆产品] ⏳ 暂无任务，休息60秒...
[刘二明] ⏳ 暂无任务，休息60秒...
[王三思] ⏳ 暂无任务，休息60秒...
[赵四维] ⏳ 暂无任务，休息60秒...
[周禄存] ⏳ 暂无任务，休息60秒...
[吴存真] ⏳ 暂无任务，休息60秒...
[郑存义] ⏳ 暂无任务，休息60秒...
[钱存信] ⏳ 暂无任务，休息60秒...
[冯存智] ⏳ 暂无任务，休息60秒...
[陈元灵] ⏳ 暂无任务，休息60秒...
[张一凡] ⏳ 暂无任务，休息60秒...
[孙五维] ⏳ 暂无任务，休息60秒...
[陈存理] ⏳ 暂无任务，休息60秒...
[褚存道] ⏳ 暂无任务，休息60秒...
[卫存德] ⏳ 暂无任务，休息60秒...
[秦巨诚] ⏳ 暂无任务，休息60秒...
[许巨真] ⏳ 暂无任务，休息60秒...
[戚巨实] ⏳ 暂无任务，休息60秒...
[窦武备] ⏳ 暂无任务，休息60秒...
[奚破浪] ⏳ 暂无任务，休息60秒...
[范破空] ⏳ 暂无任务，休息60秒...
[柯破云] ⏳ 暂无任务，休息60秒...
[厉破风] ⏳ 暂无任务，休息60秒...
[岑破雷] ⏳ 暂无任务，休息60秒...
[毕左护] ⏳ 暂无任务，休息60秒...
[郝左持] ⏳ 暂无任务，休息60秒...
[邬左扶] ⏳ 暂无任务，休息60秒...
[安左助] ⏳ 暂无任务，休息60秒...
[常左协] ⏳ 暂无任务，休息60秒...
[李星辰] ⏳ 暂无任务，休息60秒...
[卞右盾] ⏳ 暂无任务，休息60秒...
[巴图] ⏳ 暂无任务，休息60秒...
[弓志明] ⏳ 暂无任务，休息60秒...
[母志明] ⏳ 暂无任务，休息60秒...
[干市场] ⏳ 暂无任务，休息60秒...
[曲市场] ⏳ 暂无任务，休息60秒...
[桥客服] ⏳ 暂无任务，休息60秒...
[银客服] ⏳ 暂无任务，休息60秒...
[言客服] ⏳ 暂无任务，休息60秒...
[朱巨信] ⏳ 暂无任务，休息60秒...
[李廉智] ⏳ 暂无任务，休息60秒...
[水武库] ⏳ 暂无任务，休息60秒...
[葛破浪] ⏳ 暂无任务，休息60秒...
[皮右防] ⏳ 暂无任务，休息60秒...
[赏志明] ⏳ 暂无任务，休息60秒...
[财市场] ⏳ 暂无任务，休息60秒...
[蒋巨门] ⏳ 暂无任务，休息60秒...
[沈巨明] ⏳ 暂无任务，休息60秒...
[韩巨亮] ⏳ 暂无任务，休息60秒...
[杨巨知] ⏳ 暂无任务，休息60秒...
[伍廉贞] ⏳ 暂无任务，休息60秒...
[余廉心] ⏳ 暂无任务，休息60秒...
[元廉情] ⏳ 暂无任务，休息60秒...
[孟廉意] ⏳ 暂无任务，休息60秒...
[谢武功] ⏳ 暂无任务，休息60秒...
[邹武全] ⏳ 暂无任务，休息60秒...
[喻武能] ⏳ 暂无任务，休息60秒...
[柏武技] ⏳ 暂无任务，休息60秒...
[章破军] ⏳ 暂无任务，休息60秒...
[云破敌] ⏳ 暂无任务，休息60秒...
[苏破阵] ⏳ 暂无任务，休息60秒...
[潘破晓] ⏳ 暂无任务，休息60秒...
[倪左辅] ⏳ 暂无任务，休息60秒...
[汤左膀] ⏳ 暂无任务，休息60秒...
[殷左翼] ⏳ 暂无任务，休息60秒...
[殷左护] ⏳ 暂无任务，休息60秒...
[罗左卫] ⏳ 暂无任务，休息60秒...
[周右弼] ⏳ 暂无任务，休息60秒...
[乐右弼] ⏳ 暂无任务，休息60秒...
[于右护] ⏳ 暂无任务，休息60秒...
[时右卫] ⏳ 暂无任务，休息60秒...
[薛贪狼] ⏳ 暂无任务，休息60秒...
[雷贪音] ⏳ 暂无任务，休息60秒...
[贺贪形] ⏳ 暂无任务，休息60秒...
[贡志强] ⏳ 暂无任务，休息60秒...
[齐辅弼] ⏳ 暂无任务，休息60秒...
[康辅星] ⏳ 暂无任务，休息60秒...
[和产品] ⏳ 暂无任务，休息60秒...
[穆产品] ⏳ 暂无任务，休息60秒...
[刘二明] ⏳ 暂无任务，休息60秒...
[王三思] ⏳ 暂无任务，休息60秒...
[赵四维] ⏳ 暂无任务，休息60秒...
[周禄存] ⏳ 暂无任务，休息60秒...
[吴存真] ⏳ 暂无任务，休息60秒...
[郑存义] ⏳ 暂无任务，休息60秒...
[钱存信] ⏳ 暂无任务，休息60秒...
[冯存智] ⏳ 暂无任务，休息60秒...
[陈元灵] ⏳ 暂无任务，休息60秒...
[张一凡] ⏳ 暂无任务，休息60秒...
[孙五维] ⏳ 暂无任务，休息60秒...
[陈存理] ⏳ 暂无任务，休息60秒...
[褚存道] ⏳ 暂无任务，休息60秒...
[卫存德] ⏳ 暂无任务，休息60秒...
[秦巨诚] ⏳ 暂无任务，休息60秒...
[许巨真] ⏳ 暂无任务，休息60秒...
[戚巨实] ⏳ 暂无任务，休息60秒...
[窦武备] ⏳ 暂无任务，休息60秒...
[奚破浪] ⏳ 暂无任务，休息60秒...
[范破空] ⏳ 暂无任务，休息60秒...
[柯破云] ⏳ 暂无任务，休息60秒...
[厉破风] ⏳ 暂无任务，休息60秒...
[岑破雷] ⏳ 暂无任务，休息60秒...
[毕左护] ⏳ 暂无任务，休息60秒...
[郝左持] ⏳ 暂无任务，休息60秒...
[邬左扶] ⏳ 暂无任务，休息60秒...
[安左助] ⏳ 暂无任务，休息60秒...
[常左协] ⏳ 暂无任务，休息60秒...
[李星辰] ⏳ 暂无任务，休息60秒...
[卞右盾] ⏳ 暂无任务，休息60秒...
[巴图] ⏳ 暂无任务，休息60秒...
[弓志明] ⏳ 暂无任务，休息60秒...
[母志明] ⏳ 暂无任务，休息60秒...
[干市场] ⏳ 暂无任务，休息60秒...
[曲市场] ⏳ 暂无任务，休息60秒...
[桥客服] ⏳ 暂无任务，休息60秒...
[银客服] ⏳ 暂无任务，休息60秒...
[言客服] ⏳ 暂无任务，休息60秒...
[朱巨信] ⏳ 暂无任务，休息60秒...
[李廉智] ⏳ 暂无任务，休息60秒...
[水武库] ⏳ 暂无任务，休息60秒...
[葛破浪] ⏳ 暂无任务，休息60秒...
[皮右防] ⏳ 暂无任务，休息60秒...
[赏志明] ⏳ 暂无任务，休息60秒...
[财市场] ⏳ 暂无任务，休息60秒...
[蒋巨门] ⏳ 暂无任务，休息60秒...
[沈巨明] ⏳ 暂无任务，休息60秒...
[韩巨亮] ⏳ 暂无任务，休息60秒...
[杨巨知] ⏳ 暂无任务，休息60秒...
[伍廉贞] ⏳ 暂无任务，休息60秒...
[余廉心] ⏳ 暂无任务，休息60秒...
[元廉情] ⏳ 暂无任务，休息60秒...
[孟廉意] ⏳ 暂无任务，休息60秒...
[谢武功] ⏳ 暂无任务，休息60秒...
[邹武全] ⏳ 暂无任务，休息60秒...
[喻武能] ⏳ 暂无任务，休息60秒...
[柏武技] ⏳ 暂无任务，休息60秒...
[章破军] ⏳ 暂无任务，休息60秒...
[云破敌] ⏳ 暂无任务，休息60秒...
[苏破阵] ⏳ 暂无任务，休息60秒...
[潘破晓] ⏳ 暂无任务，休息60秒...
[倪左辅] ⏳ 暂无任务，休息60秒...
[汤左膀] ⏳ 暂无任务，休息60秒...
[殷左翼] ⏳ 暂无任务，休息60秒...
[殷左护] ⏳ 暂无任务，休息60秒...
[罗左卫] ⏳ 暂无任务，休息60秒...
[周右弼] ⏳ 暂无任务，休息60秒...
[乐右弼] ⏳ 暂无任务，休息60秒...
[于右护] ⏳ 暂无任务，休息60秒...
[时右卫] ⏳ 暂无任务，休息60秒...
[薛贪狼] ⏳ 暂无任务，休息60秒...
[雷贪音] ⏳ 暂无任务，休息60秒...
[贺贪形] ⏳ 暂无任务，休息60秒...
[贡志强] ⏳ 暂无任务，休息60秒...
[齐辅弼] ⏳ 暂无任务，休息60秒...
[康辅星] ⏳ 暂无任务，休息60秒...
[和产品] ⏳ 暂无任务，休息60秒...
[穆产品] ⏳ 暂无任务，休息60秒...
[刘二明] ⏳ 暂无任务，休息60秒...
[王三思] ⏳ 暂无任务，休息60秒...
[赵四维] ⏳ 暂无任务，休息60秒...
[周禄存] ⏳ 暂无任务，休息60秒...
[吴存真] ⏳ 暂无任务，休息60秒...
[郑存义] ⏳ 暂无任务，休息60秒...
[钱存信] ⏳ 暂无任务，休息60秒...
[冯存智] ⏳ 暂无任务，休息60秒...
[陈元灵] ⏳ 暂无任务，休息60秒...
[张一凡] ⏳ 暂无任务，休息60秒...
[孙五维] ⏳ 暂无任务，休息60秒...
[陈存理] ⏳ 暂无任务，休息60秒...
[褚存道] ⏳ 暂无任务，休息60秒...
[卫存德] ⏳ 暂无任务，休息60秒...
[秦巨诚] ⏳ 暂无任务，休息60秒...
[许巨真] ⏳ 暂无任务，休息60秒...
[戚巨实] ⏳ 暂无任务，休息60秒...
[窦武备] ⏳ 暂无任务，休息60秒...
[奚破浪] ⏳ 暂无任务，休息60秒...
[范破空] ⏳ 暂无任务，休息60秒...
[柯破云] ⏳ 暂无任务，休息60秒...
[厉破风] ⏳ 暂无任务，休息60秒...
[岑破雷] ⏳ 暂无任务，休息60秒...
[毕左护] ⏳ 暂无任务，休息60秒...
[郝左持] ⏳ 暂无任务，休息60秒...
[邬左扶] ⏳ 暂无任务，休息60秒...
[安左助] ⏳ 暂无任务，休息60秒...
[常左协] ⏳ 暂无任务，休息60秒...
[李星辰] ⏳ 暂无任务，休息60秒...
[卞右盾] ⏳ 暂无任务，休息60秒...
[巴图] ⏳ 暂无任务，休息60秒...
[弓志明] ⏳ 暂无任务，休息60秒...
[母志明] ⏳ 暂无任务，休息60秒...
[干市场] ⏳ 暂无任务，休息60秒...
[曲市场] ⏳ 暂无任务，休息60秒...
[桥客服] ⏳ 暂无任务，休息60秒...
[银客服] ⏳ 暂无任务，休息60秒...
[言客服] ⏳ 暂无任务，休息60秒...
[朱巨信] ⏳ 暂无任务，休息60秒...
[李廉智] ⏳ 暂无任务，休息60秒...
[水武库] ⏳ 暂无任务，休息60秒...
[葛破浪] ⏳ 暂无任务，休息60秒...
[皮右防] ⏳ 暂无任务，休息60秒...
[赏志明] ⏳ 暂无任务，休息60秒...
[财市场] ⏳ 暂无任务，休息60秒...
[蒋巨门] ⏳ 暂无任务，休息60秒...
[沈巨明] ⏳ 暂无任务，休息60秒...
[韩巨亮] ⏳ 暂无任务，休息60秒...
[杨巨知] ⏳ 暂无任务，休息60秒...
[伍廉贞] ⏳ 暂无任务，休息60秒...
[余廉心] ⏳ 暂无任务，休息60秒...
[元廉情] ⏳ 暂无任务，休息60秒...
[孟廉意] ⏳ 暂无任务，休息60秒...
[谢武功] ⏳ 暂无任务，休息60秒...
[邹武全] ⏳ 暂无任务，休息60秒...
[喻武能] ⏳ 暂无任务，休息60秒...
[柏武技] ⏳ 暂无任务，休息60秒...
[章破军] ⏳ 暂无任务，休息60秒...
[云破敌] ⏳ 暂无任务，休息60秒...
[苏破阵] ⏳ 暂无任务，休息60秒...
[潘破晓] ⏳ 暂无任务，休息60秒...
[倪左辅] ⏳ 暂无任务，休息60秒...
[汤左膀] ⏳ 暂无任务，休息60秒...
[殷左翼] ⏳ 暂无任务，休息60秒...
[殷左护] ⏳ 暂无任务，休息60秒...
[罗左卫] ⏳ 暂无任务，休息60秒...
[周右弼] ⏳ 暂无任务，休息60秒...
[乐右弼] ⏳ 暂无任务，休息60秒...
[于右护] ⏳ 暂无任务，休息60秒...
[时右卫] ⏳ 暂无任务，休息60秒...
[薛贪狼] ⏳ 暂无任务，休息60秒...
[雷贪音] ⏳ 暂无任务，休息60秒...
[贺贪形] ⏳ 暂无任务，休息60秒...
[贡志强] ⏳ 暂无任务，休息60秒...
[齐辅弼] ⏳ 暂无任务，休息60秒...
[康辅星] ⏳ 暂无任务，休息60秒...
[和产品] ⏳ 暂无任务，休息60秒...
[穆产品] ⏳ 暂无任务，休息60秒...
[刘二明] ⏳ 暂无任务，休息60秒...
[王三思] ⏳ 暂无任务，休息60秒...
[赵四维] ⏳ 暂无任务，休息60秒...
[周禄存] ⏳ 暂无任务，休息60秒...
[吴存真] ⏳ 暂无任务，休息60秒...
[郑存义] ⏳ 暂无任务，休息60秒...
[钱存信] ⏳ 暂无任务，休息60秒...
[冯存智] ⏳ 暂无任务，休息60秒...
[陈元灵] ⏳ 暂无任务，休息60秒...
[张一凡] ⏳ 暂无任务，休息60秒...
[孙五维] ⏳ 暂无任务，休息60秒...
[陈存理] ⏳ 暂无任务，休息60秒...
[褚存道] ⏳ 暂无任务，休息60秒...
[卫存德] ⏳ 暂无任务，休息60秒...
[秦巨诚] ⏳ 暂无任务，休息60秒...
[许巨真] ⏳ 暂无任务，休息60秒...
[戚巨实] ⏳ 暂无任务，休息60秒...
[窦武备] ⏳ 暂无任务，休息60秒...
[奚破浪] ⏳ 暂无任务，休息60秒...
[范破空] ⏳ 暂无任务，休息60秒...
[柯破云] ⏳ 暂无任务，休息60秒...
[厉破风] ⏳ 暂无任务，休息60秒...
[岑破雷] ⏳ 暂无任务，休息60秒...
[毕左护] ⏳ 暂无任务，休息60秒...
[郝左持] ⏳ 暂无任务，休息60秒...
[邬左扶] ⏳ 暂无任务，休息60秒...
[安左助] ⏳ 暂无任务，休息60秒...
[常左协] ⏳ 暂无任务，休息60秒...
[李星辰] ⏳ 暂无任务，休息60秒...
[卞右盾] ⏳ 暂无任务，休息60秒...
[巴图] ⏳ 暂无任务，休息60秒...
[弓志明] ⏳ 暂无任务，休息60秒...
[母志明] ⏳ 暂无任务，休息60秒...
[干市场] ⏳ 暂无任务，休息60秒...
[曲市场] ⏳ 暂无任务，休息60秒...
[桥客服] ⏳ 暂无任务，休息60秒...
[银客服] ⏳ 暂无任务，休息60秒...
[言客服] ⏳ 暂无任务，休息60秒...
[朱巨信] ⏳ 暂无任务，休息60秒...
[李廉智] ⏳ 暂无任务，休息60秒...
[水武库] ⏳ 暂无任务，休息60秒...
[葛破浪] ⏳ 暂无任务，休息60秒...
[皮右防] ⏳ 暂无任务，休息60秒...
[赏志明] ⏳ 暂无任务，休息60秒...
[财市场] ⏳ 暂无任务，休息60秒...
[蒋巨门] ⏳ 暂无任务，休息60秒...
[沈巨明] ⏳ 暂无任务，休息60秒...
[韩巨亮] ⏳ 暂无任务，休息60秒...
[杨巨知] ⏳ 暂无任务，休息60秒...
[伍廉贞] ⏳ 暂无任务，休息60秒...
[余廉心] ⏳ 暂无任务，休息60秒...
[元廉情] ⏳ 暂无任务，休息60秒...
[孟廉意] ⏳ 暂无任务，休息60秒...
[谢武功] ⏳ 暂无任务，休息60秒...
[邹武全] ⏳ 暂无任务，休息60秒...
[喻武能] ⏳ 暂无任务，休息60秒...
[柏武技] ⏳ 暂无任务，休息60秒...
[章破军] ⏳ 暂无任务，休息60秒...
[云破敌] ⏳ 暂无任务，休息60秒...
[苏破阵] ⏳ 暂无任务，休息60秒...
[潘破晓] ⏳ 暂无任务，休息60秒...
[倪左辅] ⏳ 暂无任务，休息60秒...
[汤左膀] ⏳ 暂无任务，休息60秒...
[殷左翼] ⏳ 暂无任务，休息60秒...
[殷左护] ⏳ 暂无任务，休息60秒...
[罗左卫] ⏳ 暂无任务，休息60秒...
[周右弼] ⏳ 暂无任务，休息60秒...
[乐右弼] ⏳ 暂无任务，休息60秒...
[于右护] ⏳ 暂无任务，休息60秒...
[时右卫] ⏳ 暂无任务，休息60秒...
[薛贪狼] ⏳ 暂无任务，休息60秒...
[雷贪音] ⏳ 暂无任务，休息60秒...
[贺贪形] ⏳ 暂无任务，休息60秒...
[贡志强] ⏳ 暂无任务，休息60秒...
[齐辅弼] ⏳ 暂无任务，休息60秒...
[康辅星] ⏳ 暂无任务，休息60秒...
[和产品] ⏳ 暂无任务，休息60秒...
[穆产品] ⏳ 暂无任务，休息60秒...
[刘二明] ⏳ 暂无任务，休息60秒...
[王三思] ⏳ 暂无任务，休息60秒...
[赵四维] ⏳ 暂无任务，休息60秒...
[周禄存] ⏳ 暂无任务，休息60秒...
[吴存真] ⏳ 暂无任务，休息60秒...
[郑存义] ⏳ 暂无任务，休息60秒...
[钱存信] ⏳ 暂无任务，休息60秒...
[冯存智] ⏳ 暂无任务，休息60秒...
[陈元灵] ⏳ 暂无任务，休息60秒...
[张一凡] ⏳ 暂无任务，休息60秒...
[孙五维] ⏳ 暂无任务，休息60秒...
[陈存理] ⏳ 暂无任务，休息60秒...
[褚存道] ⏳ 暂无任务，休息60秒...
[卫存德] ⏳ 暂无任务，休息60秒...
[秦巨诚] ⏳ 暂无任务，休息60秒...
[许巨真] ⏳ 暂无任务，休息60秒...
[戚巨实] ⏳ 暂无任务，休息60秒...
[窦武备] ⏳ 暂无任务，休息60秒...
[奚破浪] ⏳ 暂无任务，休息60秒...
[范破空] ⏳ 暂无任务，休息60秒...
[柯破云] ⏳ 暂无任务，休息60秒...
[厉破风] ⏳ 暂无任务，休息60秒...
[岑破雷] ⏳ 暂无任务，休息60秒...
[毕左护] ⏳ 暂无任务，休息60秒...
[郝左持] ⏳ 暂无任务，休息60秒...
[邬左扶] ⏳ 暂无任务，休息60秒...
[安左助] ⏳ 暂无任务，休息60秒...
[常左协] ⏳ 暂无任务，休息60秒...
[李星辰] ⏳ 暂无任务，休息60秒...
[卞右盾] ⏳ 暂无任务，休息60秒...
[巴图] ⏳ 暂无任务，休息60秒...
[弓志明] ⏳ 暂无任务，休息60秒...
[母志明] ⏳ 暂无任务，休息60秒...
[干市场] ⏳ 暂无任务，休息60秒...
[曲市场] ⏳ 暂无任务，休息60秒...
[桥客服] ⏳ 暂无任务，休息60秒...
[银客服] ⏳ 暂无任务，休息60秒...
[言客服] ⏳ 暂无任务，休息60秒...
[朱巨信] ⏳ 暂无任务，休息60秒...
[李廉智] ⏳ 暂无任务，休息60秒...
[水武库] ⏳ 暂无任务，休息60秒...
[葛破浪] ⏳ 暂无任务，休息60秒...
[皮右防] ⏳ 暂无任务，休息60秒...
[赏志明] ⏳ 暂无任务，休息60秒...
[财市场] ⏳ 暂无任务，休息60秒...
[蒋巨门] ⏳ 暂无任务，休息60秒...
[沈巨明] ⏳ 暂无任务，休息60秒...
[韩巨亮] ⏳ 暂无任务，休息60秒...
[杨巨知] ⏳ 暂无任务，休息60秒...
[伍廉贞] ⏳ 暂无任务，休息60秒...
[余廉心] ⏳ 暂无任务，休息60秒...
[元廉情] ⏳ 暂无任务，休息60秒...
[孟廉意] ⏳ 暂无任务，休息60秒...
[谢武功] ⏳ 暂无任务，休息60秒...
[邹武全] ⏳ 暂无任务，休息60秒...
[喻武能] ⏳ 暂无任务，休息60秒...
[柏武技] ⏳ 暂无任务，休息60秒...
[章破军] ⏳ 暂无任务，休息60秒...
[云破敌] ⏳ 暂无任务，休息60秒...
[苏破阵] ⏳ 暂无任务，休息60秒...
[潘破晓] ⏳ 暂无任务，休息60秒...
[倪左辅] ⏳ 暂无任务，休息60秒...
[汤左膀] ⏳ 暂无任务，休息60秒...
[殷左翼] ⏳ 暂无任务，休息60秒...
[殷左护] ⏳ 暂无任务，休息60秒...
[罗左卫] ⏳ 暂无任务，休息60秒...
[周右弼] ⏳ 暂无任务，休息60秒...
[乐右弼] ⏳ 暂无任务，休息60秒...
[于右护] ⏳ 暂无任务，休息60秒...
[时右卫] ⏳ 暂无任务，休息60秒...
[薛贪狼] ⏳ 暂无任务，休息60秒...
[雷贪音] ⏳ 暂无任务，休息60秒...
[贺贪形] ⏳ 暂无任务，休息60秒...
[贡志强] ⏳ 暂无任务，休息60秒...
[齐辅弼] ⏳ 暂无任务，休息60秒...
[康辅星] ⏳ 暂无任务，休息60秒...
[和产品] ⏳ 暂无任务，休息60秒...
[穆产品] ⏳ 暂无任务，休息60秒...
[刘二明] ⏳ 暂无任务，休息60秒...
[王三思] ⏳ 暂无任务，休息60秒...
[赵四维] ⏳ 暂无任务，休息60秒...
[周禄存] ⏳ 暂无任务，休息60秒...
[吴存真] ⏳ 暂无任务，休息60秒...
[郑存义] ⏳ 暂无任务，休息60秒...
[钱存信] ⏳ 暂无任务，休息60秒...
[冯存智] ⏳ 暂无任务，休息60秒...
[陈元灵] ⏳ 暂无任务，休息60秒...
[张一凡] ⏳ 暂无任务，休息60秒...
[孙五维] ⏳ 暂无任务，休息60秒...
[陈存理] ⏳ 暂无任务，休息60秒...
[褚存道] ⏳ 暂无任务，休息60秒...
[卫存德] ⏳ 暂无任务，休息60秒...
[秦巨诚] ⏳ 暂无任务，休息60秒...
[许巨真] ⏳ 暂无任务，休息60秒...
[戚巨实] ⏳ 暂无任务，休息60秒...
[窦武备] ⏳ 暂无任务，休息60秒...
[奚破浪] ⏳ 暂无任务，休息60秒...
[范破空] ⏳ 暂无任务，休息60秒...
[柯破云] ⏳ 暂无任务，休息60秒...
[厉破风] ⏳ 暂无任务，休息60秒...
[岑破雷] ⏳ 暂无任务，休息60秒...
[毕左护] ⏳ 暂无任务，休息60秒...
[郝左持] ⏳ 暂无任务，休息60秒...
[邬左扶] ⏳ 暂无任务，休息60秒...
[安左助] ⏳ 暂无任务，休息60秒...
[常左协] ⏳ 暂无任务，休息60秒...
[李星辰] ⏳ 暂无任务，休息60秒...
[卞右盾] ⏳ 暂无任务，休息60秒...
[巴图] ⏳ 暂无任务，休息60秒...
[弓志明] ⏳ 暂无任务，休息60秒...
[母志明] ⏳ 暂无任务，休息60秒...
[干市场] ⏳ 暂无任务，休息60秒...
[曲市场] ⏳ 暂无任务，休息60秒...
[桥客服] ⏳ 暂无任务，休息60秒...
[银客服] ⏳ 暂无任务，休息60秒...
[言客服] ⏳ 暂无任务，休息60秒...
[朱巨信] ⏳ 暂无任务，休息60秒...
[李廉智] ⏳ 暂无任务，休息60秒...
[水武库] ⏳ 暂无任务，休息60秒...
[葛破浪] ⏳ 暂无任务，休息60秒...
[皮右防] ⏳ 暂无任务，休息60秒...
[赏志明] ⏳ 暂无任务，休息60秒...
[财市场] ⏳ 暂无任务，休息60秒...
[蒋巨门] ⏳ 暂无任务，休息60秒...
[沈巨明] ⏳ 暂无任务，休息60秒...
[韩巨亮] ⏳ 暂无任务，休息60秒...
[杨巨知] ⏳ 暂无任务，休息60秒...
[伍廉贞] ⏳ 暂无任务，休息60秒...
[余廉心] ⏳ 暂无任务，休息60秒...
[元廉情] ⏳ 暂无任务，休息60秒...
[孟廉意] ⏳ 暂无任务，休息60秒...
[谢武功] ⏳ 暂无任务，休息60秒...
[邹武全] ⏳ 暂无任务，休息60秒...
[喻武能] ⏳ 暂无任务，休息60秒...
[柏武技] ⏳ 暂无任务，休息60秒...
[章破军] ⏳ 暂无任务，休息60秒...
[云破敌] ⏳ 暂无任务，休息60秒...
[苏破阵] ⏳ 暂无任务，休息60秒...
[潘破晓] ⏳ 暂无任务，休息60秒...
[倪左辅] ⏳ 暂无任务，休息60秒...
[汤左膀] ⏳ 暂无任务，休息60秒...
[殷左翼] ⏳ 暂无任务，休息60秒...
[殷左护] ⏳ 暂无任务，休息60秒...
[罗左卫] ⏳ 暂无任务，休息60秒...
[周右弼] ⏳ 暂无任务，休息60秒...
[乐右弼] ⏳ 暂无任务，休息60秒...
[于右护] ⏳ 暂无任务，休息60秒...
[时右卫] ⏳ 暂无任务，休息60秒...
[薛贪狼] ⏳ 暂无任务，休息60秒...
[雷贪音] ⏳ 暂无任务，休息60秒...
[贺贪形] ⏳ 暂无任务，休息60秒...
[贡志强] ⏳ 暂无任务，休息60秒...
[齐辅弼] ⏳ 暂无任务，休息60秒...
[康辅星] ⏳ 暂无任务，休息60秒...
[和产品] ⏳ 暂无任务，休息60秒...
[穆产品] ⏳ 暂无任务，休息60秒...
[刘二明] ⏳ 暂无任务，休息60秒...
[王三思] ⏳ 暂无任务，休息60秒...
[赵四维] ⏳ 暂无任务，休息60秒...
[周禄存] ⏳ 暂无任务，休息60秒...
[吴存真] ⏳ 暂无任务，休息60秒...
[郑存义] ⏳ 暂无任务，休息60秒...
[钱存信] ⏳ 暂无任务，休息60秒...
[冯存智] ⏳ 暂无任务，休息60秒...
[陈元灵] ⏳ 暂无任务，休息60秒...
[张一凡] ⏳ 暂无任务，休息60秒...
[孙五维] ⏳ 暂无任务，休息60秒...
[陈存理] ⏳ 暂无任务，休息60秒...
[褚存道] ⏳ 暂无任务，休息60秒...
[卫存德] ⏳ 暂无任务，休息60秒...
[秦巨诚] ⏳ 暂无任务，休息60秒...
[许巨真] ⏳ 暂无任务，休息60秒...
[戚巨实] ⏳ 暂无任务，休息60秒...
[窦武备] ⏳ 暂无任务，休息60秒...
[奚破浪] ⏳ 暂无任务，休息60秒...
[范破空] ⏳ 暂无任务，休息60秒...
[柯破云] ⏳ 暂无任务，休息60秒...
[厉破风] ⏳ 暂无任务，休息60秒...
[岑破雷] ⏳ 暂无任务，休息60秒...
[毕左护] ⏳ 暂无任务，休息60秒...
[郝左持] ⏳ 暂无任务，休息60秒...
[邬左扶] ⏳ 暂无任务，休息60秒...
[安左助] ⏳ 暂无任务，休息60秒...
[常左协] ⏳ 暂无任务，休息60秒...
[李星辰] ⏳ 暂无任务，休息60秒...
[卞右盾] ⏳ 暂无任务，休息60秒...
[巴图] ⏳ 暂无任务，休息60秒...
[弓志明] ⏳ 暂无任务，休息60秒...
[母志明] ⏳ 暂无任务，休息60秒...
[干市场] ⏳ 暂无任务，休息60秒...
[曲市场] ⏳ 暂无任务，休息60秒...
[桥客服] ⏳ 暂无任务，休息60秒...
[银客服] ⏳ 暂无任务，休息60秒...
[言客服] ⏳ 暂无任务，休息60秒...
[朱巨信] ⏳ 暂无任务，休息60秒...
[李廉智] ⏳ 暂无任务，休息60秒...
[水武库] ⏳ 暂无任务，休息60秒...
[葛破浪] ⏳ 暂无任务，休息60秒...
[皮右防] ⏳ 暂无任务，休息60秒...
[赏志明] ⏳ 暂无任务，休息60秒...
[财市场] ⏳ 暂无任务，休息60秒...
[蒋巨门] ⏳ 暂无任务，休息60秒...
[沈巨明] ⏳ 暂无任务，休息60秒...
[韩巨亮] ⏳ 暂无任务，休息60秒...
[杨巨知] ⏳ 暂无任务，休息60秒...
[伍廉贞] ⏳ 暂无任务，休息60秒...
[余廉心] ⏳ 暂无任务，休息60秒...
[元廉情] ⏳ 暂无任务，休息60秒...
[孟廉意] ⏳ 暂无任务，休息60秒...
[谢武功] ⏳ 暂无任务，休息60秒...
[邹武全] ⏳ 暂无任务，休息60秒...
[喻武能] ⏳ 暂无任务，休息60秒...
[柏武技] ⏳ 暂无任务，休息60秒...
[章破军] ⏳ 暂无任务，休息60秒...
[云破敌] ⏳ 暂无任务，休息60秒...
[苏破阵] ⏳ 暂无任务，休息60秒...
[潘破晓] ⏳ 暂无任务，休息60秒...
[倪左辅] ⏳ 暂无任务，休息60秒...
[汤左膀] ⏳ 暂无任务，休息60秒...
[殷左翼] ⏳ 暂无任务，休息60秒...
[殷左护] ⏳ 暂无任务，休息60秒...
[罗左卫] ⏳ 暂无任务，休息60秒...
[周右弼] ⏳ 暂无任务，休息60秒...
[乐右弼] ⏳ 暂无任务，休息60秒...
[于右护] ⏳ 暂无任务，休息60秒...
[时右卫] ⏳ 暂无任务，休息60秒...
[薛贪狼] ⏳ 暂无任务，休息60秒...
[雷贪音] ⏳ 暂无任务，休息60秒...
[贺贪形] ⏳ 暂无任务，休息60秒...
[贡志强] ⏳ 暂无任务，休息60秒...
[齐辅弼] ⏳ 暂无任务，休息60秒...
[康辅星] ⏳ 暂无任务，休息60秒...
[和产品] ⏳ 暂无任务，休息60秒...
[穆产品] ⏳ 暂无任务，休息60秒...
[刘二明] ⏳ 暂无任务，休息60秒...
[王三思] ⏳ 暂无任务，休息60秒...
[赵四维] ⏳ 暂无任务，休息60秒...
[周禄存] ⏳ 暂无任务，休息60秒...
[吴存真] ⏳ 暂无任务，休息60秒...
[郑存义] ⏳ 暂无任务，休息60秒...
[钱存信] ⏳ 暂无任务，休息60秒...
[冯存智] ⏳ 暂无任务，休息60秒...
[陈元灵] ⏳ 暂无任务，休息60秒...
[张一凡] ⏳ 暂无任务，休息60秒...
[孙五维] ⏳ 暂无任务，休息60秒...
[陈存理] ⏳ 暂无任务，休息60秒...
[褚存道] ⏳ 暂无任务，休息60秒...
[卫存德] ⏳ 暂无任务，休息60秒...
[秦巨诚] ⏳ 暂无任务，休息60秒...
[许巨真] ⏳ 暂无任务，休息60秒...
[戚巨实] ⏳ 暂无任务，休息60秒...
[窦武备] ⏳ 暂无任务，休息60秒...
[奚破浪] ⏳ 暂无任务，休息60秒...
[范破空] ⏳ 暂无任务，休息60秒...
[柯破云] ⏳ 暂无任务，休息60秒...
[厉破风] ⏳ 暂无任务，休息60秒...
[岑破雷] ⏳ 暂无任务，休息60秒...
[毕左护] ⏳ 暂无任务，休息60秒...
[郝左持] ⏳ 暂无任务，休息60秒...
[邬左扶] ⏳ 暂无任务，休息60秒...
[安左助] ⏳ 暂无任务，休息60秒...
[常左协] ⏳ 暂无任务，休息60秒...
[李星辰] ⏳ 暂无任务，休息60秒...
[卞右盾] ⏳ 暂无任务，休息60秒...
[巴图] ⏳ 暂无任务，休息60秒...
[弓志明] ⏳ 暂无任务，休息60秒...
[母志明] ⏳ 暂无任务，休息60秒...
[干市场] ⏳ 暂无任务，休息60秒...
[曲市场] ⏳ 暂无任务，休息60秒...
[桥客服] ⏳ 暂无任务，休息60秒...
[银客服] ⏳ 暂无任务，休息60秒...
[言客服] ⏳ 暂无任务，休息60秒...
[朱巨信] ⏳ 暂无任务，休息60秒...
[李廉智] ⏳ 暂无任务，休息60秒...
[水武库] ⏳ 暂无任务，休息60秒...
[葛破浪] ⏳ 暂无任务，休息60秒...
[皮右防] ⏳ 暂无任务，休息60秒...
[赏志明] ⏳ 暂无任务，休息60秒...
[财市场] ⏳ 暂无任务，休息60秒...
[蒋巨门] ⏳ 暂无任务，休息60秒...
[沈巨明] ⏳ 暂无任务，休息60秒...
[韩巨亮] ⏳ 暂无任务，休息60秒...
[杨巨知] ⏳ 暂无任务，休息60秒...
[伍廉贞] ⏳ 暂无任务，休息60秒...
[余廉心] ⏳ 暂无任务，休息60秒...
[元廉情] ⏳ 暂无任务，休息60秒...
[孟廉意] ⏳ 暂无任务，休息60秒...
[谢武功] ⏳ 暂无任务，休息60秒...
[邹武全] ⏳ 暂无任务，休息60秒...
[喻武能] ⏳ 暂无任务，休息60秒...
[柏武技] ⏳ 暂无任务，休息60秒...
[章破军] ⏳ 暂无任务，休息60秒...
[云破敌] ⏳ 暂无任务，休息60秒...
[苏破阵] ⏳ 暂无任务，休息60秒...
[潘破晓] ⏳ 暂无任务，休息60秒...
[倪左辅] ⏳ 暂无任务，休息60秒...
[汤左膀] ⏳ 暂无任务，休息60秒...
[殷左翼] ⏳ 暂无任务，休息60秒...
[殷左护] ⏳ 暂无任务，休息60秒...
[罗左卫] ⏳ 暂无任务，休息60秒...
[周右弼] ⏳ 暂无任务，休息60秒...
[乐右弼] ⏳ 暂无任务，休息60秒...
[于右护] ⏳ 暂无任务，休息60秒...
[时右卫] ⏳ 暂无任务，休息60秒...
[薛贪狼] ⏳ 暂无任务，休息60秒...
[雷贪音] ⏳ 暂无任务，休息60秒...
[贺贪形] ⏳ 暂无任务，休息60秒...
[贡志强] ⏳ 暂无任务，休息60秒...
[齐辅弼] ⏳ 暂无任务，休息60秒...
[康辅星] ⏳ 暂无任务，休息60秒...
[和产品] ⏳ 暂无任务，休息60秒...
[穆产品] ⏳ 暂无任务，休息60秒...
[刘二明] ⏳ 暂无任务，休息60秒...
[王三思] ⏳ 暂无任务，休息60秒...
[赵四维] ⏳ 暂无任务，休息60秒...
[周禄存] ⏳ 暂无任务，休息60秒...
[吴存真] ⏳ 暂无任务，休息60秒...
[郑存义] ⏳ 暂无任务，休息60秒...
[钱存信] ⏳ 暂无任务，休息60秒...
[冯存智] ⏳ 暂无任务，休息60秒...
[陈元灵] ⏳ 暂无任务，休息60秒...
[张一凡] ⏳ 暂无任务，休息60秒...
[孙五维] ⏳ 暂无任务，休息60秒...
[陈存理] ⏳ 暂无任务，休息60秒...
[褚存道] ⏳ 暂无任务，休息60秒...
[卫存德] ⏳ 暂无任务，休息60秒...
[秦巨诚] ⏳ 暂无任务，休息60秒...
[许巨真] ⏳ 暂无任务，休息60秒...
[戚巨实] ⏳ 暂无任务，休息60秒...
[窦武备] ⏳ 暂无任务，休息60秒...
[奚破浪] ⏳ 暂无任务，休息60秒...
[范破空] ⏳ 暂无任务，休息60秒...
[柯破云] ⏳ 暂无任务，休息60秒...
[厉破风] ⏳ 暂无任务，休息60秒...
[岑破雷] ⏳ 暂无任务，休息60秒...
[毕左护] ⏳ 暂无任务，休息60秒...
[郝左持] ⏳ 暂无任务，休息60秒...
[邬左扶] ⏳ 暂无任务，休息60秒...
[安左助] ⏳ 暂无任务，休息60秒...
[常左协] ⏳ 暂无任务，休息60秒...
[李星辰] ⏳ 暂无任务，休息60秒...
[卞右盾] ⏳ 暂无任务，休息60秒...
[巴图] ⏳ 暂无任务，休息60秒...
[弓志明] ⏳ 暂无任务，休息60秒...
[母志明] ⏳ 暂无任务，休息60秒...
[干市场] ⏳ 暂无任务，休息60秒...
[曲市场] ⏳ 暂无任务，休息60秒...
[桥客服] ⏳ 暂无任务，休息60秒...
[银客服] ⏳ 暂无任务，休息60秒...
[言客服] ⏳ 暂无任务，休息60秒...
[朱巨信] ⏳ 暂无任务，休息60秒...
[李廉智] ⏳ 暂无任务，休息60秒...
[水武库] ⏳ 暂无任务，休息60秒...
[葛破浪] ⏳ 暂无任务，休息60秒...
[皮右防] ⏳ 暂无任务，休息60秒...
[赏志明] ⏳ 暂无任务，休息60秒...
[财市场] ⏳ 暂无任务，休息60秒...
[蒋巨门] ⏳ 暂无任务，休息60秒...
[沈巨明] ⏳ 暂无任务，休息60秒...
[韩巨亮] ⏳ 暂无任务，休息60秒...
[杨巨知] ⏳ 暂无任务，休息60秒...
[伍廉贞] ⏳ 暂无任务，休息60秒...
[余廉心] ⏳ 暂无任务，休息60秒...
[元廉情] ⏳ 暂无任务，休息60秒...
[孟廉意] ⏳ 暂无任务，休息60秒...
[谢武功] ⏳ 暂无任务，休息60秒...
[邹武全] ⏳ 暂无任务，休息60秒...
[喻武能] ⏳ 暂无任务，休息60秒...
[柏武技] ⏳ 暂无任务，休息60秒...
[章破军] ⏳ 暂无任务，休息60秒...
[云破敌] ⏳ 暂无任务，休息60秒...
[苏破阵] ⏳ 暂无任务，休息60秒...
[潘破晓] ⏳ 暂无任务，休息60秒...
[倪左辅] ⏳ 暂无任务，休息60秒...
[汤左膀] ⏳ 暂无任务，休息60秒...
[殷左翼] ⏳ 暂无任务，休息60秒...
[殷左护] ⏳ 暂无任务，休息60秒...
[罗左卫] ⏳ 暂无任务，休息60秒...
[周右弼] ⏳ 暂无任务，休息60秒...
[乐右弼] ⏳ 暂无任务，休息60秒...
[于右护] ⏳ 暂无任务，休息60秒...
[时右卫] ⏳ 暂无任务，休息60秒...
[薛贪狼] ⏳ 暂无任务，休息60秒...
[雷贪音] ⏳ 暂无任务，休息60秒...
[贺贪形] ⏳ 暂无任务，休息60秒...
[贡志强] ⏳ 暂无任务，休息60秒...
[齐辅弼] ⏳ 暂无任务，休息60秒...
[康辅星] ⏳ 暂无任务，休息60秒...
[和产品] ⏳ 暂无任务，休息60秒...
[穆产品] ⏳ 暂无任务，休息60秒...
[刘二明] ⏳ 暂无任务，休息60秒...
[王三思] ⏳ 暂无任务，休息60秒...
[赵四维] ⏳ 暂无任务，休息60秒...
[周禄存] ⏳ 暂无任务，休息60秒...
[吴存真] ⏳ 暂无任务，休息60秒...
[郑存义] ⏳ 暂无任务，休息60秒...
[钱存信] ⏳ 暂无任务，休息60秒...
[冯存智] ⏳ 暂无任务，休息60秒...
[陈元灵] ⏳ 暂无任务，休息60秒...
[张一凡] ⏳ 暂无任务，休息60秒...
[孙五维] ⏳ 暂无任务，休息60秒...
[陈存理] ⏳ 暂无任务，休息60秒...
[褚存道] ⏳ 暂无任务，休息60秒...
[卫存德] ⏳ 暂无任务，休息60秒...
[秦巨诚] ⏳ 暂无任务，休息60秒...
[许巨真] ⏳ 暂无任务，休息60秒...
[戚巨实] ⏳ 暂无任务，休息60秒...
[窦武备] ⏳ 暂无任务，休息60秒...
[奚破浪] ⏳ 暂无任务，休息60秒...
[范破空] ⏳ 暂无任务，休息60秒...
[柯破云] ⏳ 暂无任务，休息60秒...
[厉破风] ⏳ 暂无任务，休息60秒...
[岑破雷] ⏳ 暂无任务，休息60秒...
[毕左护] ⏳ 暂无任务，休息60秒...
[郝左持] ⏳ 暂无任务，休息60秒...
[邬左扶] ⏳ 暂无任务，休息60秒...
[安左助] ⏳ 暂无任务，休息60秒...
[常左协] ⏳ 暂无任务，休息60秒...
[李星辰] ⏳ 暂无任务，休息60秒...
[卞右盾] ⏳ 暂无任务，休息60秒...
[巴图] ⏳ 暂无任务，休息60秒...
[弓志明] ⏳ 暂无任务，休息60秒...
[母志明] ⏳ 暂无任务，休息60秒...
[干市场] ⏳ 暂无任务，休息60秒...
[曲市场] ⏳ 暂无任务，休息60秒...
[桥客服] ⏳ 暂无任务，休息60秒...
[银客服] ⏳ 暂无任务，休息60秒...
[言客服] ⏳ 暂无任务，休息60秒...
[朱巨信] ⏳ 暂无任务，休息60秒...
[李廉智] ⏳ 暂无任务，休息60秒...
[水武库] ⏳ 暂无任务，休息60秒...
[葛破浪] ⏳ 暂无任务，休息60秒...
[皮右防] ⏳ 暂无任务，休息60秒...
[赏志明] ⏳ 暂无任务，休息60秒...
[财市场] ⏳ 暂无任务，休息60秒...
[蒋巨门] ⏳ 暂无任务，休息60秒...
[沈巨明] ⏳ 暂无任务，休息60秒...
[韩巨亮] ⏳ 暂无任务，休息60秒...
[杨巨知] ⏳ 暂无任务，休息60秒...
[伍廉贞] ⏳ 暂无任务，休息60秒...
[余廉心] ⏳ 暂无任务，休息60秒...
[元廉情] ⏳ 暂无任务，休息60秒...
[孟廉意] ⏳ 暂无任务，休息60秒...
[谢武功] ⏳ 暂无任务，休息60秒...
[邹武全] ⏳ 暂无任务，休息60秒...
[喻武能] ⏳ 暂无任务，休息60秒...
[柏武技] ⏳ 暂无任务，休息60秒...
[章破军] ⏳ 暂无任务，休息60秒...
[云破敌] ⏳ 暂无任务，休息60秒...
[苏破阵] ⏳ 暂无任务，休息60秒...
[潘破晓] ⏳ 暂无任务，休息60秒...
[倪左辅] ⏳ 暂无任务，休息60秒...
[汤左膀] ⏳ 暂无任务，休息60秒...
[殷左翼] ⏳ 暂无任务，休息60秒...
[殷左护] ⏳ 暂无任务，休息60秒...
[罗左卫] ⏳ 暂无任务，休息60秒...
[周右弼] ⏳ 暂无任务，休息60秒...
[乐右弼] ⏳ 暂无任务，休息60秒...
[于右护] ⏳ 暂无任务，休息60秒...
[时右卫] ⏳ 暂无任务，休息60秒...
[薛贪狼] ⏳ 暂无任务，休息60秒...
[雷贪音] ⏳ 暂无任务，休息60秒...
[贺贪形] ⏳ 暂无任务，休息60秒...
[贡志强] ⏳ 暂无任务，休息60秒...
[齐辅弼] ⏳ 暂无任务，休息60秒...
[康辅星] ⏳ 暂无任务，休息60秒...
[和产品] ⏳ 暂无任务，休息60秒...
[穆产品] ⏳ 暂无任务，休息60秒...
[刘二明] ⏳ 暂无任务，休息60秒...
[王三思] ⏳ 暂无任务，休息60秒...
[赵四维] ⏳ 暂无任务，休息60秒...
[周禄存] ⏳ 暂无任务，休息60秒...
[吴存真] ⏳ 暂无任务，休息60秒...
[郑存义] ⏳ 暂无任务，休息60秒...
[钱存信] ⏳ 暂无任务，休息60秒...
[冯存智] ⏳ 暂无任务，休息60秒...
[陈元灵] ⏳ 暂无任务，休息60秒...
[张一凡] ⏳ 暂无任务，休息60秒...
[孙五维] ⏳ 暂无任务，休息60秒...
[陈存理] ⏳ 暂无任务，休息60秒...
[褚存道] ⏳ 暂无任务，休息60秒...
[卫存德] ⏳ 暂无任务，休息60秒...
[秦巨诚] ⏳ 暂无任务，休息60秒...
[许巨真] ⏳ 暂无任务，休息60秒...
[戚巨实] ⏳ 暂无任务，休息60秒...
[窦武备] ⏳ 暂无任务，休息60秒...
[奚破浪] ⏳ 暂无任务，休息60秒...
[范破空] ⏳ 暂无任务，休息60秒...
[柯破云] ⏳ 暂无任务，休息60秒...
[厉破风] ⏳ 暂无任务，休息60秒...
[岑破雷] ⏳ 暂无任务，休息60秒...
[毕左护] ⏳ 暂无任务，休息60秒...
[郝左持] ⏳ 暂无任务，休息60秒...
[邬左扶] ⏳ 暂无任务，休息60秒...
[安左助] ⏳ 暂无任务，休息60秒...
[常左协] ⏳ 暂无任务，休息60秒...
[李星辰] ⏳ 暂无任务，休息60秒...
[卞右盾] ⏳ 暂无任务，休息60秒...
[巴图] ⏳ 暂无任务，休息60秒...
[弓志明] ⏳ 暂无任务，休息60秒...
[母志明] ⏳ 暂无任务，休息60秒...
[干市场] ⏳ 暂无任务，休息60秒...
[曲市场] ⏳ 暂无任务，休息60秒...
[桥客服] ⏳ 暂无任务，休息60秒...
[银客服] ⏳ 暂无任务，休息60秒...
[言客服] ⏳ 暂无任务，休息60秒...
[朱巨信] ⏳ 暂无任务，休息60秒...
[李廉智] ⏳ 暂无任务，休息60秒...
[水武库] ⏳ 暂无任务，休息60秒...
[葛破浪] ⏳ 暂无任务，休息60秒...
[皮右防] ⏳ 暂无任务，休息60秒...
[赏志明] ⏳ 暂无任务，休息60秒...
[财市场] ⏳ 暂无任务，休息60秒...
[蒋巨门] ⏳ 暂无任务，休息60秒...
[沈巨明] ⏳ 暂无任务，休息60秒...
[韩巨亮] ⏳ 暂无任务，休息60秒...
[杨巨知] ⏳ 暂无任务，休息60秒...
[伍廉贞] ⏳ 暂无任务，休息60秒...
[余廉心] ⏳ 暂无任务，休息60秒...
[元廉情] ⏳ 暂无任务，休息60秒...
[孟廉意] ⏳ 暂无任务，休息60秒...
[谢武功] ⏳ 暂无任务，休息60秒...
[邹武全] ⏳ 暂无任务，休息60秒...
[喻武能] ⏳ 暂无任务，休息60秒...
[柏武技] ⏳ 暂无任务，休息60秒...
[章破军] ⏳ 暂无任务，休息60秒...
[云破敌] ⏳ 暂无任务，休息60秒...
[苏破阵] ⏳ 暂无任务，休息60秒...
[潘破晓] ⏳ 暂无任务，休息60秒...
[倪左辅] ⏳ 暂无任务，休息60秒...
[汤左膀] ⏳ 暂无任务，休息60秒...
[殷左翼] ⏳ 暂无任务，休息60秒...
[殷左护] ⏳ 暂无任务，休息60秒...
[罗左卫] ⏳ 暂无任务，休息60秒...
[周右弼] ⏳ 暂无任务，休息60秒...
[乐右弼] ⏳ 暂无任务，休息60秒...
[于右护] ⏳ 暂无任务，休息60秒...
[时右卫] ⏳ 暂无任务，休息60秒...
[薛贪狼] ⏳ 暂无任务，休息60秒...
[雷贪音] ⏳ 暂无任务，休息60秒...
[贺贪形] ⏳ 暂无任务，休息60秒...
[贡志强] ⏳ 暂无任务，休息60秒...
[齐辅弼] ⏳ 暂无任务，休息60秒...
[康辅星] ⏳ 暂无任务，休息60秒...
[和产品] ⏳ 暂无任务，休息60秒...
[穆产品] ⏳ 暂无任务，休息60秒...
[刘二明] ⏳ 暂无任务，休息60秒...
[王三思] ⏳ 暂无任务，休息60秒...
[赵四维] ⏳ 暂无任务，休息60秒...
[周禄存] ⏳ 暂无任务，休息60秒...
[吴存真] ⏳ 暂无任务，休息60秒...
[郑存义] ⏳ 暂无任务，休息60秒...
[钱存信] ⏳ 暂无任务，休息60秒...
[冯存智] ⏳ 暂无任务，休息60秒...
[陈元灵] ⏳ 暂无任务，休息60秒...
[张一凡] ⏳ 暂无任务，休息60秒...
[孙五维] ⏳ 暂无任务，休息60秒...
[陈存理] ⏳ 暂无任务，休息60秒...
[褚存道] ⏳ 暂无任务，休息60秒...
[卫存德] ⏳ 暂无任务，休息60秒...
[秦巨诚] ⏳ 暂无任务，休息60秒...
[许巨真] ⏳ 暂无任务，休息60秒...
[戚巨实] ⏳ 暂无任务，休息60秒...
[窦武备] ⏳ 暂无任务，休息60秒...
[奚破浪] ⏳ 暂无任务，休息60秒...
[范破空] ⏳ 暂无任务，休息60秒...
[柯破云] ⏳ 暂无任务，休息60秒...
[厉破风] ⏳ 暂无任务，休息60秒...
[岑破雷] ⏳ 暂无任务，休息60秒...
[毕左护] ⏳ 暂无任务，休息60秒...
[郝左持] ⏳ 暂无任务，休息60秒...
[邬左扶] ⏳ 暂无任务，休息60秒...
[安左助] ⏳ 暂无任务，休息60秒...
[常左协] ⏳ 暂无任务，休息60秒...
[李星辰] ⏳ 暂无任务，休息60秒...
[卞右盾] ⏳ 暂无任务，休息60秒...
[巴图] ⏳ 暂无任务，休息60秒...
[弓志明] ⏳ 暂无任务，休息60秒...
[母志明] ⏳ 暂无任务，休息60秒...
[干市场] ⏳ 暂无任务，休息60秒...
[曲市场] ⏳ 暂无任务，休息60秒...
[桥客服] ⏳ 暂无任务，休息60秒...
[银客服] ⏳ 暂无任务，休息60秒...
[言客服] ⏳ 暂无任务，休息60秒...
[朱巨信] ⏳ 暂无任务，休息60秒...
[李廉智] ⏳ 暂无任务，休息60秒...
[水武库] ⏳ 暂无任务，休息60秒...
[葛破浪] ⏳ 暂无任务，休息60秒...
[皮右防] ⏳ 暂无任务，休息60秒...
[赏志明] ⏳ 暂无任务，休息60秒...
[财市场] ⏳ 暂无任务，休息60秒...
[蒋巨门] ⏳ 暂无任务，休息60秒...
[沈巨明] ⏳ 暂无任务，休息60秒...
[韩巨亮] ⏳ 暂无任务，休息60秒...
[杨巨知] ⏳ 暂无任务，休息60秒...
[伍廉贞] ⏳ 暂无任务，休息60秒...
[余廉心] ⏳ 暂无任务，休息60秒...
[元廉情] ⏳ 暂无任务，休息60秒...
[孟廉意] ⏳ 暂无任务，休息60秒...
[谢武功] ⏳ 暂无任务，休息60秒...
[邹武全] ⏳ 暂无任务，休息60秒...
[喻武能] ⏳ 暂无任务，休息60秒...
[柏武技] ⏳ 暂无任务，休息60秒...
[章破军] ⏳ 暂无任务，休息60秒...
[云破敌] ⏳ 暂无任务，休息60秒...
[苏破阵] ⏳ 暂无任务，休息60秒...
[潘破晓] ⏳ 暂无任务，休息60秒...
[倪左辅] ⏳ 暂无任务，休息60秒...
[汤左膀] ⏳ 暂无任务，休息60秒...
[殷左翼] ⏳ 暂无任务，休息60秒...
[殷左护] ⏳ 暂无任务，休息60秒...
[罗左卫] ⏳ 暂无任务，休息60秒...
[周右弼] ⏳ 暂无任务，休息60秒...
[乐右弼] ⏳ 暂无任务，休息60秒...
[于右护] ⏳ 暂无任务，休息60秒...
[时右卫] ⏳ 暂无任务，休息60秒...
[薛贪狼] ⏳ 暂无任务，休息60秒...
[雷贪音] ⏳ 暂无任务，休息60秒...
[贺贪形] ⏳ 暂无任务，休息60秒...
[贡志强] ⏳ 暂无任务，休息60秒...
[齐辅弼] ⏳ 暂无任务，休息60秒...
[康辅星] ⏳ 暂无任务，休息60秒...
[和产品] ⏳ 暂无任务，休息60秒...
[穆产品] ⏳ 暂无任务，休息60秒...
[刘二明] ⏳ 暂无任务，休息60秒...
[王三思] ⏳ 暂无任务，休息60秒...
[赵四维] ⏳ 暂无任务，休息60秒...
[周禄存] ⏳ 暂无任务，休息60秒...
[吴存真] ⏳ 暂无任务，休息60秒...
[郑存义] ⏳ 暂无任务，休息60秒...
[钱存信] ⏳ 暂无任务，休息60秒...
[冯存智] ⏳ 暂无任务，休息60秒...
[陈元灵] ⏳ 暂无任务，休息60秒...
[张一凡] ⏳ 暂无任务，休息60秒...
[孙五维] ⏳ 暂无任务，休息60秒...
[陈存理] ⏳ 暂无任务，休息60秒...
[褚存道] ⏳ 暂无任务，休息60秒...
[卫存德] ⏳ 暂无任务，休息60秒...
[秦巨诚] ⏳ 暂无任务，休息60秒...
[许巨真] ⏳ 暂无任务，休息60秒...
[戚巨实] ⏳ 暂无任务，休息60秒...
[窦武备] ⏳ 暂无任务，休息60秒...
[奚破浪] ⏳ 暂无任务，休息60秒...
[范破空] ⏳ 暂无任务，休息60秒...
[柯破云] ⏳ 暂无任务，休息60秒...
[厉破风] ⏳ 暂无任务，休息60秒...
[岑破雷] ⏳ 暂无任务，休息60秒...
[毕左护] ⏳ 暂无任务，休息60秒...
[郝左持] ⏳ 暂无任务，休息60秒...
[邬左扶] ⏳ 暂无任务，休息60秒...
[安左助] ⏳ 暂无任务，休息60秒...
[常左协] ⏳ 暂无任务，休息60秒...
[李星辰] ⏳ 暂无任务，休息60秒...
[卞右盾] ⏳ 暂无任务，休息60秒...
[巴图] ⏳ 暂无任务，休息60秒...
[弓志明] ⏳ 暂无任务，休息60秒...
[母志明] ⏳ 暂无任务，休息60秒...
[干市场] ⏳ 暂无任务，休息60秒...
[曲市场] ⏳ 暂无任务，休息60秒...
[桥客服] ⏳ 暂无任务，休息60秒...
[银客服] ⏳ 暂无任务，休息60秒...
[言客服] ⏳ 暂无任务，休息60秒...
[朱巨信] ⏳ 暂无任务，休息60秒...
[李廉智] ⏳ 暂无任务，休息60秒...
[水武库] ⏳ 暂无任务，休息60秒...
[葛破浪] ⏳ 暂无任务，休息60秒...
[皮右防] ⏳ 暂无任务，休息60秒...
[赏志明] ⏳ 暂无任务，休息60秒...
[财市场] ⏳ 暂无任务，休息60秒...
[蒋巨门] ⏳ 暂无任务，休息60秒...
[沈巨明] ⏳ 暂无任务，休息60秒...
[韩巨亮] ⏳ 暂无任务，休息60秒...
[杨巨知] ⏳ 暂无任务，休息60秒...
[伍廉贞] ⏳ 暂无任务，休息60秒...
[余廉心] ⏳ 暂无任务，休息60秒...
[元廉情] ⏳ 暂无任务，休息60秒...
[孟廉意] ⏳ 暂无任务，休息60秒...
[谢武功] ⏳ 暂无任务，休息60秒...
[邹武全] ⏳ 暂无任务，休息60秒...
[喻武能] ⏳ 暂无任务，休息60秒...
[柏武技] ⏳ 暂无任务，休息60秒...
[章破军] ⏳ 暂无任务，休息60秒...
[云破敌] ⏳ 暂无任务，休息60秒...
[苏破阵] ⏳ 暂无任务，休息60秒...
[潘破晓] ⏳ 暂无任务，休息60秒...
[倪左辅] ⏳ 暂无任务，休息60秒...
[汤左膀] ⏳ 暂无任务，休息60秒...
[殷左翼] ⏳ 暂无任务，休息60秒...
[殷左护] ⏳ 暂无任务，休息60秒...
[罗左卫] ⏳ 暂无任务，休息60秒...
[周右弼] ⏳ 暂无任务，休息60秒...
[乐右弼] ⏳ 暂无任务，休息60秒...
[于右护] ⏳ 暂无任务，休息60秒...
[时右卫] ⏳ 暂无任务，休息60秒...
[薛贪狼] ⏳ 暂无任务，休息60秒...
[雷贪音] ⏳ 暂无任务，休息60秒...
[贺贪形] ⏳ 暂无任务，休息60秒...
[贡志强] ⏳ 暂无任务，休息60秒...
[齐辅弼] ⏳ 暂无任务，休息60秒...
[康辅星] ⏳ 暂无任务，休息60秒...
[和产品] ⏳ 暂无任务，休息60秒...
[穆产品] ⏳ 暂无任务，休息60秒...
[刘二明] ⏳ 暂无任务，休息60秒...
[王三思] ⏳ 暂无任务，休息60秒...
[赵四维] ⏳ 暂无任务，休息60秒...
[周禄存] ⏳ 暂无任务，休息60秒...
[吴存真] ⏳ 暂无任务，休息60秒...
[郑存义] ⏳ 暂无任务，休息60秒...
[钱存信] ⏳ 暂无任务，休息60秒...
[冯存智] ⏳ 暂无任务，休息60秒...
[陈元灵] ⏳ 暂无任务，休息60秒...
[张一凡] ⏳ 暂无任务，休息60秒...
