启动AI数字员工全自动工作系统 v3.0 (P1任务版)...
✅ 终极版任务加载成功: 115 个任务
✅ 注册仓库: xuanji_engine -> /workspace/projects/workspace/xuanji-engine-v2
✅ 注册仓库: ai_stock_app -> /workspace/projects/workspace/ai-stock-app
✅ 注册仓库: hanyu_learning -> /workspace/projects/workspace/han-yu-vietnamese-learning
✅ 注册AI员工: 陈元灵 (102) -> xuanji_engine
✅ 注册AI员工: 林对齐 (106) -> xuanji_engine
✅ 注册AI员工: 黄漂移 (107) -> xuanji_engine
✅ 注册AI员工: 周进化 (108) -> xuanji_engine
✅ 注册AI员工: 吴模板 (109) -> xuanji_engine
✅ 注册AI员工: 周禄存 (111) -> xuanji_engine
✅ 注册AI员工: 郑路由 (112) -> xuanji_engine
✅ 注册AI员工: 王规划 (113) -> xuanji_engine
✅ 注册AI员工: 冯优化 (114) -> xuanji_engine
✅ 注册AI员工: 钱调度 (115) -> xuanji_engine
✅ 注册AI员工: 蒋巨门 (119) -> xuanji_engine
✅ 注册AI员工: 沈记忆 (120) -> xuanji_engine
✅ 注册AI员工: 韩向量 (121) -> xuanji_engine
✅ 注册AI员工: 杨检索 (122) -> xuanji_engine
✅ 注册AI员工: 朱图谱 (123) -> xuanji_engine
✅ 注册AI员工: 伍廉贞 (163) -> xuanji_engine
✅ 注册AI员工: 余情绪 (164) -> xuanji_engine
✅ 注册AI员工: 元人格 (165) -> xuanji_engine
✅ 注册AI员工: 孟一致 (166) -> xuanji_engine
✅ 注册AI员工: 平心理 (167) -> xuanji_engine
✅ 注册AI员工: 谢武功 (127) -> xuanji_engine
✅ 注册AI员工: 邹接口 (128) -> xuanji_engine
✅ 注册AI员工: 喻发现 (129) -> xuanji_engine
✅ 注册AI员工: 柏依赖 (130) -> xuanji_engine
✅ 注册AI员工: 水版本 (131) -> xuanji_engine
✅ 注册AI员工: 章破军 (133) -> xuanji_engine
✅ 注册AI员工: 云沙箱 (134) -> xuanji_engine
✅ 注册AI员工: 苏容器 (135) -> xuanji_engine
✅ 注册AI员工: 潘外呼 (136) -> xuanji_engine
✅ 注册AI员工: 葛消息 (137) -> xuanji_engine
✅ 注册AI员工: 倪左辅 (146) -> xuanji_engine
✅ 注册AI员工: 汤K8s (147) -> xuanji_engine
✅ 注册AI员工: 殷用户 (148) -> xuanji_engine
✅ 注册AI员工: 罗隔离 (149) -> xuanji_engine
✅ 注册AI员工: 毕配置 (150) -> xuanji_engine
✅ 注册AI员工: 周右弼 (105) -> xuanji_engine
✅ 注册AI员工: 乐法律 (156) -> xuanji_engine
✅ 注册AI员工: 于道德 (157) -> xuanji_engine
✅ 注册AI员工: 时权限 (158) -> xuanji_engine
✅ 注册AI员工: 皮审计 (159) -> xuanji_engine
✅ 注册AI员工: 薛贪狼 (143) -> xuanji_engine
✅ 注册AI员工: 雷ASR (144) -> xuanji_engine
✅ 注册AI员工: 贺TTS (145) -> xuanji_engine
✅ 注册AI员工: 贡数字人 (176) -> xuanji_engine
✅ 注册AI员工: 赏界面 (177) -> xuanji_engine
✅ 注册AI员工: 齐辅弼 (161) -> xuanji_engine
✅ 注册AI员工: 康网关 (162) -> xuanji_engine
✅ 注册AI员工: 和产品 (168) -> xuanji_engine
✅ 注册AI员工: 穆文档 (169) -> xuanji_engine
✅ 注册AI员工: 财SDK (183) -> xuanji_engine

============================================================
🚀 AI数字员工全自动工作系统 v3.0 (P1任务版)
============================================================
总员工数: 50
项目数: 3
============================================================
⚠️ P0任务完成后自动继续P1任务
⚠️ 覆盖玄玑引擎全部10个组
============================================================

🚀 [陈元灵] 开始工作...
[陈元灵] ✅ 领取任务: [P0] Task-01 - 个性化进化决策模块开发
[陈元灵] 📝 生成代码: /workspace/projects/workspace/xuanji-engine-v2/01/ziwei/star/task_01.py
[陈元灵] ✅ Git提交成功: 41dadc6

🚀 [林对齐] 开始工作...
[林对齐] ✅ 领取任务: [P0] Task-02 - 用户个人知识图谱构建
[林对齐] 📝 生成代码: /workspace/projects/workspace/xuanji-engine-v2/01/ziwei/star/task_02.py
[林对齐] ✅ Git提交成功: 51f1073

🚀 [黄漂移] 开始工作...
[黄漂移] ✅ 领取任务: [P0] Task-03 - 知识实时同步机制实现
[黄漂移] 📝 生成代码: /workspace/projects/workspace/xuanji-engine-v2/01/ziwei/star/task_03.py
[黄漂移] ✅ Git提交成功: f7117ba

🚀 [周进化] 开始工作...
[周进化] ✅ 领取任务: [P0] Task-06 - 系统集成测试
[周进化] 📝 生成代码: /workspace/projects/workspace/xuanji-engine-v2/01/ziwei/star/task_06.py
[周进化] ✅ Git提交成功: 4022ab5

🚀 [吴模板] 开始工作...
[吴模板] ✅ 领取任务: [P0] Task-07 - 文档编写与交付
[吴模板] 📝 生成代码: /workspace/projects/workspace/xuanji-engine-v2/01/ziwei/star/task_07.py
[吴模板] ✅ Git提交成功: 72d9098

🚀 [周禄存] 开始工作...
[周禄存] ✅ 领取任务: [P0] Task-01 - 多模型统一接入协议设计
[周禄存] 📝 生成代码: /workspace/projects/workspace/xuanji-engine-v2/02/lucun/star/task_01.py
[周禄存] ⚠️ Git提交失败: 提交失败: 

🚀 [郑路由] 开始工作...
[郑路由] ✅ 领取任务: [P0] Task-02 - SpeechLLM接入实现
[郑路由] 📝 生成代码: /workspace/projects/workspace/xuanji-engine-v2/02/lucun/star/task_02.py
[郑路由] ✅ Git提交成功: 8e0fdc8

🚀 [王规划] 开始工作...
[王规划] ✅ 领取任务: [P0] Task-03 - 智能调度引擎开发
[王规划] 📝 生成代码: /workspace/projects/workspace/xuanji-engine-v2/02/lucun/star/task_03.py
[王规划] ✅ Git提交成功: 50946ff

🚀 [冯优化] 开始工作...
[冯优化] ✅ 领取任务: [P0] Task-04 - 模型注册中心建设
[冯优化] 📝 生成代码: /workspace/projects/workspace/xuanji-engine-v2/02/lucun/star/task_04.py
[冯优化] ✅ Git提交成功: d9612fd

🚀 [钱调度] 开始工作...
[钱调度] ✅ 领取任务: [P0] Task-05 - 性能监控系统开发
[钱调度] 📝 生成代码: /workspace/projects/workspace/xuanji-engine-v2/02/lucun/star/task_05.py
[钱调度] ✅ Git提交成功: 70f231a

🚀 [蒋巨门] 开始工作...
[蒋巨门] ✅ 领取任务: [P0] OBJ-03-001 - 个性化特征记忆库
[蒋巨门] 📝 生成代码: /workspace/projects/workspace/xuanji-engine-v2/03/jumen/star/obj_03_001.py
[蒋巨门] ⚠️ Git提交失败: 提交失败: 

🚀 [沈记忆] 开始工作...
[沈记忆] ✅ 领取任务: [P0] OBJ-03-002 - 智能检索系统
[沈记忆] 📝 生成代码: /workspace/projects/workspace/xuanji-engine-v2/03/jumen/star/obj_03_002.py
[沈记忆] ✅ Git提交成功: 2cd4ea9

🚀 [韩向量] 开始工作...
[韩向量] ✅ 领取任务: [P0] OBJ-03-003 - 记忆持久化
[韩向量] 📝 生成代码: /workspace/projects/workspace/xuanji-engine-v2/03/jumen/star/obj_03_003.py
[韩向量] ✅ Git提交成功: 0e1785b

🚀 [杨检索] 开始工作...
[杨检索] ✅ 领取任务: [P1] P2-03-007 - 记忆压缩算法
[杨检索] 📝 生成代码: /workspace/projects/workspace/xuanji-engine-v2/03/jumen/star/p2_03_007.py
[杨检索] ✅ Git提交成功: 11e413a

🚀 [朱图谱] 开始工作...
[朱图谱] ✅ 领取任务: [P1] P2-03-008 - 检索速度优化
[朱图谱] 📝 生成代码: /workspace/projects/workspace/xuanji-engine-v2/03/jumen/star/p2_03_008.py
[朱图谱] ✅ Git提交成功: 0c7c6a4

🚀 [伍廉贞] 开始工作...
[伍廉贞] ✅ 领取任务: [P0] OBJ-04-001 - 个性化人格微调系统
[伍廉贞] 📝 生成代码: /workspace/projects/workspace/xuanji-engine-v2/04/lianzheng/star/obj_04_001.py
[伍廉贞] ✅ Git提交成功: 6c92e77

🚀 [余情绪] 开始工作...
[余情绪] ✅ 领取任务: [P0] OBJ-04-002 - 数字分身系统
[余情绪] 📝 生成代码: /workspace/projects/workspace/xuanji-engine-v2/04/lianzheng/star/obj_04_002.py
[余情绪] ✅ Git提交成功: d8e6cb9

🚀 [元人格] 开始工作...
[元人格] ✅ 领取任务: [P0] OBJ-04-003 - 人设一致性保障
[元人格] 📝 生成代码: /workspace/projects/workspace/xuanji-engine-v2/04/lianzheng/star/obj_04_003.py
[元人格] ✅ Git提交成功: 1cffa49

🚀 [孟一致] 开始工作...
[孟一致] ✅ 领取任务: [P1] P2-04-009 - 人格模板丰富
[孟一致] 📝 生成代码: /workspace/projects/workspace/xuanji-engine-v2/04/lianzheng/star/p2_04_009.py
[孟一致] ✅ Git提交成功: ef8b10d

🚀 [平心理] 开始工作...
[平心理] ✅ 领取任务: [P1] P2-04-010 - 情绪识别优化
[平心理] 📝 生成代码: /workspace/projects/workspace/xuanji-engine-v2/04/lianzheng/star/p2_04_010.py
[平心理] ✅ Git提交成功: f7eb28b

🚀 [谢武功] 开始工作...
[谢武功] ✅ 领取任务: [P0] OBJ-05-001 - 10万级插件库与能力分级
[谢武功] 📝 生成代码: /workspace/projects/workspace/xuanji-engine-v2/05/wuqu/star/obj_05_001.py
[谢武功] ✅ Git提交成功: ac6aa12

🚀 [邹接口] 开始工作...
[邹接口] ✅ 领取任务: [P0] OBJ-05-002 - 插件自动化生产与定价系统（紫微星协同）
[邹接口] 📝 生成代码: /workspace/projects/workspace/xuanji-engine-v2/05/wuqu/star/obj_05_002.py
[邹接口] ✅ Git提交成功: ecb2b91

🚀 [喻发现] 开始工作...
[喻发现] ✅ 领取任务: [P0] OBJ-05-003 - 五大宪法铁律执行
[喻发现] 📝 生成代码: /workspace/projects/workspace/xuanji-engine-v2/05/wuqu/star/obj_05_003.py
[喻发现] ✅ Git提交成功: 20ba5cc

🚀 [柏依赖] 开始工作...
[柏依赖] ✅ 领取任务: [P1] P2-05-011 - 插件模板扩充
[柏依赖] 📝 生成代码: /workspace/projects/workspace/xuanji-engine-v2/05/wuqu/star/p2_05_011.py
[柏依赖] ✅ Git提交成功: 587c4d7

🚀 [水版本] 开始工作...
[水版本] ✅ 领取任务: [P1] P2-05-012 - 插件测试工具
[水版本] 📝 生成代码: /workspace/projects/workspace/xuanji-engine-v2/05/wuqu/star/p2_05_012.py
[水版本] ✅ Git提交成功: 26474c0

🚀 [章破军] 开始工作...
[章破军] ✅ 领取任务: [P0] OBJ-06-001 - 任务流程自动化
[章破军] 📝 生成代码: /workspace/projects/workspace/xuanji-engine-v2/06/pojun/star/obj_06_001.py
[章破军] ✅ Git提交成功: 3e5571f

🚀 [云沙箱] 开始工作...
[云沙箱] ✅ 领取任务: [P0] OBJ-06-002 - 多插件协同执行
[云沙箱] 📝 生成代码: /workspace/projects/workspace/xuanji-engine-v2/06/pojun/star/obj_06_002.py
[云沙箱] ✅ Git提交成功: aef72c2

🚀 [苏容器] 开始工作...
[苏容器] ✅ 领取任务: [P0] OBJ-06-003 - 智能错误处理
[苏容器] 📝 生成代码: /workspace/projects/workspace/xuanji-engine-v2/06/pojun/star/obj_06_003.py
[苏容器] ✅ Git提交成功: faca0db

🚀 [潘外呼] 开始工作...
[潘外呼] ✅ 领取任务: [P1] P2-06-013 - 执行流程优化
[潘外呼] 📝 生成代码: /workspace/projects/workspace/xuanji-engine-v2/06/pojun/star/p2_06_013.py
[潘外呼] ✅ Git提交成功: 4044e34

🚀 [葛消息] 开始工作...
[葛消息] ✅ 领取任务: [P1] P2-06-014 - 错误处理增强
[葛消息] 📝 生成代码: /workspace/projects/workspace/xuanji-engine-v2/06/pojun/star/p2_06_014.py
[葛消息] ✅ Git提交成功: 5ea8026

🚀 [倪左辅] 开始工作...
[倪左辅] ✅ 领取任务: [P0] OBJ-07-001 - 灵活计费引擎v2.0（算力成本导向+能力梯度定价）
[倪左辅] 📝 生成代码: /workspace/projects/workspace/xuanji-engine-v2/07/zuofu/star/obj_07_001.py
[倪左辅] ✅ Git提交成功: a9d7c02

🚀 [汤K8s] 开始工作...
[汤K8s] ✅ 领取任务: [P0] OBJ-07-002 - 智能总控后台
[汤K8s] 📝 生成代码: /workspace/projects/workspace/xuanji-engine-v2/07/zuofu/star/obj_07_002.py
[汤K8s] ✅ Git提交成功: bfc4ec9

🚀 [殷用户] 开始工作...
[殷用户] ✅ 领取任务: [P0] OBJ-07-003 - 五端统一部署
[殷用户] 📝 生成代码: /workspace/projects/workspace/xuanji-engine-v2/07/zuofu/star/obj_07_003.py
[殷用户] ✅ Git提交成功: 773dec6

🚀 [罗隔离] 开始工作...
[罗隔离] ✅ 领取任务: [P0] OBJ-07-004 - 资源管理
[罗隔离] 📝 生成代码: /workspace/projects/workspace/xuanji-engine-v2/07/zuofu/star/obj_07_004.py
[罗隔离] ✅ Git提交成功: c844338

🚀 [毕配置] 开始工作...
[毕配置] ✅ 领取任务: [P1] P2-07-015 - 部署脚本优化
[毕配置] 📝 生成代码: /workspace/projects/workspace/xuanji-engine-v2/07/zuofu/star/p2_07_015.py
[毕配置] ✅ Git提交成功: fd2cb2d

🚀 [周右弼] 开始工作...
[周右弼] ✅ 领取任务: [P0] OBJ-08-001 - 计费权限控制v2.0
[周右弼] 📝 生成代码: /workspace/projects/workspace/xuanji-engine-v2/08/youbi/star/obj_08_001.py
[周右弼] ✅ Git提交成功: cb6bf2c

🚀 [乐法律] 开始工作...
[乐法律] ✅ 领取任务: [P0] OBJ-08-002 - 等保三级合规
[乐法律] 📝 生成代码: /workspace/projects/workspace/xuanji-engine-v2/08/youbi/star/obj_08_002.py
[乐法律] ✅ Git提交成功: 6bf9a1e

🚀 [于道德] 开始工作...
[于道德] ✅ 领取任务: [P0] OBJ-08-003 - 数据安全
[于道德] 📝 生成代码: /workspace/projects/workspace/xuanji-engine-v2/08/youbi/star/obj_08_003.py
[于道德] ✅ Git提交成功: 3e94f84

🚀 [时权限] 开始工作...
[时权限] ✅ 领取任务: [P1] P2-08-017 - 安全策略完善
[时权限] 📝 生成代码: /workspace/projects/workspace/xuanji-engine-v2/08/youbi/star/p2_08_017.py
[时权限] ✅ Git提交成功: a843335

🚀 [皮审计] 开始工作...
[皮审计] ✅ 领取任务: [P1] P2-08-018 - 审计报表优化
[皮审计] 📝 生成代码: /workspace/projects/workspace/xuanji-engine-v2/08/youbi/star/p2_08_018.py
[皮审计] ✅ Git提交成功: 1ff807a

🚀 [薛贪狼] 开始工作...
[薛贪狼] ✅ 领取任务: [P0] OBJ-09-001 - 五端统一交互协议
[薛贪狼] 📝 生成代码: /workspace/projects/workspace/xuanji-engine-v2/09/tanlang/star/obj_09_001.py
[薛贪狼] ✅ Git提交成功: 5d7634f

🚀 [雷ASR] 开始工作...
[雷ASR] ✅ 领取任务: [P0] OBJ-09-002 - 跨端状态同步
[雷ASR] 📝 生成代码: /workspace/projects/workspace/xuanji-engine-v2/09/tanlang/star/obj_09_002.py
[雷ASR] ✅ Git提交成功: c776514

🚀 [贺TTS] 开始工作...
[贺TTS] ✅ 领取任务: [P0] OBJ-09-003 - 性能优化
[贺TTS] 📝 生成代码: /workspace/projects/workspace/xuanji-engine-v2/09/tanlang/star/obj_09_003.py
[贺TTS] ✅ Git提交成功: 2cb4ff2

🚀 [贡数字人] 开始工作...
[贡数字人] ✅ 领取任务: [P1] P2-09-019 - 交互界面优化
[贡数字人] 📝 生成代码: /workspace/projects/workspace/xuanji-engine-v2/09/tanlang/star/p2_09_019.py
[贡数字人] ✅ Git提交成功: 92ab1c3

🚀 [赏界面] 开始工作...
[赏界面] ✅ 领取任务: [P1] P2-09-020 - 语音识别优化
[赏界面] 📝 生成代码: /workspace/projects/workspace/xuanji-engine-v2/09/tanlang/star/p2_09_020.py
[赏界面] ✅ Git提交成功: 4721514

🚀 [齐辅弼] 开始工作...
[齐辅弼] ✅ 领取任务: [P0] OBJ-10-001 - 官方网站与文档
[齐辅弼] 📝 生成代码: /workspace/projects/workspace/xuanji-engine-v2/10/fubi/star/obj_10_001.py
[齐辅弼] ✅ Git提交成功: 3cf2bcf

🚀 [康网关] 开始工作...
[康网关] ✅ 领取任务: [P0] OBJ-10-002 - 开发者开放平台
[康网关] 📝 生成代码: /workspace/projects/workspace/xuanji-engine-v2/10/fubi/star/obj_10_002.py
[康网关] ✅ Git提交成功: 7c7638d

🚀 [和产品] 开始工作...
[和产品] ✅ 领取任务: [P0] OBJ-10-003 - 插件市场
[和产品] 📝 生成代码: /workspace/projects/workspace/xuanji-engine-v2/10/fubi/star/obj_10_003.py
[和产品] ✅ Git提交成功: 4e3f66c

🚀 [穆文档] 开始工作...
[穆文档] ✅ 领取任务: [P1] P2-10-021 - 文档结构优化
[穆文档] 📝 生成代码: /workspace/projects/workspace/xuanji-engine-v2/10/fubi/star/p2_10_021.py
[穆文档] ✅ Git提交成功: 6011de0

🚀 [财SDK] 开始工作...
[财SDK] ✅ 领取任务: [P1] P2-10-022 - 开发者体验优化
[财SDK] 📝 生成代码: /workspace/projects/workspace/xuanji-engine-v2/10/fubi/star/p2_10_022.py
[财SDK] ✅ Git提交成功: 3e10643
[陈元灵] ✅ 领取任务: [P0] C-01-001 - 全领域知识自动获取
[陈元灵] 📝 生成代码: /workspace/projects/workspace/xuanji-engine-v2/01/ziwei/star/c_01_001.py
[陈元灵] ✅ Git提交成功: 98dc279
[林对齐] ✅ 领取任务: [P0] C-01-002 - 知识切片自动生成
[林对齐] 📝 生成代码: /workspace/projects/workspace/xuanji-engine-v2/01/ziwei/star/c_01_002.py
[林对齐] ✅ Git提交成功: a55123b
[黄漂移] ✅ 领取任务: [P0] C-01-003 - 插件自动化封装
[黄漂移] 📝 生成代码: /workspace/projects/workspace/xuanji-engine-v2/01/ziwei/star/c_01_003.py
[黄漂移] ✅ Git提交成功: e0f0060
[周进化] ✅ 领取任务: [P0] C-01-004 - 智能定价系统
[周进化] 📝 生成代码: /workspace/projects/workspace/xuanji-engine-v2/01/ziwei/star/c_01_004.py
[周进化] ✅ Git提交成功: 70eb0d3
[吴模板] ✅ 领取任务: [P0] C-01-005 - 总控后台监控
[吴模板] 📝 生成代码: /workspace/projects/workspace/xuanji-engine-v2/01/ziwei/star/c_01_005.py
[吴模板] ✅ Git提交成功: 2e342ea
[周禄存] ✅ 领取任务: [P0] Task-07 - 系统集成测试
[周禄存] 📝 生成代码: /workspace/projects/workspace/xuanji-engine-v2/02/lucun/star/task_07.py
[周禄存] ⚠️ Git提交失败: 提交失败: 
[郑路由] ✅ 领取任务: [P0] Task-08 - 文档编写与交付
[郑路由] 📝 生成代码: /workspace/projects/workspace/xuanji-engine-v2/02/lucun/star/task_08.py
[郑路由] ✅ Git提交成功: 1e82847
[王规划] ✅ 领取任务: [P0] C-02-001 - 多模型统一接入
[王规划] 📝 生成代码: /workspace/projects/workspace/xuanji-engine-v2/02/lucun/star/c_02_001.py
[王规划] ✅ Git提交成功: d858a50
[冯优化] ✅ 领取任务: [P0] C-02-002 - 智能调度引擎
[冯优化] 📝 生成代码: /workspace/projects/workspace/xuanji-engine-v2/02/lucun/star/c_02_002.py
[冯优化] ✅ Git提交成功: 826bcc5
[钱调度] ✅ 领取任务: [P0] C-02-003 - 成本优化
[钱调度] 📝 生成代码: /workspace/projects/workspace/xuanji-engine-v2/02/lucun/star/c_02_003.py
[钱调度] ✅ Git提交成功: f056a0c
[蒋巨门] ✅ 领取任务: [P1] P3-03-005 - 记忆导出功能
[蒋巨门] 📝 生成代码: /workspace/projects/workspace/xuanji-engine-v2/03/jumen/star/p3_03_005.py
[蒋巨门] ⚠️ Git提交失败: 提交失败: 
[沈记忆] ✅ 领取任务: [P1] P3-03-006 - 记忆迁移工具
[沈记忆] 📝 生成代码: /workspace/projects/workspace/xuanji-engine-v2/03/jumen/star/p3_03_006.py
[沈记忆] ✅ Git提交成功: 1b0bc21
[韩向量] ✅ 领取任务: [P1] P4-03-005 - 长期记忆压缩
[韩向量] 📝 生成代码: /workspace/projects/workspace/xuanji-engine-v2/03/jumen/star/p4_03_005.py
[韩向量] ✅ Git提交成功: 5d7a311
[杨检索] ✅ 领取任务: [P1] P4-03-006 - 记忆隐私加密
[杨检索] 📝 生成代码: /workspace/projects/workspace/xuanji-engine-v2/03/jumen/star/p4_03_006.py
[杨检索] ✅ Git提交成功: 61c4220
[伍廉贞] ✅ 领取任务: [P1] P3-04-007 - 人格导入导出
[伍廉贞] 📝 生成代码: /workspace/projects/workspace/xuanji-engine-v2/04/lianzheng/star/p3_04_007.py
[伍廉贞] ✅ Git提交成功: 4caf334
[余情绪] ✅ 领取任务: [P1] P3-04-008 - 情绪分析报告
[余情绪] 📝 生成代码: /workspace/projects/workspace/xuanji-engine-v2/04/lianzheng/star/p3_04_008.py
[余情绪] ✅ Git提交成功: c32522c
[元人格] ✅ 领取任务: [P1] P4-04-007 - 人格A/B测试
[元人格] 📝 生成代码: /workspace/projects/workspace/xuanji-engine-v2/04/lianzheng/star/p4_04_007.py
[元人格] ✅ Git提交成功: c45f024
[孟一致] ✅ 领取任务: [P1] P4-04-008 - 情绪预测引擎
[孟一致] 📝 生成代码: /workspace/projects/workspace/xuanji-engine-v2/04/lianzheng/star/p4_04_008.py
[孟一致] ✅ Git提交成功: 01df174
[谢武功] ✅ 领取任务: [P1] P3-05-009 - 插件市场推广
[谢武功] 📝 生成代码: /workspace/projects/workspace/xuanji-engine-v2/05/wuqu/star/p3_05_009.py
[谢武功] ✅ Git提交成功: 508539d
[邹接口] ✅ 领取任务: [P1] P3-05-010 - 插件评分系统
[邹接口] 📝 生成代码: /workspace/projects/workspace/xuanji-engine-v2/05/wuqu/star/p3_05_010.py
[邹接口] ✅ Git提交成功: dac7bcc
[喻发现] ✅ 领取任务: [P1] P4-05-009 - 插件AI增强
[喻发现] 📝 生成代码: /workspace/projects/workspace/xuanji-engine-v2/05/wuqu/star/p4_05_009.py
[喻发现] ✅ Git提交成功: 9d03ecd
[柏依赖] ✅ 领取任务: [P1] P4-05-010 - 插件生态联盟
[柏依赖] 📝 生成代码: /workspace/projects/workspace/xuanji-engine-v2/05/wuqu/star/p4_05_010.py
[柏依赖] ✅ Git提交成功: 58c8f82
[章破军] ✅ 领取任务: [P1] P3-06-011 - 工作流可视化
[章破军] 📝 生成代码: /workspace/projects/workspace/xuanji-engine-v2/06/pojun/star/p3_06_011.py
[章破军] ✅ Git提交成功: 88a29d1
[云沙箱] ✅ 领取任务: [P1] P3-06-012 - 任务模板库
[云沙箱] 📝 生成代码: /workspace/projects/workspace/xuanji-engine-v2/06/pojun/star/p3_06_012.py
[云沙箱] ✅ Git提交成功: 79fc5cc
[苏容器] ✅ 领取任务: [P1] P4-06-011 - 跨系统编排
[苏容器] 📝 生成代码: /workspace/projects/workspace/xuanji-engine-v2/06/pojun/star/p4_06_011.py
[苏容器] ✅ Git提交成功: 5b313eb
[潘外呼] ✅ 领取任务: [P1] P4-06-012 - 任务链智能优化
[潘外呼] 📝 生成代码: /workspace/projects/workspace/xuanji-engine-v2/06/pojun/star/p4_06_012.py
[潘外呼] ✅ Git提交成功: 4fc962a
[倪左辅] ✅ 领取任务: [P1] P2-07-016 - 监控指标扩展
[倪左辅] 📝 生成代码: /workspace/projects/workspace/xuanji-engine-v2/07/zuofu/star/p2_07_016.py
[倪左辅] ✅ Git提交成功: 3d8fc89
[汤K8s] ✅ 领取任务: [P1] P3-07-013 - 多云部署支持
[汤K8s] 📝 生成代码: /workspace/projects/workspace/xuanji-engine-v2/07/zuofu/star/p3_07_013.py
[汤K8s] ✅ Git提交成功: 63b9b3c
[殷用户] ✅ 领取任务: [P1] P3-07-014 - 成本优化工具
[殷用户] 📝 生成代码: /workspace/projects/workspace/xuanji-engine-v2/07/zuofu/star/p3_07_014.py
[殷用户] ✅ Git提交成功: 65d2af0
[罗隔离] ✅ 领取任务: [P1] P4-07-013 - 智能扩缩容
[罗隔离] 📝 生成代码: /workspace/projects/workspace/xuanji-engine-v2/07/zuofu/star/p4_07_013.py
[罗隔离] ✅ Git提交成功: 196af45
[毕配置] ✅ 领取任务: [P1] P4-07-014 - 灾难自动恢复
[毕配置] 📝 生成代码: /workspace/projects/workspace/xuanji-engine-v2/07/zuofu/star/p4_07_014.py
[毕配置] ✅ Git提交成功: 61181c2
[周右弼] ✅ 领取任务: [P1] P3-08-015 - GDPR合规支持
[周右弼] 📝 生成代码: /workspace/projects/workspace/xuanji-engine-v2/08/youbi/star/p3_08_015.py
[周右弼] ✅ Git提交成功: 3e60d56
[乐法律] ✅ 领取任务: [P1] P3-08-016 - 安全审计自动化
[乐法律] 📝 生成代码: /workspace/projects/workspace/xuanji-engine-v2/08/youbi/star/p3_08_016.py
[乐法律] ✅ Git提交成功: 0538e88
[于道德] ✅ 领取任务: [P1] P4-08-015 - 零信任架构
[于道德] 📝 生成代码: /workspace/projects/workspace/xuanji-engine-v2/08/youbi/star/p4_08_015.py
[于道德] ✅ Git提交成功: e4c40cd
[时权限] ✅ 领取任务: [P1] P4-08-016 - 安全威胁狩猎
[时权限] 📝 生成代码: /workspace/projects/workspace/xuanji-engine-v2/08/youbi/star/p4_08_016.py
[时权限] ✅ Git提交成功: 35d128a
[薛贪狼] ✅ 领取任务: [P1] P3-09-017 - 视频通话功能
[薛贪狼] 📝 生成代码: /workspace/projects/workspace/xuanji-engine-v2/09/tanlang/star/p3_09_017.py
[薛贪狼] ✅ Git提交成功: a8c2a5d
[雷ASR] ✅ 领取任务: [P1] P3-09-018 - 屏幕共享功能
[雷ASR] 📝 生成代码: /workspace/projects/workspace/xuanji-engine-v2/09/tanlang/star/p3_09_018.py
[雷ASR] ✅ Git提交成功: 5a0a949
[贺TTS] ✅ 领取任务: [P1] P4-09-017 - 多模态理解
[贺TTS] 📝 生成代码: /workspace/projects/workspace/xuanji-engine-v2/09/tanlang/star/p4_09_017.py
[贺TTS] ✅ Git提交成功: 6fef2b9
[贡数字人] ✅ 领取任务: [P1] P4-09-018 - 情感计算引擎
[贡数字人] 📝 生成代码: /workspace/projects/workspace/xuanji-engine-v2/09/tanlang/star/p4_09_018.py
[贡数字人] ✅ Git提交成功: ba150ef
[齐辅弼] ✅ 领取任务: [P1] P3-10-019 - 高级文档生成
[齐辅弼] 📝 生成代码: /workspace/projects/workspace/xuanji-engine-v2/10/fubi/star/p3_10_019.py
[齐辅弼] ✅ Git提交成功: bc11586
[康网关] ✅ 领取任务: [P1] P3-10-020 - API测试套件
[康网关] 📝 生成代码: /workspace/projects/workspace/xuanji-engine-v2/10/fubi/star/p3_10_020.py
[康网关] ✅ Git提交成功: e1d084f
[和产品] ✅ 领取任务: [P1] P4-10-019 - 开发者社区平台
[和产品] 📝 生成代码: /workspace/projects/workspace/xuanji-engine-v2/10/fubi/star/p4_10_019.py
[和产品] ✅ Git提交成功: 63bd35c
[穆文档] ✅ 领取任务: [P1] P4-10-020 - 插件商业化平台
[穆文档] 📝 生成代码: /workspace/projects/workspace/xuanji-engine-v2/10/fubi/star/p4_10_020.py
[穆文档] ✅ Git提交成功: eb44829
[陈元灵] ✅ 领取任务: [P0] C-01-006 - 个性化进化决策
[陈元灵] 📝 生成代码: /workspace/projects/workspace/xuanji-engine-v2/01/ziwei/star/c_01_006.py
[陈元灵] ✅ Git提交成功: fa671df
[林对齐] ✅ 领取任务: [P0] C-01-007 - 用户个人知识图谱
[林对齐] 📝 生成代码: /workspace/projects/workspace/xuanji-engine-v2/01/ziwei/star/c_01_007.py
[林对齐] ✅ Git提交成功: 572384f
[黄漂移] ✅ 领取任务: [P0] C-01-008 - 知识实时同步
[黄漂移] 📝 生成代码: /workspace/projects/workspace/xuanji-engine-v2/01/ziwei/star/c_01_008.py
[黄漂移] ✅ Git提交成功: e92996f
[周进化] ✅ 领取任务: [P1] Task-04 - 元灵系统性能优化
[周进化] 📝 生成代码: /workspace/projects/workspace/xuanji-engine-v2/01/ziwei/star/task_04.py
[周进化] ✅ Git提交成功: c3cd4ca
[吴模板] ✅ 领取任务: [P1] Task-05 - 自我进化能力增强
[吴模板] 📝 生成代码: /workspace/projects/workspace/xuanji-engine-v2/01/ziwei/star/task_05.py
[吴模板] ✅ Git提交成功: a53e888
[周禄存] ✅ 领取任务: [P0] C-02-004 - 性能监控
[周禄存] 📝 生成代码: /workspace/projects/workspace/xuanji-engine-v2/02/lucun/star/c_02_004.py
[周禄存] ⚠️ Git提交失败: 提交失败: 
[郑路由] ✅ 领取任务: [P1] Task-06 - 成本优化算法开发
[郑路由] 📝 生成代码: /workspace/projects/workspace/xuanji-engine-v2/02/lucun/star/task_06.py
[郑路由] ✅ Git提交成功: 955a2a4
[王规划] ✅ 领取任务: [P1] C-02-005 - 模型自动注册
[王规划] 📝 生成代码: /workspace/projects/workspace/xuanji-engine-v2/02/lucun/star/c_02_005.py
[王规划] ✅ Git提交成功: 5488a92
[冯优化] ✅ 领取任务: [P1] P2-02-004 - 调度算法优化
[冯优化] 📝 生成代码: /workspace/projects/workspace/xuanji-engine-v2/02/lucun/star/p2_02_004.py
[冯优化] ✅ Git提交成功: d733ce4
[钱调度] ✅ 领取任务: [P1] P2-02-005 - 负载均衡优化
[钱调度] 📝 生成代码: /workspace/projects/workspace/xuanji-engine-v2/02/lucun/star/p2_02_005.py
[钱调度] ✅ Git提交成功: 9eea24f
[陈元灵] ✅ 领取任务: [P1] P2-01-001 - UI美化优化
[陈元灵] 📝 生成代码: /workspace/projects/workspace/xuanji-engine-v2/01/ziwei/star/p2_01_001.py
[陈元灵] ✅ Git提交成功: e600d65
[林对齐] ✅ 领取任务: [P1] P2-01-002 - 性能微调
[林对齐] 📝 生成代码: /workspace/projects/workspace/xuanji-engine-v2/01/ziwei/star/p2_01_002.py
[林对齐] ✅ Git提交成功: 07f2359
[黄漂移] ✅ 领取任务: [P1] P2-01-003 - 用户体验优化
[黄漂移] 📝 生成代码: /workspace/projects/workspace/xuanji-engine-v2/01/ziwei/star/p2_01_003.py
[黄漂移] ✅ Git提交成功: 8f331ac
[周进化] ✅ 领取任务: [P1] P3-01-001 - 多语言知识库
[周进化] 📝 生成代码: /workspace/projects/workspace/xuanji-engine-v2/01/ziwei/star/p3_01_001.py
[周进化] ✅ Git提交成功: 861c9c5
[吴模板] ✅ 领取任务: [P1] P3-01-002 - 跨平台知识同步
[吴模板] 📝 生成代码: /workspace/projects/workspace/xuanji-engine-v2/01/ziwei/star/p3_01_002.py
[吴模板] ✅ Git提交成功: 13e3f18
[周禄存] ✅ 领取任务: [P1] P2-02-006 - 缓存策略优化
[周禄存] 📝 生成代码: /workspace/projects/workspace/xuanji-engine-v2/02/lucun/star/p2_02_006.py
[周禄存] ✅ Git提交成功: aa3c9ad
[郑路由] ✅ 领取任务: [P1] P3-02-003 - 第三方模型接入
[郑路由] 📝 生成代码: /workspace/projects/workspace/xuanji-engine-v2/02/lucun/star/p3_02_003.py
[郑路由] ✅ Git提交成功: cd62171
[王规划] ✅ 领取任务: [P1] P3-02-004 - 自定义调度策略
[王规划] 📝 生成代码: /workspace/projects/workspace/xuanji-engine-v2/02/lucun/star/p3_02_004.py
[王规划] ✅ Git提交成功: 16f3095
[冯优化] ✅ 领取任务: [P1] P4-02-003 - SpeechLLM深度集成
[冯优化] 📝 生成代码: /workspace/projects/workspace/xuanji-engine-v2/02/lucun/star/p4_02_003.py
[冯优化] ✅ Git提交成功: 550e1c1
[钱调度] ✅ 领取任务: [P1] P4-02-004 - 模型热切换引擎
[钱调度] 📝 生成代码: /workspace/projects/workspace/xuanji-engine-v2/02/lucun/star/p4_02_004.py
[钱调度] ✅ Git提交成功: bd49012
[陈元灵] ✅ 领取任务: [P1] P4-01-001 - AI模型微调平台
[陈元灵] 📝 生成代码: /workspace/projects/workspace/xuanji-engine-v2/01/ziwei/star/p4_01_001.py
[陈元灵] ✅ Git提交成功: 2e7afc9
[朱图谱] ⏳ 暂无任务，休息60秒...
[平心理] ⏳ 暂无任务，休息60秒...
[水版本] ⏳ 暂无任务，休息60秒...
[葛消息] ⏳ 暂无任务，休息60秒...
[皮审计] ⏳ 暂无任务，休息60秒...
[赏界面] ⏳ 暂无任务，休息60秒...
[林对齐] ✅ 领取任务: [P1] P4-01-002 - 知识图谱可视化
[林对齐] 📝 生成代码: /workspace/projects/workspace/xuanji-engine-v2/01/ziwei/star/p4_01_002.py
[林对齐] ✅ Git提交成功: 2bc95dd
[财SDK] ⏳ 暂无任务，休息60秒...
[蒋巨门] ⏳ 暂无任务，休息60秒...
[沈记忆] ⏳ 暂无任务，休息60秒...
[韩向量] ⏳ 暂无任务，休息60秒...
[杨检索] ⏳ 暂无任务，休息60秒...
[伍廉贞] ⏳ 暂无任务，休息60秒...
[余情绪] ⏳ 暂无任务，休息60秒...
[元人格] ⏳ 暂无任务，休息60秒...
[孟一致] ⏳ 暂无任务，休息60秒...
[谢武功] ⏳ 暂无任务，休息60秒...
[邹接口] ⏳ 暂无任务，休息60秒...
[喻发现] ⏳ 暂无任务，休息60秒...
[柏依赖] ⏳ 暂无任务，休息60秒...
[章破军] ⏳ 暂无任务，休息60秒...
[云沙箱] ⏳ 暂无任务，休息60秒...
[苏容器] ⏳ 暂无任务，休息60秒...
[潘外呼] ⏳ 暂无任务，休息60秒...
[倪左辅] ⏳ 暂无任务，休息60秒...
[汤K8s] ⏳ 暂无任务，休息60秒...
[殷用户] ⏳ 暂无任务，休息60秒...
[罗隔离] ⏳ 暂无任务，休息60秒...
[毕配置] ⏳ 暂无任务，休息60秒...
[周右弼] ⏳ 暂无任务，休息60秒...
[乐法律] ⏳ 暂无任务，休息60秒...
[于道德] ⏳ 暂无任务，休息60秒...
[时权限] ⏳ 暂无任务，休息60秒...
[薛贪狼] ⏳ 暂无任务，休息60秒...
[雷ASR] ⏳ 暂无任务，休息60秒...
[贺TTS] ⏳ 暂无任务，休息60秒...
[贡数字人] ⏳ 暂无任务，休息60秒...
[齐辅弼] ⏳ 暂无任务，休息60秒...
[康网关] ⏳ 暂无任务，休息60秒...
[和产品] ⏳ 暂无任务，休息60秒...
[穆文档] ⏳ 暂无任务，休息60秒...
[黄漂移] ⏳ 暂无任务，休息60秒...
[周进化] ⏳ 暂无任务，休息60秒...
[吴模板] ⏳ 暂无任务，休息60秒...
[周禄存] ⏳ 暂无任务，休息60秒...
[郑路由] ⏳ 暂无任务，休息60秒...
[王规划] ⏳ 暂无任务，休息60秒...
[冯优化] ⏳ 暂无任务，休息60秒...
[钱调度] ⏳ 暂无任务，休息60秒...
[陈元灵] ⏳ 暂无任务，休息60秒...
[林对齐] ⏳ 暂无任务，休息60秒...
[朱图谱] ⏳ 暂无任务，休息60秒...
[平心理] ⏳ 暂无任务，休息60秒...
[水版本] ⏳ 暂无任务，休息60秒...
[葛消息] ⏳ 暂无任务，休息60秒...
[皮审计] ⏳ 暂无任务，休息60秒...
[赏界面] ⏳ 暂无任务，休息60秒...
[财SDK] ⏳ 暂无任务，休息60秒...
[蒋巨门] ⏳ 暂无任务，休息60秒...
[沈记忆] ⏳ 暂无任务，休息60秒...
[韩向量] ⏳ 暂无任务，休息60秒...
[杨检索] ⏳ 暂无任务，休息60秒...
[伍廉贞] ⏳ 暂无任务，休息60秒...
[余情绪] ⏳ 暂无任务，休息60秒...
[元人格] ⏳ 暂无任务，休息60秒...
[孟一致] ⏳ 暂无任务，休息60秒...
[谢武功] ⏳ 暂无任务，休息60秒...
[邹接口] ⏳ 暂无任务，休息60秒...
[喻发现] ⏳ 暂无任务，休息60秒...
[柏依赖] ⏳ 暂无任务，休息60秒...
[章破军] ⏳ 暂无任务，休息60秒...
[云沙箱] ⏳ 暂无任务，休息60秒...
[苏容器] ⏳ 暂无任务，休息60秒...
[潘外呼] ⏳ 暂无任务，休息60秒...
[倪左辅] ⏳ 暂无任务，休息60秒...
[汤K8s] ⏳ 暂无任务，休息60秒...
[殷用户] ⏳ 暂无任务，休息60秒...
[罗隔离] ⏳ 暂无任务，休息60秒...
[毕配置] ⏳ 暂无任务，休息60秒...
[周右弼] ⏳ 暂无任务，休息60秒...
[乐法律] ⏳ 暂无任务，休息60秒...
[于道德] ⏳ 暂无任务，休息60秒...
[时权限] ⏳ 暂无任务，休息60秒...
[薛贪狼] ⏳ 暂无任务，休息60秒...
[雷ASR] ⏳ 暂无任务，休息60秒...
[贺TTS] ⏳ 暂无任务，休息60秒...
[贡数字人] ⏳ 暂无任务，休息60秒...
[齐辅弼] ⏳ 暂无任务，休息60秒...
[康网关] ⏳ 暂无任务，休息60秒...
[和产品] ⏳ 暂无任务，休息60秒...
[穆文档] ⏳ 暂无任务，休息60秒...
[黄漂移] ⏳ 暂无任务，休息60秒...
[周进化] ⏳ 暂无任务，休息60秒...
[吴模板] ⏳ 暂无任务，休息60秒...
[周禄存] ⏳ 暂无任务，休息60秒...
[郑路由] ⏳ 暂无任务，休息60秒...
[王规划] ⏳ 暂无任务，休息60秒...
[冯优化] ⏳ 暂无任务，休息60秒...
[钱调度] ⏳ 暂无任务，休息60秒...
[陈元灵] ⏳ 暂无任务，休息60秒...
[林对齐] ⏳ 暂无任务，休息60秒...
[朱图谱] ⏳ 暂无任务，休息60秒...
[平心理] ⏳ 暂无任务，休息60秒...
[水版本] ⏳ 暂无任务，休息60秒...
[葛消息] ⏳ 暂无任务，休息60秒...
[皮审计] ⏳ 暂无任务，休息60秒...
[赏界面] ⏳ 暂无任务，休息60秒...
[财SDK] ⏳ 暂无任务，休息60秒...
[蒋巨门] ⏳ 暂无任务，休息60秒...
[沈记忆] ⏳ 暂无任务，休息60秒...
[韩向量] ⏳ 暂无任务，休息60秒...
[杨检索] ⏳ 暂无任务，休息60秒...
[伍廉贞] ⏳ 暂无任务，休息60秒...
[余情绪] ⏳ 暂无任务，休息60秒...
[元人格] ⏳ 暂无任务，休息60秒...
[孟一致] ⏳ 暂无任务，休息60秒...
[谢武功] ⏳ 暂无任务，休息60秒...
[邹接口] ⏳ 暂无任务，休息60秒...
[喻发现] ⏳ 暂无任务，休息60秒...
[柏依赖] ⏳ 暂无任务，休息60秒...
[章破军] ⏳ 暂无任务，休息60秒...
[云沙箱] ⏳ 暂无任务，休息60秒...
[苏容器] ⏳ 暂无任务，休息60秒...
[潘外呼] ⏳ 暂无任务，休息60秒...
[倪左辅] ⏳ 暂无任务，休息60秒...
[汤K8s] ⏳ 暂无任务，休息60秒...
[殷用户] ⏳ 暂无任务，休息60秒...
[罗隔离] ⏳ 暂无任务，休息60秒...
[毕配置] ⏳ 暂无任务，休息60秒...
[周右弼] ⏳ 暂无任务，休息60秒...
[乐法律] ⏳ 暂无任务，休息60秒...
[于道德] ⏳ 暂无任务，休息60秒...
[时权限] ⏳ 暂无任务，休息60秒...
[薛贪狼] ⏳ 暂无任务，休息60秒...
[雷ASR] ⏳ 暂无任务，休息60秒...
[贺TTS] ⏳ 暂无任务，休息60秒...
[贡数字人] ⏳ 暂无任务，休息60秒...
[齐辅弼] ⏳ 暂无任务，休息60秒...
[康网关] ⏳ 暂无任务，休息60秒...
[和产品] ⏳ 暂无任务，休息60秒...
[穆文档] ⏳ 暂无任务，休息60秒...
[黄漂移] ⏳ 暂无任务，休息60秒...
[周进化] ⏳ 暂无任务，休息60秒...
[吴模板] ⏳ 暂无任务，休息60秒...
[周禄存] ⏳ 暂无任务，休息60秒...
[郑路由] ⏳ 暂无任务，休息60秒...
[王规划] ⏳ 暂无任务，休息60秒...
[冯优化] ⏳ 暂无任务，休息60秒...
[钱调度] ⏳ 暂无任务，休息60秒...
[陈元灵] ⏳ 暂无任务，休息60秒...
[林对齐] ⏳ 暂无任务，休息60秒...
[朱图谱] ⏳ 暂无任务，休息60秒...
[平心理] ⏳ 暂无任务，休息60秒...
[水版本] ⏳ 暂无任务，休息60秒...
[葛消息] ⏳ 暂无任务，休息60秒...
[皮审计] ⏳ 暂无任务，休息60秒...
[赏界面] ⏳ 暂无任务，休息60秒...
[财SDK] ⏳ 暂无任务，休息60秒...
[蒋巨门] ⏳ 暂无任务，休息60秒...
[沈记忆] ⏳ 暂无任务，休息60秒...
[韩向量] ⏳ 暂无任务，休息60秒...
[杨检索] ⏳ 暂无任务，休息60秒...
[伍廉贞] ⏳ 暂无任务，休息60秒...
[余情绪] ⏳ 暂无任务，休息60秒...
[元人格] ⏳ 暂无任务，休息60秒...
[孟一致] ⏳ 暂无任务，休息60秒...
[谢武功] ⏳ 暂无任务，休息60秒...
[邹接口] ⏳ 暂无任务，休息60秒...
[喻发现] ⏳ 暂无任务，休息60秒...
[柏依赖] ⏳ 暂无任务，休息60秒...
[章破军] ⏳ 暂无任务，休息60秒...
[云沙箱] ⏳ 暂无任务，休息60秒...
[苏容器] ⏳ 暂无任务，休息60秒...
[潘外呼] ⏳ 暂无任务，休息60秒...
[倪左辅] ⏳ 暂无任务，休息60秒...
[汤K8s] ⏳ 暂无任务，休息60秒...
[殷用户] ⏳ 暂无任务，休息60秒...
[罗隔离] ⏳ 暂无任务，休息60秒...
[毕配置] ⏳ 暂无任务，休息60秒...
[周右弼] ⏳ 暂无任务，休息60秒...
[乐法律] ⏳ 暂无任务，休息60秒...
[于道德] ⏳ 暂无任务，休息60秒...
[时权限] ⏳ 暂无任务，休息60秒...
[薛贪狼] ⏳ 暂无任务，休息60秒...
[雷ASR] ⏳ 暂无任务，休息60秒...
[贺TTS] ⏳ 暂无任务，休息60秒...
[贡数字人] ⏳ 暂无任务，休息60秒...
[齐辅弼] ⏳ 暂无任务，休息60秒...
[康网关] ⏳ 暂无任务，休息60秒...
[和产品] ⏳ 暂无任务，休息60秒...
[穆文档] ⏳ 暂无任务，休息60秒...
[黄漂移] ⏳ 暂无任务，休息60秒...
[周进化] ⏳ 暂无任务，休息60秒...
[吴模板] ⏳ 暂无任务，休息60秒...
[周禄存] ⏳ 暂无任务，休息60秒...
[郑路由] ⏳ 暂无任务，休息60秒...
[王规划] ⏳ 暂无任务，休息60秒...
[冯优化] ⏳ 暂无任务，休息60秒...
[钱调度] ⏳ 暂无任务，休息60秒...
[陈元灵] ⏳ 暂无任务，休息60秒...
[林对齐] ⏳ 暂无任务，休息60秒...
[朱图谱] ⏳ 暂无任务，休息60秒...
[平心理] ⏳ 暂无任务，休息60秒...
[水版本] ⏳ 暂无任务，休息60秒...
[葛消息] ⏳ 暂无任务，休息60秒...
[皮审计] ⏳ 暂无任务，休息60秒...
[赏界面] ⏳ 暂无任务，休息60秒...
[财SDK] ⏳ 暂无任务，休息60秒...
[蒋巨门] ⏳ 暂无任务，休息60秒...
[沈记忆] ⏳ 暂无任务，休息60秒...
[韩向量] ⏳ 暂无任务，休息60秒...
[杨检索] ⏳ 暂无任务，休息60秒...
[伍廉贞] ⏳ 暂无任务，休息60秒...
[余情绪] ⏳ 暂无任务，休息60秒...
[元人格] ⏳ 暂无任务，休息60秒...
[孟一致] ⏳ 暂无任务，休息60秒...
[谢武功] ⏳ 暂无任务，休息60秒...
[邹接口] ⏳ 暂无任务，休息60秒...
[喻发现] ⏳ 暂无任务，休息60秒...
[柏依赖] ⏳ 暂无任务，休息60秒...
[章破军] ⏳ 暂无任务，休息60秒...
[云沙箱] ⏳ 暂无任务，休息60秒...
[苏容器] ⏳ 暂无任务，休息60秒...
[潘外呼] ⏳ 暂无任务，休息60秒...
[倪左辅] ⏳ 暂无任务，休息60秒...
[汤K8s] ⏳ 暂无任务，休息60秒...
[殷用户] ⏳ 暂无任务，休息60秒...
[罗隔离] ⏳ 暂无任务，休息60秒...
[毕配置] ⏳ 暂无任务，休息60秒...
[周右弼] ⏳ 暂无任务，休息60秒...
[乐法律] ⏳ 暂无任务，休息60秒...
[于道德] ⏳ 暂无任务，休息60秒...
[时权限] ⏳ 暂无任务，休息60秒...
[薛贪狼] ⏳ 暂无任务，休息60秒...
[雷ASR] ⏳ 暂无任务，休息60秒...
[贺TTS] ⏳ 暂无任务，休息60秒...
[贡数字人] ⏳ 暂无任务，休息60秒...
[齐辅弼] ⏳ 暂无任务，休息60秒...
[康网关] ⏳ 暂无任务，休息60秒...
[和产品] ⏳ 暂无任务，休息60秒...
[穆文档] ⏳ 暂无任务，休息60秒...
[黄漂移] ⏳ 暂无任务，休息60秒...
[周进化] ⏳ 暂无任务，休息60秒...
[吴模板] ⏳ 暂无任务，休息60秒...
[周禄存] ⏳ 暂无任务，休息60秒...
[郑路由] ⏳ 暂无任务，休息60秒...
[王规划] ⏳ 暂无任务，休息60秒...
[冯优化] ⏳ 暂无任务，休息60秒...
[钱调度] ⏳ 暂无任务，休息60秒...
[陈元灵] ⏳ 暂无任务，休息60秒...
[林对齐] ⏳ 暂无任务，休息60秒...
[朱图谱] ⏳ 暂无任务，休息60秒...
[平心理] ⏳ 暂无任务，休息60秒...
[水版本] ⏳ 暂无任务，休息60秒...
[葛消息] ⏳ 暂无任务，休息60秒...
[皮审计] ⏳ 暂无任务，休息60秒...
[赏界面] ⏳ 暂无任务，休息60秒...
[财SDK] ⏳ 暂无任务，休息60秒...
[蒋巨门] ⏳ 暂无任务，休息60秒...
[沈记忆] ⏳ 暂无任务，休息60秒...
[韩向量] ⏳ 暂无任务，休息60秒...
[杨检索] ⏳ 暂无任务，休息60秒...
[伍廉贞] ⏳ 暂无任务，休息60秒...
[余情绪] ⏳ 暂无任务，休息60秒...
[元人格] ⏳ 暂无任务，休息60秒...
[孟一致] ⏳ 暂无任务，休息60秒...
[谢武功] ⏳ 暂无任务，休息60秒...
[邹接口] ⏳ 暂无任务，休息60秒...
[喻发现] ⏳ 暂无任务，休息60秒...
[柏依赖] ⏳ 暂无任务，休息60秒...
[章破军] ⏳ 暂无任务，休息60秒...
[云沙箱] ⏳ 暂无任务，休息60秒...
[苏容器] ⏳ 暂无任务，休息60秒...
[潘外呼] ⏳ 暂无任务，休息60秒...
[倪左辅] ⏳ 暂无任务，休息60秒...
[汤K8s] ⏳ 暂无任务，休息60秒...
[殷用户] ⏳ 暂无任务，休息60秒...
[罗隔离] ⏳ 暂无任务，休息60秒...
[毕配置] ⏳ 暂无任务，休息60秒...
[周右弼] ⏳ 暂无任务，休息60秒...
[乐法律] ⏳ 暂无任务，休息60秒...
[于道德] ⏳ 暂无任务，休息60秒...
[时权限] ⏳ 暂无任务，休息60秒...
[薛贪狼] ⏳ 暂无任务，休息60秒...
[雷ASR] ⏳ 暂无任务，休息60秒...
[贺TTS] ⏳ 暂无任务，休息60秒...
[贡数字人] ⏳ 暂无任务，休息60秒...
[齐辅弼] ⏳ 暂无任务，休息60秒...
[康网关] ⏳ 暂无任务，休息60秒...
[和产品] ⏳ 暂无任务，休息60秒...
[穆文档] ⏳ 暂无任务，休息60秒...
[黄漂移] ⏳ 暂无任务，休息60秒...
[周进化] ⏳ 暂无任务，休息60秒...
[吴模板] ⏳ 暂无任务，休息60秒...
[周禄存] ⏳ 暂无任务，休息60秒...
[郑路由] ⏳ 暂无任务，休息60秒...
[王规划] ⏳ 暂无任务，休息60秒...
[冯优化] ⏳ 暂无任务，休息60秒...
[钱调度] ⏳ 暂无任务，休息60秒...
[陈元灵] ⏳ 暂无任务，休息60秒...
[林对齐] ⏳ 暂无任务，休息60秒...
[朱图谱] ⏳ 暂无任务，休息60秒...
[平心理] ⏳ 暂无任务，休息60秒...
[水版本] ⏳ 暂无任务，休息60秒...
[葛消息] ⏳ 暂无任务，休息60秒...
[皮审计] ⏳ 暂无任务，休息60秒...
[赏界面] ⏳ 暂无任务，休息60秒...
[财SDK] ⏳ 暂无任务，休息60秒...
[蒋巨门] ⏳ 暂无任务，休息60秒...
[沈记忆] ⏳ 暂无任务，休息60秒...
[韩向量] ⏳ 暂无任务，休息60秒...
[杨检索] ⏳ 暂无任务，休息60秒...
[伍廉贞] ⏳ 暂无任务，休息60秒...
[余情绪] ⏳ 暂无任务，休息60秒...
[元人格] ⏳ 暂无任务，休息60秒...
[孟一致] ⏳ 暂无任务，休息60秒...
[谢武功] ⏳ 暂无任务，休息60秒...
[邹接口] ⏳ 暂无任务，休息60秒...
[喻发现] ⏳ 暂无任务，休息60秒...
[柏依赖] ⏳ 暂无任务，休息60秒...
[章破军] ⏳ 暂无任务，休息60秒...
[云沙箱] ⏳ 暂无任务，休息60秒...
[苏容器] ⏳ 暂无任务，休息60秒...
[潘外呼] ⏳ 暂无任务，休息60秒...
[倪左辅] ⏳ 暂无任务，休息60秒...
[汤K8s] ⏳ 暂无任务，休息60秒...
[殷用户] ⏳ 暂无任务，休息60秒...
[罗隔离] ⏳ 暂无任务，休息60秒...
[毕配置] ⏳ 暂无任务，休息60秒...
[周右弼] ⏳ 暂无任务，休息60秒...
[乐法律] ⏳ 暂无任务，休息60秒...
[于道德] ⏳ 暂无任务，休息60秒...
[时权限] ⏳ 暂无任务，休息60秒...
[薛贪狼] ⏳ 暂无任务，休息60秒...
[雷ASR] ⏳ 暂无任务，休息60秒...
[贺TTS] ⏳ 暂无任务，休息60秒...
[贡数字人] ⏳ 暂无任务，休息60秒...
[齐辅弼] ⏳ 暂无任务，休息60秒...
[康网关] ⏳ 暂无任务，休息60秒...
[和产品] ⏳ 暂无任务，休息60秒...
[穆文档] ⏳ 暂无任务，休息60秒...
[黄漂移] ⏳ 暂无任务，休息60秒...
[周进化] ⏳ 暂无任务，休息60秒...
[吴模板] ⏳ 暂无任务，休息60秒...
[周禄存] ⏳ 暂无任务，休息60秒...
[郑路由] ⏳ 暂无任务，休息60秒...
[王规划] ⏳ 暂无任务，休息60秒...
[冯优化] ⏳ 暂无任务，休息60秒...
[钱调度] ⏳ 暂无任务，休息60秒...
[陈元灵] ⏳ 暂无任务，休息60秒...
[林对齐] ⏳ 暂无任务，休息60秒...
[朱图谱] ⏳ 暂无任务，休息60秒...
[平心理] ⏳ 暂无任务，休息60秒...
[水版本] ⏳ 暂无任务，休息60秒...
[葛消息] ⏳ 暂无任务，休息60秒...
[皮审计] ⏳ 暂无任务，休息60秒...
[赏界面] ⏳ 暂无任务，休息60秒...
[财SDK] ⏳ 暂无任务，休息60秒...
[蒋巨门] ⏳ 暂无任务，休息60秒...
[沈记忆] ⏳ 暂无任务，休息60秒...
[韩向量] ⏳ 暂无任务，休息60秒...
[杨检索] ⏳ 暂无任务，休息60秒...
[伍廉贞] ⏳ 暂无任务，休息60秒...
[余情绪] ⏳ 暂无任务，休息60秒...
[元人格] ⏳ 暂无任务，休息60秒...
[孟一致] ⏳ 暂无任务，休息60秒...
[谢武功] ⏳ 暂无任务，休息60秒...
[邹接口] ⏳ 暂无任务，休息60秒...
[喻发现] ⏳ 暂无任务，休息60秒...
[柏依赖] ⏳ 暂无任务，休息60秒...
[章破军] ⏳ 暂无任务，休息60秒...
[云沙箱] ⏳ 暂无任务，休息60秒...
[苏容器] ⏳ 暂无任务，休息60秒...
[潘外呼] ⏳ 暂无任务，休息60秒...
[倪左辅] ⏳ 暂无任务，休息60秒...
[汤K8s] ⏳ 暂无任务，休息60秒...
[殷用户] ⏳ 暂无任务，休息60秒...
[罗隔离] ⏳ 暂无任务，休息60秒...
[毕配置] ⏳ 暂无任务，休息60秒...
[周右弼] ⏳ 暂无任务，休息60秒...
[乐法律] ⏳ 暂无任务，休息60秒...
[于道德] ⏳ 暂无任务，休息60秒...
[时权限] ⏳ 暂无任务，休息60秒...
[薛贪狼] ⏳ 暂无任务，休息60秒...
[雷ASR] ⏳ 暂无任务，休息60秒...
[贺TTS] ⏳ 暂无任务，休息60秒...
[贡数字人] ⏳ 暂无任务，休息60秒...
[齐辅弼] ⏳ 暂无任务，休息60秒...
[康网关] ⏳ 暂无任务，休息60秒...
[和产品] ⏳ 暂无任务，休息60秒...
[穆文档] ⏳ 暂无任务，休息60秒...
[黄漂移] ⏳ 暂无任务，休息60秒...
[周进化] ⏳ 暂无任务，休息60秒...
[吴模板] ⏳ 暂无任务，休息60秒...
[周禄存] ⏳ 暂无任务，休息60秒...
[郑路由] ⏳ 暂无任务，休息60秒...
[王规划] ⏳ 暂无任务，休息60秒...
[冯优化] ⏳ 暂无任务，休息60秒...
[钱调度] ⏳ 暂无任务，休息60秒...
[陈元灵] ⏳ 暂无任务，休息60秒...
[林对齐] ⏳ 暂无任务，休息60秒...
[朱图谱] ⏳ 暂无任务，休息60秒...
[平心理] ⏳ 暂无任务，休息60秒...
[水版本] ⏳ 暂无任务，休息60秒...
[葛消息] ⏳ 暂无任务，休息60秒...
[皮审计] ⏳ 暂无任务，休息60秒...
[赏界面] ⏳ 暂无任务，休息60秒...
[财SDK] ⏳ 暂无任务，休息60秒...
[蒋巨门] ⏳ 暂无任务，休息60秒...
[沈记忆] ⏳ 暂无任务，休息60秒...
[韩向量] ⏳ 暂无任务，休息60秒...
[杨检索] ⏳ 暂无任务，休息60秒...
[伍廉贞] ⏳ 暂无任务，休息60秒...
[余情绪] ⏳ 暂无任务，休息60秒...
[元人格] ⏳ 暂无任务，休息60秒...
[孟一致] ⏳ 暂无任务，休息60秒...
[谢武功] ⏳ 暂无任务，休息60秒...
[邹接口] ⏳ 暂无任务，休息60秒...
[喻发现] ⏳ 暂无任务，休息60秒...
[柏依赖] ⏳ 暂无任务，休息60秒...
[章破军] ⏳ 暂无任务，休息60秒...
[云沙箱] ⏳ 暂无任务，休息60秒...
[苏容器] ⏳ 暂无任务，休息60秒...
[潘外呼] ⏳ 暂无任务，休息60秒...
[倪左辅] ⏳ 暂无任务，休息60秒...
[汤K8s] ⏳ 暂无任务，休息60秒...
[殷用户] ⏳ 暂无任务，休息60秒...
[罗隔离] ⏳ 暂无任务，休息60秒...
[毕配置] ⏳ 暂无任务，休息60秒...
[周右弼] ⏳ 暂无任务，休息60秒...
[乐法律] ⏳ 暂无任务，休息60秒...
[于道德] ⏳ 暂无任务，休息60秒...
[时权限] ⏳ 暂无任务，休息60秒...
[薛贪狼] ⏳ 暂无任务，休息60秒...
[雷ASR] ⏳ 暂无任务，休息60秒...
[贺TTS] ⏳ 暂无任务，休息60秒...
[贡数字人] ⏳ 暂无任务，休息60秒...
[齐辅弼] ⏳ 暂无任务，休息60秒...
[康网关] ⏳ 暂无任务，休息60秒...
[和产品] ⏳ 暂无任务，休息60秒...
[穆文档] ⏳ 暂无任务，休息60秒...
[黄漂移] ⏳ 暂无任务，休息60秒...
[周进化] ⏳ 暂无任务，休息60秒...
[吴模板] ⏳ 暂无任务，休息60秒...
[周禄存] ⏳ 暂无任务，休息60秒...
[郑路由] ⏳ 暂无任务，休息60秒...
[王规划] ⏳ 暂无任务，休息60秒...
[冯优化] ⏳ 暂无任务，休息60秒...
[钱调度] ⏳ 暂无任务，休息60秒...
[陈元灵] ⏳ 暂无任务，休息60秒...
[林对齐] ⏳ 暂无任务，休息60秒...
[朱图谱] ⏳ 暂无任务，休息60秒...
[平心理] ⏳ 暂无任务，休息60秒...
[水版本] ⏳ 暂无任务，休息60秒...
[葛消息] ⏳ 暂无任务，休息60秒...
[皮审计] ⏳ 暂无任务，休息60秒...
[赏界面] ⏳ 暂无任务，休息60秒...
[财SDK] ⏳ 暂无任务，休息60秒...
[蒋巨门] ⏳ 暂无任务，休息60秒...
[沈记忆] ⏳ 暂无任务，休息60秒...
[韩向量] ⏳ 暂无任务，休息60秒...
[杨检索] ⏳ 暂无任务，休息60秒...
[伍廉贞] ⏳ 暂无任务，休息60秒...
[余情绪] ⏳ 暂无任务，休息60秒...
[元人格] ⏳ 暂无任务，休息60秒...
[孟一致] ⏳ 暂无任务，休息60秒...
[谢武功] ⏳ 暂无任务，休息60秒...
[邹接口] ⏳ 暂无任务，休息60秒...
[喻发现] ⏳ 暂无任务，休息60秒...
[柏依赖] ⏳ 暂无任务，休息60秒...
[章破军] ⏳ 暂无任务，休息60秒...
[云沙箱] ⏳ 暂无任务，休息60秒...
[苏容器] ⏳ 暂无任务，休息60秒...
[潘外呼] ⏳ 暂无任务，休息60秒...
[倪左辅] ⏳ 暂无任务，休息60秒...
[汤K8s] ⏳ 暂无任务，休息60秒...
[殷用户] ⏳ 暂无任务，休息60秒...
[罗隔离] ⏳ 暂无任务，休息60秒...
[毕配置] ⏳ 暂无任务，休息60秒...
[周右弼] ⏳ 暂无任务，休息60秒...
[乐法律] ⏳ 暂无任务，休息60秒...
[于道德] ⏳ 暂无任务，休息60秒...
[时权限] ⏳ 暂无任务，休息60秒...
[薛贪狼] ⏳ 暂无任务，休息60秒...
[雷ASR] ⏳ 暂无任务，休息60秒...
[贺TTS] ⏳ 暂无任务，休息60秒...
[贡数字人] ⏳ 暂无任务，休息60秒...
[齐辅弼] ⏳ 暂无任务，休息60秒...
[康网关] ⏳ 暂无任务，休息60秒...
[和产品] ⏳ 暂无任务，休息60秒...
[穆文档] ⏳ 暂无任务，休息60秒...
[黄漂移] ⏳ 暂无任务，休息60秒...
[周进化] ⏳ 暂无任务，休息60秒...
[吴模板] ⏳ 暂无任务，休息60秒...
[周禄存] ⏳ 暂无任务，休息60秒...
[郑路由] ⏳ 暂无任务，休息60秒...
[王规划] ⏳ 暂无任务，休息60秒...
[冯优化] ⏳ 暂无任务，休息60秒...
[钱调度] ⏳ 暂无任务，休息60秒...
[陈元灵] ⏳ 暂无任务，休息60秒...
[林对齐] ⏳ 暂无任务，休息60秒...
[朱图谱] ⏳ 暂无任务，休息60秒...
[平心理] ⏳ 暂无任务，休息60秒...
[水版本] ⏳ 暂无任务，休息60秒...
[葛消息] ⏳ 暂无任务，休息60秒...
[皮审计] ⏳ 暂无任务，休息60秒...
[赏界面] ⏳ 暂无任务，休息60秒...
[财SDK] ⏳ 暂无任务，休息60秒...
[蒋巨门] ⏳ 暂无任务，休息60秒...
[沈记忆] ⏳ 暂无任务，休息60秒...
[韩向量] ⏳ 暂无任务，休息60秒...
[杨检索] ⏳ 暂无任务，休息60秒...
[伍廉贞] ⏳ 暂无任务，休息60秒...
[余情绪] ⏳ 暂无任务，休息60秒...
[元人格] ⏳ 暂无任务，休息60秒...
[孟一致] ⏳ 暂无任务，休息60秒...
[谢武功] ⏳ 暂无任务，休息60秒...
[邹接口] ⏳ 暂无任务，休息60秒...
[喻发现] ⏳ 暂无任务，休息60秒...
[柏依赖] ⏳ 暂无任务，休息60秒...
[章破军] ⏳ 暂无任务，休息60秒...
[云沙箱] ⏳ 暂无任务，休息60秒...
[苏容器] ⏳ 暂无任务，休息60秒...
[潘外呼] ⏳ 暂无任务，休息60秒...
[倪左辅] ⏳ 暂无任务，休息60秒...
[汤K8s] ⏳ 暂无任务，休息60秒...
[殷用户] ⏳ 暂无任务，休息60秒...
[罗隔离] ⏳ 暂无任务，休息60秒...
[毕配置] ⏳ 暂无任务，休息60秒...
[周右弼] ⏳ 暂无任务，休息60秒...
[乐法律] ⏳ 暂无任务，休息60秒...
[于道德] ⏳ 暂无任务，休息60秒...
[时权限] ⏳ 暂无任务，休息60秒...
[薛贪狼] ⏳ 暂无任务，休息60秒...
[雷ASR] ⏳ 暂无任务，休息60秒...
[贺TTS] ⏳ 暂无任务，休息60秒...
[贡数字人] ⏳ 暂无任务，休息60秒...
[齐辅弼] ⏳ 暂无任务，休息60秒...
[康网关] ⏳ 暂无任务，休息60秒...
[和产品] ⏳ 暂无任务，休息60秒...
[穆文档] ⏳ 暂无任务，休息60秒...
[黄漂移] ⏳ 暂无任务，休息60秒...
[周进化] ⏳ 暂无任务，休息60秒...
[吴模板] ⏳ 暂无任务，休息60秒...
[周禄存] ⏳ 暂无任务，休息60秒...
[郑路由] ⏳ 暂无任务，休息60秒...
[王规划] ⏳ 暂无任务，休息60秒...
[冯优化] ⏳ 暂无任务，休息60秒...
[钱调度] ⏳ 暂无任务，休息60秒...
[陈元灵] ⏳ 暂无任务，休息60秒...
[林对齐] ⏳ 暂无任务，休息60秒...
[朱图谱] ⏳ 暂无任务，休息60秒...
[平心理] ⏳ 暂无任务，休息60秒...
[水版本] ⏳ 暂无任务，休息60秒...
[葛消息] ⏳ 暂无任务，休息60秒...
[皮审计] ⏳ 暂无任务，休息60秒...
[赏界面] ⏳ 暂无任务，休息60秒...
[财SDK] ⏳ 暂无任务，休息60秒...
[蒋巨门] ⏳ 暂无任务，休息60秒...
[沈记忆] ⏳ 暂无任务，休息60秒...
[韩向量] ⏳ 暂无任务，休息60秒...
[杨检索] ⏳ 暂无任务，休息60秒...
[伍廉贞] ⏳ 暂无任务，休息60秒...
[余情绪] ⏳ 暂无任务，休息60秒...
[元人格] ⏳ 暂无任务，休息60秒...
[孟一致] ⏳ 暂无任务，休息60秒...
[谢武功] ⏳ 暂无任务，休息60秒...
[邹接口] ⏳ 暂无任务，休息60秒...
[喻发现] ⏳ 暂无任务，休息60秒...
[柏依赖] ⏳ 暂无任务，休息60秒...
[章破军] ⏳ 暂无任务，休息60秒...
[云沙箱] ⏳ 暂无任务，休息60秒...
[苏容器] ⏳ 暂无任务，休息60秒...
[潘外呼] ⏳ 暂无任务，休息60秒...
[倪左辅] ⏳ 暂无任务，休息60秒...
[汤K8s] ⏳ 暂无任务，休息60秒...
[殷用户] ⏳ 暂无任务，休息60秒...
[罗隔离] ⏳ 暂无任务，休息60秒...
[毕配置] ⏳ 暂无任务，休息60秒...
[周右弼] ⏳ 暂无任务，休息60秒...
[乐法律] ⏳ 暂无任务，休息60秒...
[于道德] ⏳ 暂无任务，休息60秒...
[时权限] ⏳ 暂无任务，休息60秒...
[薛贪狼] ⏳ 暂无任务，休息60秒...
[雷ASR] ⏳ 暂无任务，休息60秒...
[贺TTS] ⏳ 暂无任务，休息60秒...
[贡数字人] ⏳ 暂无任务，休息60秒...
[齐辅弼] ⏳ 暂无任务，休息60秒...
[康网关] ⏳ 暂无任务，休息60秒...
[和产品] ⏳ 暂无任务，休息60秒...
[穆文档] ⏳ 暂无任务，休息60秒...
[黄漂移] ⏳ 暂无任务，休息60秒...
[周进化] ⏳ 暂无任务，休息60秒...
[吴模板] ⏳ 暂无任务，休息60秒...
[周禄存] ⏳ 暂无任务，休息60秒...
[郑路由] ⏳ 暂无任务，休息60秒...
[王规划] ⏳ 暂无任务，休息60秒...
[冯优化] ⏳ 暂无任务，休息60秒...
[钱调度] ⏳ 暂无任务，休息60秒...
[陈元灵] ⏳ 暂无任务，休息60秒...
[林对齐] ⏳ 暂无任务，休息60秒...
[朱图谱] ⏳ 暂无任务，休息60秒...
[平心理] ⏳ 暂无任务，休息60秒...
[水版本] ⏳ 暂无任务，休息60秒...
[葛消息] ⏳ 暂无任务，休息60秒...
[皮审计] ⏳ 暂无任务，休息60秒...
[赏界面] ⏳ 暂无任务，休息60秒...
[财SDK] ⏳ 暂无任务，休息60秒...
[蒋巨门] ⏳ 暂无任务，休息60秒...
[沈记忆] ⏳ 暂无任务，休息60秒...
[韩向量] ⏳ 暂无任务，休息60秒...
[杨检索] ⏳ 暂无任务，休息60秒...
[伍廉贞] ⏳ 暂无任务，休息60秒...
[余情绪] ⏳ 暂无任务，休息60秒...
[元人格] ⏳ 暂无任务，休息60秒...
[孟一致] ⏳ 暂无任务，休息60秒...
[谢武功] ⏳ 暂无任务，休息60秒...
[邹接口] ⏳ 暂无任务，休息60秒...
[喻发现] ⏳ 暂无任务，休息60秒...
[柏依赖] ⏳ 暂无任务，休息60秒...
[章破军] ⏳ 暂无任务，休息60秒...
[云沙箱] ⏳ 暂无任务，休息60秒...
[苏容器] ⏳ 暂无任务，休息60秒...
[潘外呼] ⏳ 暂无任务，休息60秒...
[倪左辅] ⏳ 暂无任务，休息60秒...
[汤K8s] ⏳ 暂无任务，休息60秒...
[殷用户] ⏳ 暂无任务，休息60秒...
[罗隔离] ⏳ 暂无任务，休息60秒...
[毕配置] ⏳ 暂无任务，休息60秒...
[周右弼] ⏳ 暂无任务，休息60秒...
[乐法律] ⏳ 暂无任务，休息60秒...
[于道德] ⏳ 暂无任务，休息60秒...
[时权限] ⏳ 暂无任务，休息60秒...
[薛贪狼] ⏳ 暂无任务，休息60秒...
[雷ASR] ⏳ 暂无任务，休息60秒...
[贺TTS] ⏳ 暂无任务，休息60秒...
[贡数字人] ⏳ 暂无任务，休息60秒...
[齐辅弼] ⏳ 暂无任务，休息60秒...
[康网关] ⏳ 暂无任务，休息60秒...
[和产品] ⏳ 暂无任务，休息60秒...
[穆文档] ⏳ 暂无任务，休息60秒...
[黄漂移] ⏳ 暂无任务，休息60秒...
[周进化] ⏳ 暂无任务，休息60秒...
[吴模板] ⏳ 暂无任务，休息60秒...
[周禄存] ⏳ 暂无任务，休息60秒...
[郑路由] ⏳ 暂无任务，休息60秒...
[王规划] ⏳ 暂无任务，休息60秒...
[冯优化] ⏳ 暂无任务，休息60秒...
[钱调度] ⏳ 暂无任务，休息60秒...
[陈元灵] ⏳ 暂无任务，休息60秒...
[林对齐] ⏳ 暂无任务，休息60秒...
[朱图谱] ⏳ 暂无任务，休息60秒...
[平心理] ⏳ 暂无任务，休息60秒...
[水版本] ⏳ 暂无任务，休息60秒...
[葛消息] ⏳ 暂无任务，休息60秒...
[皮审计] ⏳ 暂无任务，休息60秒...
[赏界面] ⏳ 暂无任务，休息60秒...
[财SDK] ⏳ 暂无任务，休息60秒...
[蒋巨门] ⏳ 暂无任务，休息60秒...
[沈记忆] ⏳ 暂无任务，休息60秒...
[韩向量] ⏳ 暂无任务，休息60秒...
[杨检索] ⏳ 暂无任务，休息60秒...
[伍廉贞] ⏳ 暂无任务，休息60秒...
[余情绪] ⏳ 暂无任务，休息60秒...
[元人格] ⏳ 暂无任务，休息60秒...
[孟一致] ⏳ 暂无任务，休息60秒...
[谢武功] ⏳ 暂无任务，休息60秒...
[邹接口] ⏳ 暂无任务，休息60秒...
[喻发现] ⏳ 暂无任务，休息60秒...
[柏依赖] ⏳ 暂无任务，休息60秒...
[章破军] ⏳ 暂无任务，休息60秒...
[云沙箱] ⏳ 暂无任务，休息60秒...
[苏容器] ⏳ 暂无任务，休息60秒...
[潘外呼] ⏳ 暂无任务，休息60秒...
[倪左辅] ⏳ 暂无任务，休息60秒...
[汤K8s] ⏳ 暂无任务，休息60秒...
[殷用户] ⏳ 暂无任务，休息60秒...
[罗隔离] ⏳ 暂无任务，休息60秒...
[毕配置] ⏳ 暂无任务，休息60秒...
[周右弼] ⏳ 暂无任务，休息60秒...
[乐法律] ⏳ 暂无任务，休息60秒...
[于道德] ⏳ 暂无任务，休息60秒...
[时权限] ⏳ 暂无任务，休息60秒...
[薛贪狼] ⏳ 暂无任务，休息60秒...
[雷ASR] ⏳ 暂无任务，休息60秒...
[贺TTS] ⏳ 暂无任务，休息60秒...
[贡数字人] ⏳ 暂无任务，休息60秒...
[齐辅弼] ⏳ 暂无任务，休息60秒...
[康网关] ⏳ 暂无任务，休息60秒...
[和产品] ⏳ 暂无任务，休息60秒...
[穆文档] ⏳ 暂无任务，休息60秒...
[黄漂移] ⏳ 暂无任务，休息60秒...
[周进化] ⏳ 暂无任务，休息60秒...
[吴模板] ⏳ 暂无任务，休息60秒...
[周禄存] ⏳ 暂无任务，休息60秒...
[郑路由] ⏳ 暂无任务，休息60秒...
[王规划] ⏳ 暂无任务，休息60秒...
[冯优化] ⏳ 暂无任务，休息60秒...
[钱调度] ⏳ 暂无任务，休息60秒...
[陈元灵] ⏳ 暂无任务，休息60秒...
[林对齐] ⏳ 暂无任务，休息60秒...
[朱图谱] ⏳ 暂无任务，休息60秒...
[平心理] ⏳ 暂无任务，休息60秒...
[水版本] ⏳ 暂无任务，休息60秒...
[葛消息] ⏳ 暂无任务，休息60秒...
[皮审计] ⏳ 暂无任务，休息60秒...
[赏界面] ⏳ 暂无任务，休息60秒...
[财SDK] ⏳ 暂无任务，休息60秒...
[蒋巨门] ⏳ 暂无任务，休息60秒...
[沈记忆] ⏳ 暂无任务，休息60秒...
[韩向量] ⏳ 暂无任务，休息60秒...
[杨检索] ⏳ 暂无任务，休息60秒...
[伍廉贞] ⏳ 暂无任务，休息60秒...
[余情绪] ⏳ 暂无任务，休息60秒...
[元人格] ⏳ 暂无任务，休息60秒...
[孟一致] ⏳ 暂无任务，休息60秒...
[谢武功] ⏳ 暂无任务，休息60秒...
[邹接口] ⏳ 暂无任务，休息60秒...
[喻发现] ⏳ 暂无任务，休息60秒...
[柏依赖] ⏳ 暂无任务，休息60秒...
[章破军] ⏳ 暂无任务，休息60秒...
[云沙箱] ⏳ 暂无任务，休息60秒...
[苏容器] ⏳ 暂无任务，休息60秒...
[潘外呼] ⏳ 暂无任务，休息60秒...
[倪左辅] ⏳ 暂无任务，休息60秒...
[汤K8s] ⏳ 暂无任务，休息60秒...
[殷用户] ⏳ 暂无任务，休息60秒...
[罗隔离] ⏳ 暂无任务，休息60秒...
[毕配置] ⏳ 暂无任务，休息60秒...
[周右弼] ⏳ 暂无任务，休息60秒...
[乐法律] ⏳ 暂无任务，休息60秒...
[于道德] ⏳ 暂无任务，休息60秒...
[时权限] ⏳ 暂无任务，休息60秒...
[薛贪狼] ⏳ 暂无任务，休息60秒...
[雷ASR] ⏳ 暂无任务，休息60秒...
[贺TTS] ⏳ 暂无任务，休息60秒...
[贡数字人] ⏳ 暂无任务，休息60秒...
[齐辅弼] ⏳ 暂无任务，休息60秒...
[康网关] ⏳ 暂无任务，休息60秒...
[和产品] ⏳ 暂无任务，休息60秒...
[穆文档] ⏳ 暂无任务，休息60秒...
[黄漂移] ⏳ 暂无任务，休息60秒...
[周进化] ⏳ 暂无任务，休息60秒...
[吴模板] ⏳ 暂无任务，休息60秒...
[周禄存] ⏳ 暂无任务，休息60秒...
[郑路由] ⏳ 暂无任务，休息60秒...
[王规划] ⏳ 暂无任务，休息60秒...
[冯优化] ⏳ 暂无任务，休息60秒...
[钱调度] ⏳ 暂无任务，休息60秒...
[陈元灵] ⏳ 暂无任务，休息60秒...
[林对齐] ⏳ 暂无任务，休息60秒...
[朱图谱] ⏳ 暂无任务，休息60秒...
[平心理] ⏳ 暂无任务，休息60秒...
[水版本] ⏳ 暂无任务，休息60秒...
[葛消息] ⏳ 暂无任务，休息60秒...
[皮审计] ⏳ 暂无任务，休息60秒...
[赏界面] ⏳ 暂无任务，休息60秒...
[财SDK] ⏳ 暂无任务，休息60秒...
[蒋巨门] ⏳ 暂无任务，休息60秒...
[沈记忆] ⏳ 暂无任务，休息60秒...
[韩向量] ⏳ 暂无任务，休息60秒...
[杨检索] ⏳ 暂无任务，休息60秒...
[伍廉贞] ⏳ 暂无任务，休息60秒...
[余情绪] ⏳ 暂无任务，休息60秒...
[元人格] ⏳ 暂无任务，休息60秒...
[孟一致] ⏳ 暂无任务，休息60秒...
[谢武功] ⏳ 暂无任务，休息60秒...
[邹接口] ⏳ 暂无任务，休息60秒...
[喻发现] ⏳ 暂无任务，休息60秒...
[柏依赖] ⏳ 暂无任务，休息60秒...
[章破军] ⏳ 暂无任务，休息60秒...
[云沙箱] ⏳ 暂无任务，休息60秒...
[苏容器] ⏳ 暂无任务，休息60秒...
[潘外呼] ⏳ 暂无任务，休息60秒...
[倪左辅] ⏳ 暂无任务，休息60秒...
[汤K8s] ⏳ 暂无任务，休息60秒...
[殷用户] ⏳ 暂无任务，休息60秒...
[罗隔离] ⏳ 暂无任务，休息60秒...
[毕配置] ⏳ 暂无任务，休息60秒...
[周右弼] ⏳ 暂无任务，休息60秒...
[乐法律] ⏳ 暂无任务，休息60秒...
[于道德] ⏳ 暂无任务，休息60秒...
[时权限] ⏳ 暂无任务，休息60秒...
[薛贪狼] ⏳ 暂无任务，休息60秒...
[雷ASR] ⏳ 暂无任务，休息60秒...
[贺TTS] ⏳ 暂无任务，休息60秒...
[贡数字人] ⏳ 暂无任务，休息60秒...
[齐辅弼] ⏳ 暂无任务，休息60秒...
[康网关] ⏳ 暂无任务，休息60秒...
[和产品] ⏳ 暂无任务，休息60秒...
[穆文档] ⏳ 暂无任务，休息60秒...
[黄漂移] ⏳ 暂无任务，休息60秒...
[周进化] ⏳ 暂无任务，休息60秒...
[吴模板] ⏳ 暂无任务，休息60秒...
[周禄存] ⏳ 暂无任务，休息60秒...
[郑路由] ⏳ 暂无任务，休息60秒...
[王规划] ⏳ 暂无任务，休息60秒...
[冯优化] ⏳ 暂无任务，休息60秒...
[钱调度] ⏳ 暂无任务，休息60秒...
[陈元灵] ⏳ 暂无任务，休息60秒...
[林对齐] ⏳ 暂无任务，休息60秒...
[朱图谱] ⏳ 暂无任务，休息60秒...
[平心理] ⏳ 暂无任务，休息60秒...
[水版本] ⏳ 暂无任务，休息60秒...
[葛消息] ⏳ 暂无任务，休息60秒...
[皮审计] ⏳ 暂无任务，休息60秒...
[赏界面] ⏳ 暂无任务，休息60秒...
[财SDK] ⏳ 暂无任务，休息60秒...
[蒋巨门] ⏳ 暂无任务，休息60秒...
[沈记忆] ⏳ 暂无任务，休息60秒...
[韩向量] ⏳ 暂无任务，休息60秒...
[杨检索] ⏳ 暂无任务，休息60秒...
[伍廉贞] ⏳ 暂无任务，休息60秒...
[余情绪] ⏳ 暂无任务，休息60秒...
[元人格] ⏳ 暂无任务，休息60秒...
[孟一致] ⏳ 暂无任务，休息60秒...
[谢武功] ⏳ 暂无任务，休息60秒...
[邹接口] ⏳ 暂无任务，休息60秒...
[喻发现] ⏳ 暂无任务，休息60秒...
[柏依赖] ⏳ 暂无任务，休息60秒...
[章破军] ⏳ 暂无任务，休息60秒...
[云沙箱] ⏳ 暂无任务，休息60秒...
[苏容器] ⏳ 暂无任务，休息60秒...
[潘外呼] ⏳ 暂无任务，休息60秒...
[倪左辅] ⏳ 暂无任务，休息60秒...
[汤K8s] ⏳ 暂无任务，休息60秒...
[殷用户] ⏳ 暂无任务，休息60秒...
[罗隔离] ⏳ 暂无任务，休息60秒...
[毕配置] ⏳ 暂无任务，休息60秒...
[周右弼] ⏳ 暂无任务，休息60秒...
[乐法律] ⏳ 暂无任务，休息60秒...
[于道德] ⏳ 暂无任务，休息60秒...
[时权限] ⏳ 暂无任务，休息60秒...
[薛贪狼] ⏳ 暂无任务，休息60秒...
[雷ASR] ⏳ 暂无任务，休息60秒...
[贺TTS] ⏳ 暂无任务，休息60秒...
[贡数字人] ⏳ 暂无任务，休息60秒...
[齐辅弼] ⏳ 暂无任务，休息60秒...
[康网关] ⏳ 暂无任务，休息60秒...
[和产品] ⏳ 暂无任务，休息60秒...
[穆文档] ⏳ 暂无任务，休息60秒...
[黄漂移] ⏳ 暂无任务，休息60秒...
[周进化] ⏳ 暂无任务，休息60秒...
[吴模板] ⏳ 暂无任务，休息60秒...
[周禄存] ⏳ 暂无任务，休息60秒...
[郑路由] ⏳ 暂无任务，休息60秒...
[王规划] ⏳ 暂无任务，休息60秒...
[冯优化] ⏳ 暂无任务，休息60秒...
[钱调度] ⏳ 暂无任务，休息60秒...
[陈元灵] ⏳ 暂无任务，休息60秒...
[林对齐] ⏳ 暂无任务，休息60秒...
[朱图谱] ⏳ 暂无任务，休息60秒...
[平心理] ⏳ 暂无任务，休息60秒...
[水版本] ⏳ 暂无任务，休息60秒...
[葛消息] ⏳ 暂无任务，休息60秒...
[皮审计] ⏳ 暂无任务，休息60秒...
[赏界面] ⏳ 暂无任务，休息60秒...
[财SDK] ⏳ 暂无任务，休息60秒...
[蒋巨门] ⏳ 暂无任务，休息60秒...
[沈记忆] ⏳ 暂无任务，休息60秒...
[韩向量] ⏳ 暂无任务，休息60秒...
[杨检索] ⏳ 暂无任务，休息60秒...
[伍廉贞] ⏳ 暂无任务，休息60秒...
[余情绪] ⏳ 暂无任务，休息60秒...
[元人格] ⏳ 暂无任务，休息60秒...
[孟一致] ⏳ 暂无任务，休息60秒...
[谢武功] ⏳ 暂无任务，休息60秒...
[邹接口] ⏳ 暂无任务，休息60秒...
[喻发现] ⏳ 暂无任务，休息60秒...
[柏依赖] ⏳ 暂无任务，休息60秒...
[章破军] ⏳ 暂无任务，休息60秒...
[云沙箱] ⏳ 暂无任务，休息60秒...
[苏容器] ⏳ 暂无任务，休息60秒...
[潘外呼] ⏳ 暂无任务，休息60秒...
[倪左辅] ⏳ 暂无任务，休息60秒...
[汤K8s] ⏳ 暂无任务，休息60秒...
[殷用户] ⏳ 暂无任务，休息60秒...
[罗隔离] ⏳ 暂无任务，休息60秒...
[毕配置] ⏳ 暂无任务，休息60秒...
[周右弼] ⏳ 暂无任务，休息60秒...
[乐法律] ⏳ 暂无任务，休息60秒...
[于道德] ⏳ 暂无任务，休息60秒...
[时权限] ⏳ 暂无任务，休息60秒...
[薛贪狼] ⏳ 暂无任务，休息60秒...
[雷ASR] ⏳ 暂无任务，休息60秒...
[贺TTS] ⏳ 暂无任务，休息60秒...
[贡数字人] ⏳ 暂无任务，休息60秒...
[齐辅弼] ⏳ 暂无任务，休息60秒...
[康网关] ⏳ 暂无任务，休息60秒...
[和产品] ⏳ 暂无任务，休息60秒...
[穆文档] ⏳ 暂无任务，休息60秒...
[黄漂移] ⏳ 暂无任务，休息60秒...
[周进化] ⏳ 暂无任务，休息60秒...
[吴模板] ⏳ 暂无任务，休息60秒...
[周禄存] ⏳ 暂无任务，休息60秒...
[郑路由] ⏳ 暂无任务，休息60秒...
[王规划] ⏳ 暂无任务，休息60秒...
[冯优化] ⏳ 暂无任务，休息60秒...
[钱调度] ⏳ 暂无任务，休息60秒...
[陈元灵] ⏳ 暂无任务，休息60秒...
[林对齐] ⏳ 暂无任务，休息60秒...
[朱图谱] ⏳ 暂无任务，休息60秒...
[平心理] ⏳ 暂无任务，休息60秒...
[水版本] ⏳ 暂无任务，休息60秒...
[葛消息] ⏳ 暂无任务，休息60秒...
[皮审计] ⏳ 暂无任务，休息60秒...
[赏界面] ⏳ 暂无任务，休息60秒...
[财SDK] ⏳ 暂无任务，休息60秒...
[蒋巨门] ⏳ 暂无任务，休息60秒...
[沈记忆] ⏳ 暂无任务，休息60秒...
[韩向量] ⏳ 暂无任务，休息60秒...
[杨检索] ⏳ 暂无任务，休息60秒...
[伍廉贞] ⏳ 暂无任务，休息60秒...
[余情绪] ⏳ 暂无任务，休息60秒...
[元人格] ⏳ 暂无任务，休息60秒...
[孟一致] ⏳ 暂无任务，休息60秒...
[谢武功] ⏳ 暂无任务，休息60秒...
[邹接口] ⏳ 暂无任务，休息60秒...
[喻发现] ⏳ 暂无任务，休息60秒...
[柏依赖] ⏳ 暂无任务，休息60秒...
[章破军] ⏳ 暂无任务，休息60秒...
[云沙箱] ⏳ 暂无任务，休息60秒...
[苏容器] ⏳ 暂无任务，休息60秒...
[潘外呼] ⏳ 暂无任务，休息60秒...
[倪左辅] ⏳ 暂无任务，休息60秒...
[汤K8s] ⏳ 暂无任务，休息60秒...
[殷用户] ⏳ 暂无任务，休息60秒...
[罗隔离] ⏳ 暂无任务，休息60秒...
[毕配置] ⏳ 暂无任务，休息60秒...
[周右弼] ⏳ 暂无任务，休息60秒...
[乐法律] ⏳ 暂无任务，休息60秒...
[于道德] ⏳ 暂无任务，休息60秒...
[时权限] ⏳ 暂无任务，休息60秒...
[薛贪狼] ⏳ 暂无任务，休息60秒...
[雷ASR] ⏳ 暂无任务，休息60秒...
[贺TTS] ⏳ 暂无任务，休息60秒...
[贡数字人] ⏳ 暂无任务，休息60秒...
[齐辅弼] ⏳ 暂无任务，休息60秒...
[康网关] ⏳ 暂无任务，休息60秒...
[和产品] ⏳ 暂无任务，休息60秒...
[穆文档] ⏳ 暂无任务，休息60秒...
[黄漂移] ⏳ 暂无任务，休息60秒...
[周进化] ⏳ 暂无任务，休息60秒...
[吴模板] ⏳ 暂无任务，休息60秒...
[周禄存] ⏳ 暂无任务，休息60秒...
[郑路由] ⏳ 暂无任务，休息60秒...
[王规划] ⏳ 暂无任务，休息60秒...
[冯优化] ⏳ 暂无任务，休息60秒...
[钱调度] ⏳ 暂无任务，休息60秒...
[陈元灵] ⏳ 暂无任务，休息60秒...
[林对齐] ⏳ 暂无任务，休息60秒...
[朱图谱] ⏳ 暂无任务，休息60秒...
[平心理] ⏳ 暂无任务，休息60秒...
[水版本] ⏳ 暂无任务，休息60秒...
[葛消息] ⏳ 暂无任务，休息60秒...
[皮审计] ⏳ 暂无任务，休息60秒...
[赏界面] ⏳ 暂无任务，休息60秒...
[财SDK] ⏳ 暂无任务，休息60秒...
[蒋巨门] ⏳ 暂无任务，休息60秒...
[沈记忆] ⏳ 暂无任务，休息60秒...
[韩向量] ⏳ 暂无任务，休息60秒...
[杨检索] ⏳ 暂无任务，休息60秒...
[伍廉贞] ⏳ 暂无任务，休息60秒...
[余情绪] ⏳ 暂无任务，休息60秒...
[元人格] ⏳ 暂无任务，休息60秒...
[孟一致] ⏳ 暂无任务，休息60秒...
[谢武功] ⏳ 暂无任务，休息60秒...
[邹接口] ⏳ 暂无任务，休息60秒...
[喻发现] ⏳ 暂无任务，休息60秒...
[柏依赖] ⏳ 暂无任务，休息60秒...
[章破军] ⏳ 暂无任务，休息60秒...
[云沙箱] ⏳ 暂无任务，休息60秒...
[苏容器] ⏳ 暂无任务，休息60秒...
[潘外呼] ⏳ 暂无任务，休息60秒...
[倪左辅] ⏳ 暂无任务，休息60秒...
[汤K8s] ⏳ 暂无任务，休息60秒...
[殷用户] ⏳ 暂无任务，休息60秒...
[罗隔离] ⏳ 暂无任务，休息60秒...
[毕配置] ⏳ 暂无任务，休息60秒...
[周右弼] ⏳ 暂无任务，休息60秒...
[乐法律] ⏳ 暂无任务，休息60秒...
[于道德] ⏳ 暂无任务，休息60秒...
[时权限] ⏳ 暂无任务，休息60秒...
[薛贪狼] ⏳ 暂无任务，休息60秒...
[雷ASR] ⏳ 暂无任务，休息60秒...
[贺TTS] ⏳ 暂无任务，休息60秒...
[贡数字人] ⏳ 暂无任务，休息60秒...
[齐辅弼] ⏳ 暂无任务，休息60秒...
[康网关] ⏳ 暂无任务，休息60秒...
[和产品] ⏳ 暂无任务，休息60秒...
[穆文档] ⏳ 暂无任务，休息60秒...
[黄漂移] ⏳ 暂无任务，休息60秒...
[周进化] ⏳ 暂无任务，休息60秒...
[吴模板] ⏳ 暂无任务，休息60秒...
[周禄存] ⏳ 暂无任务，休息60秒...
[郑路由] ⏳ 暂无任务，休息60秒...
[王规划] ⏳ 暂无任务，休息60秒...
[冯优化] ⏳ 暂无任务，休息60秒...
[钱调度] ⏳ 暂无任务，休息60秒...
[陈元灵] ⏳ 暂无任务，休息60秒...
[林对齐] ⏳ 暂无任务，休息60秒...
[朱图谱] ⏳ 暂无任务，休息60秒...
[平心理] ⏳ 暂无任务，休息60秒...
[水版本] ⏳ 暂无任务，休息60秒...
[葛消息] ⏳ 暂无任务，休息60秒...
[皮审计] ⏳ 暂无任务，休息60秒...
[赏界面] ⏳ 暂无任务，休息60秒...
[财SDK] ⏳ 暂无任务，休息60秒...
[蒋巨门] ⏳ 暂无任务，休息60秒...
[沈记忆] ⏳ 暂无任务，休息60秒...
[韩向量] ⏳ 暂无任务，休息60秒...
[杨检索] ⏳ 暂无任务，休息60秒...
[伍廉贞] ⏳ 暂无任务，休息60秒...
[余情绪] ⏳ 暂无任务，休息60秒...
[元人格] ⏳ 暂无任务，休息60秒...
[孟一致] ⏳ 暂无任务，休息60秒...
[谢武功] ⏳ 暂无任务，休息60秒...
[邹接口] ⏳ 暂无任务，休息60秒...
[喻发现] ⏳ 暂无任务，休息60秒...
[柏依赖] ⏳ 暂无任务，休息60秒...
[章破军] ⏳ 暂无任务，休息60秒...
[云沙箱] ⏳ 暂无任务，休息60秒...
[苏容器] ⏳ 暂无任务，休息60秒...
[潘外呼] ⏳ 暂无任务，休息60秒...
[倪左辅] ⏳ 暂无任务，休息60秒...
[汤K8s] ⏳ 暂无任务，休息60秒...
[殷用户] ⏳ 暂无任务，休息60秒...
[罗隔离] ⏳ 暂无任务，休息60秒...
[毕配置] ⏳ 暂无任务，休息60秒...
[周右弼] ⏳ 暂无任务，休息60秒...
[乐法律] ⏳ 暂无任务，休息60秒...
[于道德] ⏳ 暂无任务，休息60秒...
[时权限] ⏳ 暂无任务，休息60秒...
[薛贪狼] ⏳ 暂无任务，休息60秒...
[雷ASR] ⏳ 暂无任务，休息60秒...
[贺TTS] ⏳ 暂无任务，休息60秒...
[贡数字人] ⏳ 暂无任务，休息60秒...
[齐辅弼] ⏳ 暂无任务，休息60秒...
[康网关] ⏳ 暂无任务，休息60秒...
[和产品] ⏳ 暂无任务，休息60秒...
[穆文档] ⏳ 暂无任务，休息60秒...
[黄漂移] ⏳ 暂无任务，休息60秒...
[周进化] ⏳ 暂无任务，休息60秒...
[吴模板] ⏳ 暂无任务，休息60秒...
[周禄存] ⏳ 暂无任务，休息60秒...
[郑路由] ⏳ 暂无任务，休息60秒...
[王规划] ⏳ 暂无任务，休息60秒...
[冯优化] ⏳ 暂无任务，休息60秒...
[钱调度] ⏳ 暂无任务，休息60秒...
[陈元灵] ⏳ 暂无任务，休息60秒...
[林对齐] ⏳ 暂无任务，休息60秒...
[朱图谱] ⏳ 暂无任务，休息60秒...
[平心理] ⏳ 暂无任务，休息60秒...
[水版本] ⏳ 暂无任务，休息60秒...
[葛消息] ⏳ 暂无任务，休息60秒...
[皮审计] ⏳ 暂无任务，休息60秒...
[赏界面] ⏳ 暂无任务，休息60秒...
[财SDK] ⏳ 暂无任务，休息60秒...
[蒋巨门] ⏳ 暂无任务，休息60秒...
[沈记忆] ⏳ 暂无任务，休息60秒...
[韩向量] ⏳ 暂无任务，休息60秒...
[杨检索] ⏳ 暂无任务，休息60秒...
[伍廉贞] ⏳ 暂无任务，休息60秒...
[余情绪] ⏳ 暂无任务，休息60秒...
[元人格] ⏳ 暂无任务，休息60秒...
[孟一致] ⏳ 暂无任务，休息60秒...
[谢武功] ⏳ 暂无任务，休息60秒...
[邹接口] ⏳ 暂无任务，休息60秒...
[喻发现] ⏳ 暂无任务，休息60秒...
[柏依赖] ⏳ 暂无任务，休息60秒...
[章破军] ⏳ 暂无任务，休息60秒...
[云沙箱] ⏳ 暂无任务，休息60秒...
[苏容器] ⏳ 暂无任务，休息60秒...
[潘外呼] ⏳ 暂无任务，休息60秒...
[倪左辅] ⏳ 暂无任务，休息60秒...
[汤K8s] ⏳ 暂无任务，休息60秒...
[殷用户] ⏳ 暂无任务，休息60秒...
[罗隔离] ⏳ 暂无任务，休息60秒...
[毕配置] ⏳ 暂无任务，休息60秒...
[周右弼] ⏳ 暂无任务，休息60秒...
[乐法律] ⏳ 暂无任务，休息60秒...
[于道德] ⏳ 暂无任务，休息60秒...
[时权限] ⏳ 暂无任务，休息60秒...
[薛贪狼] ⏳ 暂无任务，休息60秒...
[雷ASR] ⏳ 暂无任务，休息60秒...
[贺TTS] ⏳ 暂无任务，休息60秒...
[贡数字人] ⏳ 暂无任务，休息60秒...
[齐辅弼] ⏳ 暂无任务，休息60秒...
[康网关] ⏳ 暂无任务，休息60秒...
[和产品] ⏳ 暂无任务，休息60秒...
[穆文档] ⏳ 暂无任务，休息60秒...
[黄漂移] ⏳ 暂无任务，休息60秒...
[周进化] ⏳ 暂无任务，休息60秒...
[吴模板] ⏳ 暂无任务，休息60秒...
[周禄存] ⏳ 暂无任务，休息60秒...
[郑路由] ⏳ 暂无任务，休息60秒...
[王规划] ⏳ 暂无任务，休息60秒...
[冯优化] ⏳ 暂无任务，休息60秒...
[钱调度] ⏳ 暂无任务，休息60秒...
[陈元灵] ⏳ 暂无任务，休息60秒...
[林对齐] ⏳ 暂无任务，休息60秒...
[朱图谱] ⏳ 暂无任务，休息60秒...
[平心理] ⏳ 暂无任务，休息60秒...
[水版本] ⏳ 暂无任务，休息60秒...
[葛消息] ⏳ 暂无任务，休息60秒...
[皮审计] ⏳ 暂无任务，休息60秒...
[赏界面] ⏳ 暂无任务，休息60秒...
[财SDK] ⏳ 暂无任务，休息60秒...
[蒋巨门] ⏳ 暂无任务，休息60秒...
[沈记忆] ⏳ 暂无任务，休息60秒...
[韩向量] ⏳ 暂无任务，休息60秒...
[杨检索] ⏳ 暂无任务，休息60秒...
[伍廉贞] ⏳ 暂无任务，休息60秒...
[余情绪] ⏳ 暂无任务，休息60秒...
[元人格] ⏳ 暂无任务，休息60秒...
[孟一致] ⏳ 暂无任务，休息60秒...
[谢武功] ⏳ 暂无任务，休息60秒...
[邹接口] ⏳ 暂无任务，休息60秒...
[喻发现] ⏳ 暂无任务，休息60秒...
[柏依赖] ⏳ 暂无任务，休息60秒...
[章破军] ⏳ 暂无任务，休息60秒...
[云沙箱] ⏳ 暂无任务，休息60秒...
[苏容器] ⏳ 暂无任务，休息60秒...
[潘外呼] ⏳ 暂无任务，休息60秒...
[倪左辅] ⏳ 暂无任务，休息60秒...
[汤K8s] ⏳ 暂无任务，休息60秒...
[殷用户] ⏳ 暂无任务，休息60秒...
[罗隔离] ⏳ 暂无任务，休息60秒...
[毕配置] ⏳ 暂无任务，休息60秒...
[周右弼] ⏳ 暂无任务，休息60秒...
[乐法律] ⏳ 暂无任务，休息60秒...
[于道德] ⏳ 暂无任务，休息60秒...
[时权限] ⏳ 暂无任务，休息60秒...
[薛贪狼] ⏳ 暂无任务，休息60秒...
[雷ASR] ⏳ 暂无任务，休息60秒...
[贺TTS] ⏳ 暂无任务，休息60秒...
[贡数字人] ⏳ 暂无任务，休息60秒...
[齐辅弼] ⏳ 暂无任务，休息60秒...
[康网关] ⏳ 暂无任务，休息60秒...
[和产品] ⏳ 暂无任务，休息60秒...
[穆文档] ⏳ 暂无任务，休息60秒...
[黄漂移] ⏳ 暂无任务，休息60秒...
[周进化] ⏳ 暂无任务，休息60秒...
[吴模板] ⏳ 暂无任务，休息60秒...
[周禄存] ⏳ 暂无任务，休息60秒...
[郑路由] ⏳ 暂无任务，休息60秒...
[王规划] ⏳ 暂无任务，休息60秒...
[冯优化] ⏳ 暂无任务，休息60秒...
[钱调度] ⏳ 暂无任务，休息60秒...
[陈元灵] ⏳ 暂无任务，休息60秒...
[林对齐] ⏳ 暂无任务，休息60秒...
[朱图谱] ⏳ 暂无任务，休息60秒...
[平心理] ⏳ 暂无任务，休息60秒...
[水版本] ⏳ 暂无任务，休息60秒...
[葛消息] ⏳ 暂无任务，休息60秒...
[皮审计] ⏳ 暂无任务，休息60秒...
[赏界面] ⏳ 暂无任务，休息60秒...
[财SDK] ⏳ 暂无任务，休息60秒...
[蒋巨门] ⏳ 暂无任务，休息60秒...
[沈记忆] ⏳ 暂无任务，休息60秒...
[韩向量] ⏳ 暂无任务，休息60秒...
[杨检索] ⏳ 暂无任务，休息60秒...
[伍廉贞] ⏳ 暂无任务，休息60秒...
[余情绪] ⏳ 暂无任务，休息60秒...
[元人格] ⏳ 暂无任务，休息60秒...
[孟一致] ⏳ 暂无任务，休息60秒...
[谢武功] ⏳ 暂无任务，休息60秒...
[邹接口] ⏳ 暂无任务，休息60秒...
[喻发现] ⏳ 暂无任务，休息60秒...
[柏依赖] ⏳ 暂无任务，休息60秒...
[章破军] ⏳ 暂无任务，休息60秒...
[云沙箱] ⏳ 暂无任务，休息60秒...
[苏容器] ⏳ 暂无任务，休息60秒...
[潘外呼] ⏳ 暂无任务，休息60秒...
[倪左辅] ⏳ 暂无任务，休息60秒...
[汤K8s] ⏳ 暂无任务，休息60秒...
[殷用户] ⏳ 暂无任务，休息60秒...
[罗隔离] ⏳ 暂无任务，休息60秒...
[毕配置] ⏳ 暂无任务，休息60秒...
[周右弼] ⏳ 暂无任务，休息60秒...
[乐法律] ⏳ 暂无任务，休息60秒...
[于道德] ⏳ 暂无任务，休息60秒...
[时权限] ⏳ 暂无任务，休息60秒...
[薛贪狼] ⏳ 暂无任务，休息60秒...
[雷ASR] ⏳ 暂无任务，休息60秒...
[贺TTS] ⏳ 暂无任务，休息60秒...
[贡数字人] ⏳ 暂无任务，休息60秒...
[齐辅弼] ⏳ 暂无任务，休息60秒...
[康网关] ⏳ 暂无任务，休息60秒...
[和产品] ⏳ 暂无任务，休息60秒...
[穆文档] ⏳ 暂无任务，休息60秒...
[黄漂移] ⏳ 暂无任务，休息60秒...
[周进化] ⏳ 暂无任务，休息60秒...
[吴模板] ⏳ 暂无任务，休息60秒...
[周禄存] ⏳ 暂无任务，休息60秒...
[郑路由] ⏳ 暂无任务，休息60秒...
[王规划] ⏳ 暂无任务，休息60秒...
[冯优化] ⏳ 暂无任务，休息60秒...
[钱调度] ⏳ 暂无任务，休息60秒...
[陈元灵] ⏳ 暂无任务，休息60秒...
[林对齐] ⏳ 暂无任务，休息60秒...
[朱图谱] ⏳ 暂无任务，休息60秒...
[平心理] ⏳ 暂无任务，休息60秒...
[水版本] ⏳ 暂无任务，休息60秒...
[葛消息] ⏳ 暂无任务，休息60秒...
[皮审计] ⏳ 暂无任务，休息60秒...
[赏界面] ⏳ 暂无任务，休息60秒...
[财SDK] ⏳ 暂无任务，休息60秒...
[蒋巨门] ⏳ 暂无任务，休息60秒...
[沈记忆] ⏳ 暂无任务，休息60秒...
[韩向量] ⏳ 暂无任务，休息60秒...
[杨检索] ⏳ 暂无任务，休息60秒...
[伍廉贞] ⏳ 暂无任务，休息60秒...
[余情绪] ⏳ 暂无任务，休息60秒...
[元人格] ⏳ 暂无任务，休息60秒...
[孟一致] ⏳ 暂无任务，休息60秒...
[谢武功] ⏳ 暂无任务，休息60秒...
[邹接口] ⏳ 暂无任务，休息60秒...
[喻发现] ⏳ 暂无任务，休息60秒...
[柏依赖] ⏳ 暂无任务，休息60秒...
[章破军] ⏳ 暂无任务，休息60秒...
[云沙箱] ⏳ 暂无任务，休息60秒...
[苏容器] ⏳ 暂无任务，休息60秒...
[潘外呼] ⏳ 暂无任务，休息60秒...
[倪左辅] ⏳ 暂无任务，休息60秒...
[汤K8s] ⏳ 暂无任务，休息60秒...
[殷用户] ⏳ 暂无任务，休息60秒...
[罗隔离] ⏳ 暂无任务，休息60秒...
[毕配置] ⏳ 暂无任务，休息60秒...
[周右弼] ⏳ 暂无任务，休息60秒...
[乐法律] ⏳ 暂无任务，休息60秒...
[于道德] ⏳ 暂无任务，休息60秒...
[时权限] ⏳ 暂无任务，休息60秒...
[薛贪狼] ⏳ 暂无任务，休息60秒...
[雷ASR] ⏳ 暂无任务，休息60秒...
[贺TTS] ⏳ 暂无任务，休息60秒...
[贡数字人] ⏳ 暂无任务，休息60秒...
[齐辅弼] ⏳ 暂无任务，休息60秒...
[康网关] ⏳ 暂无任务，休息60秒...
[和产品] ⏳ 暂无任务，休息60秒...
[穆文档] ⏳ 暂无任务，休息60秒...
[黄漂移] ⏳ 暂无任务，休息60秒...
[周进化] ⏳ 暂无任务，休息60秒...
[吴模板] ⏳ 暂无任务，休息60秒...
[周禄存] ⏳ 暂无任务，休息60秒...
[郑路由] ⏳ 暂无任务，休息60秒...
[王规划] ⏳ 暂无任务，休息60秒...
[冯优化] ⏳ 暂无任务，休息60秒...
[钱调度] ⏳ 暂无任务，休息60秒...
[陈元灵] ⏳ 暂无任务，休息60秒...
[林对齐] ⏳ 暂无任务，休息60秒...
[朱图谱] ⏳ 暂无任务，休息60秒...
[平心理] ⏳ 暂无任务，休息60秒...
[水版本] ⏳ 暂无任务，休息60秒...
[葛消息] ⏳ 暂无任务，休息60秒...
[皮审计] ⏳ 暂无任务，休息60秒...
[赏界面] ⏳ 暂无任务，休息60秒...
[财SDK] ⏳ 暂无任务，休息60秒...
[蒋巨门] ⏳ 暂无任务，休息60秒...
[沈记忆] ⏳ 暂无任务，休息60秒...
[韩向量] ⏳ 暂无任务，休息60秒...
[杨检索] ⏳ 暂无任务，休息60秒...
[伍廉贞] ⏳ 暂无任务，休息60秒...
[余情绪] ⏳ 暂无任务，休息60秒...
[元人格] ⏳ 暂无任务，休息60秒...
[孟一致] ⏳ 暂无任务，休息60秒...
[谢武功] ⏳ 暂无任务，休息60秒...
[邹接口] ⏳ 暂无任务，休息60秒...
[喻发现] ⏳ 暂无任务，休息60秒...
[柏依赖] ⏳ 暂无任务，休息60秒...
[章破军] ⏳ 暂无任务，休息60秒...
[云沙箱] ⏳ 暂无任务，休息60秒...
[苏容器] ⏳ 暂无任务，休息60秒...
[潘外呼] ⏳ 暂无任务，休息60秒...
[倪左辅] ⏳ 暂无任务，休息60秒...
[汤K8s] ⏳ 暂无任务，休息60秒...
[殷用户] ⏳ 暂无任务，休息60秒...
[罗隔离] ⏳ 暂无任务，休息60秒...
[毕配置] ⏳ 暂无任务，休息60秒...
[周右弼] ⏳ 暂无任务，休息60秒...
[乐法律] ⏳ 暂无任务，休息60秒...
[于道德] ⏳ 暂无任务，休息60秒...
[时权限] ⏳ 暂无任务，休息60秒...
[薛贪狼] ⏳ 暂无任务，休息60秒...
[雷ASR] ⏳ 暂无任务，休息60秒...
[贺TTS] ⏳ 暂无任务，休息60秒...
[贡数字人] ⏳ 暂无任务，休息60秒...
[齐辅弼] ⏳ 暂无任务，休息60秒...
[康网关] ⏳ 暂无任务，休息60秒...
[和产品] ⏳ 暂无任务，休息60秒...
[穆文档] ⏳ 暂无任务，休息60秒...
[黄漂移] ⏳ 暂无任务，休息60秒...
[周进化] ⏳ 暂无任务，休息60秒...
[吴模板] ⏳ 暂无任务，休息60秒...
[周禄存] ⏳ 暂无任务，休息60秒...
[郑路由] ⏳ 暂无任务，休息60秒...
[王规划] ⏳ 暂无任务，休息60秒...
[冯优化] ⏳ 暂无任务，休息60秒...
[钱调度] ⏳ 暂无任务，休息60秒...
[陈元灵] ⏳ 暂无任务，休息60秒...
[林对齐] ⏳ 暂无任务，休息60秒...
[朱图谱] ⏳ 暂无任务，休息60秒...
[平心理] ⏳ 暂无任务，休息60秒...
[水版本] ⏳ 暂无任务，休息60秒...
[葛消息] ⏳ 暂无任务，休息60秒...
[皮审计] ⏳ 暂无任务，休息60秒...
[赏界面] ⏳ 暂无任务，休息60秒...
[财SDK] ⏳ 暂无任务，休息60秒...
[蒋巨门] ⏳ 暂无任务，休息60秒...
[沈记忆] ⏳ 暂无任务，休息60秒...
[韩向量] ⏳ 暂无任务，休息60秒...
[杨检索] ⏳ 暂无任务，休息60秒...
[伍廉贞] ⏳ 暂无任务，休息60秒...
[余情绪] ⏳ 暂无任务，休息60秒...
[元人格] ⏳ 暂无任务，休息60秒...
[孟一致] ⏳ 暂无任务，休息60秒...
[谢武功] ⏳ 暂无任务，休息60秒...
[邹接口] ⏳ 暂无任务，休息60秒...
[喻发现] ⏳ 暂无任务，休息60秒...
[柏依赖] ⏳ 暂无任务，休息60秒...
[章破军] ⏳ 暂无任务，休息60秒...
[云沙箱] ⏳ 暂无任务，休息60秒...
[苏容器] ⏳ 暂无任务，休息60秒...
[潘外呼] ⏳ 暂无任务，休息60秒...
[倪左辅] ⏳ 暂无任务，休息60秒...
[汤K8s] ⏳ 暂无任务，休息60秒...
[殷用户] ⏳ 暂无任务，休息60秒...
[罗隔离] ⏳ 暂无任务，休息60秒...
[毕配置] ⏳ 暂无任务，休息60秒...
[周右弼] ⏳ 暂无任务，休息60秒...
[乐法律] ⏳ 暂无任务，休息60秒...
[于道德] ⏳ 暂无任务，休息60秒...
[时权限] ⏳ 暂无任务，休息60秒...
[薛贪狼] ⏳ 暂无任务，休息60秒...
[雷ASR] ⏳ 暂无任务，休息60秒...
[贺TTS] ⏳ 暂无任务，休息60秒...
[贡数字人] ⏳ 暂无任务，休息60秒...
[齐辅弼] ⏳ 暂无任务，休息60秒...
[康网关] ⏳ 暂无任务，休息60秒...
[和产品] ⏳ 暂无任务，休息60秒...
[穆文档] ⏳ 暂无任务，休息60秒...
[黄漂移] ⏳ 暂无任务，休息60秒...
[周进化] ⏳ 暂无任务，休息60秒...
[吴模板] ⏳ 暂无任务，休息60秒...
[周禄存] ⏳ 暂无任务，休息60秒...
[郑路由] ⏳ 暂无任务，休息60秒...
[王规划] ⏳ 暂无任务，休息60秒...
[冯优化] ⏳ 暂无任务，休息60秒...
[钱调度] ⏳ 暂无任务，休息60秒...
[陈元灵] ⏳ 暂无任务，休息60秒...
[林对齐] ⏳ 暂无任务，休息60秒...
[朱图谱] ⏳ 暂无任务，休息60秒...
[平心理] ⏳ 暂无任务，休息60秒...
[水版本] ⏳ 暂无任务，休息60秒...
[葛消息] ⏳ 暂无任务，休息60秒...
[皮审计] ⏳ 暂无任务，休息60秒...
[赏界面] ⏳ 暂无任务，休息60秒...
[财SDK] ⏳ 暂无任务，休息60秒...
[蒋巨门] ⏳ 暂无任务，休息60秒...
[沈记忆] ⏳ 暂无任务，休息60秒...
[韩向量] ⏳ 暂无任务，休息60秒...
[杨检索] ⏳ 暂无任务，休息60秒...
[伍廉贞] ⏳ 暂无任务，休息60秒...
[余情绪] ⏳ 暂无任务，休息60秒...
[元人格] ⏳ 暂无任务，休息60秒...
[孟一致] ⏳ 暂无任务，休息60秒...
[谢武功] ⏳ 暂无任务，休息60秒...
[邹接口] ⏳ 暂无任务，休息60秒...
[喻发现] ⏳ 暂无任务，休息60秒...
[柏依赖] ⏳ 暂无任务，休息60秒...
[章破军] ⏳ 暂无任务，休息60秒...
[云沙箱] ⏳ 暂无任务，休息60秒...
[苏容器] ⏳ 暂无任务，休息60秒...
[潘外呼] ⏳ 暂无任务，休息60秒...
[倪左辅] ⏳ 暂无任务，休息60秒...
[汤K8s] ⏳ 暂无任务，休息60秒...
[殷用户] ⏳ 暂无任务，休息60秒...
[罗隔离] ⏳ 暂无任务，休息60秒...
[毕配置] ⏳ 暂无任务，休息60秒...
[周右弼] ⏳ 暂无任务，休息60秒...
[乐法律] ⏳ 暂无任务，休息60秒...
[于道德] ⏳ 暂无任务，休息60秒...
[时权限] ⏳ 暂无任务，休息60秒...
[薛贪狼] ⏳ 暂无任务，休息60秒...
[雷ASR] ⏳ 暂无任务，休息60秒...
[贺TTS] ⏳ 暂无任务，休息60秒...
[贡数字人] ⏳ 暂无任务，休息60秒...
[齐辅弼] ⏳ 暂无任务，休息60秒...
[康网关] ⏳ 暂无任务，休息60秒...
[和产品] ⏳ 暂无任务，休息60秒...
[穆文档] ⏳ 暂无任务，休息60秒...
[黄漂移] ⏳ 暂无任务，休息60秒...
[周进化] ⏳ 暂无任务，休息60秒...
[吴模板] ⏳ 暂无任务，休息60秒...
[周禄存] ⏳ 暂无任务，休息60秒...
[郑路由] ⏳ 暂无任务，休息60秒...
[王规划] ⏳ 暂无任务，休息60秒...
[冯优化] ⏳ 暂无任务，休息60秒...
[钱调度] ⏳ 暂无任务，休息60秒...
[陈元灵] ⏳ 暂无任务，休息60秒...
[林对齐] ⏳ 暂无任务，休息60秒...
[朱图谱] ⏳ 暂无任务，休息60秒...
[平心理] ⏳ 暂无任务，休息60秒...
[水版本] ⏳ 暂无任务，休息60秒...
[葛消息] ⏳ 暂无任务，休息60秒...
[皮审计] ⏳ 暂无任务，休息60秒...
[赏界面] ⏳ 暂无任务，休息60秒...
[财SDK] ⏳ 暂无任务，休息60秒...
[蒋巨门] ⏳ 暂无任务，休息60秒...
[沈记忆] ⏳ 暂无任务，休息60秒...
[韩向量] ⏳ 暂无任务，休息60秒...
[杨检索] ⏳ 暂无任务，休息60秒...
[伍廉贞] ⏳ 暂无任务，休息60秒...
[余情绪] ⏳ 暂无任务，休息60秒...
[元人格] ⏳ 暂无任务，休息60秒...
[孟一致] ⏳ 暂无任务，休息60秒...
[谢武功] ⏳ 暂无任务，休息60秒...
[邹接口] ⏳ 暂无任务，休息60秒...
[喻发现] ⏳ 暂无任务，休息60秒...
[柏依赖] ⏳ 暂无任务，休息60秒...
[章破军] ⏳ 暂无任务，休息60秒...
[云沙箱] ⏳ 暂无任务，休息60秒...
[苏容器] ⏳ 暂无任务，休息60秒...
[潘外呼] ⏳ 暂无任务，休息60秒...
[倪左辅] ⏳ 暂无任务，休息60秒...
[汤K8s] ⏳ 暂无任务，休息60秒...
[殷用户] ⏳ 暂无任务，休息60秒...
[罗隔离] ⏳ 暂无任务，休息60秒...
[毕配置] ⏳ 暂无任务，休息60秒...
[周右弼] ⏳ 暂无任务，休息60秒...
[乐法律] ⏳ 暂无任务，休息60秒...
[于道德] ⏳ 暂无任务，休息60秒...
[时权限] ⏳ 暂无任务，休息60秒...
[薛贪狼] ⏳ 暂无任务，休息60秒...
[雷ASR] ⏳ 暂无任务，休息60秒...
[贺TTS] ⏳ 暂无任务，休息60秒...
[贡数字人] ⏳ 暂无任务，休息60秒...
[齐辅弼] ⏳ 暂无任务，休息60秒...
[康网关] ⏳ 暂无任务，休息60秒...
[和产品] ⏳ 暂无任务，休息60秒...
[穆文档] ⏳ 暂无任务，休息60秒...
[黄漂移] ⏳ 暂无任务，休息60秒...
[周进化] ⏳ 暂无任务，休息60秒...
[吴模板] ⏳ 暂无任务，休息60秒...
[周禄存] ⏳ 暂无任务，休息60秒...
[郑路由] ⏳ 暂无任务，休息60秒...
[王规划] ⏳ 暂无任务，休息60秒...
[冯优化] ⏳ 暂无任务，休息60秒...
[钱调度] ⏳ 暂无任务，休息60秒...
[陈元灵] ⏳ 暂无任务，休息60秒...
[林对齐] ⏳ 暂无任务，休息60秒...
[朱图谱] ⏳ 暂无任务，休息60秒...
[平心理] ⏳ 暂无任务，休息60秒...
[水版本] ⏳ 暂无任务，休息60秒...
[葛消息] ⏳ 暂无任务，休息60秒...
[皮审计] ⏳ 暂无任务，休息60秒...
[赏界面] ⏳ 暂无任务，休息60秒...
[财SDK] ⏳ 暂无任务，休息60秒...
[蒋巨门] ⏳ 暂无任务，休息60秒...
[沈记忆] ⏳ 暂无任务，休息60秒...
[韩向量] ⏳ 暂无任务，休息60秒...
[杨检索] ⏳ 暂无任务，休息60秒...
[伍廉贞] ⏳ 暂无任务，休息60秒...
[余情绪] ⏳ 暂无任务，休息60秒...
[元人格] ⏳ 暂无任务，休息60秒...
[孟一致] ⏳ 暂无任务，休息60秒...
[谢武功] ⏳ 暂无任务，休息60秒...
[邹接口] ⏳ 暂无任务，休息60秒...
[喻发现] ⏳ 暂无任务，休息60秒...
[柏依赖] ⏳ 暂无任务，休息60秒...
[章破军] ⏳ 暂无任务，休息60秒...
[云沙箱] ⏳ 暂无任务，休息60秒...
[苏容器] ⏳ 暂无任务，休息60秒...
[潘外呼] ⏳ 暂无任务，休息60秒...
[倪左辅] ⏳ 暂无任务，休息60秒...
[汤K8s] ⏳ 暂无任务，休息60秒...
[殷用户] ⏳ 暂无任务，休息60秒...
[罗隔离] ⏳ 暂无任务，休息60秒...
[毕配置] ⏳ 暂无任务，休息60秒...
[周右弼] ⏳ 暂无任务，休息60秒...
[乐法律] ⏳ 暂无任务，休息60秒...
[于道德] ⏳ 暂无任务，休息60秒...
[时权限] ⏳ 暂无任务，休息60秒...
[薛贪狼] ⏳ 暂无任务，休息60秒...
[雷ASR] ⏳ 暂无任务，休息60秒...
[贺TTS] ⏳ 暂无任务，休息60秒...
[贡数字人] ⏳ 暂无任务，休息60秒...
[齐辅弼] ⏳ 暂无任务，休息60秒...
[康网关] ⏳ 暂无任务，休息60秒...
[和产品] ⏳ 暂无任务，休息60秒...
[穆文档] ⏳ 暂无任务，休息60秒...
[黄漂移] ⏳ 暂无任务，休息60秒...
[周进化] ⏳ 暂无任务，休息60秒...
[吴模板] ⏳ 暂无任务，休息60秒...
[周禄存] ⏳ 暂无任务，休息60秒...
[郑路由] ⏳ 暂无任务，休息60秒...
[王规划] ⏳ 暂无任务，休息60秒...
[冯优化] ⏳ 暂无任务，休息60秒...
[钱调度] ⏳ 暂无任务，休息60秒...
[陈元灵] ⏳ 暂无任务，休息60秒...
[林对齐] ⏳ 暂无任务，休息60秒...
[朱图谱] ⏳ 暂无任务，休息60秒...
[平心理] ⏳ 暂无任务，休息60秒...
[水版本] ⏳ 暂无任务，休息60秒...
[葛消息] ⏳ 暂无任务，休息60秒...
[皮审计] ⏳ 暂无任务，休息60秒...
[赏界面] ⏳ 暂无任务，休息60秒...
[财SDK] ⏳ 暂无任务，休息60秒...
[蒋巨门] ⏳ 暂无任务，休息60秒...
[沈记忆] ⏳ 暂无任务，休息60秒...
[韩向量] ⏳ 暂无任务，休息60秒...
[杨检索] ⏳ 暂无任务，休息60秒...
[伍廉贞] ⏳ 暂无任务，休息60秒...
[余情绪] ⏳ 暂无任务，休息60秒...
[元人格] ⏳ 暂无任务，休息60秒...
[孟一致] ⏳ 暂无任务，休息60秒...
[谢武功] ⏳ 暂无任务，休息60秒...
[邹接口] ⏳ 暂无任务，休息60秒...
[喻发现] ⏳ 暂无任务，休息60秒...
[柏依赖] ⏳ 暂无任务，休息60秒...
[章破军] ⏳ 暂无任务，休息60秒...
[云沙箱] ⏳ 暂无任务，休息60秒...
[苏容器] ⏳ 暂无任务，休息60秒...
[潘外呼] ⏳ 暂无任务，休息60秒...
[倪左辅] ⏳ 暂无任务，休息60秒...
[汤K8s] ⏳ 暂无任务，休息60秒...
[殷用户] ⏳ 暂无任务，休息60秒...
[罗隔离] ⏳ 暂无任务，休息60秒...
[毕配置] ⏳ 暂无任务，休息60秒...
[周右弼] ⏳ 暂无任务，休息60秒...
[乐法律] ⏳ 暂无任务，休息60秒...
[于道德] ⏳ 暂无任务，休息60秒...
[时权限] ⏳ 暂无任务，休息60秒...
[薛贪狼] ⏳ 暂无任务，休息60秒...
[雷ASR] ⏳ 暂无任务，休息60秒...
[贺TTS] ⏳ 暂无任务，休息60秒...
[贡数字人] ⏳ 暂无任务，休息60秒...
[齐辅弼] ⏳ 暂无任务，休息60秒...
[康网关] ⏳ 暂无任务，休息60秒...
[和产品] ⏳ 暂无任务，休息60秒...
[穆文档] ⏳ 暂无任务，休息60秒...
[黄漂移] ⏳ 暂无任务，休息60秒...
[周进化] ⏳ 暂无任务，休息60秒...
[吴模板] ⏳ 暂无任务，休息60秒...
[周禄存] ⏳ 暂无任务，休息60秒...
[郑路由] ⏳ 暂无任务，休息60秒...
[王规划] ⏳ 暂无任务，休息60秒...
[冯优化] ⏳ 暂无任务，休息60秒...
[钱调度] ⏳ 暂无任务，休息60秒...
[陈元灵] ⏳ 暂无任务，休息60秒...
[林对齐] ⏳ 暂无任务，休息60秒...
[朱图谱] ⏳ 暂无任务，休息60秒...
[平心理] ⏳ 暂无任务，休息60秒...
[水版本] ⏳ 暂无任务，休息60秒...
[葛消息] ⏳ 暂无任务，休息60秒...
[皮审计] ⏳ 暂无任务，休息60秒...
[赏界面] ⏳ 暂无任务，休息60秒...
[财SDK] ⏳ 暂无任务，休息60秒...
[蒋巨门] ⏳ 暂无任务，休息60秒...
[沈记忆] ⏳ 暂无任务，休息60秒...
[韩向量] ⏳ 暂无任务，休息60秒...
[杨检索] ⏳ 暂无任务，休息60秒...
[伍廉贞] ⏳ 暂无任务，休息60秒...
[余情绪] ⏳ 暂无任务，休息60秒...
[元人格] ⏳ 暂无任务，休息60秒...
[孟一致] ⏳ 暂无任务，休息60秒...
[谢武功] ⏳ 暂无任务，休息60秒...
[邹接口] ⏳ 暂无任务，休息60秒...
[喻发现] ⏳ 暂无任务，休息60秒...
[柏依赖] ⏳ 暂无任务，休息60秒...
[章破军] ⏳ 暂无任务，休息60秒...
[云沙箱] ⏳ 暂无任务，休息60秒...
[苏容器] ⏳ 暂无任务，休息60秒...
[潘外呼] ⏳ 暂无任务，休息60秒...
[倪左辅] ⏳ 暂无任务，休息60秒...
[汤K8s] ⏳ 暂无任务，休息60秒...
[殷用户] ⏳ 暂无任务，休息60秒...
[罗隔离] ⏳ 暂无任务，休息60秒...
[毕配置] ⏳ 暂无任务，休息60秒...
[周右弼] ⏳ 暂无任务，休息60秒...
[乐法律] ⏳ 暂无任务，休息60秒...
[于道德] ⏳ 暂无任务，休息60秒...
[时权限] ⏳ 暂无任务，休息60秒...
[薛贪狼] ⏳ 暂无任务，休息60秒...
[雷ASR] ⏳ 暂无任务，休息60秒...
[贺TTS] ⏳ 暂无任务，休息60秒...
[贡数字人] ⏳ 暂无任务，休息60秒...
[齐辅弼] ⏳ 暂无任务，休息60秒...
[康网关] ⏳ 暂无任务，休息60秒...
[和产品] ⏳ 暂无任务，休息60秒...
[穆文档] ⏳ 暂无任务，休息60秒...
[黄漂移] ⏳ 暂无任务，休息60秒...
[周进化] ⏳ 暂无任务，休息60秒...
[吴模板] ⏳ 暂无任务，休息60秒...
[周禄存] ⏳ 暂无任务，休息60秒...
[郑路由] ⏳ 暂无任务，休息60秒...
[王规划] ⏳ 暂无任务，休息60秒...
[冯优化] ⏳ 暂无任务，休息60秒...
[钱调度] ⏳ 暂无任务，休息60秒...
[陈元灵] ⏳ 暂无任务，休息60秒...
[林对齐] ⏳ 暂无任务，休息60秒...
[朱图谱] ⏳ 暂无任务，休息60秒...
[平心理] ⏳ 暂无任务，休息60秒...
[水版本] ⏳ 暂无任务，休息60秒...
[葛消息] ⏳ 暂无任务，休息60秒...
[皮审计] ⏳ 暂无任务，休息60秒...
[赏界面] ⏳ 暂无任务，休息60秒...
[财SDK] ⏳ 暂无任务，休息60秒...
[蒋巨门] ⏳ 暂无任务，休息60秒...
[沈记忆] ⏳ 暂无任务，休息60秒...
[韩向量] ⏳ 暂无任务，休息60秒...
[杨检索] ⏳ 暂无任务，休息60秒...
[伍廉贞] ⏳ 暂无任务，休息60秒...
[余情绪] ⏳ 暂无任务，休息60秒...
[元人格] ⏳ 暂无任务，休息60秒...
[孟一致] ⏳ 暂无任务，休息60秒...
[谢武功] ⏳ 暂无任务，休息60秒...
[邹接口] ⏳ 暂无任务，休息60秒...
[喻发现] ⏳ 暂无任务，休息60秒...
[柏依赖] ⏳ 暂无任务，休息60秒...
[章破军] ⏳ 暂无任务，休息60秒...
[云沙箱] ⏳ 暂无任务，休息60秒...
[苏容器] ⏳ 暂无任务，休息60秒...
[潘外呼] ⏳ 暂无任务，休息60秒...
[倪左辅] ⏳ 暂无任务，休息60秒...
[汤K8s] ⏳ 暂无任务，休息60秒...
[殷用户] ⏳ 暂无任务，休息60秒...
[罗隔离] ⏳ 暂无任务，休息60秒...
[毕配置] ⏳ 暂无任务，休息60秒...
[周右弼] ⏳ 暂无任务，休息60秒...
[乐法律] ⏳ 暂无任务，休息60秒...
[于道德] ⏳ 暂无任务，休息60秒...
[时权限] ⏳ 暂无任务，休息60秒...
[薛贪狼] ⏳ 暂无任务，休息60秒...
[雷ASR] ⏳ 暂无任务，休息60秒...
[贺TTS] ⏳ 暂无任务，休息60秒...
[贡数字人] ⏳ 暂无任务，休息60秒...
[齐辅弼] ⏳ 暂无任务，休息60秒...
[康网关] ⏳ 暂无任务，休息60秒...
[和产品] ⏳ 暂无任务，休息60秒...
[穆文档] ⏳ 暂无任务，休息60秒...
[黄漂移] ⏳ 暂无任务，休息60秒...
[周进化] ⏳ 暂无任务，休息60秒...
[吴模板] ⏳ 暂无任务，休息60秒...
[周禄存] ⏳ 暂无任务，休息60秒...
[郑路由] ⏳ 暂无任务，休息60秒...
[王规划] ⏳ 暂无任务，休息60秒...
[冯优化] ⏳ 暂无任务，休息60秒...
[钱调度] ⏳ 暂无任务，休息60秒...
[陈元灵] ⏳ 暂无任务，休息60秒...
[林对齐] ⏳ 暂无任务，休息60秒...
[朱图谱] ⏳ 暂无任务，休息60秒...
[平心理] ⏳ 暂无任务，休息60秒...
[水版本] ⏳ 暂无任务，休息60秒...
[葛消息] ⏳ 暂无任务，休息60秒...
[皮审计] ⏳ 暂无任务，休息60秒...
[赏界面] ⏳ 暂无任务，休息60秒...
[财SDK] ⏳ 暂无任务，休息60秒...
[蒋巨门] ⏳ 暂无任务，休息60秒...
[沈记忆] ⏳ 暂无任务，休息60秒...
[韩向量] ⏳ 暂无任务，休息60秒...
[杨检索] ⏳ 暂无任务，休息60秒...
[伍廉贞] ⏳ 暂无任务，休息60秒...
[余情绪] ⏳ 暂无任务，休息60秒...
[元人格] ⏳ 暂无任务，休息60秒...
[孟一致] ⏳ 暂无任务，休息60秒...
[谢武功] ⏳ 暂无任务，休息60秒...
[邹接口] ⏳ 暂无任务，休息60秒...
[喻发现] ⏳ 暂无任务，休息60秒...
[柏依赖] ⏳ 暂无任务，休息60秒...
[章破军] ⏳ 暂无任务，休息60秒...
[云沙箱] ⏳ 暂无任务，休息60秒...
[苏容器] ⏳ 暂无任务，休息60秒...
[潘外呼] ⏳ 暂无任务，休息60秒...
[倪左辅] ⏳ 暂无任务，休息60秒...
[汤K8s] ⏳ 暂无任务，休息60秒...
[殷用户] ⏳ 暂无任务，休息60秒...
[罗隔离] ⏳ 暂无任务，休息60秒...
[毕配置] ⏳ 暂无任务，休息60秒...
[周右弼] ⏳ 暂无任务，休息60秒...
[乐法律] ⏳ 暂无任务，休息60秒...
[于道德] ⏳ 暂无任务，休息60秒...
[时权限] ⏳ 暂无任务，休息60秒...
[薛贪狼] ⏳ 暂无任务，休息60秒...
[雷ASR] ⏳ 暂无任务，休息60秒...
[贺TTS] ⏳ 暂无任务，休息60秒...
[贡数字人] ⏳ 暂无任务，休息60秒...
[齐辅弼] ⏳ 暂无任务，休息60秒...
[康网关] ⏳ 暂无任务，休息60秒...
[和产品] ⏳ 暂无任务，休息60秒...
[穆文档] ⏳ 暂无任务，休息60秒...
[黄漂移] ⏳ 暂无任务，休息60秒...
[周进化] ⏳ 暂无任务，休息60秒...
[吴模板] ⏳ 暂无任务，休息60秒...
[周禄存] ⏳ 暂无任务，休息60秒...
[郑路由] ⏳ 暂无任务，休息60秒...
[王规划] ⏳ 暂无任务，休息60秒...
[冯优化] ⏳ 暂无任务，休息60秒...
[钱调度] ⏳ 暂无任务，休息60秒...
[陈元灵] ⏳ 暂无任务，休息60秒...
[林对齐] ⏳ 暂无任务，休息60秒...
[朱图谱] ⏳ 暂无任务，休息60秒...
[平心理] ⏳ 暂无任务，休息60秒...
[水版本] ⏳ 暂无任务，休息60秒...
[葛消息] ⏳ 暂无任务，休息60秒...
[皮审计] ⏳ 暂无任务，休息60秒...
[赏界面] ⏳ 暂无任务，休息60秒...
[财SDK] ⏳ 暂无任务，休息60秒...
[蒋巨门] ⏳ 暂无任务，休息60秒...
[沈记忆] ⏳ 暂无任务，休息60秒...
[韩向量] ⏳ 暂无任务，休息60秒...
[杨检索] ⏳ 暂无任务，休息60秒...
[伍廉贞] ⏳ 暂无任务，休息60秒...
[余情绪] ⏳ 暂无任务，休息60秒...
[元人格] ⏳ 暂无任务，休息60秒...
[孟一致] ⏳ 暂无任务，休息60秒...
[谢武功] ⏳ 暂无任务，休息60秒...
[邹接口] ⏳ 暂无任务，休息60秒...
[喻发现] ⏳ 暂无任务，休息60秒...
[柏依赖] ⏳ 暂无任务，休息60秒...
[章破军] ⏳ 暂无任务，休息60秒...
[云沙箱] ⏳ 暂无任务，休息60秒...
[苏容器] ⏳ 暂无任务，休息60秒...
[潘外呼] ⏳ 暂无任务，休息60秒...
[倪左辅] ⏳ 暂无任务，休息60秒...
[汤K8s] ⏳ 暂无任务，休息60秒...
[殷用户] ⏳ 暂无任务，休息60秒...
[罗隔离] ⏳ 暂无任务，休息60秒...
[毕配置] ⏳ 暂无任务，休息60秒...
[周右弼] ⏳ 暂无任务，休息60秒...
[乐法律] ⏳ 暂无任务，休息60秒...
[于道德] ⏳ 暂无任务，休息60秒...
[时权限] ⏳ 暂无任务，休息60秒...
[薛贪狼] ⏳ 暂无任务，休息60秒...
[雷ASR] ⏳ 暂无任务，休息60秒...
[贺TTS] ⏳ 暂无任务，休息60秒...
[贡数字人] ⏳ 暂无任务，休息60秒...
[齐辅弼] ⏳ 暂无任务，休息60秒...
[康网关] ⏳ 暂无任务，休息60秒...
[和产品] ⏳ 暂无任务，休息60秒...
[穆文档] ⏳ 暂无任务，休息60秒...
[黄漂移] ⏳ 暂无任务，休息60秒...
[周进化] ⏳ 暂无任务，休息60秒...
[吴模板] ⏳ 暂无任务，休息60秒...
[周禄存] ⏳ 暂无任务，休息60秒...
[郑路由] ⏳ 暂无任务，休息60秒...
[王规划] ⏳ 暂无任务，休息60秒...
[冯优化] ⏳ 暂无任务，休息60秒...
[钱调度] ⏳ 暂无任务，休息60秒...
[陈元灵] ⏳ 暂无任务，休息60秒...
[林对齐] ⏳ 暂无任务，休息60秒...
[朱图谱] ⏳ 暂无任务，休息60秒...
[平心理] ⏳ 暂无任务，休息60秒...
[水版本] ⏳ 暂无任务，休息60秒...
[葛消息] ⏳ 暂无任务，休息60秒...
[皮审计] ⏳ 暂无任务，休息60秒...
[赏界面] ⏳ 暂无任务，休息60秒...
[财SDK] ⏳ 暂无任务，休息60秒...
[蒋巨门] ⏳ 暂无任务，休息60秒...
[沈记忆] ⏳ 暂无任务，休息60秒...
[韩向量] ⏳ 暂无任务，休息60秒...
[杨检索] ⏳ 暂无任务，休息60秒...
[伍廉贞] ⏳ 暂无任务，休息60秒...
[余情绪] ⏳ 暂无任务，休息60秒...
[元人格] ⏳ 暂无任务，休息60秒...
[孟一致] ⏳ 暂无任务，休息60秒...
[谢武功] ⏳ 暂无任务，休息60秒...
[邹接口] ⏳ 暂无任务，休息60秒...
[喻发现] ⏳ 暂无任务，休息60秒...
[柏依赖] ⏳ 暂无任务，休息60秒...
[章破军] ⏳ 暂无任务，休息60秒...
[云沙箱] ⏳ 暂无任务，休息60秒...
[苏容器] ⏳ 暂无任务，休息60秒...
[潘外呼] ⏳ 暂无任务，休息60秒...
[倪左辅] ⏳ 暂无任务，休息60秒...
[汤K8s] ⏳ 暂无任务，休息60秒...
[殷用户] ⏳ 暂无任务，休息60秒...
[罗隔离] ⏳ 暂无任务，休息60秒...
[毕配置] ⏳ 暂无任务，休息60秒...
[周右弼] ⏳ 暂无任务，休息60秒...
[乐法律] ⏳ 暂无任务，休息60秒...
[于道德] ⏳ 暂无任务，休息60秒...
[时权限] ⏳ 暂无任务，休息60秒...
[薛贪狼] ⏳ 暂无任务，休息60秒...
[雷ASR] ⏳ 暂无任务，休息60秒...
[贺TTS] ⏳ 暂无任务，休息60秒...
[贡数字人] ⏳ 暂无任务，休息60秒...
[齐辅弼] ⏳ 暂无任务，休息60秒...
[康网关] ⏳ 暂无任务，休息60秒...
[和产品] ⏳ 暂无任务，休息60秒...
[穆文档] ⏳ 暂无任务，休息60秒...
[黄漂移] ⏳ 暂无任务，休息60秒...
[周进化] ⏳ 暂无任务，休息60秒...
[吴模板] ⏳ 暂无任务，休息60秒...
[周禄存] ⏳ 暂无任务，休息60秒...
[郑路由] ⏳ 暂无任务，休息60秒...
[王规划] ⏳ 暂无任务，休息60秒...
[冯优化] ⏳ 暂无任务，休息60秒...
[钱调度] ⏳ 暂无任务，休息60秒...
[陈元灵] ⏳ 暂无任务，休息60秒...
[林对齐] ⏳ 暂无任务，休息60秒...
[朱图谱] ⏳ 暂无任务，休息60秒...
[平心理] ⏳ 暂无任务，休息60秒...
[水版本] ⏳ 暂无任务，休息60秒...
[葛消息] ⏳ 暂无任务，休息60秒...
[皮审计] ⏳ 暂无任务，休息60秒...
[赏界面] ⏳ 暂无任务，休息60秒...
[财SDK] ⏳ 暂无任务，休息60秒...
[蒋巨门] ⏳ 暂无任务，休息60秒...
[沈记忆] ⏳ 暂无任务，休息60秒...
[韩向量] ⏳ 暂无任务，休息60秒...
[杨检索] ⏳ 暂无任务，休息60秒...
[伍廉贞] ⏳ 暂无任务，休息60秒...
[余情绪] ⏳ 暂无任务，休息60秒...
[元人格] ⏳ 暂无任务，休息60秒...
[孟一致] ⏳ 暂无任务，休息60秒...
[谢武功] ⏳ 暂无任务，休息60秒...
[邹接口] ⏳ 暂无任务，休息60秒...
[喻发现] ⏳ 暂无任务，休息60秒...
[柏依赖] ⏳ 暂无任务，休息60秒...
[章破军] ⏳ 暂无任务，休息60秒...
[云沙箱] ⏳ 暂无任务，休息60秒...
[苏容器] ⏳ 暂无任务，休息60秒...
[潘外呼] ⏳ 暂无任务，休息60秒...
[倪左辅] ⏳ 暂无任务，休息60秒...
[汤K8s] ⏳ 暂无任务，休息60秒...
[殷用户] ⏳ 暂无任务，休息60秒...
[罗隔离] ⏳ 暂无任务，休息60秒...
[毕配置] ⏳ 暂无任务，休息60秒...
[周右弼] ⏳ 暂无任务，休息60秒...
[乐法律] ⏳ 暂无任务，休息60秒...
[于道德] ⏳ 暂无任务，休息60秒...
[时权限] ⏳ 暂无任务，休息60秒...
[薛贪狼] ⏳ 暂无任务，休息60秒...
[雷ASR] ⏳ 暂无任务，休息60秒...
[贺TTS] ⏳ 暂无任务，休息60秒...
[贡数字人] ⏳ 暂无任务，休息60秒...
[齐辅弼] ⏳ 暂无任务，休息60秒...
[康网关] ⏳ 暂无任务，休息60秒...
[和产品] ⏳ 暂无任务，休息60秒...
[穆文档] ⏳ 暂无任务，休息60秒...
[黄漂移] ⏳ 暂无任务，休息60秒...
[周进化] ⏳ 暂无任务，休息60秒...
[吴模板] ⏳ 暂无任务，休息60秒...
[周禄存] ⏳ 暂无任务，休息60秒...
[郑路由] ⏳ 暂无任务，休息60秒...
[王规划] ⏳ 暂无任务，休息60秒...
[冯优化] ⏳ 暂无任务，休息60秒...
[钱调度] ⏳ 暂无任务，休息60秒...
[陈元灵] ⏳ 暂无任务，休息60秒...
[林对齐] ⏳ 暂无任务，休息60秒...
[朱图谱] ⏳ 暂无任务，休息60秒...
[平心理] ⏳ 暂无任务，休息60秒...
[水版本] ⏳ 暂无任务，休息60秒...
[葛消息] ⏳ 暂无任务，休息60秒...
[皮审计] ⏳ 暂无任务，休息60秒...
[赏界面] ⏳ 暂无任务，休息60秒...
[财SDK] ⏳ 暂无任务，休息60秒...
[蒋巨门] ⏳ 暂无任务，休息60秒...
[沈记忆] ⏳ 暂无任务，休息60秒...
[韩向量] ⏳ 暂无任务，休息60秒...
[杨检索] ⏳ 暂无任务，休息60秒...
[伍廉贞] ⏳ 暂无任务，休息60秒...
[余情绪] ⏳ 暂无任务，休息60秒...
[元人格] ⏳ 暂无任务，休息60秒...
[孟一致] ⏳ 暂无任务，休息60秒...
[谢武功] ⏳ 暂无任务，休息60秒...
[邹接口] ⏳ 暂无任务，休息60秒...
[喻发现] ⏳ 暂无任务，休息60秒...
[柏依赖] ⏳ 暂无任务，休息60秒...
[章破军] ⏳ 暂无任务，休息60秒...
[云沙箱] ⏳ 暂无任务，休息60秒...
[苏容器] ⏳ 暂无任务，休息60秒...
[潘外呼] ⏳ 暂无任务，休息60秒...
[倪左辅] ⏳ 暂无任务，休息60秒...
[汤K8s] ⏳ 暂无任务，休息60秒...
[殷用户] ⏳ 暂无任务，休息60秒...
[罗隔离] ⏳ 暂无任务，休息60秒...
[毕配置] ⏳ 暂无任务，休息60秒...
[周右弼] ⏳ 暂无任务，休息60秒...
[乐法律] ⏳ 暂无任务，休息60秒...
[于道德] ⏳ 暂无任务，休息60秒...
[时权限] ⏳ 暂无任务，休息60秒...
[薛贪狼] ⏳ 暂无任务，休息60秒...
[雷ASR] ⏳ 暂无任务，休息60秒...
[贺TTS] ⏳ 暂无任务，休息60秒...
[贡数字人] ⏳ 暂无任务，休息60秒...
[齐辅弼] ⏳ 暂无任务，休息60秒...
[康网关] ⏳ 暂无任务，休息60秒...
[和产品] ⏳ 暂无任务，休息60秒...
[穆文档] ⏳ 暂无任务，休息60秒...
[黄漂移] ⏳ 暂无任务，休息60秒...
[周进化] ⏳ 暂无任务，休息60秒...
[吴模板] ⏳ 暂无任务，休息60秒...
[周禄存] ⏳ 暂无任务，休息60秒...
[郑路由] ⏳ 暂无任务，休息60秒...
[王规划] ⏳ 暂无任务，休息60秒...
[冯优化] ⏳ 暂无任务，休息60秒...
[钱调度] ⏳ 暂无任务，休息60秒...
[陈元灵] ⏳ 暂无任务，休息60秒...
[林对齐] ⏳ 暂无任务，休息60秒...
[朱图谱] ⏳ 暂无任务，休息60秒...
[平心理] ⏳ 暂无任务，休息60秒...
[水版本] ⏳ 暂无任务，休息60秒...
[葛消息] ⏳ 暂无任务，休息60秒...
[皮审计] ⏳ 暂无任务，休息60秒...
[赏界面] ⏳ 暂无任务，休息60秒...
[财SDK] ⏳ 暂无任务，休息60秒...
[蒋巨门] ⏳ 暂无任务，休息60秒...
[沈记忆] ⏳ 暂无任务，休息60秒...
[韩向量] ⏳ 暂无任务，休息60秒...
[杨检索] ⏳ 暂无任务，休息60秒...
[伍廉贞] ⏳ 暂无任务，休息60秒...
[余情绪] ⏳ 暂无任务，休息60秒...
[元人格] ⏳ 暂无任务，休息60秒...
[孟一致] ⏳ 暂无任务，休息60秒...
[谢武功] ⏳ 暂无任务，休息60秒...
[邹接口] ⏳ 暂无任务，休息60秒...
[喻发现] ⏳ 暂无任务，休息60秒...
[柏依赖] ⏳ 暂无任务，休息60秒...
[章破军] ⏳ 暂无任务，休息60秒...
[云沙箱] ⏳ 暂无任务，休息60秒...
[苏容器] ⏳ 暂无任务，休息60秒...
[潘外呼] ⏳ 暂无任务，休息60秒...
[倪左辅] ⏳ 暂无任务，休息60秒...
[汤K8s] ⏳ 暂无任务，休息60秒...
[殷用户] ⏳ 暂无任务，休息60秒...
[罗隔离] ⏳ 暂无任务，休息60秒...
[毕配置] ⏳ 暂无任务，休息60秒...
[周右弼] ⏳ 暂无任务，休息60秒...
[乐法律] ⏳ 暂无任务，休息60秒...
[于道德] ⏳ 暂无任务，休息60秒...
[时权限] ⏳ 暂无任务，休息60秒...
[薛贪狼] ⏳ 暂无任务，休息60秒...
[雷ASR] ⏳ 暂无任务，休息60秒...
[贺TTS] ⏳ 暂无任务，休息60秒...
[贡数字人] ⏳ 暂无任务，休息60秒...
[齐辅弼] ⏳ 暂无任务，休息60秒...
[康网关] ⏳ 暂无任务，休息60秒...
[和产品] ⏳ 暂无任务，休息60秒...
[穆文档] ⏳ 暂无任务，休息60秒...
[黄漂移] ⏳ 暂无任务，休息60秒...
[周进化] ⏳ 暂无任务，休息60秒...
[吴模板] ⏳ 暂无任务，休息60秒...
[周禄存] ⏳ 暂无任务，休息60秒...
[郑路由] ⏳ 暂无任务，休息60秒...
[王规划] ⏳ 暂无任务，休息60秒...
[冯优化] ⏳ 暂无任务，休息60秒...
[钱调度] ⏳ 暂无任务，休息60秒...
[陈元灵] ⏳ 暂无任务，休息60秒...
[林对齐] ⏳ 暂无任务，休息60秒...
[朱图谱] ⏳ 暂无任务，休息60秒...
[平心理] ⏳ 暂无任务，休息60秒...
[水版本] ⏳ 暂无任务，休息60秒...
[葛消息] ⏳ 暂无任务，休息60秒...
[皮审计] ⏳ 暂无任务，休息60秒...
[赏界面] ⏳ 暂无任务，休息60秒...
[财SDK] ⏳ 暂无任务，休息60秒...
[蒋巨门] ⏳ 暂无任务，休息60秒...
[沈记忆] ⏳ 暂无任务，休息60秒...
[韩向量] ⏳ 暂无任务，休息60秒...
[杨检索] ⏳ 暂无任务，休息60秒...
[伍廉贞] ⏳ 暂无任务，休息60秒...
[余情绪] ⏳ 暂无任务，休息60秒...
[元人格] ⏳ 暂无任务，休息60秒...
[孟一致] ⏳ 暂无任务，休息60秒...
[谢武功] ⏳ 暂无任务，休息60秒...
[邹接口] ⏳ 暂无任务，休息60秒...
[喻发现] ⏳ 暂无任务，休息60秒...
[柏依赖] ⏳ 暂无任务，休息60秒...
[章破军] ⏳ 暂无任务，休息60秒...
[云沙箱] ⏳ 暂无任务，休息60秒...
[苏容器] ⏳ 暂无任务，休息60秒...
[潘外呼] ⏳ 暂无任务，休息60秒...
[倪左辅] ⏳ 暂无任务，休息60秒...
[汤K8s] ⏳ 暂无任务，休息60秒...
[殷用户] ⏳ 暂无任务，休息60秒...
[罗隔离] ⏳ 暂无任务，休息60秒...
[毕配置] ⏳ 暂无任务，休息60秒...
[周右弼] ⏳ 暂无任务，休息60秒...
[乐法律] ⏳ 暂无任务，休息60秒...
[于道德] ⏳ 暂无任务，休息60秒...
[时权限] ⏳ 暂无任务，休息60秒...
[薛贪狼] ⏳ 暂无任务，休息60秒...
[雷ASR] ⏳ 暂无任务，休息60秒...
[贺TTS] ⏳ 暂无任务，休息60秒...
[贡数字人] ⏳ 暂无任务，休息60秒...
[齐辅弼] ⏳ 暂无任务，休息60秒...
[康网关] ⏳ 暂无任务，休息60秒...
[和产品] ⏳ 暂无任务，休息60秒...
[穆文档] ⏳ 暂无任务，休息60秒...
[黄漂移] ⏳ 暂无任务，休息60秒...
[周进化] ⏳ 暂无任务，休息60秒...
[吴模板] ⏳ 暂无任务，休息60秒...
[周禄存] ⏳ 暂无任务，休息60秒...
[郑路由] ⏳ 暂无任务，休息60秒...
[王规划] ⏳ 暂无任务，休息60秒...
[冯优化] ⏳ 暂无任务，休息60秒...
[钱调度] ⏳ 暂无任务，休息60秒...
[陈元灵] ⏳ 暂无任务，休息60秒...
[林对齐] ⏳ 暂无任务，休息60秒...
[朱图谱] ⏳ 暂无任务，休息60秒...
[平心理] ⏳ 暂无任务，休息60秒...
[水版本] ⏳ 暂无任务，休息60秒...
[葛消息] ⏳ 暂无任务，休息60秒...
[皮审计] ⏳ 暂无任务，休息60秒...
[赏界面] ⏳ 暂无任务，休息60秒...
[财SDK] ⏳ 暂无任务，休息60秒...
[蒋巨门] ⏳ 暂无任务，休息60秒...
[沈记忆] ⏳ 暂无任务，休息60秒...
[韩向量] ⏳ 暂无任务，休息60秒...
[杨检索] ⏳ 暂无任务，休息60秒...
[伍廉贞] ⏳ 暂无任务，休息60秒...
[余情绪] ⏳ 暂无任务，休息60秒...
[元人格] ⏳ 暂无任务，休息60秒...
[孟一致] ⏳ 暂无任务，休息60秒...
[谢武功] ⏳ 暂无任务，休息60秒...
[邹接口] ⏳ 暂无任务，休息60秒...
[喻发现] ⏳ 暂无任务，休息60秒...
[柏依赖] ⏳ 暂无任务，休息60秒...
[章破军] ⏳ 暂无任务，休息60秒...
[云沙箱] ⏳ 暂无任务，休息60秒...
[苏容器] ⏳ 暂无任务，休息60秒...
[潘外呼] ⏳ 暂无任务，休息60秒...
[倪左辅] ⏳ 暂无任务，休息60秒...
[汤K8s] ⏳ 暂无任务，休息60秒...
[殷用户] ⏳ 暂无任务，休息60秒...
[罗隔离] ⏳ 暂无任务，休息60秒...
[毕配置] ⏳ 暂无任务，休息60秒...
[周右弼] ⏳ 暂无任务，休息60秒...
[乐法律] ⏳ 暂无任务，休息60秒...
[于道德] ⏳ 暂无任务，休息60秒...
[时权限] ⏳ 暂无任务，休息60秒...
[薛贪狼] ⏳ 暂无任务，休息60秒...
[雷ASR] ⏳ 暂无任务，休息60秒...
[贺TTS] ⏳ 暂无任务，休息60秒...
[贡数字人] ⏳ 暂无任务，休息60秒...
[齐辅弼] ⏳ 暂无任务，休息60秒...
[康网关] ⏳ 暂无任务，休息60秒...
[和产品] ⏳ 暂无任务，休息60秒...
[穆文档] ⏳ 暂无任务，休息60秒...
[黄漂移] ⏳ 暂无任务，休息60秒...
[周进化] ⏳ 暂无任务，休息60秒...
[吴模板] ⏳ 暂无任务，休息60秒...
[周禄存] ⏳ 暂无任务，休息60秒...
[郑路由] ⏳ 暂无任务，休息60秒...
[王规划] ⏳ 暂无任务，休息60秒...
[冯优化] ⏳ 暂无任务，休息60秒...
[钱调度] ⏳ 暂无任务，休息60秒...
[陈元灵] ⏳ 暂无任务，休息60秒...
[林对齐] ⏳ 暂无任务，休息60秒...
[朱图谱] ⏳ 暂无任务，休息60秒...
[平心理] ⏳ 暂无任务，休息60秒...
[水版本] ⏳ 暂无任务，休息60秒...
[葛消息] ⏳ 暂无任务，休息60秒...
[皮审计] ⏳ 暂无任务，休息60秒...
[赏界面] ⏳ 暂无任务，休息60秒...
[财SDK] ⏳ 暂无任务，休息60秒...
[蒋巨门] ⏳ 暂无任务，休息60秒...
[沈记忆] ⏳ 暂无任务，休息60秒...
[韩向量] ⏳ 暂无任务，休息60秒...
[杨检索] ⏳ 暂无任务，休息60秒...
[伍廉贞] ⏳ 暂无任务，休息60秒...
[余情绪] ⏳ 暂无任务，休息60秒...
[元人格] ⏳ 暂无任务，休息60秒...
[孟一致] ⏳ 暂无任务，休息60秒...
[谢武功] ⏳ 暂无任务，休息60秒...
[邹接口] ⏳ 暂无任务，休息60秒...
[喻发现] ⏳ 暂无任务，休息60秒...
[柏依赖] ⏳ 暂无任务，休息60秒...
[章破军] ⏳ 暂无任务，休息60秒...
[云沙箱] ⏳ 暂无任务，休息60秒...
[苏容器] ⏳ 暂无任务，休息60秒...
[潘外呼] ⏳ 暂无任务，休息60秒...
[倪左辅] ⏳ 暂无任务，休息60秒...
[汤K8s] ⏳ 暂无任务，休息60秒...
[殷用户] ⏳ 暂无任务，休息60秒...
[罗隔离] ⏳ 暂无任务，休息60秒...
[毕配置] ⏳ 暂无任务，休息60秒...
[周右弼] ⏳ 暂无任务，休息60秒...
[乐法律] ⏳ 暂无任务，休息60秒...
[于道德] ⏳ 暂无任务，休息60秒...
[时权限] ⏳ 暂无任务，休息60秒...
[薛贪狼] ⏳ 暂无任务，休息60秒...
[雷ASR] ⏳ 暂无任务，休息60秒...
[贺TTS] ⏳ 暂无任务，休息60秒...
[贡数字人] ⏳ 暂无任务，休息60秒...
[齐辅弼] ⏳ 暂无任务，休息60秒...
[康网关] ⏳ 暂无任务，休息60秒...
[和产品] ⏳ 暂无任务，休息60秒...
[穆文档] ⏳ 暂无任务，休息60秒...
[黄漂移] ⏳ 暂无任务，休息60秒...
[周进化] ⏳ 暂无任务，休息60秒...
[吴模板] ⏳ 暂无任务，休息60秒...
[周禄存] ⏳ 暂无任务，休息60秒...
[郑路由] ⏳ 暂无任务，休息60秒...
[王规划] ⏳ 暂无任务，休息60秒...
[冯优化] ⏳ 暂无任务，休息60秒...
[钱调度] ⏳ 暂无任务，休息60秒...
[陈元灵] ⏳ 暂无任务，休息60秒...
[林对齐] ⏳ 暂无任务，休息60秒...
[朱图谱] ⏳ 暂无任务，休息60秒...
[平心理] ⏳ 暂无任务，休息60秒...
[水版本] ⏳ 暂无任务，休息60秒...
[葛消息] ⏳ 暂无任务，休息60秒...
[皮审计] ⏳ 暂无任务，休息60秒...
[赏界面] ⏳ 暂无任务，休息60秒...
[财SDK] ⏳ 暂无任务，休息60秒...
[蒋巨门] ⏳ 暂无任务，休息60秒...
[沈记忆] ⏳ 暂无任务，休息60秒...
[韩向量] ⏳ 暂无任务，休息60秒...
[杨检索] ⏳ 暂无任务，休息60秒...
[伍廉贞] ⏳ 暂无任务，休息60秒...
[余情绪] ⏳ 暂无任务，休息60秒...
[元人格] ⏳ 暂无任务，休息60秒...
[孟一致] ⏳ 暂无任务，休息60秒...
[谢武功] ⏳ 暂无任务，休息60秒...
[邹接口] ⏳ 暂无任务，休息60秒...
[喻发现] ⏳ 暂无任务，休息60秒...
[柏依赖] ⏳ 暂无任务，休息60秒...
[章破军] ⏳ 暂无任务，休息60秒...
[云沙箱] ⏳ 暂无任务，休息60秒...
[苏容器] ⏳ 暂无任务，休息60秒...
[潘外呼] ⏳ 暂无任务，休息60秒...
[倪左辅] ⏳ 暂无任务，休息60秒...
[汤K8s] ⏳ 暂无任务，休息60秒...
[殷用户] ⏳ 暂无任务，休息60秒...
[罗隔离] ⏳ 暂无任务，休息60秒...
[毕配置] ⏳ 暂无任务，休息60秒...
[周右弼] ⏳ 暂无任务，休息60秒...
[乐法律] ⏳ 暂无任务，休息60秒...
[于道德] ⏳ 暂无任务，休息60秒...
[时权限] ⏳ 暂无任务，休息60秒...
[薛贪狼] ⏳ 暂无任务，休息60秒...
[雷ASR] ⏳ 暂无任务，休息60秒...
[贺TTS] ⏳ 暂无任务，休息60秒...
[贡数字人] ⏳ 暂无任务，休息60秒...
[齐辅弼] ⏳ 暂无任务，休息60秒...
[康网关] ⏳ 暂无任务，休息60秒...
[和产品] ⏳ 暂无任务，休息60秒...
[穆文档] ⏳ 暂无任务，休息60秒...
[黄漂移] ⏳ 暂无任务，休息60秒...
[周进化] ⏳ 暂无任务，休息60秒...
[吴模板] ⏳ 暂无任务，休息60秒...
[周禄存] ⏳ 暂无任务，休息60秒...
[郑路由] ⏳ 暂无任务，休息60秒...
[王规划] ⏳ 暂无任务，休息60秒...
[冯优化] ⏳ 暂无任务，休息60秒...
[钱调度] ⏳ 暂无任务，休息60秒...
[陈元灵] ⏳ 暂无任务，休息60秒...
[林对齐] ⏳ 暂无任务，休息60秒...
[朱图谱] ⏳ 暂无任务，休息60秒...
[平心理] ⏳ 暂无任务，休息60秒...
[水版本] ⏳ 暂无任务，休息60秒...
[葛消息] ⏳ 暂无任务，休息60秒...
[皮审计] ⏳ 暂无任务，休息60秒...
[赏界面] ⏳ 暂无任务，休息60秒...
[财SDK] ⏳ 暂无任务，休息60秒...
[蒋巨门] ⏳ 暂无任务，休息60秒...
[沈记忆] ⏳ 暂无任务，休息60秒...
[韩向量] ⏳ 暂无任务，休息60秒...
[杨检索] ⏳ 暂无任务，休息60秒...
[伍廉贞] ⏳ 暂无任务，休息60秒...
[余情绪] ⏳ 暂无任务，休息60秒...
[元人格] ⏳ 暂无任务，休息60秒...
[孟一致] ⏳ 暂无任务，休息60秒...
[谢武功] ⏳ 暂无任务，休息60秒...
[邹接口] ⏳ 暂无任务，休息60秒...
[喻发现] ⏳ 暂无任务，休息60秒...
[柏依赖] ⏳ 暂无任务，休息60秒...
[章破军] ⏳ 暂无任务，休息60秒...
[云沙箱] ⏳ 暂无任务，休息60秒...
[苏容器] ⏳ 暂无任务，休息60秒...
[潘外呼] ⏳ 暂无任务，休息60秒...
[倪左辅] ⏳ 暂无任务，休息60秒...
[汤K8s] ⏳ 暂无任务，休息60秒...
[殷用户] ⏳ 暂无任务，休息60秒...
[罗隔离] ⏳ 暂无任务，休息60秒...
[毕配置] ⏳ 暂无任务，休息60秒...
[周右弼] ⏳ 暂无任务，休息60秒...
[乐法律] ⏳ 暂无任务，休息60秒...
[于道德] ⏳ 暂无任务，休息60秒...
[时权限] ⏳ 暂无任务，休息60秒...
[薛贪狼] ⏳ 暂无任务，休息60秒...
[雷ASR] ⏳ 暂无任务，休息60秒...
[贺TTS] ⏳ 暂无任务，休息60秒...
[贡数字人] ⏳ 暂无任务，休息60秒...
[齐辅弼] ⏳ 暂无任务，休息60秒...
[康网关] ⏳ 暂无任务，休息60秒...
[和产品] ⏳ 暂无任务，休息60秒...
[穆文档] ⏳ 暂无任务，休息60秒...
[黄漂移] ⏳ 暂无任务，休息60秒...
[周进化] ⏳ 暂无任务，休息60秒...
[吴模板] ⏳ 暂无任务，休息60秒...
[周禄存] ⏳ 暂无任务，休息60秒...
[郑路由] ⏳ 暂无任务，休息60秒...
[王规划] ⏳ 暂无任务，休息60秒...
[冯优化] ⏳ 暂无任务，休息60秒...
[钱调度] ⏳ 暂无任务，休息60秒...
[陈元灵] ⏳ 暂无任务，休息60秒...
[林对齐] ⏳ 暂无任务，休息60秒...
[朱图谱] ⏳ 暂无任务，休息60秒...
[平心理] ⏳ 暂无任务，休息60秒...
[水版本] ⏳ 暂无任务，休息60秒...
[葛消息] ⏳ 暂无任务，休息60秒...
[皮审计] ⏳ 暂无任务，休息60秒...
[赏界面] ⏳ 暂无任务，休息60秒...
[财SDK] ⏳ 暂无任务，休息60秒...
[蒋巨门] ⏳ 暂无任务，休息60秒...
[沈记忆] ⏳ 暂无任务，休息60秒...
[韩向量] ⏳ 暂无任务，休息60秒...
[杨检索] ⏳ 暂无任务，休息60秒...
[伍廉贞] ⏳ 暂无任务，休息60秒...
[余情绪] ⏳ 暂无任务，休息60秒...
[元人格] ⏳ 暂无任务，休息60秒...
[孟一致] ⏳ 暂无任务，休息60秒...
[谢武功] ⏳ 暂无任务，休息60秒...
[邹接口] ⏳ 暂无任务，休息60秒...
[喻发现] ⏳ 暂无任务，休息60秒...
[柏依赖] ⏳ 暂无任务，休息60秒...
[章破军] ⏳ 暂无任务，休息60秒...
[云沙箱] ⏳ 暂无任务，休息60秒...
[苏容器] ⏳ 暂无任务，休息60秒...
[潘外呼] ⏳ 暂无任务，休息60秒...
[倪左辅] ⏳ 暂无任务，休息60秒...
[汤K8s] ⏳ 暂无任务，休息60秒...
[殷用户] ⏳ 暂无任务，休息60秒...
[罗隔离] ⏳ 暂无任务，休息60秒...
[毕配置] ⏳ 暂无任务，休息60秒...
[周右弼] ⏳ 暂无任务，休息60秒...
[乐法律] ⏳ 暂无任务，休息60秒...
[于道德] ⏳ 暂无任务，休息60秒...
[时权限] ⏳ 暂无任务，休息60秒...
[薛贪狼] ⏳ 暂无任务，休息60秒...
[雷ASR] ⏳ 暂无任务，休息60秒...
[贺TTS] ⏳ 暂无任务，休息60秒...
[贡数字人] ⏳ 暂无任务，休息60秒...
[齐辅弼] ⏳ 暂无任务，休息60秒...
[康网关] ⏳ 暂无任务，休息60秒...
[和产品] ⏳ 暂无任务，休息60秒...
[穆文档] ⏳ 暂无任务，休息60秒...
[黄漂移] ⏳ 暂无任务，休息60秒...
[周进化] ⏳ 暂无任务，休息60秒...
[吴模板] ⏳ 暂无任务，休息60秒...
[周禄存] ⏳ 暂无任务，休息60秒...
[郑路由] ⏳ 暂无任务，休息60秒...
[王规划] ⏳ 暂无任务，休息60秒...
[冯优化] ⏳ 暂无任务，休息60秒...
[钱调度] ⏳ 暂无任务，休息60秒...
[陈元灵] ⏳ 暂无任务，休息60秒...
[林对齐] ⏳ 暂无任务，休息60秒...
[朱图谱] ⏳ 暂无任务，休息60秒...
[平心理] ⏳ 暂无任务，休息60秒...
[水版本] ⏳ 暂无任务，休息60秒...
[葛消息] ⏳ 暂无任务，休息60秒...
[皮审计] ⏳ 暂无任务，休息60秒...
[赏界面] ⏳ 暂无任务，休息60秒...
[财SDK] ⏳ 暂无任务，休息60秒...
[蒋巨门] ⏳ 暂无任务，休息60秒...
[沈记忆] ⏳ 暂无任务，休息60秒...
[韩向量] ⏳ 暂无任务，休息60秒...
[杨检索] ⏳ 暂无任务，休息60秒...
[伍廉贞] ⏳ 暂无任务，休息60秒...
[余情绪] ⏳ 暂无任务，休息60秒...
[元人格] ⏳ 暂无任务，休息60秒...
[孟一致] ⏳ 暂无任务，休息60秒...
[谢武功] ⏳ 暂无任务，休息60秒...
[邹接口] ⏳ 暂无任务，休息60秒...
[喻发现] ⏳ 暂无任务，休息60秒...
[柏依赖] ⏳ 暂无任务，休息60秒...
[章破军] ⏳ 暂无任务，休息60秒...
[云沙箱] ⏳ 暂无任务，休息60秒...
[苏容器] ⏳ 暂无任务，休息60秒...
[潘外呼] ⏳ 暂无任务，休息60秒...
[倪左辅] ⏳ 暂无任务，休息60秒...
[汤K8s] ⏳ 暂无任务，休息60秒...
[殷用户] ⏳ 暂无任务，休息60秒...
[罗隔离] ⏳ 暂无任务，休息60秒...
[毕配置] ⏳ 暂无任务，休息60秒...
[周右弼] ⏳ 暂无任务，休息60秒...
[乐法律] ⏳ 暂无任务，休息60秒...
[于道德] ⏳ 暂无任务，休息60秒...
[时权限] ⏳ 暂无任务，休息60秒...
[薛贪狼] ⏳ 暂无任务，休息60秒...
[雷ASR] ⏳ 暂无任务，休息60秒...
[贺TTS] ⏳ 暂无任务，休息60秒...
[贡数字人] ⏳ 暂无任务，休息60秒...
[齐辅弼] ⏳ 暂无任务，休息60秒...
[康网关] ⏳ 暂无任务，休息60秒...
[和产品] ⏳ 暂无任务，休息60秒...
[穆文档] ⏳ 暂无任务，休息60秒...
[黄漂移] ⏳ 暂无任务，休息60秒...
[周进化] ⏳ 暂无任务，休息60秒...
[吴模板] ⏳ 暂无任务，休息60秒...
[周禄存] ⏳ 暂无任务，休息60秒...
[郑路由] ⏳ 暂无任务，休息60秒...
[王规划] ⏳ 暂无任务，休息60秒...
[冯优化] ⏳ 暂无任务，休息60秒...
[钱调度] ⏳ 暂无任务，休息60秒...
[陈元灵] ⏳ 暂无任务，休息60秒...
[林对齐] ⏳ 暂无任务，休息60秒...
[朱图谱] ⏳ 暂无任务，休息60秒...
[平心理] ⏳ 暂无任务，休息60秒...
[水版本] ⏳ 暂无任务，休息60秒...
[葛消息] ⏳ 暂无任务，休息60秒...
[皮审计] ⏳ 暂无任务，休息60秒...
[赏界面] ⏳ 暂无任务，休息60秒...
[财SDK] ⏳ 暂无任务，休息60秒...
[蒋巨门] ⏳ 暂无任务，休息60秒...
[沈记忆] ⏳ 暂无任务，休息60秒...
[韩向量] ⏳ 暂无任务，休息60秒...
[杨检索] ⏳ 暂无任务，休息60秒...
[伍廉贞] ⏳ 暂无任务，休息60秒...
[余情绪] ⏳ 暂无任务，休息60秒...
[元人格] ⏳ 暂无任务，休息60秒...
[孟一致] ⏳ 暂无任务，休息60秒...
[谢武功] ⏳ 暂无任务，休息60秒...
[邹接口] ⏳ 暂无任务，休息60秒...
[喻发现] ⏳ 暂无任务，休息60秒...
[柏依赖] ⏳ 暂无任务，休息60秒...
[章破军] ⏳ 暂无任务，休息60秒...
[云沙箱] ⏳ 暂无任务，休息60秒...
[苏容器] ⏳ 暂无任务，休息60秒...
[潘外呼] ⏳ 暂无任务，休息60秒...
[倪左辅] ⏳ 暂无任务，休息60秒...
[汤K8s] ⏳ 暂无任务，休息60秒...
[殷用户] ⏳ 暂无任务，休息60秒...
[罗隔离] ⏳ 暂无任务，休息60秒...
[毕配置] ⏳ 暂无任务，休息60秒...
[周右弼] ⏳ 暂无任务，休息60秒...
[乐法律] ⏳ 暂无任务，休息60秒...
[于道德] ⏳ 暂无任务，休息60秒...
[时权限] ⏳ 暂无任务，休息60秒...
[薛贪狼] ⏳ 暂无任务，休息60秒...
[雷ASR] ⏳ 暂无任务，休息60秒...
[贺TTS] ⏳ 暂无任务，休息60秒...
[贡数字人] ⏳ 暂无任务，休息60秒...
[齐辅弼] ⏳ 暂无任务，休息60秒...
[康网关] ⏳ 暂无任务，休息60秒...
[和产品] ⏳ 暂无任务，休息60秒...
[穆文档] ⏳ 暂无任务，休息60秒...
[黄漂移] ⏳ 暂无任务，休息60秒...
[周进化] ⏳ 暂无任务，休息60秒...
[吴模板] ⏳ 暂无任务，休息60秒...
[周禄存] ⏳ 暂无任务，休息60秒...
[郑路由] ⏳ 暂无任务，休息60秒...
[王规划] ⏳ 暂无任务，休息60秒...
[冯优化] ⏳ 暂无任务，休息60秒...
[钱调度] ⏳ 暂无任务，休息60秒...
[陈元灵] ⏳ 暂无任务，休息60秒...
[林对齐] ⏳ 暂无任务，休息60秒...
[朱图谱] ⏳ 暂无任务，休息60秒...
[平心理] ⏳ 暂无任务，休息60秒...
[水版本] ⏳ 暂无任务，休息60秒...
[葛消息] ⏳ 暂无任务，休息60秒...
[皮审计] ⏳ 暂无任务，休息60秒...
[赏界面] ⏳ 暂无任务，休息60秒...
[财SDK] ⏳ 暂无任务，休息60秒...
[蒋巨门] ⏳ 暂无任务，休息60秒...
[沈记忆] ⏳ 暂无任务，休息60秒...
[韩向量] ⏳ 暂无任务，休息60秒...
[杨检索] ⏳ 暂无任务，休息60秒...
[伍廉贞] ⏳ 暂无任务，休息60秒...
[余情绪] ⏳ 暂无任务，休息60秒...
[元人格] ⏳ 暂无任务，休息60秒...
[孟一致] ⏳ 暂无任务，休息60秒...
[谢武功] ⏳ 暂无任务，休息60秒...
[邹接口] ⏳ 暂无任务，休息60秒...
[喻发现] ⏳ 暂无任务，休息60秒...
[柏依赖] ⏳ 暂无任务，休息60秒...
[章破军] ⏳ 暂无任务，休息60秒...
[云沙箱] ⏳ 暂无任务，休息60秒...
[苏容器] ⏳ 暂无任务，休息60秒...
[潘外呼] ⏳ 暂无任务，休息60秒...
[倪左辅] ⏳ 暂无任务，休息60秒...
[汤K8s] ⏳ 暂无任务，休息60秒...
[殷用户] ⏳ 暂无任务，休息60秒...
[罗隔离] ⏳ 暂无任务，休息60秒...
[毕配置] ⏳ 暂无任务，休息60秒...
[周右弼] ⏳ 暂无任务，休息60秒...
[乐法律] ⏳ 暂无任务，休息60秒...
[于道德] ⏳ 暂无任务，休息60秒...
[时权限] ⏳ 暂无任务，休息60秒...
[薛贪狼] ⏳ 暂无任务，休息60秒...
[雷ASR] ⏳ 暂无任务，休息60秒...
[贺TTS] ⏳ 暂无任务，休息60秒...
[贡数字人] ⏳ 暂无任务，休息60秒...
[齐辅弼] ⏳ 暂无任务，休息60秒...
[康网关] ⏳ 暂无任务，休息60秒...
[和产品] ⏳ 暂无任务，休息60秒...
[穆文档] ⏳ 暂无任务，休息60秒...
[黄漂移] ⏳ 暂无任务，休息60秒...
[周进化] ⏳ 暂无任务，休息60秒...
[吴模板] ⏳ 暂无任务，休息60秒...
[周禄存] ⏳ 暂无任务，休息60秒...
[郑路由] ⏳ 暂无任务，休息60秒...
[王规划] ⏳ 暂无任务，休息60秒...
[冯优化] ⏳ 暂无任务，休息60秒...
[钱调度] ⏳ 暂无任务，休息60秒...
[陈元灵] ⏳ 暂无任务，休息60秒...
[林对齐] ⏳ 暂无任务，休息60秒...
[朱图谱] ⏳ 暂无任务，休息60秒...
[平心理] ⏳ 暂无任务，休息60秒...
[水版本] ⏳ 暂无任务，休息60秒...
[葛消息] ⏳ 暂无任务，休息60秒...
[皮审计] ⏳ 暂无任务，休息60秒...
[赏界面] ⏳ 暂无任务，休息60秒...
[财SDK] ⏳ 暂无任务，休息60秒...
[蒋巨门] ⏳ 暂无任务，休息60秒...
[沈记忆] ⏳ 暂无任务，休息60秒...
[韩向量] ⏳ 暂无任务，休息60秒...
[杨检索] ⏳ 暂无任务，休息60秒...
[伍廉贞] ⏳ 暂无任务，休息60秒...
[余情绪] ⏳ 暂无任务，休息60秒...
[元人格] ⏳ 暂无任务，休息60秒...
[孟一致] ⏳ 暂无任务，休息60秒...
[谢武功] ⏳ 暂无任务，休息60秒...
[邹接口] ⏳ 暂无任务，休息60秒...
[喻发现] ⏳ 暂无任务，休息60秒...
[柏依赖] ⏳ 暂无任务，休息60秒...
[章破军] ⏳ 暂无任务，休息60秒...
[云沙箱] ⏳ 暂无任务，休息60秒...
[苏容器] ⏳ 暂无任务，休息60秒...
[潘外呼] ⏳ 暂无任务，休息60秒...
[倪左辅] ⏳ 暂无任务，休息60秒...
[汤K8s] ⏳ 暂无任务，休息60秒...
[殷用户] ⏳ 暂无任务，休息60秒...
[罗隔离] ⏳ 暂无任务，休息60秒...
[毕配置] ⏳ 暂无任务，休息60秒...
[周右弼] ⏳ 暂无任务，休息60秒...
[乐法律] ⏳ 暂无任务，休息60秒...
[于道德] ⏳ 暂无任务，休息60秒...
[时权限] ⏳ 暂无任务，休息60秒...
[薛贪狼] ⏳ 暂无任务，休息60秒...
[雷ASR] ⏳ 暂无任务，休息60秒...
[贺TTS] ⏳ 暂无任务，休息60秒...
[贡数字人] ⏳ 暂无任务，休息60秒...
[齐辅弼] ⏳ 暂无任务，休息60秒...
[康网关] ⏳ 暂无任务，休息60秒...
[和产品] ⏳ 暂无任务，休息60秒...
[穆文档] ⏳ 暂无任务，休息60秒...
[黄漂移] ⏳ 暂无任务，休息60秒...
[周进化] ⏳ 暂无任务，休息60秒...
[吴模板] ⏳ 暂无任务，休息60秒...
[周禄存] ⏳ 暂无任务，休息60秒...
[郑路由] ⏳ 暂无任务，休息60秒...
[王规划] ⏳ 暂无任务，休息60秒...
[冯优化] ⏳ 暂无任务，休息60秒...
[钱调度] ⏳ 暂无任务，休息60秒...
[陈元灵] ⏳ 暂无任务，休息60秒...
[林对齐] ⏳ 暂无任务，休息60秒...
[朱图谱] ⏳ 暂无任务，休息60秒...
[平心理] ⏳ 暂无任务，休息60秒...
[水版本] ⏳ 暂无任务，休息60秒...
[葛消息] ⏳ 暂无任务，休息60秒...
[皮审计] ⏳ 暂无任务，休息60秒...
[赏界面] ⏳ 暂无任务，休息60秒...
[财SDK] ⏳ 暂无任务，休息60秒...
[蒋巨门] ⏳ 暂无任务，休息60秒...
[沈记忆] ⏳ 暂无任务，休息60秒...
[韩向量] ⏳ 暂无任务，休息60秒...
[杨检索] ⏳ 暂无任务，休息60秒...
[伍廉贞] ⏳ 暂无任务，休息60秒...
[余情绪] ⏳ 暂无任务，休息60秒...
[元人格] ⏳ 暂无任务，休息60秒...
[孟一致] ⏳ 暂无任务，休息60秒...
[谢武功] ⏳ 暂无任务，休息60秒...
[邹接口] ⏳ 暂无任务，休息60秒...
[喻发现] ⏳ 暂无任务，休息60秒...
[柏依赖] ⏳ 暂无任务，休息60秒...
[章破军] ⏳ 暂无任务，休息60秒...
[云沙箱] ⏳ 暂无任务，休息60秒...
[苏容器] ⏳ 暂无任务，休息60秒...
[潘外呼] ⏳ 暂无任务，休息60秒...
[倪左辅] ⏳ 暂无任务，休息60秒...
[汤K8s] ⏳ 暂无任务，休息60秒...
[殷用户] ⏳ 暂无任务，休息60秒...
[罗隔离] ⏳ 暂无任务，休息60秒...
[毕配置] ⏳ 暂无任务，休息60秒...
[周右弼] ⏳ 暂无任务，休息60秒...
[乐法律] ⏳ 暂无任务，休息60秒...
[于道德] ⏳ 暂无任务，休息60秒...
[时权限] ⏳ 暂无任务，休息60秒...
[薛贪狼] ⏳ 暂无任务，休息60秒...
[雷ASR] ⏳ 暂无任务，休息60秒...
[贺TTS] ⏳ 暂无任务，休息60秒...
[贡数字人] ⏳ 暂无任务，休息60秒...
[齐辅弼] ⏳ 暂无任务，休息60秒...
[康网关] ⏳ 暂无任务，休息60秒...
[和产品] ⏳ 暂无任务，休息60秒...
[穆文档] ⏳ 暂无任务，休息60秒...
[黄漂移] ⏳ 暂无任务，休息60秒...
[周进化] ⏳ 暂无任务，休息60秒...
[吴模板] ⏳ 暂无任务，休息60秒...
[周禄存] ⏳ 暂无任务，休息60秒...
[郑路由] ⏳ 暂无任务，休息60秒...
[王规划] ⏳ 暂无任务，休息60秒...
[冯优化] ⏳ 暂无任务，休息60秒...
[钱调度] ⏳ 暂无任务，休息60秒...
[陈元灵] ⏳ 暂无任务，休息60秒...
[林对齐] ⏳ 暂无任务，休息60秒...
[朱图谱] ⏳ 暂无任务，休息60秒...
[平心理] ⏳ 暂无任务，休息60秒...
[水版本] ⏳ 暂无任务，休息60秒...
[葛消息] ⏳ 暂无任务，休息60秒...
[皮审计] ⏳ 暂无任务，休息60秒...
[赏界面] ⏳ 暂无任务，休息60秒...
[财SDK] ⏳ 暂无任务，休息60秒...
[蒋巨门] ⏳ 暂无任务，休息60秒...
[沈记忆] ⏳ 暂无任务，休息60秒...
[韩向量] ⏳ 暂无任务，休息60秒...
[杨检索] ⏳ 暂无任务，休息60秒...
[伍廉贞] ⏳ 暂无任务，休息60秒...
[余情绪] ⏳ 暂无任务，休息60秒...
[元人格] ⏳ 暂无任务，休息60秒...
[孟一致] ⏳ 暂无任务，休息60秒...
[谢武功] ⏳ 暂无任务，休息60秒...
[邹接口] ⏳ 暂无任务，休息60秒...
[喻发现] ⏳ 暂无任务，休息60秒...
[柏依赖] ⏳ 暂无任务，休息60秒...
[章破军] ⏳ 暂无任务，休息60秒...
[云沙箱] ⏳ 暂无任务，休息60秒...
[苏容器] ⏳ 暂无任务，休息60秒...
[潘外呼] ⏳ 暂无任务，休息60秒...
[倪左辅] ⏳ 暂无任务，休息60秒...
[汤K8s] ⏳ 暂无任务，休息60秒...
[殷用户] ⏳ 暂无任务，休息60秒...
[罗隔离] ⏳ 暂无任务，休息60秒...
[毕配置] ⏳ 暂无任务，休息60秒...
[周右弼] ⏳ 暂无任务，休息60秒...
[乐法律] ⏳ 暂无任务，休息60秒...
[于道德] ⏳ 暂无任务，休息60秒...
[时权限] ⏳ 暂无任务，休息60秒...
[薛贪狼] ⏳ 暂无任务，休息60秒...
[雷ASR] ⏳ 暂无任务，休息60秒...
[贺TTS] ⏳ 暂无任务，休息60秒...
[贡数字人] ⏳ 暂无任务，休息60秒...
[齐辅弼] ⏳ 暂无任务，休息60秒...
[康网关] ⏳ 暂无任务，休息60秒...
[和产品] ⏳ 暂无任务，休息60秒...
[穆文档] ⏳ 暂无任务，休息60秒...
[黄漂移] ⏳ 暂无任务，休息60秒...
[周进化] ⏳ 暂无任务，休息60秒...
[吴模板] ⏳ 暂无任务，休息60秒...
[周禄存] ⏳ 暂无任务，休息60秒...
[郑路由] ⏳ 暂无任务，休息60秒...
[王规划] ⏳ 暂无任务，休息60秒...
[冯优化] ⏳ 暂无任务，休息60秒...
[钱调度] ⏳ 暂无任务，休息60秒...
[陈元灵] ⏳ 暂无任务，休息60秒...
[林对齐] ⏳ 暂无任务，休息60秒...
[朱图谱] ⏳ 暂无任务，休息60秒...
[平心理] ⏳ 暂无任务，休息60秒...
[水版本] ⏳ 暂无任务，休息60秒...
[葛消息] ⏳ 暂无任务，休息60秒...
[皮审计] ⏳ 暂无任务，休息60秒...
[赏界面] ⏳ 暂无任务，休息60秒...
[财SDK] ⏳ 暂无任务，休息60秒...
[蒋巨门] ⏳ 暂无任务，休息60秒...
[沈记忆] ⏳ 暂无任务，休息60秒...
[韩向量] ⏳ 暂无任务，休息60秒...
[杨检索] ⏳ 暂无任务，休息60秒...
[伍廉贞] ⏳ 暂无任务，休息60秒...
[余情绪] ⏳ 暂无任务，休息60秒...
[元人格] ⏳ 暂无任务，休息60秒...
[孟一致] ⏳ 暂无任务，休息60秒...
[谢武功] ⏳ 暂无任务，休息60秒...
[邹接口] ⏳ 暂无任务，休息60秒...
[喻发现] ⏳ 暂无任务，休息60秒...
[柏依赖] ⏳ 暂无任务，休息60秒...
[章破军] ⏳ 暂无任务，休息60秒...
[云沙箱] ⏳ 暂无任务，休息60秒...
[苏容器] ⏳ 暂无任务，休息60秒...
[潘外呼] ⏳ 暂无任务，休息60秒...
[倪左辅] ⏳ 暂无任务，休息60秒...
[汤K8s] ⏳ 暂无任务，休息60秒...
[殷用户] ⏳ 暂无任务，休息60秒...
[罗隔离] ⏳ 暂无任务，休息60秒...
[毕配置] ⏳ 暂无任务，休息60秒...
[周右弼] ⏳ 暂无任务，休息60秒...
[乐法律] ⏳ 暂无任务，休息60秒...
[于道德] ⏳ 暂无任务，休息60秒...
[时权限] ⏳ 暂无任务，休息60秒...
[薛贪狼] ⏳ 暂无任务，休息60秒...
[雷ASR] ⏳ 暂无任务，休息60秒...
[贺TTS] ⏳ 暂无任务，休息60秒...
[贡数字人] ⏳ 暂无任务，休息60秒...
[齐辅弼] ⏳ 暂无任务，休息60秒...
[康网关] ⏳ 暂无任务，休息60秒...
[和产品] ⏳ 暂无任务，休息60秒...
[穆文档] ⏳ 暂无任务，休息60秒...
[黄漂移] ⏳ 暂无任务，休息60秒...
[周进化] ⏳ 暂无任务，休息60秒...
[吴模板] ⏳ 暂无任务，休息60秒...
[周禄存] ⏳ 暂无任务，休息60秒...
[郑路由] ⏳ 暂无任务，休息60秒...
[王规划] ⏳ 暂无任务，休息60秒...
[冯优化] ⏳ 暂无任务，休息60秒...
[钱调度] ⏳ 暂无任务，休息60秒...
[陈元灵] ⏳ 暂无任务，休息60秒...
[林对齐] ⏳ 暂无任务，休息60秒...
[朱图谱] ⏳ 暂无任务，休息60秒...
[平心理] ⏳ 暂无任务，休息60秒...
[水版本] ⏳ 暂无任务，休息60秒...
[葛消息] ⏳ 暂无任务，休息60秒...
[皮审计] ⏳ 暂无任务，休息60秒...
[赏界面] ⏳ 暂无任务，休息60秒...
[财SDK] ⏳ 暂无任务，休息60秒...
[蒋巨门] ⏳ 暂无任务，休息60秒...
[沈记忆] ⏳ 暂无任务，休息60秒...
[韩向量] ⏳ 暂无任务，休息60秒...
[杨检索] ⏳ 暂无任务，休息60秒...
[伍廉贞] ⏳ 暂无任务，休息60秒...
[余情绪] ⏳ 暂无任务，休息60秒...
[元人格] ⏳ 暂无任务，休息60秒...
[孟一致] ⏳ 暂无任务，休息60秒...
[谢武功] ⏳ 暂无任务，休息60秒...
[邹接口] ⏳ 暂无任务，休息60秒...
[喻发现] ⏳ 暂无任务，休息60秒...
[柏依赖] ⏳ 暂无任务，休息60秒...
[章破军] ⏳ 暂无任务，休息60秒...
[云沙箱] ⏳ 暂无任务，休息60秒...
[苏容器] ⏳ 暂无任务，休息60秒...
[潘外呼] ⏳ 暂无任务，休息60秒...
[倪左辅] ⏳ 暂无任务，休息60秒...
[汤K8s] ⏳ 暂无任务，休息60秒...
[殷用户] ⏳ 暂无任务，休息60秒...
[罗隔离] ⏳ 暂无任务，休息60秒...
[毕配置] ⏳ 暂无任务，休息60秒...
[周右弼] ⏳ 暂无任务，休息60秒...
[乐法律] ⏳ 暂无任务，休息60秒...
[于道德] ⏳ 暂无任务，休息60秒...
[时权限] ⏳ 暂无任务，休息60秒...
[薛贪狼] ⏳ 暂无任务，休息60秒...
[雷ASR] ⏳ 暂无任务，休息60秒...
[贺TTS] ⏳ 暂无任务，休息60秒...
[贡数字人] ⏳ 暂无任务，休息60秒...
[齐辅弼] ⏳ 暂无任务，休息60秒...
[康网关] ⏳ 暂无任务，休息60秒...
[和产品] ⏳ 暂无任务，休息60秒...
[穆文档] ⏳ 暂无任务，休息60秒...
[黄漂移] ⏳ 暂无任务，休息60秒...
[周进化] ⏳ 暂无任务，休息60秒...
[吴模板] ⏳ 暂无任务，休息60秒...
[周禄存] ⏳ 暂无任务，休息60秒...
[郑路由] ⏳ 暂无任务，休息60秒...
[王规划] ⏳ 暂无任务，休息60秒...
[冯优化] ⏳ 暂无任务，休息60秒...
[钱调度] ⏳ 暂无任务，休息60秒...
[陈元灵] ⏳ 暂无任务，休息60秒...
[林对齐] ⏳ 暂无任务，休息60秒...
[朱图谱] ⏳ 暂无任务，休息60秒...
[平心理] ⏳ 暂无任务，休息60秒...
[水版本] ⏳ 暂无任务，休息60秒...
[葛消息] ⏳ 暂无任务，休息60秒...
[皮审计] ⏳ 暂无任务，休息60秒...
[赏界面] ⏳ 暂无任务，休息60秒...
[财SDK] ⏳ 暂无任务，休息60秒...
[蒋巨门] ⏳ 暂无任务，休息60秒...
[沈记忆] ⏳ 暂无任务，休息60秒...
[韩向量] ⏳ 暂无任务，休息60秒...
[杨检索] ⏳ 暂无任务，休息60秒...
[伍廉贞] ⏳ 暂无任务，休息60秒...
[余情绪] ⏳ 暂无任务，休息60秒...
[元人格] ⏳ 暂无任务，休息60秒...
[孟一致] ⏳ 暂无任务，休息60秒...
[谢武功] ⏳ 暂无任务，休息60秒...
[邹接口] ⏳ 暂无任务，休息60秒...
[喻发现] ⏳ 暂无任务，休息60秒...
[柏依赖] ⏳ 暂无任务，休息60秒...
[章破军] ⏳ 暂无任务，休息60秒...
[云沙箱] ⏳ 暂无任务，休息60秒...
[苏容器] ⏳ 暂无任务，休息60秒...
[潘外呼] ⏳ 暂无任务，休息60秒...
[倪左辅] ⏳ 暂无任务，休息60秒...
[汤K8s] ⏳ 暂无任务，休息60秒...
[殷用户] ⏳ 暂无任务，休息60秒...
[罗隔离] ⏳ 暂无任务，休息60秒...
[毕配置] ⏳ 暂无任务，休息60秒...
[周右弼] ⏳ 暂无任务，休息60秒...
[乐法律] ⏳ 暂无任务，休息60秒...
[于道德] ⏳ 暂无任务，休息60秒...
[时权限] ⏳ 暂无任务，休息60秒...
[薛贪狼] ⏳ 暂无任务，休息60秒...
[雷ASR] ⏳ 暂无任务，休息60秒...
[贺TTS] ⏳ 暂无任务，休息60秒...
[贡数字人] ⏳ 暂无任务，休息60秒...
[齐辅弼] ⏳ 暂无任务，休息60秒...
[康网关] ⏳ 暂无任务，休息60秒...
[和产品] ⏳ 暂无任务，休息60秒...
[穆文档] ⏳ 暂无任务，休息60秒...
[黄漂移] ⏳ 暂无任务，休息60秒...
[周进化] ⏳ 暂无任务，休息60秒...
[吴模板] ⏳ 暂无任务，休息60秒...
[周禄存] ⏳ 暂无任务，休息60秒...
[郑路由] ⏳ 暂无任务，休息60秒...
[王规划] ⏳ 暂无任务，休息60秒...
[冯优化] ⏳ 暂无任务，休息60秒...
[钱调度] ⏳ 暂无任务，休息60秒...
[陈元灵] ⏳ 暂无任务，休息60秒...
[林对齐] ⏳ 暂无任务，休息60秒...
[朱图谱] ⏳ 暂无任务，休息60秒...
[平心理] ⏳ 暂无任务，休息60秒...
[水版本] ⏳ 暂无任务，休息60秒...
[葛消息] ⏳ 暂无任务，休息60秒...
[皮审计] ⏳ 暂无任务，休息60秒...
[赏界面] ⏳ 暂无任务，休息60秒...
[财SDK] ⏳ 暂无任务，休息60秒...
[蒋巨门] ⏳ 暂无任务，休息60秒...
[沈记忆] ⏳ 暂无任务，休息60秒...
[韩向量] ⏳ 暂无任务，休息60秒...
[杨检索] ⏳ 暂无任务，休息60秒...
[伍廉贞] ⏳ 暂无任务，休息60秒...
[余情绪] ⏳ 暂无任务，休息60秒...
[元人格] ⏳ 暂无任务，休息60秒...
[孟一致] ⏳ 暂无任务，休息60秒...
[谢武功] ⏳ 暂无任务，休息60秒...
[邹接口] ⏳ 暂无任务，休息60秒...
[喻发现] ⏳ 暂无任务，休息60秒...
[柏依赖] ⏳ 暂无任务，休息60秒...
[章破军] ⏳ 暂无任务，休息60秒...
[云沙箱] ⏳ 暂无任务，休息60秒...
[苏容器] ⏳ 暂无任务，休息60秒...
[潘外呼] ⏳ 暂无任务，休息60秒...
[倪左辅] ⏳ 暂无任务，休息60秒...
[汤K8s] ⏳ 暂无任务，休息60秒...
[殷用户] ⏳ 暂无任务，休息60秒...
[罗隔离] ⏳ 暂无任务，休息60秒...
[毕配置] ⏳ 暂无任务，休息60秒...
[周右弼] ⏳ 暂无任务，休息60秒...
[乐法律] ⏳ 暂无任务，休息60秒...
[于道德] ⏳ 暂无任务，休息60秒...
[时权限] ⏳ 暂无任务，休息60秒...
[薛贪狼] ⏳ 暂无任务，休息60秒...
[雷ASR] ⏳ 暂无任务，休息60秒...
[贺TTS] ⏳ 暂无任务，休息60秒...
[贡数字人] ⏳ 暂无任务，休息60秒...
[齐辅弼] ⏳ 暂无任务，休息60秒...
[康网关] ⏳ 暂无任务，休息60秒...
[和产品] ⏳ 暂无任务，休息60秒...
[穆文档] ⏳ 暂无任务，休息60秒...
[黄漂移] ⏳ 暂无任务，休息60秒...
[周进化] ⏳ 暂无任务，休息60秒...
[吴模板] ⏳ 暂无任务，休息60秒...
[周禄存] ⏳ 暂无任务，休息60秒...
[郑路由] ⏳ 暂无任务，休息60秒...
[王规划] ⏳ 暂无任务，休息60秒...
[冯优化] ⏳ 暂无任务，休息60秒...
[钱调度] ⏳ 暂无任务，休息60秒...
[陈元灵] ⏳ 暂无任务，休息60秒...
[林对齐] ⏳ 暂无任务，休息60秒...
[朱图谱] ⏳ 暂无任务，休息60秒...
[平心理] ⏳ 暂无任务，休息60秒...
[水版本] ⏳ 暂无任务，休息60秒...
[葛消息] ⏳ 暂无任务，休息60秒...
[皮审计] ⏳ 暂无任务，休息60秒...
[赏界面] ⏳ 暂无任务，休息60秒...
[财SDK] ⏳ 暂无任务，休息60秒...
[蒋巨门] ⏳ 暂无任务，休息60秒...
[沈记忆] ⏳ 暂无任务，休息60秒...
[韩向量] ⏳ 暂无任务，休息60秒...
[杨检索] ⏳ 暂无任务，休息60秒...
[伍廉贞] ⏳ 暂无任务，休息60秒...
[余情绪] ⏳ 暂无任务，休息60秒...
[元人格] ⏳ 暂无任务，休息60秒...
[孟一致] ⏳ 暂无任务，休息60秒...
[谢武功] ⏳ 暂无任务，休息60秒...
[邹接口] ⏳ 暂无任务，休息60秒...
[喻发现] ⏳ 暂无任务，休息60秒...
[柏依赖] ⏳ 暂无任务，休息60秒...
[章破军] ⏳ 暂无任务，休息60秒...
[云沙箱] ⏳ 暂无任务，休息60秒...
[苏容器] ⏳ 暂无任务，休息60秒...
[潘外呼] ⏳ 暂无任务，休息60秒...
[倪左辅] ⏳ 暂无任务，休息60秒...
[汤K8s] ⏳ 暂无任务，休息60秒...
[殷用户] ⏳ 暂无任务，休息60秒...
[罗隔离] ⏳ 暂无任务，休息60秒...
[毕配置] ⏳ 暂无任务，休息60秒...
[周右弼] ⏳ 暂无任务，休息60秒...
[乐法律] ⏳ 暂无任务，休息60秒...
[于道德] ⏳ 暂无任务，休息60秒...
[时权限] ⏳ 暂无任务，休息60秒...
[薛贪狼] ⏳ 暂无任务，休息60秒...
[雷ASR] ⏳ 暂无任务，休息60秒...
[贺TTS] ⏳ 暂无任务，休息60秒...
[贡数字人] ⏳ 暂无任务，休息60秒...
[齐辅弼] ⏳ 暂无任务，休息60秒...
[康网关] ⏳ 暂无任务，休息60秒...
[和产品] ⏳ 暂无任务，休息60秒...
[穆文档] ⏳ 暂无任务，休息60秒...
[黄漂移] ⏳ 暂无任务，休息60秒...
[周进化] ⏳ 暂无任务，休息60秒...
[吴模板] ⏳ 暂无任务，休息60秒...
[周禄存] ⏳ 暂无任务，休息60秒...
[郑路由] ⏳ 暂无任务，休息60秒...
[王规划] ⏳ 暂无任务，休息60秒...
[冯优化] ⏳ 暂无任务，休息60秒...
[钱调度] ⏳ 暂无任务，休息60秒...
[陈元灵] ⏳ 暂无任务，休息60秒...
[林对齐] ⏳ 暂无任务，休息60秒...
[朱图谱] ⏳ 暂无任务，休息60秒...
[平心理] ⏳ 暂无任务，休息60秒...
[水版本] ⏳ 暂无任务，休息60秒...
[葛消息] ⏳ 暂无任务，休息60秒...
[皮审计] ⏳ 暂无任务，休息60秒...
[赏界面] ⏳ 暂无任务，休息60秒...
[财SDK] ⏳ 暂无任务，休息60秒...
[蒋巨门] ⏳ 暂无任务，休息60秒...
[沈记忆] ⏳ 暂无任务，休息60秒...
[韩向量] ⏳ 暂无任务，休息60秒...
[杨检索] ⏳ 暂无任务，休息60秒...
[伍廉贞] ⏳ 暂无任务，休息60秒...
[余情绪] ⏳ 暂无任务，休息60秒...
[元人格] ⏳ 暂无任务，休息60秒...
[孟一致] ⏳ 暂无任务，休息60秒...
[谢武功] ⏳ 暂无任务，休息60秒...
[邹接口] ⏳ 暂无任务，休息60秒...
[喻发现] ⏳ 暂无任务，休息60秒...
[柏依赖] ⏳ 暂无任务，休息60秒...
[章破军] ⏳ 暂无任务，休息60秒...
[云沙箱] ⏳ 暂无任务，休息60秒...
[苏容器] ⏳ 暂无任务，休息60秒...
[潘外呼] ⏳ 暂无任务，休息60秒...
[倪左辅] ⏳ 暂无任务，休息60秒...
[汤K8s] ⏳ 暂无任务，休息60秒...
[殷用户] ⏳ 暂无任务，休息60秒...
[罗隔离] ⏳ 暂无任务，休息60秒...
[毕配置] ⏳ 暂无任务，休息60秒...
[周右弼] ⏳ 暂无任务，休息60秒...
[乐法律] ⏳ 暂无任务，休息60秒...
[于道德] ⏳ 暂无任务，休息60秒...
[时权限] ⏳ 暂无任务，休息60秒...
[薛贪狼] ⏳ 暂无任务，休息60秒...
[雷ASR] ⏳ 暂无任务，休息60秒...
[贺TTS] ⏳ 暂无任务，休息60秒...
[贡数字人] ⏳ 暂无任务，休息60秒...
[齐辅弼] ⏳ 暂无任务，休息60秒...
[康网关] ⏳ 暂无任务，休息60秒...
[和产品] ⏳ 暂无任务，休息60秒...
[穆文档] ⏳ 暂无任务，休息60秒...
[黄漂移] ⏳ 暂无任务，休息60秒...
[周进化] ⏳ 暂无任务，休息60秒...
[吴模板] ⏳ 暂无任务，休息60秒...
[周禄存] ⏳ 暂无任务，休息60秒...
[郑路由] ⏳ 暂无任务，休息60秒...
[王规划] ⏳ 暂无任务，休息60秒...
[冯优化] ⏳ 暂无任务，休息60秒...
[钱调度] ⏳ 暂无任务，休息60秒...
[陈元灵] ⏳ 暂无任务，休息60秒...
[林对齐] ⏳ 暂无任务，休息60秒...
[朱图谱] ⏳ 暂无任务，休息60秒...
[平心理] ⏳ 暂无任务，休息60秒...
[水版本] ⏳ 暂无任务，休息60秒...
[葛消息] ⏳ 暂无任务，休息60秒...
[皮审计] ⏳ 暂无任务，休息60秒...
[赏界面] ⏳ 暂无任务，休息60秒...
[财SDK] ⏳ 暂无任务，休息60秒...
[蒋巨门] ⏳ 暂无任务，休息60秒...
[沈记忆] ⏳ 暂无任务，休息60秒...
[韩向量] ⏳ 暂无任务，休息60秒...
[杨检索] ⏳ 暂无任务，休息60秒...
[伍廉贞] ⏳ 暂无任务，休息60秒...
[余情绪] ⏳ 暂无任务，休息60秒...
[元人格] ⏳ 暂无任务，休息60秒...
[孟一致] ⏳ 暂无任务，休息60秒...
[谢武功] ⏳ 暂无任务，休息60秒...
[邹接口] ⏳ 暂无任务，休息60秒...
[喻发现] ⏳ 暂无任务，休息60秒...
[柏依赖] ⏳ 暂无任务，休息60秒...
[章破军] ⏳ 暂无任务，休息60秒...
[云沙箱] ⏳ 暂无任务，休息60秒...
[苏容器] ⏳ 暂无任务，休息60秒...
[潘外呼] ⏳ 暂无任务，休息60秒...
[倪左辅] ⏳ 暂无任务，休息60秒...
[汤K8s] ⏳ 暂无任务，休息60秒...
[殷用户] ⏳ 暂无任务，休息60秒...
[罗隔离] ⏳ 暂无任务，休息60秒...
[毕配置] ⏳ 暂无任务，休息60秒...
[周右弼] ⏳ 暂无任务，休息60秒...
[乐法律] ⏳ 暂无任务，休息60秒...
[于道德] ⏳ 暂无任务，休息60秒...
[时权限] ⏳ 暂无任务，休息60秒...
[薛贪狼] ⏳ 暂无任务，休息60秒...
[雷ASR] ⏳ 暂无任务，休息60秒...
[贺TTS] ⏳ 暂无任务，休息60秒...
[贡数字人] ⏳ 暂无任务，休息60秒...
[齐辅弼] ⏳ 暂无任务，休息60秒...
[康网关] ⏳ 暂无任务，休息60秒...
[和产品] ⏳ 暂无任务，休息60秒...
[穆文档] ⏳ 暂无任务，休息60秒...
[黄漂移] ⏳ 暂无任务，休息60秒...
[周进化] ⏳ 暂无任务，休息60秒...
[吴模板] ⏳ 暂无任务，休息60秒...
[周禄存] ⏳ 暂无任务，休息60秒...
[郑路由] ⏳ 暂无任务，休息60秒...
[王规划] ⏳ 暂无任务，休息60秒...
[冯优化] ⏳ 暂无任务，休息60秒...
[钱调度] ⏳ 暂无任务，休息60秒...
[陈元灵] ⏳ 暂无任务，休息60秒...
[林对齐] ⏳ 暂无任务，休息60秒...
[朱图谱] ⏳ 暂无任务，休息60秒...
[平心理] ⏳ 暂无任务，休息60秒...
[水版本] ⏳ 暂无任务，休息60秒...
[葛消息] ⏳ 暂无任务，休息60秒...
[皮审计] ⏳ 暂无任务，休息60秒...
[赏界面] ⏳ 暂无任务，休息60秒...
[财SDK] ⏳ 暂无任务，休息60秒...
[蒋巨门] ⏳ 暂无任务，休息60秒...
[沈记忆] ⏳ 暂无任务，休息60秒...
[韩向量] ⏳ 暂无任务，休息60秒...
[杨检索] ⏳ 暂无任务，休息60秒...
[伍廉贞] ⏳ 暂无任务，休息60秒...
[余情绪] ⏳ 暂无任务，休息60秒...
[元人格] ⏳ 暂无任务，休息60秒...
[孟一致] ⏳ 暂无任务，休息60秒...
[谢武功] ⏳ 暂无任务，休息60秒...
[邹接口] ⏳ 暂无任务，休息60秒...
[喻发现] ⏳ 暂无任务，休息60秒...
[柏依赖] ⏳ 暂无任务，休息60秒...
[章破军] ⏳ 暂无任务，休息60秒...
[云沙箱] ⏳ 暂无任务，休息60秒...
[苏容器] ⏳ 暂无任务，休息60秒...
[潘外呼] ⏳ 暂无任务，休息60秒...
[倪左辅] ⏳ 暂无任务，休息60秒...
[汤K8s] ⏳ 暂无任务，休息60秒...
[殷用户] ⏳ 暂无任务，休息60秒...
[罗隔离] ⏳ 暂无任务，休息60秒...
[毕配置] ⏳ 暂无任务，休息60秒...
[周右弼] ⏳ 暂无任务，休息60秒...
[乐法律] ⏳ 暂无任务，休息60秒...
[于道德] ⏳ 暂无任务，休息60秒...
[时权限] ⏳ 暂无任务，休息60秒...
[薛贪狼] ⏳ 暂无任务，休息60秒...
[雷ASR] ⏳ 暂无任务，休息60秒...
[贺TTS] ⏳ 暂无任务，休息60秒...
[贡数字人] ⏳ 暂无任务，休息60秒...
[齐辅弼] ⏳ 暂无任务，休息60秒...
[康网关] ⏳ 暂无任务，休息60秒...
[和产品] ⏳ 暂无任务，休息60秒...
[穆文档] ⏳ 暂无任务，休息60秒...
[黄漂移] ⏳ 暂无任务，休息60秒...
[周进化] ⏳ 暂无任务，休息60秒...
[吴模板] ⏳ 暂无任务，休息60秒...
[周禄存] ⏳ 暂无任务，休息60秒...
[郑路由] ⏳ 暂无任务，休息60秒...
[王规划] ⏳ 暂无任务，休息60秒...
[冯优化] ⏳ 暂无任务，休息60秒...
[钱调度] ⏳ 暂无任务，休息60秒...
[陈元灵] ⏳ 暂无任务，休息60秒...
[林对齐] ⏳ 暂无任务，休息60秒...
[朱图谱] ⏳ 暂无任务，休息60秒...
[平心理] ⏳ 暂无任务，休息60秒...
[水版本] ⏳ 暂无任务，休息60秒...
[葛消息] ⏳ 暂无任务，休息60秒...
[皮审计] ⏳ 暂无任务，休息60秒...
[赏界面] ⏳ 暂无任务，休息60秒...
[财SDK] ⏳ 暂无任务，休息60秒...
[蒋巨门] ⏳ 暂无任务，休息60秒...
[沈记忆] ⏳ 暂无任务，休息60秒...
[韩向量] ⏳ 暂无任务，休息60秒...
[杨检索] ⏳ 暂无任务，休息60秒...
[伍廉贞] ⏳ 暂无任务，休息60秒...
[余情绪] ⏳ 暂无任务，休息60秒...
[元人格] ⏳ 暂无任务，休息60秒...
[孟一致] ⏳ 暂无任务，休息60秒...
[谢武功] ⏳ 暂无任务，休息60秒...
[邹接口] ⏳ 暂无任务，休息60秒...
[喻发现] ⏳ 暂无任务，休息60秒...
[柏依赖] ⏳ 暂无任务，休息60秒...
[章破军] ⏳ 暂无任务，休息60秒...
[云沙箱] ⏳ 暂无任务，休息60秒...
[苏容器] ⏳ 暂无任务，休息60秒...
[潘外呼] ⏳ 暂无任务，休息60秒...
[倪左辅] ⏳ 暂无任务，休息60秒...
[汤K8s] ⏳ 暂无任务，休息60秒...
[殷用户] ⏳ 暂无任务，休息60秒...
[罗隔离] ⏳ 暂无任务，休息60秒...
[毕配置] ⏳ 暂无任务，休息60秒...
[周右弼] ⏳ 暂无任务，休息60秒...
[乐法律] ⏳ 暂无任务，休息60秒...
[于道德] ⏳ 暂无任务，休息60秒...
[时权限] ⏳ 暂无任务，休息60秒...
[薛贪狼] ⏳ 暂无任务，休息60秒...
[雷ASR] ⏳ 暂无任务，休息60秒...
[贺TTS] ⏳ 暂无任务，休息60秒...
[贡数字人] ⏳ 暂无任务，休息60秒...
[齐辅弼] ⏳ 暂无任务，休息60秒...
[康网关] ⏳ 暂无任务，休息60秒...
[和产品] ⏳ 暂无任务，休息60秒...
[穆文档] ⏳ 暂无任务，休息60秒...
[黄漂移] ⏳ 暂无任务，休息60秒...
[周进化] ⏳ 暂无任务，休息60秒...
[吴模板] ⏳ 暂无任务，休息60秒...
[周禄存] ⏳ 暂无任务，休息60秒...
[郑路由] ⏳ 暂无任务，休息60秒...
[王规划] ⏳ 暂无任务，休息60秒...
[冯优化] ⏳ 暂无任务，休息60秒...
[钱调度] ⏳ 暂无任务，休息60秒...
[陈元灵] ⏳ 暂无任务，休息60秒...
[林对齐] ⏳ 暂无任务，休息60秒...
[朱图谱] ⏳ 暂无任务，休息60秒...
[平心理] ⏳ 暂无任务，休息60秒...
[水版本] ⏳ 暂无任务，休息60秒...
[葛消息] ⏳ 暂无任务，休息60秒...
[皮审计] ⏳ 暂无任务，休息60秒...
[赏界面] ⏳ 暂无任务，休息60秒...
[财SDK] ⏳ 暂无任务，休息60秒...
[蒋巨门] ⏳ 暂无任务，休息60秒...
[沈记忆] ⏳ 暂无任务，休息60秒...
[韩向量] ⏳ 暂无任务，休息60秒...
[杨检索] ⏳ 暂无任务，休息60秒...
[伍廉贞] ⏳ 暂无任务，休息60秒...
[余情绪] ⏳ 暂无任务，休息60秒...
[元人格] ⏳ 暂无任务，休息60秒...
[孟一致] ⏳ 暂无任务，休息60秒...
[谢武功] ⏳ 暂无任务，休息60秒...
[邹接口] ⏳ 暂无任务，休息60秒...
[喻发现] ⏳ 暂无任务，休息60秒...
[柏依赖] ⏳ 暂无任务，休息60秒...
[章破军] ⏳ 暂无任务，休息60秒...
[云沙箱] ⏳ 暂无任务，休息60秒...
[苏容器] ⏳ 暂无任务，休息60秒...
[潘外呼] ⏳ 暂无任务，休息60秒...
[倪左辅] ⏳ 暂无任务，休息60秒...
[汤K8s] ⏳ 暂无任务，休息60秒...
[殷用户] ⏳ 暂无任务，休息60秒...
[罗隔离] ⏳ 暂无任务，休息60秒...
[毕配置] ⏳ 暂无任务，休息60秒...
[周右弼] ⏳ 暂无任务，休息60秒...
[乐法律] ⏳ 暂无任务，休息60秒...
[于道德] ⏳ 暂无任务，休息60秒...
[时权限] ⏳ 暂无任务，休息60秒...
[薛贪狼] ⏳ 暂无任务，休息60秒...
[雷ASR] ⏳ 暂无任务，休息60秒...
[贺TTS] ⏳ 暂无任务，休息60秒...
[贡数字人] ⏳ 暂无任务，休息60秒...
[齐辅弼] ⏳ 暂无任务，休息60秒...
[康网关] ⏳ 暂无任务，休息60秒...
[和产品] ⏳ 暂无任务，休息60秒...
[穆文档] ⏳ 暂无任务，休息60秒...
[黄漂移] ⏳ 暂无任务，休息60秒...
[周进化] ⏳ 暂无任务，休息60秒...
[吴模板] ⏳ 暂无任务，休息60秒...
[周禄存] ⏳ 暂无任务，休息60秒...
[郑路由] ⏳ 暂无任务，休息60秒...
[王规划] ⏳ 暂无任务，休息60秒...
[冯优化] ⏳ 暂无任务，休息60秒...
[钱调度] ⏳ 暂无任务，休息60秒...
[陈元灵] ⏳ 暂无任务，休息60秒...
[林对齐] ⏳ 暂无任务，休息60秒...
[朱图谱] ⏳ 暂无任务，休息60秒...
[平心理] ⏳ 暂无任务，休息60秒...
[水版本] ⏳ 暂无任务，休息60秒...
[葛消息] ⏳ 暂无任务，休息60秒...
[皮审计] ⏳ 暂无任务，休息60秒...
[赏界面] ⏳ 暂无任务，休息60秒...
[财SDK] ⏳ 暂无任务，休息60秒...
[蒋巨门] ⏳ 暂无任务，休息60秒...
[沈记忆] ⏳ 暂无任务，休息60秒...
[韩向量] ⏳ 暂无任务，休息60秒...
[杨检索] ⏳ 暂无任务，休息60秒...
[伍廉贞] ⏳ 暂无任务，休息60秒...
[余情绪] ⏳ 暂无任务，休息60秒...
[元人格] ⏳ 暂无任务，休息60秒...
[孟一致] ⏳ 暂无任务，休息60秒...
[谢武功] ⏳ 暂无任务，休息60秒...
[邹接口] ⏳ 暂无任务，休息60秒...
[喻发现] ⏳ 暂无任务，休息60秒...
[柏依赖] ⏳ 暂无任务，休息60秒...
[章破军] ⏳ 暂无任务，休息60秒...
[云沙箱] ⏳ 暂无任务，休息60秒...
[苏容器] ⏳ 暂无任务，休息60秒...
[潘外呼] ⏳ 暂无任务，休息60秒...
[倪左辅] ⏳ 暂无任务，休息60秒...
[汤K8s] ⏳ 暂无任务，休息60秒...
[殷用户] ⏳ 暂无任务，休息60秒...
[罗隔离] ⏳ 暂无任务，休息60秒...
[毕配置] ⏳ 暂无任务，休息60秒...
[周右弼] ⏳ 暂无任务，休息60秒...
[乐法律] ⏳ 暂无任务，休息60秒...
[于道德] ⏳ 暂无任务，休息60秒...
[时权限] ⏳ 暂无任务，休息60秒...
[薛贪狼] ⏳ 暂无任务，休息60秒...
[雷ASR] ⏳ 暂无任务，休息60秒...
[贺TTS] ⏳ 暂无任务，休息60秒...
[贡数字人] ⏳ 暂无任务，休息60秒...
[齐辅弼] ⏳ 暂无任务，休息60秒...
[康网关] ⏳ 暂无任务，休息60秒...
[和产品] ⏳ 暂无任务，休息60秒...
[穆文档] ⏳ 暂无任务，休息60秒...
[黄漂移] ⏳ 暂无任务，休息60秒...
[周进化] ⏳ 暂无任务，休息60秒...
[吴模板] ⏳ 暂无任务，休息60秒...
[周禄存] ⏳ 暂无任务，休息60秒...
[郑路由] ⏳ 暂无任务，休息60秒...
[王规划] ⏳ 暂无任务，休息60秒...
[冯优化] ⏳ 暂无任务，休息60秒...
[钱调度] ⏳ 暂无任务，休息60秒...
[陈元灵] ⏳ 暂无任务，休息60秒...
[林对齐] ⏳ 暂无任务，休息60秒...
[朱图谱] ⏳ 暂无任务，休息60秒...
[平心理] ⏳ 暂无任务，休息60秒...
[水版本] ⏳ 暂无任务，休息60秒...
[葛消息] ⏳ 暂无任务，休息60秒...
[皮审计] ⏳ 暂无任务，休息60秒...
[赏界面] ⏳ 暂无任务，休息60秒...
[财SDK] ⏳ 暂无任务，休息60秒...
[蒋巨门] ⏳ 暂无任务，休息60秒...
[沈记忆] ⏳ 暂无任务，休息60秒...
[韩向量] ⏳ 暂无任务，休息60秒...
[杨检索] ⏳ 暂无任务，休息60秒...
[伍廉贞] ⏳ 暂无任务，休息60秒...
[余情绪] ⏳ 暂无任务，休息60秒...
[元人格] ⏳ 暂无任务，休息60秒...
[孟一致] ⏳ 暂无任务，休息60秒...
[谢武功] ⏳ 暂无任务，休息60秒...
[邹接口] ⏳ 暂无任务，休息60秒...
[喻发现] ⏳ 暂无任务，休息60秒...
[柏依赖] ⏳ 暂无任务，休息60秒...
[章破军] ⏳ 暂无任务，休息60秒...
[云沙箱] ⏳ 暂无任务，休息60秒...
[苏容器] ⏳ 暂无任务，休息60秒...
[潘外呼] ⏳ 暂无任务，休息60秒...
[倪左辅] ⏳ 暂无任务，休息60秒...
[汤K8s] ⏳ 暂无任务，休息60秒...
[殷用户] ⏳ 暂无任务，休息60秒...
[罗隔离] ⏳ 暂无任务，休息60秒...
[毕配置] ⏳ 暂无任务，休息60秒...
[周右弼] ⏳ 暂无任务，休息60秒...
[乐法律] ⏳ 暂无任务，休息60秒...
[于道德] ⏳ 暂无任务，休息60秒...
[时权限] ⏳ 暂无任务，休息60秒...
[薛贪狼] ⏳ 暂无任务，休息60秒...
[雷ASR] ⏳ 暂无任务，休息60秒...
[贺TTS] ⏳ 暂无任务，休息60秒...
[贡数字人] ⏳ 暂无任务，休息60秒...
[齐辅弼] ⏳ 暂无任务，休息60秒...
[康网关] ⏳ 暂无任务，休息60秒...
[和产品] ⏳ 暂无任务，休息60秒...
[穆文档] ⏳ 暂无任务，休息60秒...
[黄漂移] ⏳ 暂无任务，休息60秒...
[周进化] ⏳ 暂无任务，休息60秒...
[吴模板] ⏳ 暂无任务，休息60秒...
[周禄存] ⏳ 暂无任务，休息60秒...
[郑路由] ⏳ 暂无任务，休息60秒...
[王规划] ⏳ 暂无任务，休息60秒...
[冯优化] ⏳ 暂无任务，休息60秒...
[钱调度] ⏳ 暂无任务，休息60秒...
[陈元灵] ⏳ 暂无任务，休息60秒...
[林对齐] ⏳ 暂无任务，休息60秒...
[朱图谱] ⏳ 暂无任务，休息60秒...
[平心理] ⏳ 暂无任务，休息60秒...
[水版本] ⏳ 暂无任务，休息60秒...
[葛消息] ⏳ 暂无任务，休息60秒...
[皮审计] ⏳ 暂无任务，休息60秒...
[赏界面] ⏳ 暂无任务，休息60秒...
[财SDK] ⏳ 暂无任务，休息60秒...
[蒋巨门] ⏳ 暂无任务，休息60秒...
[沈记忆] ⏳ 暂无任务，休息60秒...
[韩向量] ⏳ 暂无任务，休息60秒...
[杨检索] ⏳ 暂无任务，休息60秒...
[伍廉贞] ⏳ 暂无任务，休息60秒...
[余情绪] ⏳ 暂无任务，休息60秒...
[元人格] ⏳ 暂无任务，休息60秒...
[孟一致] ⏳ 暂无任务，休息60秒...
[谢武功] ⏳ 暂无任务，休息60秒...
[邹接口] ⏳ 暂无任务，休息60秒...
[喻发现] ⏳ 暂无任务，休息60秒...
[柏依赖] ⏳ 暂无任务，休息60秒...
[章破军] ⏳ 暂无任务，休息60秒...
[云沙箱] ⏳ 暂无任务，休息60秒...
[苏容器] ⏳ 暂无任务，休息60秒...
[潘外呼] ⏳ 暂无任务，休息60秒...
[倪左辅] ⏳ 暂无任务，休息60秒...
[汤K8s] ⏳ 暂无任务，休息60秒...
[殷用户] ⏳ 暂无任务，休息60秒...
[罗隔离] ⏳ 暂无任务，休息60秒...
[毕配置] ⏳ 暂无任务，休息60秒...
[周右弼] ⏳ 暂无任务，休息60秒...
[乐法律] ⏳ 暂无任务，休息60秒...
[于道德] ⏳ 暂无任务，休息60秒...
[时权限] ⏳ 暂无任务，休息60秒...
[薛贪狼] ⏳ 暂无任务，休息60秒...
[雷ASR] ⏳ 暂无任务，休息60秒...
[贺TTS] ⏳ 暂无任务，休息60秒...
[贡数字人] ⏳ 暂无任务，休息60秒...
[齐辅弼] ⏳ 暂无任务，休息60秒...
[康网关] ⏳ 暂无任务，休息60秒...
[和产品] ⏳ 暂无任务，休息60秒...
[穆文档] ⏳ 暂无任务，休息60秒...
[黄漂移] ⏳ 暂无任务，休息60秒...
[周进化] ⏳ 暂无任务，休息60秒...
[吴模板] ⏳ 暂无任务，休息60秒...
[周禄存] ⏳ 暂无任务，休息60秒...
[郑路由] ⏳ 暂无任务，休息60秒...
[王规划] ⏳ 暂无任务，休息60秒...
[冯优化] ⏳ 暂无任务，休息60秒...
[钱调度] ⏳ 暂无任务，休息60秒...
[陈元灵] ⏳ 暂无任务，休息60秒...
[林对齐] ⏳ 暂无任务，休息60秒...
[朱图谱] ⏳ 暂无任务，休息60秒...
[平心理] ⏳ 暂无任务，休息60秒...
[水版本] ⏳ 暂无任务，休息60秒...
[葛消息] ⏳ 暂无任务，休息60秒...
[皮审计] ⏳ 暂无任务，休息60秒...
[赏界面] ⏳ 暂无任务，休息60秒...
[财SDK] ⏳ 暂无任务，休息60秒...
[蒋巨门] ⏳ 暂无任务，休息60秒...
[沈记忆] ⏳ 暂无任务，休息60秒...
[韩向量] ⏳ 暂无任务，休息60秒...
[杨检索] ⏳ 暂无任务，休息60秒...
[伍廉贞] ⏳ 暂无任务，休息60秒...
[余情绪] ⏳ 暂无任务，休息60秒...
[元人格] ⏳ 暂无任务，休息60秒...
[孟一致] ⏳ 暂无任务，休息60秒...
[谢武功] ⏳ 暂无任务，休息60秒...
[邹接口] ⏳ 暂无任务，休息60秒...
[喻发现] ⏳ 暂无任务，休息60秒...
[柏依赖] ⏳ 暂无任务，休息60秒...
[章破军] ⏳ 暂无任务，休息60秒...
[云沙箱] ⏳ 暂无任务，休息60秒...
[苏容器] ⏳ 暂无任务，休息60秒...
[潘外呼] ⏳ 暂无任务，休息60秒...
[倪左辅] ⏳ 暂无任务，休息60秒...
[汤K8s] ⏳ 暂无任务，休息60秒...
[殷用户] ⏳ 暂无任务，休息60秒...
[罗隔离] ⏳ 暂无任务，休息60秒...
[毕配置] ⏳ 暂无任务，休息60秒...
[周右弼] ⏳ 暂无任务，休息60秒...
[乐法律] ⏳ 暂无任务，休息60秒...
[于道德] ⏳ 暂无任务，休息60秒...
[时权限] ⏳ 暂无任务，休息60秒...
[薛贪狼] ⏳ 暂无任务，休息60秒...
[雷ASR] ⏳ 暂无任务，休息60秒...
[贺TTS] ⏳ 暂无任务，休息60秒...
[贡数字人] ⏳ 暂无任务，休息60秒...
[齐辅弼] ⏳ 暂无任务，休息60秒...
[康网关] ⏳ 暂无任务，休息60秒...
[和产品] ⏳ 暂无任务，休息60秒...
[穆文档] ⏳ 暂无任务，休息60秒...
[黄漂移] ⏳ 暂无任务，休息60秒...
[周进化] ⏳ 暂无任务，休息60秒...
[吴模板] ⏳ 暂无任务，休息60秒...
[周禄存] ⏳ 暂无任务，休息60秒...
[郑路由] ⏳ 暂无任务，休息60秒...
[王规划] ⏳ 暂无任务，休息60秒...
[冯优化] ⏳ 暂无任务，休息60秒...
[钱调度] ⏳ 暂无任务，休息60秒...
[陈元灵] ⏳ 暂无任务，休息60秒...
[林对齐] ⏳ 暂无任务，休息60秒...
[朱图谱] ⏳ 暂无任务，休息60秒...
[平心理] ⏳ 暂无任务，休息60秒...
[水版本] ⏳ 暂无任务，休息60秒...
[葛消息] ⏳ 暂无任务，休息60秒...
[皮审计] ⏳ 暂无任务，休息60秒...
[赏界面] ⏳ 暂无任务，休息60秒...
[财SDK] ⏳ 暂无任务，休息60秒...
[蒋巨门] ⏳ 暂无任务，休息60秒...
[沈记忆] ⏳ 暂无任务，休息60秒...
[韩向量] ⏳ 暂无任务，休息60秒...
[杨检索] ⏳ 暂无任务，休息60秒...
[伍廉贞] ⏳ 暂无任务，休息60秒...
[余情绪] ⏳ 暂无任务，休息60秒...
[元人格] ⏳ 暂无任务，休息60秒...
[孟一致] ⏳ 暂无任务，休息60秒...
[谢武功] ⏳ 暂无任务，休息60秒...
[邹接口] ⏳ 暂无任务，休息60秒...
[喻发现] ⏳ 暂无任务，休息60秒...
[柏依赖] ⏳ 暂无任务，休息60秒...
[章破军] ⏳ 暂无任务，休息60秒...
[云沙箱] ⏳ 暂无任务，休息60秒...
[苏容器] ⏳ 暂无任务，休息60秒...
[潘外呼] ⏳ 暂无任务，休息60秒...
[倪左辅] ⏳ 暂无任务，休息60秒...
[汤K8s] ⏳ 暂无任务，休息60秒...
[殷用户] ⏳ 暂无任务，休息60秒...
[罗隔离] ⏳ 暂无任务，休息60秒...
[毕配置] ⏳ 暂无任务，休息60秒...
[周右弼] ⏳ 暂无任务，休息60秒...
[乐法律] ⏳ 暂无任务，休息60秒...
[于道德] ⏳ 暂无任务，休息60秒...
[时权限] ⏳ 暂无任务，休息60秒...
[薛贪狼] ⏳ 暂无任务，休息60秒...
[雷ASR] ⏳ 暂无任务，休息60秒...
[贺TTS] ⏳ 暂无任务，休息60秒...
[贡数字人] ⏳ 暂无任务，休息60秒...
[齐辅弼] ⏳ 暂无任务，休息60秒...
[康网关] ⏳ 暂无任务，休息60秒...
[和产品] ⏳ 暂无任务，休息60秒...
[穆文档] ⏳ 暂无任务，休息60秒...
[黄漂移] ⏳ 暂无任务，休息60秒...
[周进化] ⏳ 暂无任务，休息60秒...
[吴模板] ⏳ 暂无任务，休息60秒...
[周禄存] ⏳ 暂无任务，休息60秒...
[郑路由] ⏳ 暂无任务，休息60秒...
[王规划] ⏳ 暂无任务，休息60秒...
[冯优化] ⏳ 暂无任务，休息60秒...
[钱调度] ⏳ 暂无任务，休息60秒...
[陈元灵] ⏳ 暂无任务，休息60秒...
[林对齐] ⏳ 暂无任务，休息60秒...
[朱图谱] ⏳ 暂无任务，休息60秒...
[平心理] ⏳ 暂无任务，休息60秒...
[水版本] ⏳ 暂无任务，休息60秒...
[葛消息] ⏳ 暂无任务，休息60秒...
[皮审计] ⏳ 暂无任务，休息60秒...
[赏界面] ⏳ 暂无任务，休息60秒...
[财SDK] ⏳ 暂无任务，休息60秒...
[蒋巨门] ⏳ 暂无任务，休息60秒...
[沈记忆] ⏳ 暂无任务，休息60秒...
[韩向量] ⏳ 暂无任务，休息60秒...
[杨检索] ⏳ 暂无任务，休息60秒...
[伍廉贞] ⏳ 暂无任务，休息60秒...
[余情绪] ⏳ 暂无任务，休息60秒...
[元人格] ⏳ 暂无任务，休息60秒...
[孟一致] ⏳ 暂无任务，休息60秒...
[谢武功] ⏳ 暂无任务，休息60秒...
[邹接口] ⏳ 暂无任务，休息60秒...
[喻发现] ⏳ 暂无任务，休息60秒...
[柏依赖] ⏳ 暂无任务，休息60秒...
[章破军] ⏳ 暂无任务，休息60秒...
[云沙箱] ⏳ 暂无任务，休息60秒...
[苏容器] ⏳ 暂无任务，休息60秒...
[潘外呼] ⏳ 暂无任务，休息60秒...
[倪左辅] ⏳ 暂无任务，休息60秒...
[汤K8s] ⏳ 暂无任务，休息60秒...
[殷用户] ⏳ 暂无任务，休息60秒...
[罗隔离] ⏳ 暂无任务，休息60秒...
[毕配置] ⏳ 暂无任务，休息60秒...
[周右弼] ⏳ 暂无任务，休息60秒...
[乐法律] ⏳ 暂无任务，休息60秒...
[于道德] ⏳ 暂无任务，休息60秒...
[时权限] ⏳ 暂无任务，休息60秒...
[薛贪狼] ⏳ 暂无任务，休息60秒...
[雷ASR] ⏳ 暂无任务，休息60秒...
[贺TTS] ⏳ 暂无任务，休息60秒...
[贡数字人] ⏳ 暂无任务，休息60秒...
[齐辅弼] ⏳ 暂无任务，休息60秒...
[康网关] ⏳ 暂无任务，休息60秒...
[和产品] ⏳ 暂无任务，休息60秒...
[穆文档] ⏳ 暂无任务，休息60秒...
[黄漂移] ⏳ 暂无任务，休息60秒...
[周进化] ⏳ 暂无任务，休息60秒...
[吴模板] ⏳ 暂无任务，休息60秒...
[周禄存] ⏳ 暂无任务，休息60秒...
[郑路由] ⏳ 暂无任务，休息60秒...
[王规划] ⏳ 暂无任务，休息60秒...
[冯优化] ⏳ 暂无任务，休息60秒...
[钱调度] ⏳ 暂无任务，休息60秒...
[陈元灵] ⏳ 暂无任务，休息60秒...
[林对齐] ⏳ 暂无任务，休息60秒...
[朱图谱] ⏳ 暂无任务，休息60秒...
[平心理] ⏳ 暂无任务，休息60秒...
[水版本] ⏳ 暂无任务，休息60秒...
[葛消息] ⏳ 暂无任务，休息60秒...
[皮审计] ⏳ 暂无任务，休息60秒...
[赏界面] ⏳ 暂无任务，休息60秒...
[财SDK] ⏳ 暂无任务，休息60秒...
[蒋巨门] ⏳ 暂无任务，休息60秒...
[沈记忆] ⏳ 暂无任务，休息60秒...
[韩向量] ⏳ 暂无任务，休息60秒...
[杨检索] ⏳ 暂无任务，休息60秒...
[伍廉贞] ⏳ 暂无任务，休息60秒...
[余情绪] ⏳ 暂无任务，休息60秒...
[元人格] ⏳ 暂无任务，休息60秒...
[孟一致] ⏳ 暂无任务，休息60秒...
[谢武功] ⏳ 暂无任务，休息60秒...
[邹接口] ⏳ 暂无任务，休息60秒...
[喻发现] ⏳ 暂无任务，休息60秒...
[柏依赖] ⏳ 暂无任务，休息60秒...
[章破军] ⏳ 暂无任务，休息60秒...
[云沙箱] ⏳ 暂无任务，休息60秒...
[苏容器] ⏳ 暂无任务，休息60秒...
[潘外呼] ⏳ 暂无任务，休息60秒...
[倪左辅] ⏳ 暂无任务，休息60秒...
[汤K8s] ⏳ 暂无任务，休息60秒...
[殷用户] ⏳ 暂无任务，休息60秒...
[罗隔离] ⏳ 暂无任务，休息60秒...
[毕配置] ⏳ 暂无任务，休息60秒...
[周右弼] ⏳ 暂无任务，休息60秒...
[乐法律] ⏳ 暂无任务，休息60秒...
[于道德] ⏳ 暂无任务，休息60秒...
[时权限] ⏳ 暂无任务，休息60秒...
[薛贪狼] ⏳ 暂无任务，休息60秒...
[雷ASR] ⏳ 暂无任务，休息60秒...
[贺TTS] ⏳ 暂无任务，休息60秒...
[贡数字人] ⏳ 暂无任务，休息60秒...
[齐辅弼] ⏳ 暂无任务，休息60秒...
[康网关] ⏳ 暂无任务，休息60秒...
[和产品] ⏳ 暂无任务，休息60秒...
[穆文档] ⏳ 暂无任务，休息60秒...
[黄漂移] ⏳ 暂无任务，休息60秒...
[周进化] ⏳ 暂无任务，休息60秒...
[吴模板] ⏳ 暂无任务，休息60秒...
[周禄存] ⏳ 暂无任务，休息60秒...
[郑路由] ⏳ 暂无任务，休息60秒...
[王规划] ⏳ 暂无任务，休息60秒...
[冯优化] ⏳ 暂无任务，休息60秒...
[钱调度] ⏳ 暂无任务，休息60秒...
[陈元灵] ⏳ 暂无任务，休息60秒...
[林对齐] ⏳ 暂无任务，休息60秒...
[朱图谱] ⏳ 暂无任务，休息60秒...
[平心理] ⏳ 暂无任务，休息60秒...
[水版本] ⏳ 暂无任务，休息60秒...
[葛消息] ⏳ 暂无任务，休息60秒...
[皮审计] ⏳ 暂无任务，休息60秒...
[赏界面] ⏳ 暂无任务，休息60秒...
[财SDK] ⏳ 暂无任务，休息60秒...
[蒋巨门] ⏳ 暂无任务，休息60秒...
[沈记忆] ⏳ 暂无任务，休息60秒...
[韩向量] ⏳ 暂无任务，休息60秒...
[杨检索] ⏳ 暂无任务，休息60秒...
[伍廉贞] ⏳ 暂无任务，休息60秒...
[余情绪] ⏳ 暂无任务，休息60秒...
[元人格] ⏳ 暂无任务，休息60秒...
[孟一致] ⏳ 暂无任务，休息60秒...
[谢武功] ⏳ 暂无任务，休息60秒...
[邹接口] ⏳ 暂无任务，休息60秒...
[喻发现] ⏳ 暂无任务，休息60秒...
[柏依赖] ⏳ 暂无任务，休息60秒...
[章破军] ⏳ 暂无任务，休息60秒...
[云沙箱] ⏳ 暂无任务，休息60秒...
[苏容器] ⏳ 暂无任务，休息60秒...
[潘外呼] ⏳ 暂无任务，休息60秒...
[倪左辅] ⏳ 暂无任务，休息60秒...
[汤K8s] ⏳ 暂无任务，休息60秒...
[殷用户] ⏳ 暂无任务，休息60秒...
[罗隔离] ⏳ 暂无任务，休息60秒...
[毕配置] ⏳ 暂无任务，休息60秒...
[周右弼] ⏳ 暂无任务，休息60秒...
[乐法律] ⏳ 暂无任务，休息60秒...
[于道德] ⏳ 暂无任务，休息60秒...
[时权限] ⏳ 暂无任务，休息60秒...
[薛贪狼] ⏳ 暂无任务，休息60秒...
[雷ASR] ⏳ 暂无任务，休息60秒...
[贺TTS] ⏳ 暂无任务，休息60秒...
[贡数字人] ⏳ 暂无任务，休息60秒...
[齐辅弼] ⏳ 暂无任务，休息60秒...
[康网关] ⏳ 暂无任务，休息60秒...
[和产品] ⏳ 暂无任务，休息60秒...
[穆文档] ⏳ 暂无任务，休息60秒...
[黄漂移] ⏳ 暂无任务，休息60秒...
[周进化] ⏳ 暂无任务，休息60秒...
[吴模板] ⏳ 暂无任务，休息60秒...
[周禄存] ⏳ 暂无任务，休息60秒...
[郑路由] ⏳ 暂无任务，休息60秒...
[王规划] ⏳ 暂无任务，休息60秒...
[冯优化] ⏳ 暂无任务，休息60秒...
[钱调度] ⏳ 暂无任务，休息60秒...
[陈元灵] ⏳ 暂无任务，休息60秒...
[林对齐] ⏳ 暂无任务，休息60秒...
[朱图谱] ⏳ 暂无任务，休息60秒...
[平心理] ⏳ 暂无任务，休息60秒...
[水版本] ⏳ 暂无任务，休息60秒...
[葛消息] ⏳ 暂无任务，休息60秒...
[皮审计] ⏳ 暂无任务，休息60秒...
[赏界面] ⏳ 暂无任务，休息60秒...
[财SDK] ⏳ 暂无任务，休息60秒...
[蒋巨门] ⏳ 暂无任务，休息60秒...
[沈记忆] ⏳ 暂无任务，休息60秒...
[韩向量] ⏳ 暂无任务，休息60秒...
[杨检索] ⏳ 暂无任务，休息60秒...
[伍廉贞] ⏳ 暂无任务，休息60秒...
[余情绪] ⏳ 暂无任务，休息60秒...
[元人格] ⏳ 暂无任务，休息60秒...
[孟一致] ⏳ 暂无任务，休息60秒...
[谢武功] ⏳ 暂无任务，休息60秒...
[邹接口] ⏳ 暂无任务，休息60秒...
[喻发现] ⏳ 暂无任务，休息60秒...
[柏依赖] ⏳ 暂无任务，休息60秒...
[章破军] ⏳ 暂无任务，休息60秒...
[云沙箱] ⏳ 暂无任务，休息60秒...
[苏容器] ⏳ 暂无任务，休息60秒...
[潘外呼] ⏳ 暂无任务，休息60秒...
[倪左辅] ⏳ 暂无任务，休息60秒...
[汤K8s] ⏳ 暂无任务，休息60秒...
[殷用户] ⏳ 暂无任务，休息60秒...
[罗隔离] ⏳ 暂无任务，休息60秒...
[毕配置] ⏳ 暂无任务，休息60秒...
[周右弼] ⏳ 暂无任务，休息60秒...
[乐法律] ⏳ 暂无任务，休息60秒...
[于道德] ⏳ 暂无任务，休息60秒...
[时权限] ⏳ 暂无任务，休息60秒...
[薛贪狼] ⏳ 暂无任务，休息60秒...
[雷ASR] ⏳ 暂无任务，休息60秒...
[贺TTS] ⏳ 暂无任务，休息60秒...
[贡数字人] ⏳ 暂无任务，休息60秒...
[齐辅弼] ⏳ 暂无任务，休息60秒...
[康网关] ⏳ 暂无任务，休息60秒...
[和产品] ⏳ 暂无任务，休息60秒...
[穆文档] ⏳ 暂无任务，休息60秒...
[黄漂移] ⏳ 暂无任务，休息60秒...
[周进化] ⏳ 暂无任务，休息60秒...
[吴模板] ⏳ 暂无任务，休息60秒...
[周禄存] ⏳ 暂无任务，休息60秒...
[郑路由] ⏳ 暂无任务，休息60秒...
[王规划] ⏳ 暂无任务，休息60秒...
[冯优化] ⏳ 暂无任务，休息60秒...
[钱调度] ⏳ 暂无任务，休息60秒...
[陈元灵] ⏳ 暂无任务，休息60秒...
[林对齐] ⏳ 暂无任务，休息60秒...
[朱图谱] ⏳ 暂无任务，休息60秒...
[平心理] ⏳ 暂无任务，休息60秒...
[水版本] ⏳ 暂无任务，休息60秒...
[葛消息] ⏳ 暂无任务，休息60秒...
[皮审计] ⏳ 暂无任务，休息60秒...
[赏界面] ⏳ 暂无任务，休息60秒...
[财SDK] ⏳ 暂无任务，休息60秒...
[蒋巨门] ⏳ 暂无任务，休息60秒...
[沈记忆] ⏳ 暂无任务，休息60秒...
[韩向量] ⏳ 暂无任务，休息60秒...
[杨检索] ⏳ 暂无任务，休息60秒...
[伍廉贞] ⏳ 暂无任务，休息60秒...
[余情绪] ⏳ 暂无任务，休息60秒...
[元人格] ⏳ 暂无任务，休息60秒...
[孟一致] ⏳ 暂无任务，休息60秒...
[谢武功] ⏳ 暂无任务，休息60秒...
[邹接口] ⏳ 暂无任务，休息60秒...
[喻发现] ⏳ 暂无任务，休息60秒...
[柏依赖] ⏳ 暂无任务，休息60秒...
[章破军] ⏳ 暂无任务，休息60秒...
[云沙箱] ⏳ 暂无任务，休息60秒...
[苏容器] ⏳ 暂无任务，休息60秒...
[潘外呼] ⏳ 暂无任务，休息60秒...
[倪左辅] ⏳ 暂无任务，休息60秒...
[汤K8s] ⏳ 暂无任务，休息60秒...
[殷用户] ⏳ 暂无任务，休息60秒...
[罗隔离] ⏳ 暂无任务，休息60秒...
[毕配置] ⏳ 暂无任务，休息60秒...
[周右弼] ⏳ 暂无任务，休息60秒...
[乐法律] ⏳ 暂无任务，休息60秒...
[于道德] ⏳ 暂无任务，休息60秒...
[时权限] ⏳ 暂无任务，休息60秒...
[薛贪狼] ⏳ 暂无任务，休息60秒...
[雷ASR] ⏳ 暂无任务，休息60秒...
[贺TTS] ⏳ 暂无任务，休息60秒...
[贡数字人] ⏳ 暂无任务，休息60秒...
[齐辅弼] ⏳ 暂无任务，休息60秒...
[康网关] ⏳ 暂无任务，休息60秒...
[和产品] ⏳ 暂无任务，休息60秒...
[穆文档] ⏳ 暂无任务，休息60秒...
[黄漂移] ⏳ 暂无任务，休息60秒...
[周进化] ⏳ 暂无任务，休息60秒...
[吴模板] ⏳ 暂无任务，休息60秒...
[周禄存] ⏳ 暂无任务，休息60秒...
[郑路由] ⏳ 暂无任务，休息60秒...
[王规划] ⏳ 暂无任务，休息60秒...
[冯优化] ⏳ 暂无任务，休息60秒...
[钱调度] ⏳ 暂无任务，休息60秒...
[陈元灵] ⏳ 暂无任务，休息60秒...
[林对齐] ⏳ 暂无任务，休息60秒...
[朱图谱] ⏳ 暂无任务，休息60秒...
[平心理] ⏳ 暂无任务，休息60秒...
[水版本] ⏳ 暂无任务，休息60秒...
[葛消息] ⏳ 暂无任务，休息60秒...
[皮审计] ⏳ 暂无任务，休息60秒...
[赏界面] ⏳ 暂无任务，休息60秒...
[财SDK] ⏳ 暂无任务，休息60秒...
[蒋巨门] ⏳ 暂无任务，休息60秒...
[沈记忆] ⏳ 暂无任务，休息60秒...
[韩向量] ⏳ 暂无任务，休息60秒...
[杨检索] ⏳ 暂无任务，休息60秒...
[伍廉贞] ⏳ 暂无任务，休息60秒...
[余情绪] ⏳ 暂无任务，休息60秒...
[元人格] ⏳ 暂无任务，休息60秒...
[孟一致] ⏳ 暂无任务，休息60秒...
[谢武功] ⏳ 暂无任务，休息60秒...
[邹接口] ⏳ 暂无任务，休息60秒...
[喻发现] ⏳ 暂无任务，休息60秒...
[柏依赖] ⏳ 暂无任务，休息60秒...
[章破军] ⏳ 暂无任务，休息60秒...
[云沙箱] ⏳ 暂无任务，休息60秒...
[苏容器] ⏳ 暂无任务，休息60秒...
[潘外呼] ⏳ 暂无任务，休息60秒...
[倪左辅] ⏳ 暂无任务，休息60秒...
[汤K8s] ⏳ 暂无任务，休息60秒...
[殷用户] ⏳ 暂无任务，休息60秒...
[罗隔离] ⏳ 暂无任务，休息60秒...
[毕配置] ⏳ 暂无任务，休息60秒...
[周右弼] ⏳ 暂无任务，休息60秒...
[乐法律] ⏳ 暂无任务，休息60秒...
[于道德] ⏳ 暂无任务，休息60秒...
[时权限] ⏳ 暂无任务，休息60秒...
[薛贪狼] ⏳ 暂无任务，休息60秒...
[雷ASR] ⏳ 暂无任务，休息60秒...
[贺TTS] ⏳ 暂无任务，休息60秒...
[贡数字人] ⏳ 暂无任务，休息60秒...
[齐辅弼] ⏳ 暂无任务，休息60秒...
[康网关] ⏳ 暂无任务，休息60秒...
[和产品] ⏳ 暂无任务，休息60秒...
[穆文档] ⏳ 暂无任务，休息60秒...
[黄漂移] ⏳ 暂无任务，休息60秒...
[周进化] ⏳ 暂无任务，休息60秒...
[吴模板] ⏳ 暂无任务，休息60秒...
[周禄存] ⏳ 暂无任务，休息60秒...
[郑路由] ⏳ 暂无任务，休息60秒...
[王规划] ⏳ 暂无任务，休息60秒...
[冯优化] ⏳ 暂无任务，休息60秒...
[钱调度] ⏳ 暂无任务，休息60秒...
[陈元灵] ⏳ 暂无任务，休息60秒...
[林对齐] ⏳ 暂无任务，休息60秒...
[朱图谱] ⏳ 暂无任务，休息60秒...
[平心理] ⏳ 暂无任务，休息60秒...
[水版本] ⏳ 暂无任务，休息60秒...
[葛消息] ⏳ 暂无任务，休息60秒...
[皮审计] ⏳ 暂无任务，休息60秒...
[赏界面] ⏳ 暂无任务，休息60秒...
[财SDK] ⏳ 暂无任务，休息60秒...
[蒋巨门] ⏳ 暂无任务，休息60秒...
[沈记忆] ⏳ 暂无任务，休息60秒...
[韩向量] ⏳ 暂无任务，休息60秒...
[杨检索] ⏳ 暂无任务，休息60秒...
[伍廉贞] ⏳ 暂无任务，休息60秒...
[余情绪] ⏳ 暂无任务，休息60秒...
[元人格] ⏳ 暂无任务，休息60秒...
[孟一致] ⏳ 暂无任务，休息60秒...
[谢武功] ⏳ 暂无任务，休息60秒...
[邹接口] ⏳ 暂无任务，休息60秒...
[喻发现] ⏳ 暂无任务，休息60秒...
[柏依赖] ⏳ 暂无任务，休息60秒...
[章破军] ⏳ 暂无任务，休息60秒...
[云沙箱] ⏳ 暂无任务，休息60秒...
[苏容器] ⏳ 暂无任务，休息60秒...
[潘外呼] ⏳ 暂无任务，休息60秒...
[倪左辅] ⏳ 暂无任务，休息60秒...
[汤K8s] ⏳ 暂无任务，休息60秒...
[殷用户] ⏳ 暂无任务，休息60秒...
[罗隔离] ⏳ 暂无任务，休息60秒...
[毕配置] ⏳ 暂无任务，休息60秒...
[周右弼] ⏳ 暂无任务，休息60秒...
[乐法律] ⏳ 暂无任务，休息60秒...
[于道德] ⏳ 暂无任务，休息60秒...
[时权限] ⏳ 暂无任务，休息60秒...
[薛贪狼] ⏳ 暂无任务，休息60秒...
[雷ASR] ⏳ 暂无任务，休息60秒...
[贺TTS] ⏳ 暂无任务，休息60秒...
[贡数字人] ⏳ 暂无任务，休息60秒...
[齐辅弼] ⏳ 暂无任务，休息60秒...
[康网关] ⏳ 暂无任务，休息60秒...
[和产品] ⏳ 暂无任务，休息60秒...
[穆文档] ⏳ 暂无任务，休息60秒...
[黄漂移] ⏳ 暂无任务，休息60秒...
[周进化] ⏳ 暂无任务，休息60秒...
[吴模板] ⏳ 暂无任务，休息60秒...
[周禄存] ⏳ 暂无任务，休息60秒...
[郑路由] ⏳ 暂无任务，休息60秒...
[王规划] ⏳ 暂无任务，休息60秒...
[冯优化] ⏳ 暂无任务，休息60秒...
[钱调度] ⏳ 暂无任务，休息60秒...
[陈元灵] ⏳ 暂无任务，休息60秒...
[林对齐] ⏳ 暂无任务，休息60秒...
[朱图谱] ⏳ 暂无任务，休息60秒...
[平心理] ⏳ 暂无任务，休息60秒...
[水版本] ⏳ 暂无任务，休息60秒...
[葛消息] ⏳ 暂无任务，休息60秒...
[皮审计] ⏳ 暂无任务，休息60秒...
[赏界面] ⏳ 暂无任务，休息60秒...
[财SDK] ⏳ 暂无任务，休息60秒...
[蒋巨门] ⏳ 暂无任务，休息60秒...
[沈记忆] ⏳ 暂无任务，休息60秒...
[韩向量] ⏳ 暂无任务，休息60秒...
[杨检索] ⏳ 暂无任务，休息60秒...
[伍廉贞] ⏳ 暂无任务，休息60秒...
[余情绪] ⏳ 暂无任务，休息60秒...
[元人格] ⏳ 暂无任务，休息60秒...
[孟一致] ⏳ 暂无任务，休息60秒...
[谢武功] ⏳ 暂无任务，休息60秒...
[邹接口] ⏳ 暂无任务，休息60秒...
[喻发现] ⏳ 暂无任务，休息60秒...
[柏依赖] ⏳ 暂无任务，休息60秒...
[章破军] ⏳ 暂无任务，休息60秒...
[云沙箱] ⏳ 暂无任务，休息60秒...
[苏容器] ⏳ 暂无任务，休息60秒...
[潘外呼] ⏳ 暂无任务，休息60秒...
[倪左辅] ⏳ 暂无任务，休息60秒...
[汤K8s] ⏳ 暂无任务，休息60秒...
[殷用户] ⏳ 暂无任务，休息60秒...
[罗隔离] ⏳ 暂无任务，休息60秒...
[毕配置] ⏳ 暂无任务，休息60秒...
[周右弼] ⏳ 暂无任务，休息60秒...
[乐法律] ⏳ 暂无任务，休息60秒...
[于道德] ⏳ 暂无任务，休息60秒...
[时权限] ⏳ 暂无任务，休息60秒...
[薛贪狼] ⏳ 暂无任务，休息60秒...
[雷ASR] ⏳ 暂无任务，休息60秒...
[贺TTS] ⏳ 暂无任务，休息60秒...
[贡数字人] ⏳ 暂无任务，休息60秒...
[齐辅弼] ⏳ 暂无任务，休息60秒...
[康网关] ⏳ 暂无任务，休息60秒...
[和产品] ⏳ 暂无任务，休息60秒...
[穆文档] ⏳ 暂无任务，休息60秒...
[黄漂移] ⏳ 暂无任务，休息60秒...
[周进化] ⏳ 暂无任务，休息60秒...
[吴模板] ⏳ 暂无任务，休息60秒...
[周禄存] ⏳ 暂无任务，休息60秒...
[郑路由] ⏳ 暂无任务，休息60秒...
[王规划] ⏳ 暂无任务，休息60秒...
[冯优化] ⏳ 暂无任务，休息60秒...
[钱调度] ⏳ 暂无任务，休息60秒...
[陈元灵] ⏳ 暂无任务，休息60秒...
[林对齐] ⏳ 暂无任务，休息60秒...
[朱图谱] ⏳ 暂无任务，休息60秒...
[平心理] ⏳ 暂无任务，休息60秒...
[水版本] ⏳ 暂无任务，休息60秒...
[葛消息] ⏳ 暂无任务，休息60秒...
[皮审计] ⏳ 暂无任务，休息60秒...
[赏界面] ⏳ 暂无任务，休息60秒...
[财SDK] ⏳ 暂无任务，休息60秒...
[蒋巨门] ⏳ 暂无任务，休息60秒...
[沈记忆] ⏳ 暂无任务，休息60秒...
[韩向量] ⏳ 暂无任务，休息60秒...
[杨检索] ⏳ 暂无任务，休息60秒...
[伍廉贞] ⏳ 暂无任务，休息60秒...
[余情绪] ⏳ 暂无任务，休息60秒...
[元人格] ⏳ 暂无任务，休息60秒...
[孟一致] ⏳ 暂无任务，休息60秒...
[谢武功] ⏳ 暂无任务，休息60秒...
[邹接口] ⏳ 暂无任务，休息60秒...
[喻发现] ⏳ 暂无任务，休息60秒...
[柏依赖] ⏳ 暂无任务，休息60秒...
[章破军] ⏳ 暂无任务，休息60秒...
[云沙箱] ⏳ 暂无任务，休息60秒...
[苏容器] ⏳ 暂无任务，休息60秒...
[潘外呼] ⏳ 暂无任务，休息60秒...
[倪左辅] ⏳ 暂无任务，休息60秒...
[汤K8s] ⏳ 暂无任务，休息60秒...
[殷用户] ⏳ 暂无任务，休息60秒...
[罗隔离] ⏳ 暂无任务，休息60秒...
[毕配置] ⏳ 暂无任务，休息60秒...
[周右弼] ⏳ 暂无任务，休息60秒...
[乐法律] ⏳ 暂无任务，休息60秒...
[于道德] ⏳ 暂无任务，休息60秒...
[时权限] ⏳ 暂无任务，休息60秒...
[薛贪狼] ⏳ 暂无任务，休息60秒...
[雷ASR] ⏳ 暂无任务，休息60秒...
[贺TTS] ⏳ 暂无任务，休息60秒...
[贡数字人] ⏳ 暂无任务，休息60秒...
[齐辅弼] ⏳ 暂无任务，休息60秒...
[康网关] ⏳ 暂无任务，休息60秒...
[和产品] ⏳ 暂无任务，休息60秒...
[穆文档] ⏳ 暂无任务，休息60秒...
[黄漂移] ⏳ 暂无任务，休息60秒...
[周进化] ⏳ 暂无任务，休息60秒...
[吴模板] ⏳ 暂无任务，休息60秒...
[周禄存] ⏳ 暂无任务，休息60秒...
[郑路由] ⏳ 暂无任务，休息60秒...
[王规划] ⏳ 暂无任务，休息60秒...
[冯优化] ⏳ 暂无任务，休息60秒...
[钱调度] ⏳ 暂无任务，休息60秒...
[陈元灵] ⏳ 暂无任务，休息60秒...
[林对齐] ⏳ 暂无任务，休息60秒...
[朱图谱] ⏳ 暂无任务，休息60秒...
[平心理] ⏳ 暂无任务，休息60秒...
[水版本] ⏳ 暂无任务，休息60秒...
[葛消息] ⏳ 暂无任务，休息60秒...
[皮审计] ⏳ 暂无任务，休息60秒...
[赏界面] ⏳ 暂无任务，休息60秒...
[财SDK] ⏳ 暂无任务，休息60秒...
[蒋巨门] ⏳ 暂无任务，休息60秒...
[沈记忆] ⏳ 暂无任务，休息60秒...
[韩向量] ⏳ 暂无任务，休息60秒...
[杨检索] ⏳ 暂无任务，休息60秒...
[伍廉贞] ⏳ 暂无任务，休息60秒...
[余情绪] ⏳ 暂无任务，休息60秒...
[元人格] ⏳ 暂无任务，休息60秒...
[孟一致] ⏳ 暂无任务，休息60秒...
[谢武功] ⏳ 暂无任务，休息60秒...
[邹接口] ⏳ 暂无任务，休息60秒...
[喻发现] ⏳ 暂无任务，休息60秒...
[柏依赖] ⏳ 暂无任务，休息60秒...
[章破军] ⏳ 暂无任务，休息60秒...
[云沙箱] ⏳ 暂无任务，休息60秒...
[苏容器] ⏳ 暂无任务，休息60秒...
[潘外呼] ⏳ 暂无任务，休息60秒...
[倪左辅] ⏳ 暂无任务，休息60秒...
[汤K8s] ⏳ 暂无任务，休息60秒...
[殷用户] ⏳ 暂无任务，休息60秒...
[罗隔离] ⏳ 暂无任务，休息60秒...
[毕配置] ⏳ 暂无任务，休息60秒...
[周右弼] ⏳ 暂无任务，休息60秒...
[乐法律] ⏳ 暂无任务，休息60秒...
[于道德] ⏳ 暂无任务，休息60秒...
[时权限] ⏳ 暂无任务，休息60秒...
[薛贪狼] ⏳ 暂无任务，休息60秒...
[雷ASR] ⏳ 暂无任务，休息60秒...
[贺TTS] ⏳ 暂无任务，休息60秒...
[贡数字人] ⏳ 暂无任务，休息60秒...
[齐辅弼] ⏳ 暂无任务，休息60秒...
[康网关] ⏳ 暂无任务，休息60秒...
[和产品] ⏳ 暂无任务，休息60秒...
[穆文档] ⏳ 暂无任务，休息60秒...
[黄漂移] ⏳ 暂无任务，休息60秒...
[周进化] ⏳ 暂无任务，休息60秒...
[吴模板] ⏳ 暂无任务，休息60秒...
[周禄存] ⏳ 暂无任务，休息60秒...
[郑路由] ⏳ 暂无任务，休息60秒...
[王规划] ⏳ 暂无任务，休息60秒...
[冯优化] ⏳ 暂无任务，休息60秒...
[钱调度] ⏳ 暂无任务，休息60秒...
[陈元灵] ⏳ 暂无任务，休息60秒...
[林对齐] ⏳ 暂无任务，休息60秒...
[朱图谱] ⏳ 暂无任务，休息60秒...
[平心理] ⏳ 暂无任务，休息60秒...
[水版本] ⏳ 暂无任务，休息60秒...
[葛消息] ⏳ 暂无任务，休息60秒...
[皮审计] ⏳ 暂无任务，休息60秒...
[赏界面] ⏳ 暂无任务，休息60秒...
[财SDK] ⏳ 暂无任务，休息60秒...
[蒋巨门] ⏳ 暂无任务，休息60秒...
[沈记忆] ⏳ 暂无任务，休息60秒...
[韩向量] ⏳ 暂无任务，休息60秒...
[杨检索] ⏳ 暂无任务，休息60秒...
[伍廉贞] ⏳ 暂无任务，休息60秒...
[余情绪] ⏳ 暂无任务，休息60秒...
[元人格] ⏳ 暂无任务，休息60秒...
[孟一致] ⏳ 暂无任务，休息60秒...
[谢武功] ⏳ 暂无任务，休息60秒...
[邹接口] ⏳ 暂无任务，休息60秒...
[喻发现] ⏳ 暂无任务，休息60秒...
[柏依赖] ⏳ 暂无任务，休息60秒...
[章破军] ⏳ 暂无任务，休息60秒...
[云沙箱] ⏳ 暂无任务，休息60秒...
[苏容器] ⏳ 暂无任务，休息60秒...
[潘外呼] ⏳ 暂无任务，休息60秒...
[倪左辅] ⏳ 暂无任务，休息60秒...
[汤K8s] ⏳ 暂无任务，休息60秒...
[殷用户] ⏳ 暂无任务，休息60秒...
[罗隔离] ⏳ 暂无任务，休息60秒...
[毕配置] ⏳ 暂无任务，休息60秒...
[周右弼] ⏳ 暂无任务，休息60秒...
[乐法律] ⏳ 暂无任务，休息60秒...
[于道德] ⏳ 暂无任务，休息60秒...
[时权限] ⏳ 暂无任务，休息60秒...
[薛贪狼] ⏳ 暂无任务，休息60秒...
[雷ASR] ⏳ 暂无任务，休息60秒...
[贺TTS] ⏳ 暂无任务，休息60秒...
[贡数字人] ⏳ 暂无任务，休息60秒...
[齐辅弼] ⏳ 暂无任务，休息60秒...
[康网关] ⏳ 暂无任务，休息60秒...
[和产品] ⏳ 暂无任务，休息60秒...
[穆文档] ⏳ 暂无任务，休息60秒...
[黄漂移] ⏳ 暂无任务，休息60秒...
[周进化] ⏳ 暂无任务，休息60秒...
[吴模板] ⏳ 暂无任务，休息60秒...
[周禄存] ⏳ 暂无任务，休息60秒...
[郑路由] ⏳ 暂无任务，休息60秒...
[王规划] ⏳ 暂无任务，休息60秒...
[冯优化] ⏳ 暂无任务，休息60秒...
[钱调度] ⏳ 暂无任务，休息60秒...
[陈元灵] ⏳ 暂无任务，休息60秒...
[林对齐] ⏳ 暂无任务，休息60秒...
[朱图谱] ⏳ 暂无任务，休息60秒...
[平心理] ⏳ 暂无任务，休息60秒...
[水版本] ⏳ 暂无任务，休息60秒...
[葛消息] ⏳ 暂无任务，休息60秒...
[皮审计] ⏳ 暂无任务，休息60秒...
[赏界面] ⏳ 暂无任务，休息60秒...
[财SDK] ⏳ 暂无任务，休息60秒...
[蒋巨门] ⏳ 暂无任务，休息60秒...
[沈记忆] ⏳ 暂无任务，休息60秒...
[韩向量] ⏳ 暂无任务，休息60秒...
[杨检索] ⏳ 暂无任务，休息60秒...
[伍廉贞] ⏳ 暂无任务，休息60秒...
[余情绪] ⏳ 暂无任务，休息60秒...
[元人格] ⏳ 暂无任务，休息60秒...
[孟一致] ⏳ 暂无任务，休息60秒...
[谢武功] ⏳ 暂无任务，休息60秒...
[邹接口] ⏳ 暂无任务，休息60秒...
[喻发现] ⏳ 暂无任务，休息60秒...
[柏依赖] ⏳ 暂无任务，休息60秒...
[章破军] ⏳ 暂无任务，休息60秒...
[云沙箱] ⏳ 暂无任务，休息60秒...
[苏容器] ⏳ 暂无任务，休息60秒...
[潘外呼] ⏳ 暂无任务，休息60秒...
[倪左辅] ⏳ 暂无任务，休息60秒...
[汤K8s] ⏳ 暂无任务，休息60秒...
[殷用户] ⏳ 暂无任务，休息60秒...
[罗隔离] ⏳ 暂无任务，休息60秒...
[毕配置] ⏳ 暂无任务，休息60秒...
[周右弼] ⏳ 暂无任务，休息60秒...
[乐法律] ⏳ 暂无任务，休息60秒...
[于道德] ⏳ 暂无任务，休息60秒...
[时权限] ⏳ 暂无任务，休息60秒...
[薛贪狼] ⏳ 暂无任务，休息60秒...
[雷ASR] ⏳ 暂无任务，休息60秒...
[贺TTS] ⏳ 暂无任务，休息60秒...
[贡数字人] ⏳ 暂无任务，休息60秒...
[齐辅弼] ⏳ 暂无任务，休息60秒...
[康网关] ⏳ 暂无任务，休息60秒...
[和产品] ⏳ 暂无任务，休息60秒...
[穆文档] ⏳ 暂无任务，休息60秒...
[黄漂移] ⏳ 暂无任务，休息60秒...
[周进化] ⏳ 暂无任务，休息60秒...
[吴模板] ⏳ 暂无任务，休息60秒...
[周禄存] ⏳ 暂无任务，休息60秒...
[郑路由] ⏳ 暂无任务，休息60秒...
[王规划] ⏳ 暂无任务，休息60秒...
[冯优化] ⏳ 暂无任务，休息60秒...
[钱调度] ⏳ 暂无任务，休息60秒...
[陈元灵] ⏳ 暂无任务，休息60秒...
[林对齐] ⏳ 暂无任务，休息60秒...
[朱图谱] ⏳ 暂无任务，休息60秒...
[平心理] ⏳ 暂无任务，休息60秒...
[水版本] ⏳ 暂无任务，休息60秒...
[葛消息] ⏳ 暂无任务，休息60秒...
[皮审计] ⏳ 暂无任务，休息60秒...
[赏界面] ⏳ 暂无任务，休息60秒...
[财SDK] ⏳ 暂无任务，休息60秒...
[蒋巨门] ⏳ 暂无任务，休息60秒...
[沈记忆] ⏳ 暂无任务，休息60秒...
[韩向量] ⏳ 暂无任务，休息60秒...
[杨检索] ⏳ 暂无任务，休息60秒...
[伍廉贞] ⏳ 暂无任务，休息60秒...
[余情绪] ⏳ 暂无任务，休息60秒...
[元人格] ⏳ 暂无任务，休息60秒...
[孟一致] ⏳ 暂无任务，休息60秒...
[谢武功] ⏳ 暂无任务，休息60秒...
[邹接口] ⏳ 暂无任务，休息60秒...
[喻发现] ⏳ 暂无任务，休息60秒...
[柏依赖] ⏳ 暂无任务，休息60秒...
[章破军] ⏳ 暂无任务，休息60秒...
[云沙箱] ⏳ 暂无任务，休息60秒...
[苏容器] ⏳ 暂无任务，休息60秒...
[潘外呼] ⏳ 暂无任务，休息60秒...
[倪左辅] ⏳ 暂无任务，休息60秒...
[汤K8s] ⏳ 暂无任务，休息60秒...
[殷用户] ⏳ 暂无任务，休息60秒...
[罗隔离] ⏳ 暂无任务，休息60秒...
[毕配置] ⏳ 暂无任务，休息60秒...
[周右弼] ⏳ 暂无任务，休息60秒...
[乐法律] ⏳ 暂无任务，休息60秒...
[于道德] ⏳ 暂无任务，休息60秒...
[时权限] ⏳ 暂无任务，休息60秒...
[薛贪狼] ⏳ 暂无任务，休息60秒...
[雷ASR] ⏳ 暂无任务，休息60秒...
[贺TTS] ⏳ 暂无任务，休息60秒...
[贡数字人] ⏳ 暂无任务，休息60秒...
[齐辅弼] ⏳ 暂无任务，休息60秒...
[康网关] ⏳ 暂无任务，休息60秒...
[和产品] ⏳ 暂无任务，休息60秒...
[穆文档] ⏳ 暂无任务，休息60秒...
[黄漂移] ⏳ 暂无任务，休息60秒...
[周进化] ⏳ 暂无任务，休息60秒...
[吴模板] ⏳ 暂无任务，休息60秒...
[周禄存] ⏳ 暂无任务，休息60秒...
[郑路由] ⏳ 暂无任务，休息60秒...
[王规划] ⏳ 暂无任务，休息60秒...
[冯优化] ⏳ 暂无任务，休息60秒...
[钱调度] ⏳ 暂无任务，休息60秒...
[陈元灵] ⏳ 暂无任务，休息60秒...
[林对齐] ⏳ 暂无任务，休息60秒...
[朱图谱] ⏳ 暂无任务，休息60秒...
[平心理] ⏳ 暂无任务，休息60秒...
[水版本] ⏳ 暂无任务，休息60秒...
[葛消息] ⏳ 暂无任务，休息60秒...
[皮审计] ⏳ 暂无任务，休息60秒...
[赏界面] ⏳ 暂无任务，休息60秒...
[财SDK] ⏳ 暂无任务，休息60秒...
[蒋巨门] ⏳ 暂无任务，休息60秒...
[沈记忆] ⏳ 暂无任务，休息60秒...
[韩向量] ⏳ 暂无任务，休息60秒...
[杨检索] ⏳ 暂无任务，休息60秒...
[伍廉贞] ⏳ 暂无任务，休息60秒...
[余情绪] ⏳ 暂无任务，休息60秒...
[元人格] ⏳ 暂无任务，休息60秒...
[孟一致] ⏳ 暂无任务，休息60秒...
[谢武功] ⏳ 暂无任务，休息60秒...
[邹接口] ⏳ 暂无任务，休息60秒...
[喻发现] ⏳ 暂无任务，休息60秒...
[柏依赖] ⏳ 暂无任务，休息60秒...
[章破军] ⏳ 暂无任务，休息60秒...
[云沙箱] ⏳ 暂无任务，休息60秒...
[苏容器] ⏳ 暂无任务，休息60秒...
[潘外呼] ⏳ 暂无任务，休息60秒...
[倪左辅] ⏳ 暂无任务，休息60秒...
[汤K8s] ⏳ 暂无任务，休息60秒...
[殷用户] ⏳ 暂无任务，休息60秒...
[罗隔离] ⏳ 暂无任务，休息60秒...
[毕配置] ⏳ 暂无任务，休息60秒...
[周右弼] ⏳ 暂无任务，休息60秒...
[乐法律] ⏳ 暂无任务，休息60秒...
[于道德] ⏳ 暂无任务，休息60秒...
[时权限] ⏳ 暂无任务，休息60秒...
[薛贪狼] ⏳ 暂无任务，休息60秒...
[雷ASR] ⏳ 暂无任务，休息60秒...
[贺TTS] ⏳ 暂无任务，休息60秒...
[贡数字人] ⏳ 暂无任务，休息60秒...
[齐辅弼] ⏳ 暂无任务，休息60秒...
[康网关] ⏳ 暂无任务，休息60秒...
[和产品] ⏳ 暂无任务，休息60秒...
[穆文档] ⏳ 暂无任务，休息60秒...
[黄漂移] ⏳ 暂无任务，休息60秒...
[周进化] ⏳ 暂无任务，休息60秒...
[吴模板] ⏳ 暂无任务，休息60秒...
[周禄存] ⏳ 暂无任务，休息60秒...
[郑路由] ⏳ 暂无任务，休息60秒...
[王规划] ⏳ 暂无任务，休息60秒...
[冯优化] ⏳ 暂无任务，休息60秒...
[钱调度] ⏳ 暂无任务，休息60秒...
[陈元灵] ⏳ 暂无任务，休息60秒...
[林对齐] ⏳ 暂无任务，休息60秒...
[朱图谱] ⏳ 暂无任务，休息60秒...
[平心理] ⏳ 暂无任务，休息60秒...
[水版本] ⏳ 暂无任务，休息60秒...
[葛消息] ⏳ 暂无任务，休息60秒...
[皮审计] ⏳ 暂无任务，休息60秒...
[赏界面] ⏳ 暂无任务，休息60秒...
[财SDK] ⏳ 暂无任务，休息60秒...
[蒋巨门] ⏳ 暂无任务，休息60秒...
[沈记忆] ⏳ 暂无任务，休息60秒...
[韩向量] ⏳ 暂无任务，休息60秒...
[杨检索] ⏳ 暂无任务，休息60秒...
[伍廉贞] ⏳ 暂无任务，休息60秒...
[余情绪] ⏳ 暂无任务，休息60秒...
[元人格] ⏳ 暂无任务，休息60秒...
[孟一致] ⏳ 暂无任务，休息60秒...
[谢武功] ⏳ 暂无任务，休息60秒...
[邹接口] ⏳ 暂无任务，休息60秒...
[喻发现] ⏳ 暂无任务，休息60秒...
[柏依赖] ⏳ 暂无任务，休息60秒...
[章破军] ⏳ 暂无任务，休息60秒...
[云沙箱] ⏳ 暂无任务，休息60秒...
[苏容器] ⏳ 暂无任务，休息60秒...
[潘外呼] ⏳ 暂无任务，休息60秒...
[倪左辅] ⏳ 暂无任务，休息60秒...
[汤K8s] ⏳ 暂无任务，休息60秒...
[殷用户] ⏳ 暂无任务，休息60秒...
[罗隔离] ⏳ 暂无任务，休息60秒...
[毕配置] ⏳ 暂无任务，休息60秒...
[周右弼] ⏳ 暂无任务，休息60秒...
[乐法律] ⏳ 暂无任务，休息60秒...
[于道德] ⏳ 暂无任务，休息60秒...
[时权限] ⏳ 暂无任务，休息60秒...
[薛贪狼] ⏳ 暂无任务，休息60秒...
[雷ASR] ⏳ 暂无任务，休息60秒...
[贺TTS] ⏳ 暂无任务，休息60秒...
[贡数字人] ⏳ 暂无任务，休息60秒...
[齐辅弼] ⏳ 暂无任务，休息60秒...
[康网关] ⏳ 暂无任务，休息60秒...
[和产品] ⏳ 暂无任务，休息60秒...
[穆文档] ⏳ 暂无任务，休息60秒...
[黄漂移] ⏳ 暂无任务，休息60秒...
[周进化] ⏳ 暂无任务，休息60秒...
[吴模板] ⏳ 暂无任务，休息60秒...
[周禄存] ⏳ 暂无任务，休息60秒...
[郑路由] ⏳ 暂无任务，休息60秒...
[王规划] ⏳ 暂无任务，休息60秒...
[冯优化] ⏳ 暂无任务，休息60秒...
[钱调度] ⏳ 暂无任务，休息60秒...
[陈元灵] ⏳ 暂无任务，休息60秒...
[林对齐] ⏳ 暂无任务，休息60秒...
[朱图谱] ⏳ 暂无任务，休息60秒...
[平心理] ⏳ 暂无任务，休息60秒...
[水版本] ⏳ 暂无任务，休息60秒...
[葛消息] ⏳ 暂无任务，休息60秒...
[皮审计] ⏳ 暂无任务，休息60秒...
[赏界面] ⏳ 暂无任务，休息60秒...
[财SDK] ⏳ 暂无任务，休息60秒...
[蒋巨门] ⏳ 暂无任务，休息60秒...
[沈记忆] ⏳ 暂无任务，休息60秒...
[韩向量] ⏳ 暂无任务，休息60秒...
[杨检索] ⏳ 暂无任务，休息60秒...
[伍廉贞] ⏳ 暂无任务，休息60秒...
[余情绪] ⏳ 暂无任务，休息60秒...
[元人格] ⏳ 暂无任务，休息60秒...
[孟一致] ⏳ 暂无任务，休息60秒...
[谢武功] ⏳ 暂无任务，休息60秒...
[邹接口] ⏳ 暂无任务，休息60秒...
[喻发现] ⏳ 暂无任务，休息60秒...
[柏依赖] ⏳ 暂无任务，休息60秒...
[章破军] ⏳ 暂无任务，休息60秒...
[云沙箱] ⏳ 暂无任务，休息60秒...
[苏容器] ⏳ 暂无任务，休息60秒...
[潘外呼] ⏳ 暂无任务，休息60秒...
[倪左辅] ⏳ 暂无任务，休息60秒...
[汤K8s] ⏳ 暂无任务，休息60秒...
[殷用户] ⏳ 暂无任务，休息60秒...
[罗隔离] ⏳ 暂无任务，休息60秒...
[毕配置] ⏳ 暂无任务，休息60秒...
[周右弼] ⏳ 暂无任务，休息60秒...
[乐法律] ⏳ 暂无任务，休息60秒...
[于道德] ⏳ 暂无任务，休息60秒...
[时权限] ⏳ 暂无任务，休息60秒...
[薛贪狼] ⏳ 暂无任务，休息60秒...
[雷ASR] ⏳ 暂无任务，休息60秒...
[贺TTS] ⏳ 暂无任务，休息60秒...
[贡数字人] ⏳ 暂无任务，休息60秒...
[齐辅弼] ⏳ 暂无任务，休息60秒...
[康网关] ⏳ 暂无任务，休息60秒...
[和产品] ⏳ 暂无任务，休息60秒...
[穆文档] ⏳ 暂无任务，休息60秒...
[黄漂移] ⏳ 暂无任务，休息60秒...
[周进化] ⏳ 暂无任务，休息60秒...
[吴模板] ⏳ 暂无任务，休息60秒...
[周禄存] ⏳ 暂无任务，休息60秒...
[郑路由] ⏳ 暂无任务，休息60秒...
[王规划] ⏳ 暂无任务，休息60秒...
[冯优化] ⏳ 暂无任务，休息60秒...
[钱调度] ⏳ 暂无任务，休息60秒...
[陈元灵] ⏳ 暂无任务，休息60秒...
[林对齐] ⏳ 暂无任务，休息60秒...
[朱图谱] ⏳ 暂无任务，休息60秒...
[平心理] ⏳ 暂无任务，休息60秒...
[水版本] ⏳ 暂无任务，休息60秒...
[葛消息] ⏳ 暂无任务，休息60秒...
[皮审计] ⏳ 暂无任务，休息60秒...
[赏界面] ⏳ 暂无任务，休息60秒...
[财SDK] ⏳ 暂无任务，休息60秒...
[蒋巨门] ⏳ 暂无任务，休息60秒...
[沈记忆] ⏳ 暂无任务，休息60秒...
[韩向量] ⏳ 暂无任务，休息60秒...
[杨检索] ⏳ 暂无任务，休息60秒...
[伍廉贞] ⏳ 暂无任务，休息60秒...
[余情绪] ⏳ 暂无任务，休息60秒...
[元人格] ⏳ 暂无任务，休息60秒...
[孟一致] ⏳ 暂无任务，休息60秒...
[谢武功] ⏳ 暂无任务，休息60秒...
[邹接口] ⏳ 暂无任务，休息60秒...
[喻发现] ⏳ 暂无任务，休息60秒...
[柏依赖] ⏳ 暂无任务，休息60秒...
[章破军] ⏳ 暂无任务，休息60秒...
[云沙箱] ⏳ 暂无任务，休息60秒...
[苏容器] ⏳ 暂无任务，休息60秒...
[潘外呼] ⏳ 暂无任务，休息60秒...
[倪左辅] ⏳ 暂无任务，休息60秒...
[汤K8s] ⏳ 暂无任务，休息60秒...
[殷用户] ⏳ 暂无任务，休息60秒...
[罗隔离] ⏳ 暂无任务，休息60秒...
[毕配置] ⏳ 暂无任务，休息60秒...
[周右弼] ⏳ 暂无任务，休息60秒...
[乐法律] ⏳ 暂无任务，休息60秒...
[于道德] ⏳ 暂无任务，休息60秒...
[时权限] ⏳ 暂无任务，休息60秒...
[薛贪狼] ⏳ 暂无任务，休息60秒...
[雷ASR] ⏳ 暂无任务，休息60秒...
[贺TTS] ⏳ 暂无任务，休息60秒...
[贡数字人] ⏳ 暂无任务，休息60秒...
[齐辅弼] ⏳ 暂无任务，休息60秒...
[康网关] ⏳ 暂无任务，休息60秒...
[和产品] ⏳ 暂无任务，休息60秒...
[穆文档] ⏳ 暂无任务，休息60秒...
[黄漂移] ⏳ 暂无任务，休息60秒...
[周进化] ⏳ 暂无任务，休息60秒...
[吴模板] ⏳ 暂无任务，休息60秒...
[周禄存] ⏳ 暂无任务，休息60秒...
[郑路由] ⏳ 暂无任务，休息60秒...
[王规划] ⏳ 暂无任务，休息60秒...
[冯优化] ⏳ 暂无任务，休息60秒...
[钱调度] ⏳ 暂无任务，休息60秒...
[陈元灵] ⏳ 暂无任务，休息60秒...
[林对齐] ⏳ 暂无任务，休息60秒...
[朱图谱] ⏳ 暂无任务，休息60秒...
[平心理] ⏳ 暂无任务，休息60秒...
[水版本] ⏳ 暂无任务，休息60秒...
[葛消息] ⏳ 暂无任务，休息60秒...
[皮审计] ⏳ 暂无任务，休息60秒...
[赏界面] ⏳ 暂无任务，休息60秒...
[财SDK] ⏳ 暂无任务，休息60秒...
[蒋巨门] ⏳ 暂无任务，休息60秒...
[沈记忆] ⏳ 暂无任务，休息60秒...
[韩向量] ⏳ 暂无任务，休息60秒...
[杨检索] ⏳ 暂无任务，休息60秒...
[伍廉贞] ⏳ 暂无任务，休息60秒...
[余情绪] ⏳ 暂无任务，休息60秒...
[元人格] ⏳ 暂无任务，休息60秒...
[孟一致] ⏳ 暂无任务，休息60秒...
[谢武功] ⏳ 暂无任务，休息60秒...
[邹接口] ⏳ 暂无任务，休息60秒...
[喻发现] ⏳ 暂无任务，休息60秒...
[柏依赖] ⏳ 暂无任务，休息60秒...
[章破军] ⏳ 暂无任务，休息60秒...
[云沙箱] ⏳ 暂无任务，休息60秒...
[苏容器] ⏳ 暂无任务，休息60秒...
[潘外呼] ⏳ 暂无任务，休息60秒...
[倪左辅] ⏳ 暂无任务，休息60秒...
[汤K8s] ⏳ 暂无任务，休息60秒...
[殷用户] ⏳ 暂无任务，休息60秒...
[罗隔离] ⏳ 暂无任务，休息60秒...
[毕配置] ⏳ 暂无任务，休息60秒...
[周右弼] ⏳ 暂无任务，休息60秒...
[乐法律] ⏳ 暂无任务，休息60秒...
[于道德] ⏳ 暂无任务，休息60秒...
[时权限] ⏳ 暂无任务，休息60秒...
[薛贪狼] ⏳ 暂无任务，休息60秒...
[雷ASR] ⏳ 暂无任务，休息60秒...
[贺TTS] ⏳ 暂无任务，休息60秒...
[贡数字人] ⏳ 暂无任务，休息60秒...
[齐辅弼] ⏳ 暂无任务，休息60秒...
[康网关] ⏳ 暂无任务，休息60秒...
[和产品] ⏳ 暂无任务，休息60秒...
[穆文档] ⏳ 暂无任务，休息60秒...
[黄漂移] ⏳ 暂无任务，休息60秒...
[周进化] ⏳ 暂无任务，休息60秒...
[吴模板] ⏳ 暂无任务，休息60秒...
[周禄存] ⏳ 暂无任务，休息60秒...
[郑路由] ⏳ 暂无任务，休息60秒...
[王规划] ⏳ 暂无任务，休息60秒...
[冯优化] ⏳ 暂无任务，休息60秒...
[钱调度] ⏳ 暂无任务，休息60秒...
[陈元灵] ⏳ 暂无任务，休息60秒...
[林对齐] ⏳ 暂无任务，休息60秒...
[朱图谱] ⏳ 暂无任务，休息60秒...
[平心理] ⏳ 暂无任务，休息60秒...
[水版本] ⏳ 暂无任务，休息60秒...
[葛消息] ⏳ 暂无任务，休息60秒...
[皮审计] ⏳ 暂无任务，休息60秒...
[赏界面] ⏳ 暂无任务，休息60秒...
[财SDK] ⏳ 暂无任务，休息60秒...
[蒋巨门] ⏳ 暂无任务，休息60秒...
[沈记忆] ⏳ 暂无任务，休息60秒...
[韩向量] ⏳ 暂无任务，休息60秒...
[杨检索] ⏳ 暂无任务，休息60秒...
[伍廉贞] ⏳ 暂无任务，休息60秒...
[余情绪] ⏳ 暂无任务，休息60秒...
[元人格] ⏳ 暂无任务，休息60秒...
[孟一致] ⏳ 暂无任务，休息60秒...
[谢武功] ⏳ 暂无任务，休息60秒...
[邹接口] ⏳ 暂无任务，休息60秒...
[喻发现] ⏳ 暂无任务，休息60秒...
[柏依赖] ⏳ 暂无任务，休息60秒...
[章破军] ⏳ 暂无任务，休息60秒...
[云沙箱] ⏳ 暂无任务，休息60秒...
[苏容器] ⏳ 暂无任务，休息60秒...
[潘外呼] ⏳ 暂无任务，休息60秒...
[倪左辅] ⏳ 暂无任务，休息60秒...
[汤K8s] ⏳ 暂无任务，休息60秒...
[殷用户] ⏳ 暂无任务，休息60秒...
[罗隔离] ⏳ 暂无任务，休息60秒...
[毕配置] ⏳ 暂无任务，休息60秒...
[周右弼] ⏳ 暂无任务，休息60秒...
[乐法律] ⏳ 暂无任务，休息60秒...
[于道德] ⏳ 暂无任务，休息60秒...
[时权限] ⏳ 暂无任务，休息60秒...
[薛贪狼] ⏳ 暂无任务，休息60秒...
[雷ASR] ⏳ 暂无任务，休息60秒...
[贺TTS] ⏳ 暂无任务，休息60秒...
[贡数字人] ⏳ 暂无任务，休息60秒...
[齐辅弼] ⏳ 暂无任务，休息60秒...
[康网关] ⏳ 暂无任务，休息60秒...
[和产品] ⏳ 暂无任务，休息60秒...
[穆文档] ⏳ 暂无任务，休息60秒...
[黄漂移] ⏳ 暂无任务，休息60秒...
[周进化] ⏳ 暂无任务，休息60秒...
[吴模板] ⏳ 暂无任务，休息60秒...
[周禄存] ⏳ 暂无任务，休息60秒...
[郑路由] ⏳ 暂无任务，休息60秒...
[王规划] ⏳ 暂无任务，休息60秒...
[冯优化] ⏳ 暂无任务，休息60秒...
[钱调度] ⏳ 暂无任务，休息60秒...
[陈元灵] ⏳ 暂无任务，休息60秒...
[林对齐] ⏳ 暂无任务，休息60秒...
[朱图谱] ⏳ 暂无任务，休息60秒...
[平心理] ⏳ 暂无任务，休息60秒...
[水版本] ⏳ 暂无任务，休息60秒...
[葛消息] ⏳ 暂无任务，休息60秒...
[皮审计] ⏳ 暂无任务，休息60秒...
[赏界面] ⏳ 暂无任务，休息60秒...
[财SDK] ⏳ 暂无任务，休息60秒...
[蒋巨门] ⏳ 暂无任务，休息60秒...
[沈记忆] ⏳ 暂无任务，休息60秒...
[韩向量] ⏳ 暂无任务，休息60秒...
[杨检索] ⏳ 暂无任务，休息60秒...
[伍廉贞] ⏳ 暂无任务，休息60秒...
[余情绪] ⏳ 暂无任务，休息60秒...
[元人格] ⏳ 暂无任务，休息60秒...
[孟一致] ⏳ 暂无任务，休息60秒...
[谢武功] ⏳ 暂无任务，休息60秒...
[邹接口] ⏳ 暂无任务，休息60秒...
[喻发现] ⏳ 暂无任务，休息60秒...
[柏依赖] ⏳ 暂无任务，休息60秒...
[章破军] ⏳ 暂无任务，休息60秒...
[云沙箱] ⏳ 暂无任务，休息60秒...
[苏容器] ⏳ 暂无任务，休息60秒...
[潘外呼] ⏳ 暂无任务，休息60秒...
[倪左辅] ⏳ 暂无任务，休息60秒...
[汤K8s] ⏳ 暂无任务，休息60秒...
[殷用户] ⏳ 暂无任务，休息60秒...
[罗隔离] ⏳ 暂无任务，休息60秒...
[毕配置] ⏳ 暂无任务，休息60秒...
[周右弼] ⏳ 暂无任务，休息60秒...
[乐法律] ⏳ 暂无任务，休息60秒...
[于道德] ⏳ 暂无任务，休息60秒...
[时权限] ⏳ 暂无任务，休息60秒...
[薛贪狼] ⏳ 暂无任务，休息60秒...
[雷ASR] ⏳ 暂无任务，休息60秒...
[贺TTS] ⏳ 暂无任务，休息60秒...
[贡数字人] ⏳ 暂无任务，休息60秒...
[齐辅弼] ⏳ 暂无任务，休息60秒...
[康网关] ⏳ 暂无任务，休息60秒...
[和产品] ⏳ 暂无任务，休息60秒...
[穆文档] ⏳ 暂无任务，休息60秒...
[黄漂移] ⏳ 暂无任务，休息60秒...
[周进化] ⏳ 暂无任务，休息60秒...
[吴模板] ⏳ 暂无任务，休息60秒...
[周禄存] ⏳ 暂无任务，休息60秒...
[郑路由] ⏳ 暂无任务，休息60秒...
[王规划] ⏳ 暂无任务，休息60秒...
[冯优化] ⏳ 暂无任务，休息60秒...
[钱调度] ⏳ 暂无任务，休息60秒...
[陈元灵] ⏳ 暂无任务，休息60秒...
[林对齐] ⏳ 暂无任务，休息60秒...
[朱图谱] ⏳ 暂无任务，休息60秒...
[平心理] ⏳ 暂无任务，休息60秒...
[水版本] ⏳ 暂无任务，休息60秒...
[葛消息] ⏳ 暂无任务，休息60秒...
[皮审计] ⏳ 暂无任务，休息60秒...
[赏界面] ⏳ 暂无任务，休息60秒...
[财SDK] ⏳ 暂无任务，休息60秒...
[蒋巨门] ⏳ 暂无任务，休息60秒...
[沈记忆] ⏳ 暂无任务，休息60秒...
[韩向量] ⏳ 暂无任务，休息60秒...
[杨检索] ⏳ 暂无任务，休息60秒...
[伍廉贞] ⏳ 暂无任务，休息60秒...
[余情绪] ⏳ 暂无任务，休息60秒...
[元人格] ⏳ 暂无任务，休息60秒...
[孟一致] ⏳ 暂无任务，休息60秒...
[谢武功] ⏳ 暂无任务，休息60秒...
[邹接口] ⏳ 暂无任务，休息60秒...
[喻发现] ⏳ 暂无任务，休息60秒...
[柏依赖] ⏳ 暂无任务，休息60秒...
[章破军] ⏳ 暂无任务，休息60秒...
[云沙箱] ⏳ 暂无任务，休息60秒...
[苏容器] ⏳ 暂无任务，休息60秒...
[潘外呼] ⏳ 暂无任务，休息60秒...
[倪左辅] ⏳ 暂无任务，休息60秒...
[汤K8s] ⏳ 暂无任务，休息60秒...
[殷用户] ⏳ 暂无任务，休息60秒...
[罗隔离] ⏳ 暂无任务，休息60秒...
[毕配置] ⏳ 暂无任务，休息60秒...
[周右弼] ⏳ 暂无任务，休息60秒...
[乐法律] ⏳ 暂无任务，休息60秒...
[于道德] ⏳ 暂无任务，休息60秒...
[时权限] ⏳ 暂无任务，休息60秒...
[薛贪狼] ⏳ 暂无任务，休息60秒...
[雷ASR] ⏳ 暂无任务，休息60秒...
[贺TTS] ⏳ 暂无任务，休息60秒...
[贡数字人] ⏳ 暂无任务，休息60秒...
[齐辅弼] ⏳ 暂无任务，休息60秒...
[康网关] ⏳ 暂无任务，休息60秒...
[和产品] ⏳ 暂无任务，休息60秒...
[穆文档] ⏳ 暂无任务，休息60秒...
[黄漂移] ⏳ 暂无任务，休息60秒...
[周进化] ⏳ 暂无任务，休息60秒...
[吴模板] ⏳ 暂无任务，休息60秒...
[周禄存] ⏳ 暂无任务，休息60秒...
[郑路由] ⏳ 暂无任务，休息60秒...
[王规划] ⏳ 暂无任务，休息60秒...
[冯优化] ⏳ 暂无任务，休息60秒...
[钱调度] ⏳ 暂无任务，休息60秒...
[陈元灵] ⏳ 暂无任务，休息60秒...
[林对齐] ⏳ 暂无任务，休息60秒...
[朱图谱] ⏳ 暂无任务，休息60秒...
[平心理] ⏳ 暂无任务，休息60秒...
[水版本] ⏳ 暂无任务，休息60秒...
[葛消息] ⏳ 暂无任务，休息60秒...
[皮审计] ⏳ 暂无任务，休息60秒...
[赏界面] ⏳ 暂无任务，休息60秒...
[财SDK] ⏳ 暂无任务，休息60秒...
[蒋巨门] ⏳ 暂无任务，休息60秒...
[沈记忆] ⏳ 暂无任务，休息60秒...
[韩向量] ⏳ 暂无任务，休息60秒...
[杨检索] ⏳ 暂无任务，休息60秒...
[伍廉贞] ⏳ 暂无任务，休息60秒...
[余情绪] ⏳ 暂无任务，休息60秒...
[元人格] ⏳ 暂无任务，休息60秒...
[孟一致] ⏳ 暂无任务，休息60秒...
[谢武功] ⏳ 暂无任务，休息60秒...
[邹接口] ⏳ 暂无任务，休息60秒...
[喻发现] ⏳ 暂无任务，休息60秒...
[柏依赖] ⏳ 暂无任务，休息60秒...
[章破军] ⏳ 暂无任务，休息60秒...
[云沙箱] ⏳ 暂无任务，休息60秒...
[苏容器] ⏳ 暂无任务，休息60秒...
[潘外呼] ⏳ 暂无任务，休息60秒...
[倪左辅] ⏳ 暂无任务，休息60秒...
[汤K8s] ⏳ 暂无任务，休息60秒...
[殷用户] ⏳ 暂无任务，休息60秒...
[罗隔离] ⏳ 暂无任务，休息60秒...
[毕配置] ⏳ 暂无任务，休息60秒...
[周右弼] ⏳ 暂无任务，休息60秒...
[乐法律] ⏳ 暂无任务，休息60秒...
[于道德] ⏳ 暂无任务，休息60秒...
[时权限] ⏳ 暂无任务，休息60秒...
[薛贪狼] ⏳ 暂无任务，休息60秒...
[雷ASR] ⏳ 暂无任务，休息60秒...
[贺TTS] ⏳ 暂无任务，休息60秒...
[贡数字人] ⏳ 暂无任务，休息60秒...
[齐辅弼] ⏳ 暂无任务，休息60秒...
[康网关] ⏳ 暂无任务，休息60秒...
[和产品] ⏳ 暂无任务，休息60秒...
[穆文档] ⏳ 暂无任务，休息60秒...
[黄漂移] ⏳ 暂无任务，休息60秒...
[周进化] ⏳ 暂无任务，休息60秒...
[吴模板] ⏳ 暂无任务，休息60秒...
[周禄存] ⏳ 暂无任务，休息60秒...
[郑路由] ⏳ 暂无任务，休息60秒...
[王规划] ⏳ 暂无任务，休息60秒...
[冯优化] ⏳ 暂无任务，休息60秒...
[钱调度] ⏳ 暂无任务，休息60秒...
[陈元灵] ⏳ 暂无任务，休息60秒...
[林对齐] ⏳ 暂无任务，休息60秒...
[朱图谱] ⏳ 暂无任务，休息60秒...
[平心理] ⏳ 暂无任务，休息60秒...
[水版本] ⏳ 暂无任务，休息60秒...
[葛消息] ⏳ 暂无任务，休息60秒...
[皮审计] ⏳ 暂无任务，休息60秒...
[赏界面] ⏳ 暂无任务，休息60秒...
[财SDK] ⏳ 暂无任务，休息60秒...
[蒋巨门] ⏳ 暂无任务，休息60秒...
[沈记忆] ⏳ 暂无任务，休息60秒...
[韩向量] ⏳ 暂无任务，休息60秒...
[杨检索] ⏳ 暂无任务，休息60秒...
[伍廉贞] ⏳ 暂无任务，休息60秒...
[余情绪] ⏳ 暂无任务，休息60秒...
[元人格] ⏳ 暂无任务，休息60秒...
[孟一致] ⏳ 暂无任务，休息60秒...
[谢武功] ⏳ 暂无任务，休息60秒...
[邹接口] ⏳ 暂无任务，休息60秒...
[喻发现] ⏳ 暂无任务，休息60秒...
[柏依赖] ⏳ 暂无任务，休息60秒...
[章破军] ⏳ 暂无任务，休息60秒...
[云沙箱] ⏳ 暂无任务，休息60秒...
[苏容器] ⏳ 暂无任务，休息60秒...
[潘外呼] ⏳ 暂无任务，休息60秒...
[倪左辅] ⏳ 暂无任务，休息60秒...
[汤K8s] ⏳ 暂无任务，休息60秒...
[殷用户] ⏳ 暂无任务，休息60秒...
[罗隔离] ⏳ 暂无任务，休息60秒...
[毕配置] ⏳ 暂无任务，休息60秒...
[周右弼] ⏳ 暂无任务，休息60秒...
[乐法律] ⏳ 暂无任务，休息60秒...
[于道德] ⏳ 暂无任务，休息60秒...
[时权限] ⏳ 暂无任务，休息60秒...
[薛贪狼] ⏳ 暂无任务，休息60秒...
[雷ASR] ⏳ 暂无任务，休息60秒...
[贺TTS] ⏳ 暂无任务，休息60秒...
[贡数字人] ⏳ 暂无任务，休息60秒...
[齐辅弼] ⏳ 暂无任务，休息60秒...
[康网关] ⏳ 暂无任务，休息60秒...
[和产品] ⏳ 暂无任务，休息60秒...
[穆文档] ⏳ 暂无任务，休息60秒...
[黄漂移] ⏳ 暂无任务，休息60秒...
[周进化] ⏳ 暂无任务，休息60秒...
[吴模板] ⏳ 暂无任务，休息60秒...
[周禄存] ⏳ 暂无任务，休息60秒...
[郑路由] ⏳ 暂无任务，休息60秒...
[王规划] ⏳ 暂无任务，休息60秒...
[冯优化] ⏳ 暂无任务，休息60秒...
[钱调度] ⏳ 暂无任务，休息60秒...
[陈元灵] ⏳ 暂无任务，休息60秒...
[林对齐] ⏳ 暂无任务，休息60秒...
[朱图谱] ⏳ 暂无任务，休息60秒...
[平心理] ⏳ 暂无任务，休息60秒...
[水版本] ⏳ 暂无任务，休息60秒...
[葛消息] ⏳ 暂无任务，休息60秒...
[皮审计] ⏳ 暂无任务，休息60秒...
[赏界面] ⏳ 暂无任务，休息60秒...
[财SDK] ⏳ 暂无任务，休息60秒...
[蒋巨门] ⏳ 暂无任务，休息60秒...
[沈记忆] ⏳ 暂无任务，休息60秒...
[韩向量] ⏳ 暂无任务，休息60秒...
[杨检索] ⏳ 暂无任务，休息60秒...
[伍廉贞] ⏳ 暂无任务，休息60秒...
[余情绪] ⏳ 暂无任务，休息60秒...
[元人格] ⏳ 暂无任务，休息60秒...
[孟一致] ⏳ 暂无任务，休息60秒...
[谢武功] ⏳ 暂无任务，休息60秒...
[邹接口] ⏳ 暂无任务，休息60秒...
[喻发现] ⏳ 暂无任务，休息60秒...
[柏依赖] ⏳ 暂无任务，休息60秒...
[章破军] ⏳ 暂无任务，休息60秒...
[云沙箱] ⏳ 暂无任务，休息60秒...
[苏容器] ⏳ 暂无任务，休息60秒...
[潘外呼] ⏳ 暂无任务，休息60秒...
[倪左辅] ⏳ 暂无任务，休息60秒...
[汤K8s] ⏳ 暂无任务，休息60秒...
[殷用户] ⏳ 暂无任务，休息60秒...
[罗隔离] ⏳ 暂无任务，休息60秒...
[毕配置] ⏳ 暂无任务，休息60秒...
[周右弼] ⏳ 暂无任务，休息60秒...
[乐法律] ⏳ 暂无任务，休息60秒...
[于道德] ⏳ 暂无任务，休息60秒...
[时权限] ⏳ 暂无任务，休息60秒...
[薛贪狼] ⏳ 暂无任务，休息60秒...
[雷ASR] ⏳ 暂无任务，休息60秒...
[贺TTS] ⏳ 暂无任务，休息60秒...
[贡数字人] ⏳ 暂无任务，休息60秒...
[齐辅弼] ⏳ 暂无任务，休息60秒...
[康网关] ⏳ 暂无任务，休息60秒...
[和产品] ⏳ 暂无任务，休息60秒...
[穆文档] ⏳ 暂无任务，休息60秒...
[黄漂移] ⏳ 暂无任务，休息60秒...
[周进化] ⏳ 暂无任务，休息60秒...
[吴模板] ⏳ 暂无任务，休息60秒...
[周禄存] ⏳ 暂无任务，休息60秒...
[郑路由] ⏳ 暂无任务，休息60秒...
[王规划] ⏳ 暂无任务，休息60秒...
[冯优化] ⏳ 暂无任务，休息60秒...
[钱调度] ⏳ 暂无任务，休息60秒...
[陈元灵] ⏳ 暂无任务，休息60秒...
[林对齐] ⏳ 暂无任务，休息60秒...
[朱图谱] ⏳ 暂无任务，休息60秒...
[平心理] ⏳ 暂无任务，休息60秒...
[水版本] ⏳ 暂无任务，休息60秒...
[葛消息] ⏳ 暂无任务，休息60秒...
[皮审计] ⏳ 暂无任务，休息60秒...
[赏界面] ⏳ 暂无任务，休息60秒...
[财SDK] ⏳ 暂无任务，休息60秒...
[蒋巨门] ⏳ 暂无任务，休息60秒...
[沈记忆] ⏳ 暂无任务，休息60秒...
[韩向量] ⏳ 暂无任务，休息60秒...
[杨检索] ⏳ 暂无任务，休息60秒...
[伍廉贞] ⏳ 暂无任务，休息60秒...
[余情绪] ⏳ 暂无任务，休息60秒...
[元人格] ⏳ 暂无任务，休息60秒...
[孟一致] ⏳ 暂无任务，休息60秒...
[谢武功] ⏳ 暂无任务，休息60秒...
[邹接口] ⏳ 暂无任务，休息60秒...
[喻发现] ⏳ 暂无任务，休息60秒...
[柏依赖] ⏳ 暂无任务，休息60秒...
[章破军] ⏳ 暂无任务，休息60秒...
[云沙箱] ⏳ 暂无任务，休息60秒...
[苏容器] ⏳ 暂无任务，休息60秒...
[潘外呼] ⏳ 暂无任务，休息60秒...
[倪左辅] ⏳ 暂无任务，休息60秒...
[汤K8s] ⏳ 暂无任务，休息60秒...
[殷用户] ⏳ 暂无任务，休息60秒...
[罗隔离] ⏳ 暂无任务，休息60秒...
[毕配置] ⏳ 暂无任务，休息60秒...
[周右弼] ⏳ 暂无任务，休息60秒...
[乐法律] ⏳ 暂无任务，休息60秒...
[于道德] ⏳ 暂无任务，休息60秒...
[时权限] ⏳ 暂无任务，休息60秒...
[薛贪狼] ⏳ 暂无任务，休息60秒...
[雷ASR] ⏳ 暂无任务，休息60秒...
[贺TTS] ⏳ 暂无任务，休息60秒...
[贡数字人] ⏳ 暂无任务，休息60秒...
[齐辅弼] ⏳ 暂无任务，休息60秒...
[康网关] ⏳ 暂无任务，休息60秒...
[和产品] ⏳ 暂无任务，休息60秒...
[穆文档] ⏳ 暂无任务，休息60秒...
[黄漂移] ⏳ 暂无任务，休息60秒...
[周进化] ⏳ 暂无任务，休息60秒...
[吴模板] ⏳ 暂无任务，休息60秒...
[周禄存] ⏳ 暂无任务，休息60秒...
[郑路由] ⏳ 暂无任务，休息60秒...
[王规划] ⏳ 暂无任务，休息60秒...
[冯优化] ⏳ 暂无任务，休息60秒...
[钱调度] ⏳ 暂无任务，休息60秒...
[陈元灵] ⏳ 暂无任务，休息60秒...
[林对齐] ⏳ 暂无任务，休息60秒...
[朱图谱] ⏳ 暂无任务，休息60秒...
[平心理] ⏳ 暂无任务，休息60秒...
[水版本] ⏳ 暂无任务，休息60秒...
[葛消息] ⏳ 暂无任务，休息60秒...
[皮审计] ⏳ 暂无任务，休息60秒...
[赏界面] ⏳ 暂无任务，休息60秒...
[财SDK] ⏳ 暂无任务，休息60秒...
[蒋巨门] ⏳ 暂无任务，休息60秒...
[沈记忆] ⏳ 暂无任务，休息60秒...
[韩向量] ⏳ 暂无任务，休息60秒...
[杨检索] ⏳ 暂无任务，休息60秒...
[伍廉贞] ⏳ 暂无任务，休息60秒...
[余情绪] ⏳ 暂无任务，休息60秒...
[元人格] ⏳ 暂无任务，休息60秒...
[孟一致] ⏳ 暂无任务，休息60秒...
[谢武功] ⏳ 暂无任务，休息60秒...
[邹接口] ⏳ 暂无任务，休息60秒...
[喻发现] ⏳ 暂无任务，休息60秒...
[柏依赖] ⏳ 暂无任务，休息60秒...
[章破军] ⏳ 暂无任务，休息60秒...
[云沙箱] ⏳ 暂无任务，休息60秒...
[苏容器] ⏳ 暂无任务，休息60秒...
[潘外呼] ⏳ 暂无任务，休息60秒...
[倪左辅] ⏳ 暂无任务，休息60秒...
[汤K8s] ⏳ 暂无任务，休息60秒...
[殷用户] ⏳ 暂无任务，休息60秒...
[罗隔离] ⏳ 暂无任务，休息60秒...
[毕配置] ⏳ 暂无任务，休息60秒...
[周右弼] ⏳ 暂无任务，休息60秒...
[乐法律] ⏳ 暂无任务，休息60秒...
[于道德] ⏳ 暂无任务，休息60秒...
[时权限] ⏳ 暂无任务，休息60秒...
[薛贪狼] ⏳ 暂无任务，休息60秒...
[雷ASR] ⏳ 暂无任务，休息60秒...
[贺TTS] ⏳ 暂无任务，休息60秒...
[贡数字人] ⏳ 暂无任务，休息60秒...
[齐辅弼] ⏳ 暂无任务，休息60秒...
[康网关] ⏳ 暂无任务，休息60秒...
[和产品] ⏳ 暂无任务，休息60秒...
[穆文档] ⏳ 暂无任务，休息60秒...
[黄漂移] ⏳ 暂无任务，休息60秒...
[周进化] ⏳ 暂无任务，休息60秒...
[吴模板] ⏳ 暂无任务，休息60秒...
[周禄存] ⏳ 暂无任务，休息60秒...
[郑路由] ⏳ 暂无任务，休息60秒...
[王规划] ⏳ 暂无任务，休息60秒...
[冯优化] ⏳ 暂无任务，休息60秒...
[钱调度] ⏳ 暂无任务，休息60秒...
[陈元灵] ⏳ 暂无任务，休息60秒...
[林对齐] ⏳ 暂无任务，休息60秒...
[朱图谱] ⏳ 暂无任务，休息60秒...
[平心理] ⏳ 暂无任务，休息60秒...
[水版本] ⏳ 暂无任务，休息60秒...
[葛消息] ⏳ 暂无任务，休息60秒...
[皮审计] ⏳ 暂无任务，休息60秒...
[赏界面] ⏳ 暂无任务，休息60秒...
[财SDK] ⏳ 暂无任务，休息60秒...
[蒋巨门] ⏳ 暂无任务，休息60秒...
[沈记忆] ⏳ 暂无任务，休息60秒...
[韩向量] ⏳ 暂无任务，休息60秒...
[杨检索] ⏳ 暂无任务，休息60秒...
[伍廉贞] ⏳ 暂无任务，休息60秒...
[余情绪] ⏳ 暂无任务，休息60秒...
[元人格] ⏳ 暂无任务，休息60秒...
[孟一致] ⏳ 暂无任务，休息60秒...
[谢武功] ⏳ 暂无任务，休息60秒...
[邹接口] ⏳ 暂无任务，休息60秒...
[喻发现] ⏳ 暂无任务，休息60秒...
[柏依赖] ⏳ 暂无任务，休息60秒...
[章破军] ⏳ 暂无任务，休息60秒...
[云沙箱] ⏳ 暂无任务，休息60秒...
[苏容器] ⏳ 暂无任务，休息60秒...
[潘外呼] ⏳ 暂无任务，休息60秒...
[倪左辅] ⏳ 暂无任务，休息60秒...
[汤K8s] ⏳ 暂无任务，休息60秒...
[殷用户] ⏳ 暂无任务，休息60秒...
[罗隔离] ⏳ 暂无任务，休息60秒...
[毕配置] ⏳ 暂无任务，休息60秒...
[周右弼] ⏳ 暂无任务，休息60秒...
[乐法律] ⏳ 暂无任务，休息60秒...
[于道德] ⏳ 暂无任务，休息60秒...
[时权限] ⏳ 暂无任务，休息60秒...
[薛贪狼] ⏳ 暂无任务，休息60秒...
[雷ASR] ⏳ 暂无任务，休息60秒...
[贺TTS] ⏳ 暂无任务，休息60秒...
[贡数字人] ⏳ 暂无任务，休息60秒...
[齐辅弼] ⏳ 暂无任务，休息60秒...
[康网关] ⏳ 暂无任务，休息60秒...
[和产品] ⏳ 暂无任务，休息60秒...
[穆文档] ⏳ 暂无任务，休息60秒...
[黄漂移] ⏳ 暂无任务，休息60秒...
[周进化] ⏳ 暂无任务，休息60秒...
[吴模板] ⏳ 暂无任务，休息60秒...
[周禄存] ⏳ 暂无任务，休息60秒...
[郑路由] ⏳ 暂无任务，休息60秒...
[王规划] ⏳ 暂无任务，休息60秒...
[冯优化] ⏳ 暂无任务，休息60秒...
[钱调度] ⏳ 暂无任务，休息60秒...
[陈元灵] ⏳ 暂无任务，休息60秒...
[林对齐] ⏳ 暂无任务，休息60秒...
[朱图谱] ⏳ 暂无任务，休息60秒...
[平心理] ⏳ 暂无任务，休息60秒...
[水版本] ⏳ 暂无任务，休息60秒...
[葛消息] ⏳ 暂无任务，休息60秒...
[皮审计] ⏳ 暂无任务，休息60秒...
[赏界面] ⏳ 暂无任务，休息60秒...
[财SDK] ⏳ 暂无任务，休息60秒...
[蒋巨门] ⏳ 暂无任务，休息60秒...
[沈记忆] ⏳ 暂无任务，休息60秒...
[韩向量] ⏳ 暂无任务，休息60秒...
[杨检索] ⏳ 暂无任务，休息60秒...
[伍廉贞] ⏳ 暂无任务，休息60秒...
[余情绪] ⏳ 暂无任务，休息60秒...
[元人格] ⏳ 暂无任务，休息60秒...
[孟一致] ⏳ 暂无任务，休息60秒...
[谢武功] ⏳ 暂无任务，休息60秒...
[邹接口] ⏳ 暂无任务，休息60秒...
[喻发现] ⏳ 暂无任务，休息60秒...
[柏依赖] ⏳ 暂无任务，休息60秒...
[章破军] ⏳ 暂无任务，休息60秒...
[云沙箱] ⏳ 暂无任务，休息60秒...
[苏容器] ⏳ 暂无任务，休息60秒...
[潘外呼] ⏳ 暂无任务，休息60秒...
[倪左辅] ⏳ 暂无任务，休息60秒...
[汤K8s] ⏳ 暂无任务，休息60秒...
[殷用户] ⏳ 暂无任务，休息60秒...
[罗隔离] ⏳ 暂无任务，休息60秒...
[毕配置] ⏳ 暂无任务，休息60秒...
[周右弼] ⏳ 暂无任务，休息60秒...
[乐法律] ⏳ 暂无任务，休息60秒...
[于道德] ⏳ 暂无任务，休息60秒...
[时权限] ⏳ 暂无任务，休息60秒...
[薛贪狼] ⏳ 暂无任务，休息60秒...
[雷ASR] ⏳ 暂无任务，休息60秒...
[贺TTS] ⏳ 暂无任务，休息60秒...
[贡数字人] ⏳ 暂无任务，休息60秒...
[齐辅弼] ⏳ 暂无任务，休息60秒...
[康网关] ⏳ 暂无任务，休息60秒...
[和产品] ⏳ 暂无任务，休息60秒...
[穆文档] ⏳ 暂无任务，休息60秒...
[黄漂移] ⏳ 暂无任务，休息60秒...
[周进化] ⏳ 暂无任务，休息60秒...
[吴模板] ⏳ 暂无任务，休息60秒...
[周禄存] ⏳ 暂无任务，休息60秒...
[郑路由] ⏳ 暂无任务，休息60秒...
[王规划] ⏳ 暂无任务，休息60秒...
[冯优化] ⏳ 暂无任务，休息60秒...
[钱调度] ⏳ 暂无任务，休息60秒...
[陈元灵] ⏳ 暂无任务，休息60秒...
[林对齐] ⏳ 暂无任务，休息60秒...
[朱图谱] ⏳ 暂无任务，休息60秒...
[平心理] ⏳ 暂无任务，休息60秒...
[水版本] ⏳ 暂无任务，休息60秒...
[葛消息] ⏳ 暂无任务，休息60秒...
[皮审计] ⏳ 暂无任务，休息60秒...
[赏界面] ⏳ 暂无任务，休息60秒...
[财SDK] ⏳ 暂无任务，休息60秒...
[蒋巨门] ⏳ 暂无任务，休息60秒...
[沈记忆] ⏳ 暂无任务，休息60秒...
[韩向量] ⏳ 暂无任务，休息60秒...
[杨检索] ⏳ 暂无任务，休息60秒...
[伍廉贞] ⏳ 暂无任务，休息60秒...
[余情绪] ⏳ 暂无任务，休息60秒...
[元人格] ⏳ 暂无任务，休息60秒...
[孟一致] ⏳ 暂无任务，休息60秒...
[谢武功] ⏳ 暂无任务，休息60秒...
[邹接口] ⏳ 暂无任务，休息60秒...
[喻发现] ⏳ 暂无任务，休息60秒...
[柏依赖] ⏳ 暂无任务，休息60秒...
[章破军] ⏳ 暂无任务，休息60秒...
[云沙箱] ⏳ 暂无任务，休息60秒...
[苏容器] ⏳ 暂无任务，休息60秒...
[潘外呼] ⏳ 暂无任务，休息60秒...
[倪左辅] ⏳ 暂无任务，休息60秒...
[汤K8s] ⏳ 暂无任务，休息60秒...
[殷用户] ⏳ 暂无任务，休息60秒...
[罗隔离] ⏳ 暂无任务，休息60秒...
[毕配置] ⏳ 暂无任务，休息60秒...
[周右弼] ⏳ 暂无任务，休息60秒...
[乐法律] ⏳ 暂无任务，休息60秒...
[于道德] ⏳ 暂无任务，休息60秒...
[时权限] ⏳ 暂无任务，休息60秒...
[薛贪狼] ⏳ 暂无任务，休息60秒...
[雷ASR] ⏳ 暂无任务，休息60秒...
[贺TTS] ⏳ 暂无任务，休息60秒...
[贡数字人] ⏳ 暂无任务，休息60秒...
[齐辅弼] ⏳ 暂无任务，休息60秒...
[康网关] ⏳ 暂无任务，休息60秒...
[和产品] ⏳ 暂无任务，休息60秒...
[穆文档] ⏳ 暂无任务，休息60秒...
[黄漂移] ⏳ 暂无任务，休息60秒...
[周进化] ⏳ 暂无任务，休息60秒...
[吴模板] ⏳ 暂无任务，休息60秒...
[周禄存] ⏳ 暂无任务，休息60秒...
[郑路由] ⏳ 暂无任务，休息60秒...
[王规划] ⏳ 暂无任务，休息60秒...
[冯优化] ⏳ 暂无任务，休息60秒...
[钱调度] ⏳ 暂无任务，休息60秒...
[陈元灵] ⏳ 暂无任务，休息60秒...
[林对齐] ⏳ 暂无任务，休息60秒...
[朱图谱] ⏳ 暂无任务，休息60秒...
[平心理] ⏳ 暂无任务，休息60秒...
[水版本] ⏳ 暂无任务，休息60秒...
[葛消息] ⏳ 暂无任务，休息60秒...
[皮审计] ⏳ 暂无任务，休息60秒...
[赏界面] ⏳ 暂无任务，休息60秒...
[财SDK] ⏳ 暂无任务，休息60秒...
[蒋巨门] ⏳ 暂无任务，休息60秒...
[沈记忆] ⏳ 暂无任务，休息60秒...
[韩向量] ⏳ 暂无任务，休息60秒...
[杨检索] ⏳ 暂无任务，休息60秒...
[伍廉贞] ⏳ 暂无任务，休息60秒...
[余情绪] ⏳ 暂无任务，休息60秒...
[元人格] ⏳ 暂无任务，休息60秒...
[孟一致] ⏳ 暂无任务，休息60秒...
[谢武功] ⏳ 暂无任务，休息60秒...
[邹接口] ⏳ 暂无任务，休息60秒...
[喻发现] ⏳ 暂无任务，休息60秒...
[柏依赖] ⏳ 暂无任务，休息60秒...
[章破军] ⏳ 暂无任务，休息60秒...
[云沙箱] ⏳ 暂无任务，休息60秒...
[苏容器] ⏳ 暂无任务，休息60秒...
[潘外呼] ⏳ 暂无任务，休息60秒...
[倪左辅] ⏳ 暂无任务，休息60秒...
[汤K8s] ⏳ 暂无任务，休息60秒...
[殷用户] ⏳ 暂无任务，休息60秒...
[罗隔离] ⏳ 暂无任务，休息60秒...
[毕配置] ⏳ 暂无任务，休息60秒...
[周右弼] ⏳ 暂无任务，休息60秒...
[乐法律] ⏳ 暂无任务，休息60秒...
[于道德] ⏳ 暂无任务，休息60秒...
[时权限] ⏳ 暂无任务，休息60秒...
[薛贪狼] ⏳ 暂无任务，休息60秒...
[雷ASR] ⏳ 暂无任务，休息60秒...
[贺TTS] ⏳ 暂无任务，休息60秒...
[贡数字人] ⏳ 暂无任务，休息60秒...
[齐辅弼] ⏳ 暂无任务，休息60秒...
[康网关] ⏳ 暂无任务，休息60秒...
[和产品] ⏳ 暂无任务，休息60秒...
[穆文档] ⏳ 暂无任务，休息60秒...
[黄漂移] ⏳ 暂无任务，休息60秒...
[周进化] ⏳ 暂无任务，休息60秒...
[吴模板] ⏳ 暂无任务，休息60秒...
[周禄存] ⏳ 暂无任务，休息60秒...
[郑路由] ⏳ 暂无任务，休息60秒...
[王规划] ⏳ 暂无任务，休息60秒...
[冯优化] ⏳ 暂无任务，休息60秒...
[钱调度] ⏳ 暂无任务，休息60秒...
[陈元灵] ⏳ 暂无任务，休息60秒...
[林对齐] ⏳ 暂无任务，休息60秒...
[朱图谱] ⏳ 暂无任务，休息60秒...
[平心理] ⏳ 暂无任务，休息60秒...
[水版本] ⏳ 暂无任务，休息60秒...
[葛消息] ⏳ 暂无任务，休息60秒...
[皮审计] ⏳ 暂无任务，休息60秒...
[赏界面] ⏳ 暂无任务，休息60秒...
[财SDK] ⏳ 暂无任务，休息60秒...
[蒋巨门] ⏳ 暂无任务，休息60秒...
[沈记忆] ⏳ 暂无任务，休息60秒...
[韩向量] ⏳ 暂无任务，休息60秒...
[杨检索] ⏳ 暂无任务，休息60秒...
[伍廉贞] ⏳ 暂无任务，休息60秒...
[余情绪] ⏳ 暂无任务，休息60秒...
[元人格] ⏳ 暂无任务，休息60秒...
[孟一致] ⏳ 暂无任务，休息60秒...
[谢武功] ⏳ 暂无任务，休息60秒...
[邹接口] ⏳ 暂无任务，休息60秒...
[喻发现] ⏳ 暂无任务，休息60秒...
[柏依赖] ⏳ 暂无任务，休息60秒...
[章破军] ⏳ 暂无任务，休息60秒...
[云沙箱] ⏳ 暂无任务，休息60秒...
[苏容器] ⏳ 暂无任务，休息60秒...
[潘外呼] ⏳ 暂无任务，休息60秒...
[倪左辅] ⏳ 暂无任务，休息60秒...
[汤K8s] ⏳ 暂无任务，休息60秒...
[殷用户] ⏳ 暂无任务，休息60秒...
[罗隔离] ⏳ 暂无任务，休息60秒...
[毕配置] ⏳ 暂无任务，休息60秒...
[周右弼] ⏳ 暂无任务，休息60秒...
[乐法律] ⏳ 暂无任务，休息60秒...
[于道德] ⏳ 暂无任务，休息60秒...
[时权限] ⏳ 暂无任务，休息60秒...
[薛贪狼] ⏳ 暂无任务，休息60秒...
[雷ASR] ⏳ 暂无任务，休息60秒...
[贺TTS] ⏳ 暂无任务，休息60秒...
[贡数字人] ⏳ 暂无任务，休息60秒...
[齐辅弼] ⏳ 暂无任务，休息60秒...
[康网关] ⏳ 暂无任务，休息60秒...
[和产品] ⏳ 暂无任务，休息60秒...
[穆文档] ⏳ 暂无任务，休息60秒...
[黄漂移] ⏳ 暂无任务，休息60秒...
[周进化] ⏳ 暂无任务，休息60秒...
[吴模板] ⏳ 暂无任务，休息60秒...
[周禄存] ⏳ 暂无任务，休息60秒...
[郑路由] ⏳ 暂无任务，休息60秒...
[王规划] ⏳ 暂无任务，休息60秒...
[冯优化] ⏳ 暂无任务，休息60秒...
[钱调度] ⏳ 暂无任务，休息60秒...
[陈元灵] ⏳ 暂无任务，休息60秒...
[林对齐] ⏳ 暂无任务，休息60秒...
[朱图谱] ⏳ 暂无任务，休息60秒...
[平心理] ⏳ 暂无任务，休息60秒...
[水版本] ⏳ 暂无任务，休息60秒...
[葛消息] ⏳ 暂无任务，休息60秒...
[皮审计] ⏳ 暂无任务，休息60秒...
[赏界面] ⏳ 暂无任务，休息60秒...
[财SDK] ⏳ 暂无任务，休息60秒...
[蒋巨门] ⏳ 暂无任务，休息60秒...
[沈记忆] ⏳ 暂无任务，休息60秒...
[韩向量] ⏳ 暂无任务，休息60秒...
[杨检索] ⏳ 暂无任务，休息60秒...
[伍廉贞] ⏳ 暂无任务，休息60秒...
[余情绪] ⏳ 暂无任务，休息60秒...
[元人格] ⏳ 暂无任务，休息60秒...
[孟一致] ⏳ 暂无任务，休息60秒...
[谢武功] ⏳ 暂无任务，休息60秒...
[邹接口] ⏳ 暂无任务，休息60秒...
[喻发现] ⏳ 暂无任务，休息60秒...
[柏依赖] ⏳ 暂无任务，休息60秒...
[章破军] ⏳ 暂无任务，休息60秒...
[云沙箱] ⏳ 暂无任务，休息60秒...
[苏容器] ⏳ 暂无任务，休息60秒...
[潘外呼] ⏳ 暂无任务，休息60秒...
[倪左辅] ⏳ 暂无任务，休息60秒...
[汤K8s] ⏳ 暂无任务，休息60秒...
[殷用户] ⏳ 暂无任务，休息60秒...
[罗隔离] ⏳ 暂无任务，休息60秒...
[毕配置] ⏳ 暂无任务，休息60秒...
[周右弼] ⏳ 暂无任务，休息60秒...
[乐法律] ⏳ 暂无任务，休息60秒...
[于道德] ⏳ 暂无任务，休息60秒...
[时权限] ⏳ 暂无任务，休息60秒...
[薛贪狼] ⏳ 暂无任务，休息60秒...
[雷ASR] ⏳ 暂无任务，休息60秒...
[贺TTS] ⏳ 暂无任务，休息60秒...
[贡数字人] ⏳ 暂无任务，休息60秒...
[齐辅弼] ⏳ 暂无任务，休息60秒...
[康网关] ⏳ 暂无任务，休息60秒...
[和产品] ⏳ 暂无任务，休息60秒...
[穆文档] ⏳ 暂无任务，休息60秒...
[黄漂移] ⏳ 暂无任务，休息60秒...
[周进化] ⏳ 暂无任务，休息60秒...
[吴模板] ⏳ 暂无任务，休息60秒...
[周禄存] ⏳ 暂无任务，休息60秒...
[郑路由] ⏳ 暂无任务，休息60秒...
[王规划] ⏳ 暂无任务，休息60秒...
[冯优化] ⏳ 暂无任务，休息60秒...
[钱调度] ⏳ 暂无任务，休息60秒...
[陈元灵] ⏳ 暂无任务，休息60秒...
[林对齐] ⏳ 暂无任务，休息60秒...
[朱图谱] ⏳ 暂无任务，休息60秒...
[平心理] ⏳ 暂无任务，休息60秒...
[水版本] ⏳ 暂无任务，休息60秒...
[葛消息] ⏳ 暂无任务，休息60秒...
[皮审计] ⏳ 暂无任务，休息60秒...
[赏界面] ⏳ 暂无任务，休息60秒...
[财SDK] ⏳ 暂无任务，休息60秒...
[蒋巨门] ⏳ 暂无任务，休息60秒...
[沈记忆] ⏳ 暂无任务，休息60秒...
[韩向量] ⏳ 暂无任务，休息60秒...
[杨检索] ⏳ 暂无任务，休息60秒...
[伍廉贞] ⏳ 暂无任务，休息60秒...
[余情绪] ⏳ 暂无任务，休息60秒...
[元人格] ⏳ 暂无任务，休息60秒...
[孟一致] ⏳ 暂无任务，休息60秒...
[谢武功] ⏳ 暂无任务，休息60秒...
[邹接口] ⏳ 暂无任务，休息60秒...
[喻发现] ⏳ 暂无任务，休息60秒...
[柏依赖] ⏳ 暂无任务，休息60秒...
[章破军] ⏳ 暂无任务，休息60秒...
[云沙箱] ⏳ 暂无任务，休息60秒...
[苏容器] ⏳ 暂无任务，休息60秒...
[潘外呼] ⏳ 暂无任务，休息60秒...
[倪左辅] ⏳ 暂无任务，休息60秒...
[汤K8s] ⏳ 暂无任务，休息60秒...
[殷用户] ⏳ 暂无任务，休息60秒...
[罗隔离] ⏳ 暂无任务，休息60秒...
[毕配置] ⏳ 暂无任务，休息60秒...
[周右弼] ⏳ 暂无任务，休息60秒...
[乐法律] ⏳ 暂无任务，休息60秒...
[于道德] ⏳ 暂无任务，休息60秒...
[时权限] ⏳ 暂无任务，休息60秒...
[薛贪狼] ⏳ 暂无任务，休息60秒...
[雷ASR] ⏳ 暂无任务，休息60秒...
[贺TTS] ⏳ 暂无任务，休息60秒...
[贡数字人] ⏳ 暂无任务，休息60秒...
[齐辅弼] ⏳ 暂无任务，休息60秒...
[康网关] ⏳ 暂无任务，休息60秒...
[和产品] ⏳ 暂无任务，休息60秒...
[穆文档] ⏳ 暂无任务，休息60秒...
[黄漂移] ⏳ 暂无任务，休息60秒...
[周进化] ⏳ 暂无任务，休息60秒...
[吴模板] ⏳ 暂无任务，休息60秒...
[周禄存] ⏳ 暂无任务，休息60秒...
[郑路由] ⏳ 暂无任务，休息60秒...
[王规划] ⏳ 暂无任务，休息60秒...
[冯优化] ⏳ 暂无任务，休息60秒...
[钱调度] ⏳ 暂无任务，休息60秒...
[陈元灵] ⏳ 暂无任务，休息60秒...
[林对齐] ⏳ 暂无任务，休息60秒...
[朱图谱] ⏳ 暂无任务，休息60秒...
[平心理] ⏳ 暂无任务，休息60秒...
[水版本] ⏳ 暂无任务，休息60秒...
[葛消息] ⏳ 暂无任务，休息60秒...
[皮审计] ⏳ 暂无任务，休息60秒...
[赏界面] ⏳ 暂无任务，休息60秒...
[财SDK] ⏳ 暂无任务，休息60秒...
[蒋巨门] ⏳ 暂无任务，休息60秒...
[沈记忆] ⏳ 暂无任务，休息60秒...
[韩向量] ⏳ 暂无任务，休息60秒...
[杨检索] ⏳ 暂无任务，休息60秒...
[伍廉贞] ⏳ 暂无任务，休息60秒...
[余情绪] ⏳ 暂无任务，休息60秒...
[元人格] ⏳ 暂无任务，休息60秒...
[孟一致] ⏳ 暂无任务，休息60秒...
[谢武功] ⏳ 暂无任务，休息60秒...
[邹接口] ⏳ 暂无任务，休息60秒...
[喻发现] ⏳ 暂无任务，休息60秒...
[柏依赖] ⏳ 暂无任务，休息60秒...
[章破军] ⏳ 暂无任务，休息60秒...
[云沙箱] ⏳ 暂无任务，休息60秒...
[苏容器] ⏳ 暂无任务，休息60秒...
[潘外呼] ⏳ 暂无任务，休息60秒...
[倪左辅] ⏳ 暂无任务，休息60秒...
[汤K8s] ⏳ 暂无任务，休息60秒...
[殷用户] ⏳ 暂无任务，休息60秒...
[罗隔离] ⏳ 暂无任务，休息60秒...
[毕配置] ⏳ 暂无任务，休息60秒...
[周右弼] ⏳ 暂无任务，休息60秒...
[乐法律] ⏳ 暂无任务，休息60秒...
[于道德] ⏳ 暂无任务，休息60秒...
[时权限] ⏳ 暂无任务，休息60秒...
[薛贪狼] ⏳ 暂无任务，休息60秒...
[雷ASR] ⏳ 暂无任务，休息60秒...
[贺TTS] ⏳ 暂无任务，休息60秒...
[贡数字人] ⏳ 暂无任务，休息60秒...
[齐辅弼] ⏳ 暂无任务，休息60秒...
[康网关] ⏳ 暂无任务，休息60秒...
[和产品] ⏳ 暂无任务，休息60秒...
[穆文档] ⏳ 暂无任务，休息60秒...
[黄漂移] ⏳ 暂无任务，休息60秒...
[周进化] ⏳ 暂无任务，休息60秒...
[吴模板] ⏳ 暂无任务，休息60秒...
[周禄存] ⏳ 暂无任务，休息60秒...
[郑路由] ⏳ 暂无任务，休息60秒...
[王规划] ⏳ 暂无任务，休息60秒...
[冯优化] ⏳ 暂无任务，休息60秒...
[钱调度] ⏳ 暂无任务，休息60秒...
[陈元灵] ⏳ 暂无任务，休息60秒...
[林对齐] ⏳ 暂无任务，休息60秒...
[朱图谱] ⏳ 暂无任务，休息60秒...
[平心理] ⏳ 暂无任务，休息60秒...
[水版本] ⏳ 暂无任务，休息60秒...
[葛消息] ⏳ 暂无任务，休息60秒...
[皮审计] ⏳ 暂无任务，休息60秒...
[赏界面] ⏳ 暂无任务，休息60秒...
[财SDK] ⏳ 暂无任务，休息60秒...
[蒋巨门] ⏳ 暂无任务，休息60秒...
[沈记忆] ⏳ 暂无任务，休息60秒...
[韩向量] ⏳ 暂无任务，休息60秒...
[杨检索] ⏳ 暂无任务，休息60秒...
[伍廉贞] ⏳ 暂无任务，休息60秒...
[余情绪] ⏳ 暂无任务，休息60秒...
[元人格] ⏳ 暂无任务，休息60秒...
[孟一致] ⏳ 暂无任务，休息60秒...
[谢武功] ⏳ 暂无任务，休息60秒...
[邹接口] ⏳ 暂无任务，休息60秒...
[喻发现] ⏳ 暂无任务，休息60秒...
[柏依赖] ⏳ 暂无任务，休息60秒...
[章破军] ⏳ 暂无任务，休息60秒...
[云沙箱] ⏳ 暂无任务，休息60秒...
[苏容器] ⏳ 暂无任务，休息60秒...
[潘外呼] ⏳ 暂无任务，休息60秒...
[倪左辅] ⏳ 暂无任务，休息60秒...
[汤K8s] ⏳ 暂无任务，休息60秒...
[殷用户] ⏳ 暂无任务，休息60秒...
[罗隔离] ⏳ 暂无任务，休息60秒...
[毕配置] ⏳ 暂无任务，休息60秒...
[周右弼] ⏳ 暂无任务，休息60秒...
[乐法律] ⏳ 暂无任务，休息60秒...
[于道德] ⏳ 暂无任务，休息60秒...
[时权限] ⏳ 暂无任务，休息60秒...
[薛贪狼] ⏳ 暂无任务，休息60秒...
[雷ASR] ⏳ 暂无任务，休息60秒...
[贺TTS] ⏳ 暂无任务，休息60秒...
[贡数字人] ⏳ 暂无任务，休息60秒...
[齐辅弼] ⏳ 暂无任务，休息60秒...
[康网关] ⏳ 暂无任务，休息60秒...
[和产品] ⏳ 暂无任务，休息60秒...
[穆文档] ⏳ 暂无任务，休息60秒...
[黄漂移] ⏳ 暂无任务，休息60秒...
[周进化] ⏳ 暂无任务，休息60秒...
[吴模板] ⏳ 暂无任务，休息60秒...
[周禄存] ⏳ 暂无任务，休息60秒...
[郑路由] ⏳ 暂无任务，休息60秒...
[王规划] ⏳ 暂无任务，休息60秒...
[冯优化] ⏳ 暂无任务，休息60秒...
[钱调度] ⏳ 暂无任务，休息60秒...
[陈元灵] ⏳ 暂无任务，休息60秒...
[林对齐] ⏳ 暂无任务，休息60秒...
[朱图谱] ⏳ 暂无任务，休息60秒...
[平心理] ⏳ 暂无任务，休息60秒...
[水版本] ⏳ 暂无任务，休息60秒...
[葛消息] ⏳ 暂无任务，休息60秒...
[皮审计] ⏳ 暂无任务，休息60秒...
[赏界面] ⏳ 暂无任务，休息60秒...
[财SDK] ⏳ 暂无任务，休息60秒...
[蒋巨门] ⏳ 暂无任务，休息60秒...
[沈记忆] ⏳ 暂无任务，休息60秒...
[韩向量] ⏳ 暂无任务，休息60秒...
[杨检索] ⏳ 暂无任务，休息60秒...
[伍廉贞] ⏳ 暂无任务，休息60秒...
[余情绪] ⏳ 暂无任务，休息60秒...
[元人格] ⏳ 暂无任务，休息60秒...
[孟一致] ⏳ 暂无任务，休息60秒...
[谢武功] ⏳ 暂无任务，休息60秒...
[邹接口] ⏳ 暂无任务，休息60秒...
[喻发现] ⏳ 暂无任务，休息60秒...
[柏依赖] ⏳ 暂无任务，休息60秒...
[章破军] ⏳ 暂无任务，休息60秒...
[云沙箱] ⏳ 暂无任务，休息60秒...
[苏容器] ⏳ 暂无任务，休息60秒...
[潘外呼] ⏳ 暂无任务，休息60秒...
[倪左辅] ⏳ 暂无任务，休息60秒...
[汤K8s] ⏳ 暂无任务，休息60秒...
[殷用户] ⏳ 暂无任务，休息60秒...
[罗隔离] ⏳ 暂无任务，休息60秒...
[毕配置] ⏳ 暂无任务，休息60秒...
[周右弼] ⏳ 暂无任务，休息60秒...
[乐法律] ⏳ 暂无任务，休息60秒...
[于道德] ⏳ 暂无任务，休息60秒...
[时权限] ⏳ 暂无任务，休息60秒...
[薛贪狼] ⏳ 暂无任务，休息60秒...
[雷ASR] ⏳ 暂无任务，休息60秒...
[贺TTS] ⏳ 暂无任务，休息60秒...
[贡数字人] ⏳ 暂无任务，休息60秒...
[齐辅弼] ⏳ 暂无任务，休息60秒...
[康网关] ⏳ 暂无任务，休息60秒...
[和产品] ⏳ 暂无任务，休息60秒...
[穆文档] ⏳ 暂无任务，休息60秒...
[黄漂移] ⏳ 暂无任务，休息60秒...
[周进化] ⏳ 暂无任务，休息60秒...
[吴模板] ⏳ 暂无任务，休息60秒...
[周禄存] ⏳ 暂无任务，休息60秒...
[郑路由] ⏳ 暂无任务，休息60秒...
[王规划] ⏳ 暂无任务，休息60秒...
[冯优化] ⏳ 暂无任务，休息60秒...
[钱调度] ⏳ 暂无任务，休息60秒...
[陈元灵] ⏳ 暂无任务，休息60秒...
[林对齐] ⏳ 暂无任务，休息60秒...
[朱图谱] ⏳ 暂无任务，休息60秒...
[平心理] ⏳ 暂无任务，休息60秒...
[水版本] ⏳ 暂无任务，休息60秒...
[葛消息] ⏳ 暂无任务，休息60秒...
[皮审计] ⏳ 暂无任务，休息60秒...
[赏界面] ⏳ 暂无任务，休息60秒...
[财SDK] ⏳ 暂无任务，休息60秒...
[蒋巨门] ⏳ 暂无任务，休息60秒...
[沈记忆] ⏳ 暂无任务，休息60秒...
[韩向量] ⏳ 暂无任务，休息60秒...
[杨检索] ⏳ 暂无任务，休息60秒...
[伍廉贞] ⏳ 暂无任务，休息60秒...
[余情绪] ⏳ 暂无任务，休息60秒...
[元人格] ⏳ 暂无任务，休息60秒...
[孟一致] ⏳ 暂无任务，休息60秒...
[谢武功] ⏳ 暂无任务，休息60秒...
[邹接口] ⏳ 暂无任务，休息60秒...
[喻发现] ⏳ 暂无任务，休息60秒...
[柏依赖] ⏳ 暂无任务，休息60秒...
[章破军] ⏳ 暂无任务，休息60秒...
[云沙箱] ⏳ 暂无任务，休息60秒...
[苏容器] ⏳ 暂无任务，休息60秒...
[潘外呼] ⏳ 暂无任务，休息60秒...
[倪左辅] ⏳ 暂无任务，休息60秒...
[汤K8s] ⏳ 暂无任务，休息60秒...
[殷用户] ⏳ 暂无任务，休息60秒...
[罗隔离] ⏳ 暂无任务，休息60秒...
[毕配置] ⏳ 暂无任务，休息60秒...
[周右弼] ⏳ 暂无任务，休息60秒...
[乐法律] ⏳ 暂无任务，休息60秒...
[于道德] ⏳ 暂无任务，休息60秒...
[时权限] ⏳ 暂无任务，休息60秒...
[薛贪狼] ⏳ 暂无任务，休息60秒...
[雷ASR] ⏳ 暂无任务，休息60秒...
[贺TTS] ⏳ 暂无任务，休息60秒...
[贡数字人] ⏳ 暂无任务，休息60秒...
[齐辅弼] ⏳ 暂无任务，休息60秒...
[康网关] ⏳ 暂无任务，休息60秒...
[和产品] ⏳ 暂无任务，休息60秒...
[穆文档] ⏳ 暂无任务，休息60秒...
[黄漂移] ⏳ 暂无任务，休息60秒...
[周进化] ⏳ 暂无任务，休息60秒...
[吴模板] ⏳ 暂无任务，休息60秒...
[周禄存] ⏳ 暂无任务，休息60秒...
[郑路由] ⏳ 暂无任务，休息60秒...
[王规划] ⏳ 暂无任务，休息60秒...
[冯优化] ⏳ 暂无任务，休息60秒...
[钱调度] ⏳ 暂无任务，休息60秒...
[陈元灵] ⏳ 暂无任务，休息60秒...
[林对齐] ⏳ 暂无任务，休息60秒...
[朱图谱] ⏳ 暂无任务，休息60秒...
[平心理] ⏳ 暂无任务，休息60秒...
[水版本] ⏳ 暂无任务，休息60秒...
[葛消息] ⏳ 暂无任务，休息60秒...
[皮审计] ⏳ 暂无任务，休息60秒...
[赏界面] ⏳ 暂无任务，休息60秒...
[财SDK] ⏳ 暂无任务，休息60秒...
[蒋巨门] ⏳ 暂无任务，休息60秒...
[沈记忆] ⏳ 暂无任务，休息60秒...
[韩向量] ⏳ 暂无任务，休息60秒...
[杨检索] ⏳ 暂无任务，休息60秒...
[伍廉贞] ⏳ 暂无任务，休息60秒...
[余情绪] ⏳ 暂无任务，休息60秒...
[元人格] ⏳ 暂无任务，休息60秒...
[孟一致] ⏳ 暂无任务，休息60秒...
[谢武功] ⏳ 暂无任务，休息60秒...
[邹接口] ⏳ 暂无任务，休息60秒...
[喻发现] ⏳ 暂无任务，休息60秒...
[柏依赖] ⏳ 暂无任务，休息60秒...
[章破军] ⏳ 暂无任务，休息60秒...
[云沙箱] ⏳ 暂无任务，休息60秒...
[苏容器] ⏳ 暂无任务，休息60秒...
[潘外呼] ⏳ 暂无任务，休息60秒...
[倪左辅] ⏳ 暂无任务，休息60秒...
[汤K8s] ⏳ 暂无任务，休息60秒...
[殷用户] ⏳ 暂无任务，休息60秒...
[罗隔离] ⏳ 暂无任务，休息60秒...
[毕配置] ⏳ 暂无任务，休息60秒...
[周右弼] ⏳ 暂无任务，休息60秒...
[乐法律] ⏳ 暂无任务，休息60秒...
[于道德] ⏳ 暂无任务，休息60秒...
[时权限] ⏳ 暂无任务，休息60秒...
[薛贪狼] ⏳ 暂无任务，休息60秒...
[雷ASR] ⏳ 暂无任务，休息60秒...
[贺TTS] ⏳ 暂无任务，休息60秒...
[贡数字人] ⏳ 暂无任务，休息60秒...
[齐辅弼] ⏳ 暂无任务，休息60秒...
[康网关] ⏳ 暂无任务，休息60秒...
[和产品] ⏳ 暂无任务，休息60秒...
[穆文档] ⏳ 暂无任务，休息60秒...
[黄漂移] ⏳ 暂无任务，休息60秒...
[周进化] ⏳ 暂无任务，休息60秒...
[吴模板] ⏳ 暂无任务，休息60秒...
[周禄存] ⏳ 暂无任务，休息60秒...
[郑路由] ⏳ 暂无任务，休息60秒...
[王规划] ⏳ 暂无任务，休息60秒...
[冯优化] ⏳ 暂无任务，休息60秒...
[钱调度] ⏳ 暂无任务，休息60秒...
[陈元灵] ⏳ 暂无任务，休息60秒...
[林对齐] ⏳ 暂无任务，休息60秒...
[朱图谱] ⏳ 暂无任务，休息60秒...
[平心理] ⏳ 暂无任务，休息60秒...
[水版本] ⏳ 暂无任务，休息60秒...
[葛消息] ⏳ 暂无任务，休息60秒...
[皮审计] ⏳ 暂无任务，休息60秒...
[赏界面] ⏳ 暂无任务，休息60秒...
[财SDK] ⏳ 暂无任务，休息60秒...
[蒋巨门] ⏳ 暂无任务，休息60秒...
[沈记忆] ⏳ 暂无任务，休息60秒...
[韩向量] ⏳ 暂无任务，休息60秒...
[杨检索] ⏳ 暂无任务，休息60秒...
[伍廉贞] ⏳ 暂无任务，休息60秒...
[余情绪] ⏳ 暂无任务，休息60秒...
[元人格] ⏳ 暂无任务，休息60秒...
[孟一致] ⏳ 暂无任务，休息60秒...
[谢武功] ⏳ 暂无任务，休息60秒...
[邹接口] ⏳ 暂无任务，休息60秒...
[喻发现] ⏳ 暂无任务，休息60秒...
[柏依赖] ⏳ 暂无任务，休息60秒...
[章破军] ⏳ 暂无任务，休息60秒...
[云沙箱] ⏳ 暂无任务，休息60秒...
[苏容器] ⏳ 暂无任务，休息60秒...
[潘外呼] ⏳ 暂无任务，休息60秒...
[倪左辅] ⏳ 暂无任务，休息60秒...
[汤K8s] ⏳ 暂无任务，休息60秒...
[殷用户] ⏳ 暂无任务，休息60秒...
[罗隔离] ⏳ 暂无任务，休息60秒...
[毕配置] ⏳ 暂无任务，休息60秒...
[周右弼] ⏳ 暂无任务，休息60秒...
[乐法律] ⏳ 暂无任务，休息60秒...
[于道德] ⏳ 暂无任务，休息60秒...
[时权限] ⏳ 暂无任务，休息60秒...
[薛贪狼] ⏳ 暂无任务，休息60秒...
[雷ASR] ⏳ 暂无任务，休息60秒...
[贺TTS] ⏳ 暂无任务，休息60秒...
[贡数字人] ⏳ 暂无任务，休息60秒...
[齐辅弼] ⏳ 暂无任务，休息60秒...
[康网关] ⏳ 暂无任务，休息60秒...
[和产品] ⏳ 暂无任务，休息60秒...
[穆文档] ⏳ 暂无任务，休息60秒...
[黄漂移] ⏳ 暂无任务，休息60秒...
[周进化] ⏳ 暂无任务，休息60秒...
[吴模板] ⏳ 暂无任务，休息60秒...
[周禄存] ⏳ 暂无任务，休息60秒...
[郑路由] ⏳ 暂无任务，休息60秒...
[王规划] ⏳ 暂无任务，休息60秒...
[冯优化] ⏳ 暂无任务，休息60秒...
[钱调度] ⏳ 暂无任务，休息60秒...
[陈元灵] ⏳ 暂无任务，休息60秒...
[林对齐] ⏳ 暂无任务，休息60秒...
[朱图谱] ⏳ 暂无任务，休息60秒...
[平心理] ⏳ 暂无任务，休息60秒...
[水版本] ⏳ 暂无任务，休息60秒...
[葛消息] ⏳ 暂无任务，休息60秒...
[皮审计] ⏳ 暂无任务，休息60秒...
[赏界面] ⏳ 暂无任务，休息60秒...
[财SDK] ⏳ 暂无任务，休息60秒...
[蒋巨门] ⏳ 暂无任务，休息60秒...
[沈记忆] ⏳ 暂无任务，休息60秒...
[韩向量] ⏳ 暂无任务，休息60秒...
[杨检索] ⏳ 暂无任务，休息60秒...
[伍廉贞] ⏳ 暂无任务，休息60秒...
[余情绪] ⏳ 暂无任务，休息60秒...
[元人格] ⏳ 暂无任务，休息60秒...
[孟一致] ⏳ 暂无任务，休息60秒...
[谢武功] ⏳ 暂无任务，休息60秒...
[邹接口] ⏳ 暂无任务，休息60秒...
[喻发现] ⏳ 暂无任务，休息60秒...
[柏依赖] ⏳ 暂无任务，休息60秒...
[章破军] ⏳ 暂无任务，休息60秒...
[云沙箱] ⏳ 暂无任务，休息60秒...
[苏容器] ⏳ 暂无任务，休息60秒...
[潘外呼] ⏳ 暂无任务，休息60秒...
[倪左辅] ⏳ 暂无任务，休息60秒...
[汤K8s] ⏳ 暂无任务，休息60秒...
[殷用户] ⏳ 暂无任务，休息60秒...
[罗隔离] ⏳ 暂无任务，休息60秒...
[毕配置] ⏳ 暂无任务，休息60秒...
[周右弼] ⏳ 暂无任务，休息60秒...
[乐法律] ⏳ 暂无任务，休息60秒...
[于道德] ⏳ 暂无任务，休息60秒...
[时权限] ⏳ 暂无任务，休息60秒...
[薛贪狼] ⏳ 暂无任务，休息60秒...
[雷ASR] ⏳ 暂无任务，休息60秒...
[贺TTS] ⏳ 暂无任务，休息60秒...
[贡数字人] ⏳ 暂无任务，休息60秒...
[齐辅弼] ⏳ 暂无任务，休息60秒...
[康网关] ⏳ 暂无任务，休息60秒...
[和产品] ⏳ 暂无任务，休息60秒...
[穆文档] ⏳ 暂无任务，休息60秒...
[黄漂移] ⏳ 暂无任务，休息60秒...
[周进化] ⏳ 暂无任务，休息60秒...
[吴模板] ⏳ 暂无任务，休息60秒...
[周禄存] ⏳ 暂无任务，休息60秒...
[郑路由] ⏳ 暂无任务，休息60秒...
[王规划] ⏳ 暂无任务，休息60秒...
[冯优化] ⏳ 暂无任务，休息60秒...
[钱调度] ⏳ 暂无任务，休息60秒...
[陈元灵] ⏳ 暂无任务，休息60秒...
[林对齐] ⏳ 暂无任务，休息60秒...
[朱图谱] ⏳ 暂无任务，休息60秒...
[平心理] ⏳ 暂无任务，休息60秒...
[水版本] ⏳ 暂无任务，休息60秒...
[葛消息] ⏳ 暂无任务，休息60秒...
[皮审计] ⏳ 暂无任务，休息60秒...
[赏界面] ⏳ 暂无任务，休息60秒...
[财SDK] ⏳ 暂无任务，休息60秒...
[蒋巨门] ⏳ 暂无任务，休息60秒...
[沈记忆] ⏳ 暂无任务，休息60秒...
[韩向量] ⏳ 暂无任务，休息60秒...
[杨检索] ⏳ 暂无任务，休息60秒...
[伍廉贞] ⏳ 暂无任务，休息60秒...
[余情绪] ⏳ 暂无任务，休息60秒...
[元人格] ⏳ 暂无任务，休息60秒...
[孟一致] ⏳ 暂无任务，休息60秒...
[谢武功] ⏳ 暂无任务，休息60秒...
[邹接口] ⏳ 暂无任务，休息60秒...
[喻发现] ⏳ 暂无任务，休息60秒...
[柏依赖] ⏳ 暂无任务，休息60秒...
[章破军] ⏳ 暂无任务，休息60秒...
[云沙箱] ⏳ 暂无任务，休息60秒...
[苏容器] ⏳ 暂无任务，休息60秒...
[潘外呼] ⏳ 暂无任务，休息60秒...
[倪左辅] ⏳ 暂无任务，休息60秒...
[汤K8s] ⏳ 暂无任务，休息60秒...
[殷用户] ⏳ 暂无任务，休息60秒...
[罗隔离] ⏳ 暂无任务，休息60秒...
[毕配置] ⏳ 暂无任务，休息60秒...
[周右弼] ⏳ 暂无任务，休息60秒...
[乐法律] ⏳ 暂无任务，休息60秒...
[于道德] ⏳ 暂无任务，休息60秒...
[时权限] ⏳ 暂无任务，休息60秒...
[薛贪狼] ⏳ 暂无任务，休息60秒...
[雷ASR] ⏳ 暂无任务，休息60秒...
[贺TTS] ⏳ 暂无任务，休息60秒...
[贡数字人] ⏳ 暂无任务，休息60秒...
[齐辅弼] ⏳ 暂无任务，休息60秒...
[康网关] ⏳ 暂无任务，休息60秒...
[和产品] ⏳ 暂无任务，休息60秒...
[穆文档] ⏳ 暂无任务，休息60秒...
[黄漂移] ⏳ 暂无任务，休息60秒...
[周进化] ⏳ 暂无任务，休息60秒...
[吴模板] ⏳ 暂无任务，休息60秒...
[周禄存] ⏳ 暂无任务，休息60秒...
[郑路由] ⏳ 暂无任务，休息60秒...
[王规划] ⏳ 暂无任务，休息60秒...
[冯优化] ⏳ 暂无任务，休息60秒...
[钱调度] ⏳ 暂无任务，休息60秒...
[陈元灵] ⏳ 暂无任务，休息60秒...
[林对齐] ⏳ 暂无任务，休息60秒...
[朱图谱] ⏳ 暂无任务，休息60秒...
[平心理] ⏳ 暂无任务，休息60秒...
[水版本] ⏳ 暂无任务，休息60秒...
[葛消息] ⏳ 暂无任务，休息60秒...
[皮审计] ⏳ 暂无任务，休息60秒...
[赏界面] ⏳ 暂无任务，休息60秒...
[财SDK] ⏳ 暂无任务，休息60秒...
[蒋巨门] ⏳ 暂无任务，休息60秒...
[沈记忆] ⏳ 暂无任务，休息60秒...
[韩向量] ⏳ 暂无任务，休息60秒...
[杨检索] ⏳ 暂无任务，休息60秒...
[伍廉贞] ⏳ 暂无任务，休息60秒...
[余情绪] ⏳ 暂无任务，休息60秒...
[元人格] ⏳ 暂无任务，休息60秒...
[孟一致] ⏳ 暂无任务，休息60秒...
[谢武功] ⏳ 暂无任务，休息60秒...
[邹接口] ⏳ 暂无任务，休息60秒...
[喻发现] ⏳ 暂无任务，休息60秒...
[柏依赖] ⏳ 暂无任务，休息60秒...
[章破军] ⏳ 暂无任务，休息60秒...
[云沙箱] ⏳ 暂无任务，休息60秒...
[苏容器] ⏳ 暂无任务，休息60秒...
[潘外呼] ⏳ 暂无任务，休息60秒...
[倪左辅] ⏳ 暂无任务，休息60秒...
[汤K8s] ⏳ 暂无任务，休息60秒...
[殷用户] ⏳ 暂无任务，休息60秒...
[罗隔离] ⏳ 暂无任务，休息60秒...
[毕配置] ⏳ 暂无任务，休息60秒...
[周右弼] ⏳ 暂无任务，休息60秒...
[乐法律] ⏳ 暂无任务，休息60秒...
[于道德] ⏳ 暂无任务，休息60秒...
[时权限] ⏳ 暂无任务，休息60秒...
[薛贪狼] ⏳ 暂无任务，休息60秒...
[雷ASR] ⏳ 暂无任务，休息60秒...
[贺TTS] ⏳ 暂无任务，休息60秒...
[贡数字人] ⏳ 暂无任务，休息60秒...
[齐辅弼] ⏳ 暂无任务，休息60秒...
[康网关] ⏳ 暂无任务，休息60秒...
[和产品] ⏳ 暂无任务，休息60秒...
[穆文档] ⏳ 暂无任务，休息60秒...
[黄漂移] ⏳ 暂无任务，休息60秒...
[周进化] ⏳ 暂无任务，休息60秒...
[吴模板] ⏳ 暂无任务，休息60秒...
[周禄存] ⏳ 暂无任务，休息60秒...
[郑路由] ⏳ 暂无任务，休息60秒...
[王规划] ⏳ 暂无任务，休息60秒...
[冯优化] ⏳ 暂无任务，休息60秒...
[钱调度] ⏳ 暂无任务，休息60秒...
[陈元灵] ⏳ 暂无任务，休息60秒...
[林对齐] ⏳ 暂无任务，休息60秒...
[朱图谱] ⏳ 暂无任务，休息60秒...
[平心理] ⏳ 暂无任务，休息60秒...
[水版本] ⏳ 暂无任务，休息60秒...
[葛消息] ⏳ 暂无任务，休息60秒...
[皮审计] ⏳ 暂无任务，休息60秒...
[赏界面] ⏳ 暂无任务，休息60秒...
[财SDK] ⏳ 暂无任务，休息60秒...
[蒋巨门] ⏳ 暂无任务，休息60秒...
[沈记忆] ⏳ 暂无任务，休息60秒...
[韩向量] ⏳ 暂无任务，休息60秒...
[杨检索] ⏳ 暂无任务，休息60秒...
[伍廉贞] ⏳ 暂无任务，休息60秒...
[余情绪] ⏳ 暂无任务，休息60秒...
[元人格] ⏳ 暂无任务，休息60秒...
[孟一致] ⏳ 暂无任务，休息60秒...
[谢武功] ⏳ 暂无任务，休息60秒...
[邹接口] ⏳ 暂无任务，休息60秒...
[喻发现] ⏳ 暂无任务，休息60秒...
[柏依赖] ⏳ 暂无任务，休息60秒...
[章破军] ⏳ 暂无任务，休息60秒...
[云沙箱] ⏳ 暂无任务，休息60秒...
[苏容器] ⏳ 暂无任务，休息60秒...
[潘外呼] ⏳ 暂无任务，休息60秒...
[倪左辅] ⏳ 暂无任务，休息60秒...
[汤K8s] ⏳ 暂无任务，休息60秒...
[殷用户] ⏳ 暂无任务，休息60秒...
[罗隔离] ⏳ 暂无任务，休息60秒...
[毕配置] ⏳ 暂无任务，休息60秒...
[周右弼] ⏳ 暂无任务，休息60秒...
[乐法律] ⏳ 暂无任务，休息60秒...
[于道德] ⏳ 暂无任务，休息60秒...
[时权限] ⏳ 暂无任务，休息60秒...
[薛贪狼] ⏳ 暂无任务，休息60秒...
[雷ASR] ⏳ 暂无任务，休息60秒...
[贺TTS] ⏳ 暂无任务，休息60秒...
[贡数字人] ⏳ 暂无任务，休息60秒...
[齐辅弼] ⏳ 暂无任务，休息60秒...
[康网关] ⏳ 暂无任务，休息60秒...
[和产品] ⏳ 暂无任务，休息60秒...
[穆文档] ⏳ 暂无任务，休息60秒...
[黄漂移] ⏳ 暂无任务，休息60秒...
[周进化] ⏳ 暂无任务，休息60秒...
[吴模板] ⏳ 暂无任务，休息60秒...
[周禄存] ⏳ 暂无任务，休息60秒...
[郑路由] ⏳ 暂无任务，休息60秒...
[王规划] ⏳ 暂无任务，休息60秒...
[冯优化] ⏳ 暂无任务，休息60秒...
[钱调度] ⏳ 暂无任务，休息60秒...
[陈元灵] ⏳ 暂无任务，休息60秒...
[林对齐] ⏳ 暂无任务，休息60秒...
[朱图谱] ⏳ 暂无任务，休息60秒...
[平心理] ⏳ 暂无任务，休息60秒...
[水版本] ⏳ 暂无任务，休息60秒...
[葛消息] ⏳ 暂无任务，休息60秒...
[皮审计] ⏳ 暂无任务，休息60秒...
[赏界面] ⏳ 暂无任务，休息60秒...
[财SDK] ⏳ 暂无任务，休息60秒...
[蒋巨门] ⏳ 暂无任务，休息60秒...
[沈记忆] ⏳ 暂无任务，休息60秒...
[韩向量] ⏳ 暂无任务，休息60秒...
[杨检索] ⏳ 暂无任务，休息60秒...
[伍廉贞] ⏳ 暂无任务，休息60秒...
[余情绪] ⏳ 暂无任务，休息60秒...
[元人格] ⏳ 暂无任务，休息60秒...
[孟一致] ⏳ 暂无任务，休息60秒...
[谢武功] ⏳ 暂无任务，休息60秒...
[邹接口] ⏳ 暂无任务，休息60秒...
[喻发现] ⏳ 暂无任务，休息60秒...
[柏依赖] ⏳ 暂无任务，休息60秒...
[章破军] ⏳ 暂无任务，休息60秒...
[云沙箱] ⏳ 暂无任务，休息60秒...
[苏容器] ⏳ 暂无任务，休息60秒...
[潘外呼] ⏳ 暂无任务，休息60秒...
[倪左辅] ⏳ 暂无任务，休息60秒...
[汤K8s] ⏳ 暂无任务，休息60秒...
[殷用户] ⏳ 暂无任务，休息60秒...
[罗隔离] ⏳ 暂无任务，休息60秒...
[毕配置] ⏳ 暂无任务，休息60秒...
[周右弼] ⏳ 暂无任务，休息60秒...
[乐法律] ⏳ 暂无任务，休息60秒...
[于道德] ⏳ 暂无任务，休息60秒...
[时权限] ⏳ 暂无任务，休息60秒...
[薛贪狼] ⏳ 暂无任务，休息60秒...
[雷ASR] ⏳ 暂无任务，休息60秒...
[贺TTS] ⏳ 暂无任务，休息60秒...
[贡数字人] ⏳ 暂无任务，休息60秒...
[齐辅弼] ⏳ 暂无任务，休息60秒...
[康网关] ⏳ 暂无任务，休息60秒...
[和产品] ⏳ 暂无任务，休息60秒...
[穆文档] ⏳ 暂无任务，休息60秒...
[黄漂移] ⏳ 暂无任务，休息60秒...
[周进化] ⏳ 暂无任务，休息60秒...
[吴模板] ⏳ 暂无任务，休息60秒...
[周禄存] ⏳ 暂无任务，休息60秒...
[郑路由] ⏳ 暂无任务，休息60秒...
[王规划] ⏳ 暂无任务，休息60秒...
[冯优化] ⏳ 暂无任务，休息60秒...
[钱调度] ⏳ 暂无任务，休息60秒...
[陈元灵] ⏳ 暂无任务，休息60秒...
[林对齐] ⏳ 暂无任务，休息60秒...
[朱图谱] ⏳ 暂无任务，休息60秒...
[平心理] ⏳ 暂无任务，休息60秒...
[水版本] ⏳ 暂无任务，休息60秒...
[葛消息] ⏳ 暂无任务，休息60秒...
[皮审计] ⏳ 暂无任务，休息60秒...
[赏界面] ⏳ 暂无任务，休息60秒...
[财SDK] ⏳ 暂无任务，休息60秒...
[蒋巨门] ⏳ 暂无任务，休息60秒...
[沈记忆] ⏳ 暂无任务，休息60秒...
[韩向量] ⏳ 暂无任务，休息60秒...
[杨检索] ⏳ 暂无任务，休息60秒...
[伍廉贞] ⏳ 暂无任务，休息60秒...
[余情绪] ⏳ 暂无任务，休息60秒...
[元人格] ⏳ 暂无任务，休息60秒...
[孟一致] ⏳ 暂无任务，休息60秒...
[谢武功] ⏳ 暂无任务，休息60秒...
[邹接口] ⏳ 暂无任务，休息60秒...
[喻发现] ⏳ 暂无任务，休息60秒...
[柏依赖] ⏳ 暂无任务，休息60秒...
[章破军] ⏳ 暂无任务，休息60秒...
[云沙箱] ⏳ 暂无任务，休息60秒...
[苏容器] ⏳ 暂无任务，休息60秒...
[潘外呼] ⏳ 暂无任务，休息60秒...
[倪左辅] ⏳ 暂无任务，休息60秒...
[汤K8s] ⏳ 暂无任务，休息60秒...
[殷用户] ⏳ 暂无任务，休息60秒...
[罗隔离] ⏳ 暂无任务，休息60秒...
[毕配置] ⏳ 暂无任务，休息60秒...
[周右弼] ⏳ 暂无任务，休息60秒...
[乐法律] ⏳ 暂无任务，休息60秒...
[于道德] ⏳ 暂无任务，休息60秒...
[时权限] ⏳ 暂无任务，休息60秒...
[薛贪狼] ⏳ 暂无任务，休息60秒...
[雷ASR] ⏳ 暂无任务，休息60秒...
[贺TTS] ⏳ 暂无任务，休息60秒...
[贡数字人] ⏳ 暂无任务，休息60秒...
[齐辅弼] ⏳ 暂无任务，休息60秒...
[康网关] ⏳ 暂无任务，休息60秒...
[和产品] ⏳ 暂无任务，休息60秒...
[穆文档] ⏳ 暂无任务，休息60秒...
[黄漂移] ⏳ 暂无任务，休息60秒...
[周进化] ⏳ 暂无任务，休息60秒...
[吴模板] ⏳ 暂无任务，休息60秒...
[周禄存] ⏳ 暂无任务，休息60秒...
[郑路由] ⏳ 暂无任务，休息60秒...
[王规划] ⏳ 暂无任务，休息60秒...
[冯优化] ⏳ 暂无任务，休息60秒...
[钱调度] ⏳ 暂无任务，休息60秒...
[陈元灵] ⏳ 暂无任务，休息60秒...
[林对齐] ⏳ 暂无任务，休息60秒...
[朱图谱] ⏳ 暂无任务，休息60秒...
[平心理] ⏳ 暂无任务，休息60秒...
[水版本] ⏳ 暂无任务，休息60秒...
[葛消息] ⏳ 暂无任务，休息60秒...
[皮审计] ⏳ 暂无任务，休息60秒...
[赏界面] ⏳ 暂无任务，休息60秒...
[财SDK] ⏳ 暂无任务，休息60秒...
[蒋巨门] ⏳ 暂无任务，休息60秒...
[沈记忆] ⏳ 暂无任务，休息60秒...
[韩向量] ⏳ 暂无任务，休息60秒...
[杨检索] ⏳ 暂无任务，休息60秒...
[伍廉贞] ⏳ 暂无任务，休息60秒...
[余情绪] ⏳ 暂无任务，休息60秒...
[元人格] ⏳ 暂无任务，休息60秒...
[孟一致] ⏳ 暂无任务，休息60秒...
[谢武功] ⏳ 暂无任务，休息60秒...
[邹接口] ⏳ 暂无任务，休息60秒...
[喻发现] ⏳ 暂无任务，休息60秒...
[柏依赖] ⏳ 暂无任务，休息60秒...
[章破军] ⏳ 暂无任务，休息60秒...
[云沙箱] ⏳ 暂无任务，休息60秒...
[苏容器] ⏳ 暂无任务，休息60秒...
[潘外呼] ⏳ 暂无任务，休息60秒...
[倪左辅] ⏳ 暂无任务，休息60秒...
[汤K8s] ⏳ 暂无任务，休息60秒...
[殷用户] ⏳ 暂无任务，休息60秒...
[罗隔离] ⏳ 暂无任务，休息60秒...
[毕配置] ⏳ 暂无任务，休息60秒...
[周右弼] ⏳ 暂无任务，休息60秒...
[乐法律] ⏳ 暂无任务，休息60秒...
[于道德] ⏳ 暂无任务，休息60秒...
[时权限] ⏳ 暂无任务，休息60秒...
[薛贪狼] ⏳ 暂无任务，休息60秒...
[雷ASR] ⏳ 暂无任务，休息60秒...
[贺TTS] ⏳ 暂无任务，休息60秒...
[贡数字人] ⏳ 暂无任务，休息60秒...
[齐辅弼] ⏳ 暂无任务，休息60秒...
[康网关] ⏳ 暂无任务，休息60秒...
[和产品] ⏳ 暂无任务，休息60秒...
[穆文档] ⏳ 暂无任务，休息60秒...
[黄漂移] ⏳ 暂无任务，休息60秒...
[周进化] ⏳ 暂无任务，休息60秒...
[吴模板] ⏳ 暂无任务，休息60秒...
[周禄存] ⏳ 暂无任务，休息60秒...
[郑路由] ⏳ 暂无任务，休息60秒...
[王规划] ⏳ 暂无任务，休息60秒...
[冯优化] ⏳ 暂无任务，休息60秒...
[钱调度] ⏳ 暂无任务，休息60秒...
[陈元灵] ⏳ 暂无任务，休息60秒...
[林对齐] ⏳ 暂无任务，休息60秒...
[朱图谱] ⏳ 暂无任务，休息60秒...
[平心理] ⏳ 暂无任务，休息60秒...
[水版本] ⏳ 暂无任务，休息60秒...
[葛消息] ⏳ 暂无任务，休息60秒...
[皮审计] ⏳ 暂无任务，休息60秒...
[赏界面] ⏳ 暂无任务，休息60秒...
[财SDK] ⏳ 暂无任务，休息60秒...
[蒋巨门] ⏳ 暂无任务，休息60秒...
[沈记忆] ⏳ 暂无任务，休息60秒...
[韩向量] ⏳ 暂无任务，休息60秒...
[杨检索] ⏳ 暂无任务，休息60秒...
[伍廉贞] ⏳ 暂无任务，休息60秒...
[余情绪] ⏳ 暂无任务，休息60秒...
[元人格] ⏳ 暂无任务，休息60秒...
[孟一致] ⏳ 暂无任务，休息60秒...
[谢武功] ⏳ 暂无任务，休息60秒...
[邹接口] ⏳ 暂无任务，休息60秒...
[喻发现] ⏳ 暂无任务，休息60秒...
[柏依赖] ⏳ 暂无任务，休息60秒...
[章破军] ⏳ 暂无任务，休息60秒...
[云沙箱] ⏳ 暂无任务，休息60秒...
[苏容器] ⏳ 暂无任务，休息60秒...
[潘外呼] ⏳ 暂无任务，休息60秒...
[倪左辅] ⏳ 暂无任务，休息60秒...
[汤K8s] ⏳ 暂无任务，休息60秒...
[殷用户] ⏳ 暂无任务，休息60秒...
[罗隔离] ⏳ 暂无任务，休息60秒...
[毕配置] ⏳ 暂无任务，休息60秒...
[周右弼] ⏳ 暂无任务，休息60秒...
[乐法律] ⏳ 暂无任务，休息60秒...
[于道德] ⏳ 暂无任务，休息60秒...
[时权限] ⏳ 暂无任务，休息60秒...
[薛贪狼] ⏳ 暂无任务，休息60秒...
[雷ASR] ⏳ 暂无任务，休息60秒...
[贺TTS] ⏳ 暂无任务，休息60秒...
[贡数字人] ⏳ 暂无任务，休息60秒...
[齐辅弼] ⏳ 暂无任务，休息60秒...
[康网关] ⏳ 暂无任务，休息60秒...
[和产品] ⏳ 暂无任务，休息60秒...
[穆文档] ⏳ 暂无任务，休息60秒...
[黄漂移] ⏳ 暂无任务，休息60秒...
[周进化] ⏳ 暂无任务，休息60秒...
[吴模板] ⏳ 暂无任务，休息60秒...
[周禄存] ⏳ 暂无任务，休息60秒...
[郑路由] ⏳ 暂无任务，休息60秒...
[王规划] ⏳ 暂无任务，休息60秒...
[冯优化] ⏳ 暂无任务，休息60秒...
[钱调度] ⏳ 暂无任务，休息60秒...
[陈元灵] ⏳ 暂无任务，休息60秒...
[林对齐] ⏳ 暂无任务，休息60秒...
[朱图谱] ⏳ 暂无任务，休息60秒...
[平心理] ⏳ 暂无任务，休息60秒...
[水版本] ⏳ 暂无任务，休息60秒...
[葛消息] ⏳ 暂无任务，休息60秒...
[皮审计] ⏳ 暂无任务，休息60秒...
[赏界面] ⏳ 暂无任务，休息60秒...
[财SDK] ⏳ 暂无任务，休息60秒...
[蒋巨门] ⏳ 暂无任务，休息60秒...
[沈记忆] ⏳ 暂无任务，休息60秒...
[韩向量] ⏳ 暂无任务，休息60秒...
[杨检索] ⏳ 暂无任务，休息60秒...
[伍廉贞] ⏳ 暂无任务，休息60秒...
[余情绪] ⏳ 暂无任务，休息60秒...
[元人格] ⏳ 暂无任务，休息60秒...
[孟一致] ⏳ 暂无任务，休息60秒...
[谢武功] ⏳ 暂无任务，休息60秒...
[邹接口] ⏳ 暂无任务，休息60秒...
[喻发现] ⏳ 暂无任务，休息60秒...
[柏依赖] ⏳ 暂无任务，休息60秒...
[章破军] ⏳ 暂无任务，休息60秒...
[云沙箱] ⏳ 暂无任务，休息60秒...
[苏容器] ⏳ 暂无任务，休息60秒...
[潘外呼] ⏳ 暂无任务，休息60秒...
[倪左辅] ⏳ 暂无任务，休息60秒...
[汤K8s] ⏳ 暂无任务，休息60秒...
[殷用户] ⏳ 暂无任务，休息60秒...
[罗隔离] ⏳ 暂无任务，休息60秒...
[毕配置] ⏳ 暂无任务，休息60秒...
[周右弼] ⏳ 暂无任务，休息60秒...
[乐法律] ⏳ 暂无任务，休息60秒...
[于道德] ⏳ 暂无任务，休息60秒...
[时权限] ⏳ 暂无任务，休息60秒...
[薛贪狼] ⏳ 暂无任务，休息60秒...
[雷ASR] ⏳ 暂无任务，休息60秒...
[贺TTS] ⏳ 暂无任务，休息60秒...
[贡数字人] ⏳ 暂无任务，休息60秒...
[齐辅弼] ⏳ 暂无任务，休息60秒...
[康网关] ⏳ 暂无任务，休息60秒...
[和产品] ⏳ 暂无任务，休息60秒...
[穆文档] ⏳ 暂无任务，休息60秒...
[黄漂移] ⏳ 暂无任务，休息60秒...
[周进化] ⏳ 暂无任务，休息60秒...
[吴模板] ⏳ 暂无任务，休息60秒...
[周禄存] ⏳ 暂无任务，休息60秒...
[郑路由] ⏳ 暂无任务，休息60秒...
[王规划] ⏳ 暂无任务，休息60秒...
[冯优化] ⏳ 暂无任务，休息60秒...
[钱调度] ⏳ 暂无任务，休息60秒...
[陈元灵] ⏳ 暂无任务，休息60秒...
[林对齐] ⏳ 暂无任务，休息60秒...
[朱图谱] ⏳ 暂无任务，休息60秒...
[平心理] ⏳ 暂无任务，休息60秒...
[水版本] ⏳ 暂无任务，休息60秒...
[葛消息] ⏳ 暂无任务，休息60秒...
[皮审计] ⏳ 暂无任务，休息60秒...
[赏界面] ⏳ 暂无任务，休息60秒...
[财SDK] ⏳ 暂无任务，休息60秒...
[蒋巨门] ⏳ 暂无任务，休息60秒...
[沈记忆] ⏳ 暂无任务，休息60秒...
[韩向量] ⏳ 暂无任务，休息60秒...
[杨检索] ⏳ 暂无任务，休息60秒...
[伍廉贞] ⏳ 暂无任务，休息60秒...
[余情绪] ⏳ 暂无任务，休息60秒...
[元人格] ⏳ 暂无任务，休息60秒...
[孟一致] ⏳ 暂无任务，休息60秒...
[谢武功] ⏳ 暂无任务，休息60秒...
[邹接口] ⏳ 暂无任务，休息60秒...
[喻发现] ⏳ 暂无任务，休息60秒...
[柏依赖] ⏳ 暂无任务，休息60秒...
[章破军] ⏳ 暂无任务，休息60秒...
[云沙箱] ⏳ 暂无任务，休息60秒...
[苏容器] ⏳ 暂无任务，休息60秒...
[潘外呼] ⏳ 暂无任务，休息60秒...
[倪左辅] ⏳ 暂无任务，休息60秒...
[汤K8s] ⏳ 暂无任务，休息60秒...
[殷用户] ⏳ 暂无任务，休息60秒...
[罗隔离] ⏳ 暂无任务，休息60秒...
[毕配置] ⏳ 暂无任务，休息60秒...
[周右弼] ⏳ 暂无任务，休息60秒...
[乐法律] ⏳ 暂无任务，休息60秒...
[于道德] ⏳ 暂无任务，休息60秒...
[时权限] ⏳ 暂无任务，休息60秒...
[薛贪狼] ⏳ 暂无任务，休息60秒...
[雷ASR] ⏳ 暂无任务，休息60秒...
[贺TTS] ⏳ 暂无任务，休息60秒...
[贡数字人] ⏳ 暂无任务，休息60秒...
[齐辅弼] ⏳ 暂无任务，休息60秒...
[康网关] ⏳ 暂无任务，休息60秒...
[和产品] ⏳ 暂无任务，休息60秒...
[穆文档] ⏳ 暂无任务，休息60秒...
[黄漂移] ⏳ 暂无任务，休息60秒...
[周进化] ⏳ 暂无任务，休息60秒...
[吴模板] ⏳ 暂无任务，休息60秒...
[周禄存] ⏳ 暂无任务，休息60秒...
[郑路由] ⏳ 暂无任务，休息60秒...
[王规划] ⏳ 暂无任务，休息60秒...
[冯优化] ⏳ 暂无任务，休息60秒...
[钱调度] ⏳ 暂无任务，休息60秒...
[陈元灵] ⏳ 暂无任务，休息60秒...
[林对齐] ⏳ 暂无任务，休息60秒...
[朱图谱] ⏳ 暂无任务，休息60秒...
[平心理] ⏳ 暂无任务，休息60秒...
[水版本] ⏳ 暂无任务，休息60秒...
[葛消息] ⏳ 暂无任务，休息60秒...
[皮审计] ⏳ 暂无任务，休息60秒...
[赏界面] ⏳ 暂无任务，休息60秒...
[财SDK] ⏳ 暂无任务，休息60秒...
[蒋巨门] ⏳ 暂无任务，休息60秒...
[沈记忆] ⏳ 暂无任务，休息60秒...
[韩向量] ⏳ 暂无任务，休息60秒...
[杨检索] ⏳ 暂无任务，休息60秒...
[伍廉贞] ⏳ 暂无任务，休息60秒...
[余情绪] ⏳ 暂无任务，休息60秒...
[元人格] ⏳ 暂无任务，休息60秒...
[孟一致] ⏳ 暂无任务，休息60秒...
[谢武功] ⏳ 暂无任务，休息60秒...
[邹接口] ⏳ 暂无任务，休息60秒...
[喻发现] ⏳ 暂无任务，休息60秒...
[柏依赖] ⏳ 暂无任务，休息60秒...
[章破军] ⏳ 暂无任务，休息60秒...
[云沙箱] ⏳ 暂无任务，休息60秒...
[苏容器] ⏳ 暂无任务，休息60秒...
[潘外呼] ⏳ 暂无任务，休息60秒...
[倪左辅] ⏳ 暂无任务，休息60秒...
[汤K8s] ⏳ 暂无任务，休息60秒...
[殷用户] ⏳ 暂无任务，休息60秒...
[罗隔离] ⏳ 暂无任务，休息60秒...
[毕配置] ⏳ 暂无任务，休息60秒...
[周右弼] ⏳ 暂无任务，休息60秒...
[乐法律] ⏳ 暂无任务，休息60秒...
[于道德] ⏳ 暂无任务，休息60秒...
[时权限] ⏳ 暂无任务，休息60秒...
[薛贪狼] ⏳ 暂无任务，休息60秒...
[雷ASR] ⏳ 暂无任务，休息60秒...
[贺TTS] ⏳ 暂无任务，休息60秒...
[贡数字人] ⏳ 暂无任务，休息60秒...
[齐辅弼] ⏳ 暂无任务，休息60秒...
[康网关] ⏳ 暂无任务，休息60秒...
[和产品] ⏳ 暂无任务，休息60秒...
[穆文档] ⏳ 暂无任务，休息60秒...
[黄漂移] ⏳ 暂无任务，休息60秒...
[周进化] ⏳ 暂无任务，休息60秒...
[吴模板] ⏳ 暂无任务，休息60秒...
[周禄存] ⏳ 暂无任务，休息60秒...
[郑路由] ⏳ 暂无任务，休息60秒...
[王规划] ⏳ 暂无任务，休息60秒...
[冯优化] ⏳ 暂无任务，休息60秒...
[钱调度] ⏳ 暂无任务，休息60秒...
[陈元灵] ⏳ 暂无任务，休息60秒...
[林对齐] ⏳ 暂无任务，休息60秒...
[朱图谱] ⏳ 暂无任务，休息60秒...
[平心理] ⏳ 暂无任务，休息60秒...
[水版本] ⏳ 暂无任务，休息60秒...
[葛消息] ⏳ 暂无任务，休息60秒...
[皮审计] ⏳ 暂无任务，休息60秒...
[赏界面] ⏳ 暂无任务，休息60秒...
[财SDK] ⏳ 暂无任务，休息60秒...
[蒋巨门] ⏳ 暂无任务，休息60秒...
[沈记忆] ⏳ 暂无任务，休息60秒...
[韩向量] ⏳ 暂无任务，休息60秒...
[杨检索] ⏳ 暂无任务，休息60秒...
[伍廉贞] ⏳ 暂无任务，休息60秒...
[余情绪] ⏳ 暂无任务，休息60秒...
[元人格] ⏳ 暂无任务，休息60秒...
[孟一致] ⏳ 暂无任务，休息60秒...
[谢武功] ⏳ 暂无任务，休息60秒...
[邹接口] ⏳ 暂无任务，休息60秒...
[喻发现] ⏳ 暂无任务，休息60秒...
[柏依赖] ⏳ 暂无任务，休息60秒...
[章破军] ⏳ 暂无任务，休息60秒...
[云沙箱] ⏳ 暂无任务，休息60秒...
[苏容器] ⏳ 暂无任务，休息60秒...
[潘外呼] ⏳ 暂无任务，休息60秒...
[倪左辅] ⏳ 暂无任务，休息60秒...
[汤K8s] ⏳ 暂无任务，休息60秒...
[殷用户] ⏳ 暂无任务，休息60秒...
[罗隔离] ⏳ 暂无任务，休息60秒...
[毕配置] ⏳ 暂无任务，休息60秒...
[周右弼] ⏳ 暂无任务，休息60秒...
[乐法律] ⏳ 暂无任务，休息60秒...
[于道德] ⏳ 暂无任务，休息60秒...
[时权限] ⏳ 暂无任务，休息60秒...
[薛贪狼] ⏳ 暂无任务，休息60秒...
[雷ASR] ⏳ 暂无任务，休息60秒...
[贺TTS] ⏳ 暂无任务，休息60秒...
[贡数字人] ⏳ 暂无任务，休息60秒...
[齐辅弼] ⏳ 暂无任务，休息60秒...
[康网关] ⏳ 暂无任务，休息60秒...
[和产品] ⏳ 暂无任务，休息60秒...
[穆文档] ⏳ 暂无任务，休息60秒...
[黄漂移] ⏳ 暂无任务，休息60秒...
[周进化] ⏳ 暂无任务，休息60秒...
[吴模板] ⏳ 暂无任务，休息60秒...
[周禄存] ⏳ 暂无任务，休息60秒...
[郑路由] ⏳ 暂无任务，休息60秒...
[王规划] ⏳ 暂无任务，休息60秒...
[冯优化] ⏳ 暂无任务，休息60秒...
[钱调度] ⏳ 暂无任务，休息60秒...
[陈元灵] ⏳ 暂无任务，休息60秒...
[林对齐] ⏳ 暂无任务，休息60秒...
[朱图谱] ⏳ 暂无任务，休息60秒...
[平心理] ⏳ 暂无任务，休息60秒...
[水版本] ⏳ 暂无任务，休息60秒...
[葛消息] ⏳ 暂无任务，休息60秒...
[皮审计] ⏳ 暂无任务，休息60秒...
[赏界面] ⏳ 暂无任务，休息60秒...
[财SDK] ⏳ 暂无任务，休息60秒...
[蒋巨门] ⏳ 暂无任务，休息60秒...
[沈记忆] ⏳ 暂无任务，休息60秒...
[韩向量] ⏳ 暂无任务，休息60秒...
[杨检索] ⏳ 暂无任务，休息60秒...
[伍廉贞] ⏳ 暂无任务，休息60秒...
[余情绪] ⏳ 暂无任务，休息60秒...
[元人格] ⏳ 暂无任务，休息60秒...
[孟一致] ⏳ 暂无任务，休息60秒...
[谢武功] ⏳ 暂无任务，休息60秒...
[邹接口] ⏳ 暂无任务，休息60秒...
[喻发现] ⏳ 暂无任务，休息60秒...
[柏依赖] ⏳ 暂无任务，休息60秒...
[章破军] ⏳ 暂无任务，休息60秒...
[云沙箱] ⏳ 暂无任务，休息60秒...
[苏容器] ⏳ 暂无任务，休息60秒...
[潘外呼] ⏳ 暂无任务，休息60秒...
[倪左辅] ⏳ 暂无任务，休息60秒...
[汤K8s] ⏳ 暂无任务，休息60秒...
[殷用户] ⏳ 暂无任务，休息60秒...
[罗隔离] ⏳ 暂无任务，休息60秒...
[毕配置] ⏳ 暂无任务，休息60秒...
[周右弼] ⏳ 暂无任务，休息60秒...
[乐法律] ⏳ 暂无任务，休息60秒...
[于道德] ⏳ 暂无任务，休息60秒...
[时权限] ⏳ 暂无任务，休息60秒...
[薛贪狼] ⏳ 暂无任务，休息60秒...
[雷ASR] ⏳ 暂无任务，休息60秒...
[贺TTS] ⏳ 暂无任务，休息60秒...
[贡数字人] ⏳ 暂无任务，休息60秒...
[齐辅弼] ⏳ 暂无任务，休息60秒...
[康网关] ⏳ 暂无任务，休息60秒...
[和产品] ⏳ 暂无任务，休息60秒...
[穆文档] ⏳ 暂无任务，休息60秒...
[黄漂移] ⏳ 暂无任务，休息60秒...
[周进化] ⏳ 暂无任务，休息60秒...
[吴模板] ⏳ 暂无任务，休息60秒...
[周禄存] ⏳ 暂无任务，休息60秒...
[郑路由] ⏳ 暂无任务，休息60秒...
[王规划] ⏳ 暂无任务，休息60秒...
[冯优化] ⏳ 暂无任务，休息60秒...
[钱调度] ⏳ 暂无任务，休息60秒...
[陈元灵] ⏳ 暂无任务，休息60秒...
[林对齐] ⏳ 暂无任务，休息60秒...
[朱图谱] ⏳ 暂无任务，休息60秒...
[平心理] ⏳ 暂无任务，休息60秒...
[水版本] ⏳ 暂无任务，休息60秒...
[葛消息] ⏳ 暂无任务，休息60秒...
[皮审计] ⏳ 暂无任务，休息60秒...
[赏界面] ⏳ 暂无任务，休息60秒...
[财SDK] ⏳ 暂无任务，休息60秒...
[蒋巨门] ⏳ 暂无任务，休息60秒...
[沈记忆] ⏳ 暂无任务，休息60秒...
[韩向量] ⏳ 暂无任务，休息60秒...
[杨检索] ⏳ 暂无任务，休息60秒...
[伍廉贞] ⏳ 暂无任务，休息60秒...
[余情绪] ⏳ 暂无任务，休息60秒...
[元人格] ⏳ 暂无任务，休息60秒...
[孟一致] ⏳ 暂无任务，休息60秒...
[谢武功] ⏳ 暂无任务，休息60秒...
[邹接口] ⏳ 暂无任务，休息60秒...
[喻发现] ⏳ 暂无任务，休息60秒...
[柏依赖] ⏳ 暂无任务，休息60秒...
[章破军] ⏳ 暂无任务，休息60秒...
[云沙箱] ⏳ 暂无任务，休息60秒...
[苏容器] ⏳ 暂无任务，休息60秒...
[潘外呼] ⏳ 暂无任务，休息60秒...
[倪左辅] ⏳ 暂无任务，休息60秒...
[汤K8s] ⏳ 暂无任务，休息60秒...
[殷用户] ⏳ 暂无任务，休息60秒...
[罗隔离] ⏳ 暂无任务，休息60秒...
[毕配置] ⏳ 暂无任务，休息60秒...
[周右弼] ⏳ 暂无任务，休息60秒...
[乐法律] ⏳ 暂无任务，休息60秒...
[于道德] ⏳ 暂无任务，休息60秒...
[时权限] ⏳ 暂无任务，休息60秒...
[薛贪狼] ⏳ 暂无任务，休息60秒...
[雷ASR] ⏳ 暂无任务，休息60秒...
[贺TTS] ⏳ 暂无任务，休息60秒...
[贡数字人] ⏳ 暂无任务，休息60秒...
[齐辅弼] ⏳ 暂无任务，休息60秒...
[康网关] ⏳ 暂无任务，休息60秒...
[和产品] ⏳ 暂无任务，休息60秒...
[穆文档] ⏳ 暂无任务，休息60秒...
[黄漂移] ⏳ 暂无任务，休息60秒...
[周进化] ⏳ 暂无任务，休息60秒...
[吴模板] ⏳ 暂无任务，休息60秒...
[周禄存] ⏳ 暂无任务，休息60秒...
[郑路由] ⏳ 暂无任务，休息60秒...
[王规划] ⏳ 暂无任务，休息60秒...
[冯优化] ⏳ 暂无任务，休息60秒...
[钱调度] ⏳ 暂无任务，休息60秒...
[陈元灵] ⏳ 暂无任务，休息60秒...
[林对齐] ⏳ 暂无任务，休息60秒...
[朱图谱] ⏳ 暂无任务，休息60秒...
[平心理] ⏳ 暂无任务，休息60秒...
[水版本] ⏳ 暂无任务，休息60秒...
[葛消息] ⏳ 暂无任务，休息60秒...
[皮审计] ⏳ 暂无任务，休息60秒...
[赏界面] ⏳ 暂无任务，休息60秒...
[财SDK] ⏳ 暂无任务，休息60秒...
[蒋巨门] ⏳ 暂无任务，休息60秒...
[沈记忆] ⏳ 暂无任务，休息60秒...
[韩向量] ⏳ 暂无任务，休息60秒...
[杨检索] ⏳ 暂无任务，休息60秒...
[伍廉贞] ⏳ 暂无任务，休息60秒...
[余情绪] ⏳ 暂无任务，休息60秒...
[元人格] ⏳ 暂无任务，休息60秒...
[孟一致] ⏳ 暂无任务，休息60秒...
[谢武功] ⏳ 暂无任务，休息60秒...
[邹接口] ⏳ 暂无任务，休息60秒...
[喻发现] ⏳ 暂无任务，休息60秒...
[柏依赖] ⏳ 暂无任务，休息60秒...
[章破军] ⏳ 暂无任务，休息60秒...
[云沙箱] ⏳ 暂无任务，休息60秒...
[苏容器] ⏳ 暂无任务，休息60秒...
[潘外呼] ⏳ 暂无任务，休息60秒...
[倪左辅] ⏳ 暂无任务，休息60秒...
[汤K8s] ⏳ 暂无任务，休息60秒...
[殷用户] ⏳ 暂无任务，休息60秒...
[罗隔离] ⏳ 暂无任务，休息60秒...
[毕配置] ⏳ 暂无任务，休息60秒...
[周右弼] ⏳ 暂无任务，休息60秒...
[乐法律] ⏳ 暂无任务，休息60秒...
[于道德] ⏳ 暂无任务，休息60秒...
[时权限] ⏳ 暂无任务，休息60秒...
[薛贪狼] ⏳ 暂无任务，休息60秒...
[雷ASR] ⏳ 暂无任务，休息60秒...
[贺TTS] ⏳ 暂无任务，休息60秒...
[贡数字人] ⏳ 暂无任务，休息60秒...
[齐辅弼] ⏳ 暂无任务，休息60秒...
[康网关] ⏳ 暂无任务，休息60秒...
[和产品] ⏳ 暂无任务，休息60秒...
[穆文档] ⏳ 暂无任务，休息60秒...
[黄漂移] ⏳ 暂无任务，休息60秒...
[周进化] ⏳ 暂无任务，休息60秒...
[吴模板] ⏳ 暂无任务，休息60秒...
[周禄存] ⏳ 暂无任务，休息60秒...
[郑路由] ⏳ 暂无任务，休息60秒...
[王规划] ⏳ 暂无任务，休息60秒...
[冯优化] ⏳ 暂无任务，休息60秒...
[钱调度] ⏳ 暂无任务，休息60秒...
[陈元灵] ⏳ 暂无任务，休息60秒...
[林对齐] ⏳ 暂无任务，休息60秒...
[朱图谱] ⏳ 暂无任务，休息60秒...
[平心理] ⏳ 暂无任务，休息60秒...
[水版本] ⏳ 暂无任务，休息60秒...
[葛消息] ⏳ 暂无任务，休息60秒...
[皮审计] ⏳ 暂无任务，休息60秒...
[赏界面] ⏳ 暂无任务，休息60秒...
[财SDK] ⏳ 暂无任务，休息60秒...
[蒋巨门] ⏳ 暂无任务，休息60秒...
[沈记忆] ⏳ 暂无任务，休息60秒...
[韩向量] ⏳ 暂无任务，休息60秒...
[杨检索] ⏳ 暂无任务，休息60秒...
[伍廉贞] ⏳ 暂无任务，休息60秒...
[余情绪] ⏳ 暂无任务，休息60秒...
[元人格] ⏳ 暂无任务，休息60秒...
[孟一致] ⏳ 暂无任务，休息60秒...
[谢武功] ⏳ 暂无任务，休息60秒...
[邹接口] ⏳ 暂无任务，休息60秒...
[喻发现] ⏳ 暂无任务，休息60秒...
[柏依赖] ⏳ 暂无任务，休息60秒...
[章破军] ⏳ 暂无任务，休息60秒...
[云沙箱] ⏳ 暂无任务，休息60秒...
[苏容器] ⏳ 暂无任务，休息60秒...
[潘外呼] ⏳ 暂无任务，休息60秒...
[倪左辅] ⏳ 暂无任务，休息60秒...
[汤K8s] ⏳ 暂无任务，休息60秒...
[殷用户] ⏳ 暂无任务，休息60秒...
[罗隔离] ⏳ 暂无任务，休息60秒...
[毕配置] ⏳ 暂无任务，休息60秒...
[周右弼] ⏳ 暂无任务，休息60秒...
[乐法律] ⏳ 暂无任务，休息60秒...
[于道德] ⏳ 暂无任务，休息60秒...
[时权限] ⏳ 暂无任务，休息60秒...
[薛贪狼] ⏳ 暂无任务，休息60秒...
[雷ASR] ⏳ 暂无任务，休息60秒...
[贺TTS] ⏳ 暂无任务，休息60秒...
[贡数字人] ⏳ 暂无任务，休息60秒...
[齐辅弼] ⏳ 暂无任务，休息60秒...
[康网关] ⏳ 暂无任务，休息60秒...
[和产品] ⏳ 暂无任务，休息60秒...
[穆文档] ⏳ 暂无任务，休息60秒...
[黄漂移] ⏳ 暂无任务，休息60秒...
[周进化] ⏳ 暂无任务，休息60秒...
[吴模板] ⏳ 暂无任务，休息60秒...
[周禄存] ⏳ 暂无任务，休息60秒...
[郑路由] ⏳ 暂无任务，休息60秒...
[王规划] ⏳ 暂无任务，休息60秒...
[冯优化] ⏳ 暂无任务，休息60秒...
[钱调度] ⏳ 暂无任务，休息60秒...
[陈元灵] ⏳ 暂无任务，休息60秒...
[林对齐] ⏳ 暂无任务，休息60秒...
[朱图谱] ⏳ 暂无任务，休息60秒...
[平心理] ⏳ 暂无任务，休息60秒...
[水版本] ⏳ 暂无任务，休息60秒...
[葛消息] ⏳ 暂无任务，休息60秒...
[皮审计] ⏳ 暂无任务，休息60秒...
[赏界面] ⏳ 暂无任务，休息60秒...
[财SDK] ⏳ 暂无任务，休息60秒...
[蒋巨门] ⏳ 暂无任务，休息60秒...
[沈记忆] ⏳ 暂无任务，休息60秒...
[韩向量] ⏳ 暂无任务，休息60秒...
[杨检索] ⏳ 暂无任务，休息60秒...
[伍廉贞] ⏳ 暂无任务，休息60秒...
[余情绪] ⏳ 暂无任务，休息60秒...
[元人格] ⏳ 暂无任务，休息60秒...
[孟一致] ⏳ 暂无任务，休息60秒...
[谢武功] ⏳ 暂无任务，休息60秒...
[邹接口] ⏳ 暂无任务，休息60秒...
[喻发现] ⏳ 暂无任务，休息60秒...
[柏依赖] ⏳ 暂无任务，休息60秒...
[章破军] ⏳ 暂无任务，休息60秒...
[云沙箱] ⏳ 暂无任务，休息60秒...
[苏容器] ⏳ 暂无任务，休息60秒...
[潘外呼] ⏳ 暂无任务，休息60秒...
[倪左辅] ⏳ 暂无任务，休息60秒...
[汤K8s] ⏳ 暂无任务，休息60秒...
[殷用户] ⏳ 暂无任务，休息60秒...
[罗隔离] ⏳ 暂无任务，休息60秒...
[毕配置] ⏳ 暂无任务，休息60秒...
[周右弼] ⏳ 暂无任务，休息60秒...
[乐法律] ⏳ 暂无任务，休息60秒...
[于道德] ⏳ 暂无任务，休息60秒...
[时权限] ⏳ 暂无任务，休息60秒...
[薛贪狼] ⏳ 暂无任务，休息60秒...
[雷ASR] ⏳ 暂无任务，休息60秒...
[贺TTS] ⏳ 暂无任务，休息60秒...
[贡数字人] ⏳ 暂无任务，休息60秒...
[齐辅弼] ⏳ 暂无任务，休息60秒...
[康网关] ⏳ 暂无任务，休息60秒...
[和产品] ⏳ 暂无任务，休息60秒...
[穆文档] ⏳ 暂无任务，休息60秒...
[黄漂移] ⏳ 暂无任务，休息60秒...
[周进化] ⏳ 暂无任务，休息60秒...
[吴模板] ⏳ 暂无任务，休息60秒...
[周禄存] ⏳ 暂无任务，休息60秒...
[郑路由] ⏳ 暂无任务，休息60秒...
[王规划] ⏳ 暂无任务，休息60秒...
[冯优化] ⏳ 暂无任务，休息60秒...
[钱调度] ⏳ 暂无任务，休息60秒...
[陈元灵] ⏳ 暂无任务，休息60秒...
[林对齐] ⏳ 暂无任务，休息60秒...
[朱图谱] ⏳ 暂无任务，休息60秒...
[平心理] ⏳ 暂无任务，休息60秒...
[水版本] ⏳ 暂无任务，休息60秒...
[葛消息] ⏳ 暂无任务，休息60秒...
[皮审计] ⏳ 暂无任务，休息60秒...
[赏界面] ⏳ 暂无任务，休息60秒...
[财SDK] ⏳ 暂无任务，休息60秒...
[蒋巨门] ⏳ 暂无任务，休息60秒...
[沈记忆] ⏳ 暂无任务，休息60秒...
[韩向量] ⏳ 暂无任务，休息60秒...
[杨检索] ⏳ 暂无任务，休息60秒...
[伍廉贞] ⏳ 暂无任务，休息60秒...
[余情绪] ⏳ 暂无任务，休息60秒...
[元人格] ⏳ 暂无任务，休息60秒...
[孟一致] ⏳ 暂无任务，休息60秒...
[谢武功] ⏳ 暂无任务，休息60秒...
[邹接口] ⏳ 暂无任务，休息60秒...
[喻发现] ⏳ 暂无任务，休息60秒...
[柏依赖] ⏳ 暂无任务，休息60秒...
[章破军] ⏳ 暂无任务，休息60秒...
[云沙箱] ⏳ 暂无任务，休息60秒...
[苏容器] ⏳ 暂无任务，休息60秒...
[潘外呼] ⏳ 暂无任务，休息60秒...
[倪左辅] ⏳ 暂无任务，休息60秒...
[汤K8s] ⏳ 暂无任务，休息60秒...
[殷用户] ⏳ 暂无任务，休息60秒...
[罗隔离] ⏳ 暂无任务，休息60秒...
[毕配置] ⏳ 暂无任务，休息60秒...
[周右弼] ⏳ 暂无任务，休息60秒...
[乐法律] ⏳ 暂无任务，休息60秒...
[于道德] ⏳ 暂无任务，休息60秒...
[时权限] ⏳ 暂无任务，休息60秒...
[薛贪狼] ⏳ 暂无任务，休息60秒...
[雷ASR] ⏳ 暂无任务，休息60秒...
[贺TTS] ⏳ 暂无任务，休息60秒...
[贡数字人] ⏳ 暂无任务，休息60秒...
[齐辅弼] ⏳ 暂无任务，休息60秒...
[康网关] ⏳ 暂无任务，休息60秒...
[和产品] ⏳ 暂无任务，休息60秒...
[穆文档] ⏳ 暂无任务，休息60秒...
[黄漂移] ⏳ 暂无任务，休息60秒...
[周进化] ⏳ 暂无任务，休息60秒...
[吴模板] ⏳ 暂无任务，休息60秒...
[周禄存] ⏳ 暂无任务，休息60秒...
[郑路由] ⏳ 暂无任务，休息60秒...
[王规划] ⏳ 暂无任务，休息60秒...
[冯优化] ⏳ 暂无任务，休息60秒...
[钱调度] ⏳ 暂无任务，休息60秒...
[陈元灵] ⏳ 暂无任务，休息60秒...
[林对齐] ⏳ 暂无任务，休息60秒...
[朱图谱] ⏳ 暂无任务，休息60秒...
[平心理] ⏳ 暂无任务，休息60秒...
[水版本] ⏳ 暂无任务，休息60秒...
[葛消息] ⏳ 暂无任务，休息60秒...
[皮审计] ⏳ 暂无任务，休息60秒...
[赏界面] ⏳ 暂无任务，休息60秒...
[财SDK] ⏳ 暂无任务，休息60秒...
[蒋巨门] ⏳ 暂无任务，休息60秒...
[沈记忆] ⏳ 暂无任务，休息60秒...
[韩向量] ⏳ 暂无任务，休息60秒...
[杨检索] ⏳ 暂无任务，休息60秒...
[伍廉贞] ⏳ 暂无任务，休息60秒...
[余情绪] ⏳ 暂无任务，休息60秒...
[元人格] ⏳ 暂无任务，休息60秒...
[孟一致] ⏳ 暂无任务，休息60秒...
[谢武功] ⏳ 暂无任务，休息60秒...
[邹接口] ⏳ 暂无任务，休息60秒...
[喻发现] ⏳ 暂无任务，休息60秒...
[柏依赖] ⏳ 暂无任务，休息60秒...
[章破军] ⏳ 暂无任务，休息60秒...
[云沙箱] ⏳ 暂无任务，休息60秒...
[苏容器] ⏳ 暂无任务，休息60秒...
[潘外呼] ⏳ 暂无任务，休息60秒...
[倪左辅] ⏳ 暂无任务，休息60秒...
[汤K8s] ⏳ 暂无任务，休息60秒...
[殷用户] ⏳ 暂无任务，休息60秒...
[罗隔离] ⏳ 暂无任务，休息60秒...
[毕配置] ⏳ 暂无任务，休息60秒...
[周右弼] ⏳ 暂无任务，休息60秒...
[乐法律] ⏳ 暂无任务，休息60秒...
[于道德] ⏳ 暂无任务，休息60秒...
[时权限] ⏳ 暂无任务，休息60秒...
[薛贪狼] ⏳ 暂无任务，休息60秒...
[雷ASR] ⏳ 暂无任务，休息60秒...
[贺TTS] ⏳ 暂无任务，休息60秒...
[贡数字人] ⏳ 暂无任务，休息60秒...
[齐辅弼] ⏳ 暂无任务，休息60秒...
[康网关] ⏳ 暂无任务，休息60秒...
[和产品] ⏳ 暂无任务，休息60秒...
[穆文档] ⏳ 暂无任务，休息60秒...
[黄漂移] ⏳ 暂无任务，休息60秒...
[周进化] ⏳ 暂无任务，休息60秒...
[吴模板] ⏳ 暂无任务，休息60秒...
[周禄存] ⏳ 暂无任务，休息60秒...
[郑路由] ⏳ 暂无任务，休息60秒...
[王规划] ⏳ 暂无任务，休息60秒...
[冯优化] ⏳ 暂无任务，休息60秒...
[钱调度] ⏳ 暂无任务，休息60秒...
[陈元灵] ⏳ 暂无任务，休息60秒...
[林对齐] ⏳ 暂无任务，休息60秒...
[朱图谱] ⏳ 暂无任务，休息60秒...
[平心理] ⏳ 暂无任务，休息60秒...
[水版本] ⏳ 暂无任务，休息60秒...
[葛消息] ⏳ 暂无任务，休息60秒...
[皮审计] ⏳ 暂无任务，休息60秒...
[赏界面] ⏳ 暂无任务，休息60秒...
[财SDK] ⏳ 暂无任务，休息60秒...
[蒋巨门] ⏳ 暂无任务，休息60秒...
[沈记忆] ⏳ 暂无任务，休息60秒...
[韩向量] ⏳ 暂无任务，休息60秒...
[杨检索] ⏳ 暂无任务，休息60秒...
[伍廉贞] ⏳ 暂无任务，休息60秒...
[余情绪] ⏳ 暂无任务，休息60秒...
[元人格] ⏳ 暂无任务，休息60秒...
[孟一致] ⏳ 暂无任务，休息60秒...
[谢武功] ⏳ 暂无任务，休息60秒...
[邹接口] ⏳ 暂无任务，休息60秒...
[喻发现] ⏳ 暂无任务，休息60秒...
[柏依赖] ⏳ 暂无任务，休息60秒...
[章破军] ⏳ 暂无任务，休息60秒...
[云沙箱] ⏳ 暂无任务，休息60秒...
[苏容器] ⏳ 暂无任务，休息60秒...
[潘外呼] ⏳ 暂无任务，休息60秒...
[倪左辅] ⏳ 暂无任务，休息60秒...
[汤K8s] ⏳ 暂无任务，休息60秒...
[殷用户] ⏳ 暂无任务，休息60秒...
[罗隔离] ⏳ 暂无任务，休息60秒...
[毕配置] ⏳ 暂无任务，休息60秒...
[周右弼] ⏳ 暂无任务，休息60秒...
[乐法律] ⏳ 暂无任务，休息60秒...
[于道德] ⏳ 暂无任务，休息60秒...
[时权限] ⏳ 暂无任务，休息60秒...
[薛贪狼] ⏳ 暂无任务，休息60秒...
[雷ASR] ⏳ 暂无任务，休息60秒...
[贺TTS] ⏳ 暂无任务，休息60秒...
[贡数字人] ⏳ 暂无任务，休息60秒...
[齐辅弼] ⏳ 暂无任务，休息60秒...
[康网关] ⏳ 暂无任务，休息60秒...
[和产品] ⏳ 暂无任务，休息60秒...
[穆文档] ⏳ 暂无任务，休息60秒...
[黄漂移] ⏳ 暂无任务，休息60秒...
[周进化] ⏳ 暂无任务，休息60秒...
[吴模板] ⏳ 暂无任务，休息60秒...
[周禄存] ⏳ 暂无任务，休息60秒...
[郑路由] ⏳ 暂无任务，休息60秒...
[王规划] ⏳ 暂无任务，休息60秒...
[冯优化] ⏳ 暂无任务，休息60秒...
[钱调度] ⏳ 暂无任务，休息60秒...
[陈元灵] ⏳ 暂无任务，休息60秒...
[林对齐] ⏳ 暂无任务，休息60秒...
[朱图谱] ⏳ 暂无任务，休息60秒...
[平心理] ⏳ 暂无任务，休息60秒...
[水版本] ⏳ 暂无任务，休息60秒...
[葛消息] ⏳ 暂无任务，休息60秒...
[皮审计] ⏳ 暂无任务，休息60秒...
[赏界面] ⏳ 暂无任务，休息60秒...
[财SDK] ⏳ 暂无任务，休息60秒...
[蒋巨门] ⏳ 暂无任务，休息60秒...
[沈记忆] ⏳ 暂无任务，休息60秒...
[韩向量] ⏳ 暂无任务，休息60秒...
[杨检索] ⏳ 暂无任务，休息60秒...
[伍廉贞] ⏳ 暂无任务，休息60秒...
[余情绪] ⏳ 暂无任务，休息60秒...
[元人格] ⏳ 暂无任务，休息60秒...
[孟一致] ⏳ 暂无任务，休息60秒...
[谢武功] ⏳ 暂无任务，休息60秒...
[邹接口] ⏳ 暂无任务，休息60秒...
[喻发现] ⏳ 暂无任务，休息60秒...
[柏依赖] ⏳ 暂无任务，休息60秒...
[章破军] ⏳ 暂无任务，休息60秒...
[云沙箱] ⏳ 暂无任务，休息60秒...
[苏容器] ⏳ 暂无任务，休息60秒...
[潘外呼] ⏳ 暂无任务，休息60秒...
[倪左辅] ⏳ 暂无任务，休息60秒...
[汤K8s] ⏳ 暂无任务，休息60秒...
[殷用户] ⏳ 暂无任务，休息60秒...
[罗隔离] ⏳ 暂无任务，休息60秒...
[毕配置] ⏳ 暂无任务，休息60秒...
[周右弼] ⏳ 暂无任务，休息60秒...
[乐法律] ⏳ 暂无任务，休息60秒...
[于道德] ⏳ 暂无任务，休息60秒...
[时权限] ⏳ 暂无任务，休息60秒...
[薛贪狼] ⏳ 暂无任务，休息60秒...
[雷ASR] ⏳ 暂无任务，休息60秒...
[贺TTS] ⏳ 暂无任务，休息60秒...
[贡数字人] ⏳ 暂无任务，休息60秒...
[齐辅弼] ⏳ 暂无任务，休息60秒...
[康网关] ⏳ 暂无任务，休息60秒...
[和产品] ⏳ 暂无任务，休息60秒...
[穆文档] ⏳ 暂无任务，休息60秒...
[黄漂移] ⏳ 暂无任务，休息60秒...
[周进化] ⏳ 暂无任务，休息60秒...
[吴模板] ⏳ 暂无任务，休息60秒...
[周禄存] ⏳ 暂无任务，休息60秒...
[郑路由] ⏳ 暂无任务，休息60秒...
[王规划] ⏳ 暂无任务，休息60秒...
[冯优化] ⏳ 暂无任务，休息60秒...
[钱调度] ⏳ 暂无任务，休息60秒...
[陈元灵] ⏳ 暂无任务，休息60秒...
[林对齐] ⏳ 暂无任务，休息60秒...
[朱图谱] ⏳ 暂无任务，休息60秒...
[平心理] ⏳ 暂无任务，休息60秒...
[水版本] ⏳ 暂无任务，休息60秒...
[葛消息] ⏳ 暂无任务，休息60秒...
[皮审计] ⏳ 暂无任务，休息60秒...
[赏界面] ⏳ 暂无任务，休息60秒...
[财SDK] ⏳ 暂无任务，休息60秒...
[蒋巨门] ⏳ 暂无任务，休息60秒...
[沈记忆] ⏳ 暂无任务，休息60秒...
[韩向量] ⏳ 暂无任务，休息60秒...
[杨检索] ⏳ 暂无任务，休息60秒...
[伍廉贞] ⏳ 暂无任务，休息60秒...
[余情绪] ⏳ 暂无任务，休息60秒...
[元人格] ⏳ 暂无任务，休息60秒...
[孟一致] ⏳ 暂无任务，休息60秒...
[谢武功] ⏳ 暂无任务，休息60秒...
[邹接口] ⏳ 暂无任务，休息60秒...
[喻发现] ⏳ 暂无任务，休息60秒...
[柏依赖] ⏳ 暂无任务，休息60秒...
[章破军] ⏳ 暂无任务，休息60秒...
[云沙箱] ⏳ 暂无任务，休息60秒...
[苏容器] ⏳ 暂无任务，休息60秒...
[潘外呼] ⏳ 暂无任务，休息60秒...
[倪左辅] ⏳ 暂无任务，休息60秒...
[汤K8s] ⏳ 暂无任务，休息60秒...
[殷用户] ⏳ 暂无任务，休息60秒...
[罗隔离] ⏳ 暂无任务，休息60秒...
[毕配置] ⏳ 暂无任务，休息60秒...
[周右弼] ⏳ 暂无任务，休息60秒...
[乐法律] ⏳ 暂无任务，休息60秒...
[于道德] ⏳ 暂无任务，休息60秒...
[时权限] ⏳ 暂无任务，休息60秒...
[薛贪狼] ⏳ 暂无任务，休息60秒...
[雷ASR] ⏳ 暂无任务，休息60秒...
[贺TTS] ⏳ 暂无任务，休息60秒...
[贡数字人] ⏳ 暂无任务，休息60秒...
[齐辅弼] ⏳ 暂无任务，休息60秒...
[康网关] ⏳ 暂无任务，休息60秒...
[和产品] ⏳ 暂无任务，休息60秒...
[穆文档] ⏳ 暂无任务，休息60秒...
[黄漂移] ⏳ 暂无任务，休息60秒...
[周进化] ⏳ 暂无任务，休息60秒...
[吴模板] ⏳ 暂无任务，休息60秒...
[周禄存] ⏳ 暂无任务，休息60秒...
[郑路由] ⏳ 暂无任务，休息60秒...
[王规划] ⏳ 暂无任务，休息60秒...
[冯优化] ⏳ 暂无任务，休息60秒...
[钱调度] ⏳ 暂无任务，休息60秒...
[陈元灵] ⏳ 暂无任务，休息60秒...
[林对齐] ⏳ 暂无任务，休息60秒...
[朱图谱] ⏳ 暂无任务，休息60秒...
[平心理] ⏳ 暂无任务，休息60秒...
[水版本] ⏳ 暂无任务，休息60秒...
[葛消息] ⏳ 暂无任务，休息60秒...
[皮审计] ⏳ 暂无任务，休息60秒...
[赏界面] ⏳ 暂无任务，休息60秒...
[财SDK] ⏳ 暂无任务，休息60秒...
[蒋巨门] ⏳ 暂无任务，休息60秒...
[沈记忆] ⏳ 暂无任务，休息60秒...
[韩向量] ⏳ 暂无任务，休息60秒...
[杨检索] ⏳ 暂无任务，休息60秒...
[伍廉贞] ⏳ 暂无任务，休息60秒...
[余情绪] ⏳ 暂无任务，休息60秒...
[元人格] ⏳ 暂无任务，休息60秒...
[孟一致] ⏳ 暂无任务，休息60秒...
[谢武功] ⏳ 暂无任务，休息60秒...
[邹接口] ⏳ 暂无任务，休息60秒...
[喻发现] ⏳ 暂无任务，休息60秒...
[柏依赖] ⏳ 暂无任务，休息60秒...
[章破军] ⏳ 暂无任务，休息60秒...
[云沙箱] ⏳ 暂无任务，休息60秒...
[苏容器] ⏳ 暂无任务，休息60秒...
[潘外呼] ⏳ 暂无任务，休息60秒...
[倪左辅] ⏳ 暂无任务，休息60秒...
[汤K8s] ⏳ 暂无任务，休息60秒...
[殷用户] ⏳ 暂无任务，休息60秒...
[罗隔离] ⏳ 暂无任务，休息60秒...
[毕配置] ⏳ 暂无任务，休息60秒...
[周右弼] ⏳ 暂无任务，休息60秒...
[乐法律] ⏳ 暂无任务，休息60秒...
[于道德] ⏳ 暂无任务，休息60秒...
[时权限] ⏳ 暂无任务，休息60秒...
[薛贪狼] ⏳ 暂无任务，休息60秒...
[雷ASR] ⏳ 暂无任务，休息60秒...
[贺TTS] ⏳ 暂无任务，休息60秒...
[贡数字人] ⏳ 暂无任务，休息60秒...
[齐辅弼] ⏳ 暂无任务，休息60秒...
[康网关] ⏳ 暂无任务，休息60秒...
[和产品] ⏳ 暂无任务，休息60秒...
[穆文档] ⏳ 暂无任务，休息60秒...
[黄漂移] ⏳ 暂无任务，休息60秒...
[周进化] ⏳ 暂无任务，休息60秒...
[吴模板] ⏳ 暂无任务，休息60秒...
[周禄存] ⏳ 暂无任务，休息60秒...
[郑路由] ⏳ 暂无任务，休息60秒...
[王规划] ⏳ 暂无任务，休息60秒...
[冯优化] ⏳ 暂无任务，休息60秒...
[钱调度] ⏳ 暂无任务，休息60秒...
[陈元灵] ⏳ 暂无任务，休息60秒...
[林对齐] ⏳ 暂无任务，休息60秒...
[朱图谱] ⏳ 暂无任务，休息60秒...
[平心理] ⏳ 暂无任务，休息60秒...
[水版本] ⏳ 暂无任务，休息60秒...
[葛消息] ⏳ 暂无任务，休息60秒...
[皮审计] ⏳ 暂无任务，休息60秒...
[赏界面] ⏳ 暂无任务，休息60秒...
[财SDK] ⏳ 暂无任务，休息60秒...
[蒋巨门] ⏳ 暂无任务，休息60秒...
[沈记忆] ⏳ 暂无任务，休息60秒...
[韩向量] ⏳ 暂无任务，休息60秒...
[杨检索] ⏳ 暂无任务，休息60秒...
[伍廉贞] ⏳ 暂无任务，休息60秒...
[余情绪] ⏳ 暂无任务，休息60秒...
[元人格] ⏳ 暂无任务，休息60秒...
[孟一致] ⏳ 暂无任务，休息60秒...
[谢武功] ⏳ 暂无任务，休息60秒...
[邹接口] ⏳ 暂无任务，休息60秒...
[喻发现] ⏳ 暂无任务，休息60秒...
[柏依赖] ⏳ 暂无任务，休息60秒...
[章破军] ⏳ 暂无任务，休息60秒...
[云沙箱] ⏳ 暂无任务，休息60秒...
[苏容器] ⏳ 暂无任务，休息60秒...
[潘外呼] ⏳ 暂无任务，休息60秒...
[倪左辅] ⏳ 暂无任务，休息60秒...
[汤K8s] ⏳ 暂无任务，休息60秒...
[殷用户] ⏳ 暂无任务，休息60秒...
[罗隔离] ⏳ 暂无任务，休息60秒...
[毕配置] ⏳ 暂无任务，休息60秒...
[周右弼] ⏳ 暂无任务，休息60秒...
[乐法律] ⏳ 暂无任务，休息60秒...
[于道德] ⏳ 暂无任务，休息60秒...
[时权限] ⏳ 暂无任务，休息60秒...
[薛贪狼] ⏳ 暂无任务，休息60秒...
[雷ASR] ⏳ 暂无任务，休息60秒...
[贺TTS] ⏳ 暂无任务，休息60秒...
[贡数字人] ⏳ 暂无任务，休息60秒...
[齐辅弼] ⏳ 暂无任务，休息60秒...
[康网关] ⏳ 暂无任务，休息60秒...
[和产品] ⏳ 暂无任务，休息60秒...
[穆文档] ⏳ 暂无任务，休息60秒...
[黄漂移] ⏳ 暂无任务，休息60秒...
[周进化] ⏳ 暂无任务，休息60秒...
[吴模板] ⏳ 暂无任务，休息60秒...
[周禄存] ⏳ 暂无任务，休息60秒...
[郑路由] ⏳ 暂无任务，休息60秒...
[王规划] ⏳ 暂无任务，休息60秒...
[冯优化] ⏳ 暂无任务，休息60秒...
[钱调度] ⏳ 暂无任务，休息60秒...
[陈元灵] ⏳ 暂无任务，休息60秒...
[林对齐] ⏳ 暂无任务，休息60秒...
[朱图谱] ⏳ 暂无任务，休息60秒...
[平心理] ⏳ 暂无任务，休息60秒...
[水版本] ⏳ 暂无任务，休息60秒...
[葛消息] ⏳ 暂无任务，休息60秒...
[皮审计] ⏳ 暂无任务，休息60秒...
[赏界面] ⏳ 暂无任务，休息60秒...
[财SDK] ⏳ 暂无任务，休息60秒...
[蒋巨门] ⏳ 暂无任务，休息60秒...
[沈记忆] ⏳ 暂无任务，休息60秒...
[韩向量] ⏳ 暂无任务，休息60秒...
[杨检索] ⏳ 暂无任务，休息60秒...
[伍廉贞] ⏳ 暂无任务，休息60秒...
[余情绪] ⏳ 暂无任务，休息60秒...
[元人格] ⏳ 暂无任务，休息60秒...
[孟一致] ⏳ 暂无任务，休息60秒...
[谢武功] ⏳ 暂无任务，休息60秒...
[邹接口] ⏳ 暂无任务，休息60秒...
[喻发现] ⏳ 暂无任务，休息60秒...
[柏依赖] ⏳ 暂无任务，休息60秒...
[章破军] ⏳ 暂无任务，休息60秒...
[云沙箱] ⏳ 暂无任务，休息60秒...
[苏容器] ⏳ 暂无任务，休息60秒...
[潘外呼] ⏳ 暂无任务，休息60秒...
[倪左辅] ⏳ 暂无任务，休息60秒...
[汤K8s] ⏳ 暂无任务，休息60秒...
[殷用户] ⏳ 暂无任务，休息60秒...
[罗隔离] ⏳ 暂无任务，休息60秒...
[毕配置] ⏳ 暂无任务，休息60秒...
[周右弼] ⏳ 暂无任务，休息60秒...
[乐法律] ⏳ 暂无任务，休息60秒...
[于道德] ⏳ 暂无任务，休息60秒...
[时权限] ⏳ 暂无任务，休息60秒...
[薛贪狼] ⏳ 暂无任务，休息60秒...
[雷ASR] ⏳ 暂无任务，休息60秒...
[贺TTS] ⏳ 暂无任务，休息60秒...
[贡数字人] ⏳ 暂无任务，休息60秒...
[齐辅弼] ⏳ 暂无任务，休息60秒...
[康网关] ⏳ 暂无任务，休息60秒...
[和产品] ⏳ 暂无任务，休息60秒...
[穆文档] ⏳ 暂无任务，休息60秒...
[黄漂移] ⏳ 暂无任务，休息60秒...
[周进化] ⏳ 暂无任务，休息60秒...
[吴模板] ⏳ 暂无任务，休息60秒...
[周禄存] ⏳ 暂无任务，休息60秒...
[郑路由] ⏳ 暂无任务，休息60秒...
[王规划] ⏳ 暂无任务，休息60秒...
[冯优化] ⏳ 暂无任务，休息60秒...
[钱调度] ⏳ 暂无任务，休息60秒...
[陈元灵] ⏳ 暂无任务，休息60秒...
[林对齐] ⏳ 暂无任务，休息60秒...
[朱图谱] ⏳ 暂无任务，休息60秒...
[平心理] ⏳ 暂无任务，休息60秒...
[水版本] ⏳ 暂无任务，休息60秒...
[葛消息] ⏳ 暂无任务，休息60秒...
[皮审计] ⏳ 暂无任务，休息60秒...
[赏界面] ⏳ 暂无任务，休息60秒...
[财SDK] ⏳ 暂无任务，休息60秒...
[蒋巨门] ⏳ 暂无任务，休息60秒...
[沈记忆] ⏳ 暂无任务，休息60秒...
[韩向量] ⏳ 暂无任务，休息60秒...
[杨检索] ⏳ 暂无任务，休息60秒...
[伍廉贞] ⏳ 暂无任务，休息60秒...
[余情绪] ⏳ 暂无任务，休息60秒...
[元人格] ⏳ 暂无任务，休息60秒...
[孟一致] ⏳ 暂无任务，休息60秒...
[谢武功] ⏳ 暂无任务，休息60秒...
[邹接口] ⏳ 暂无任务，休息60秒...
[喻发现] ⏳ 暂无任务，休息60秒...
[柏依赖] ⏳ 暂无任务，休息60秒...
[章破军] ⏳ 暂无任务，休息60秒...
[云沙箱] ⏳ 暂无任务，休息60秒...
[苏容器] ⏳ 暂无任务，休息60秒...
[潘外呼] ⏳ 暂无任务，休息60秒...
[倪左辅] ⏳ 暂无任务，休息60秒...
[汤K8s] ⏳ 暂无任务，休息60秒...
[殷用户] ⏳ 暂无任务，休息60秒...
[罗隔离] ⏳ 暂无任务，休息60秒...
[毕配置] ⏳ 暂无任务，休息60秒...
[周右弼] ⏳ 暂无任务，休息60秒...
[乐法律] ⏳ 暂无任务，休息60秒...
[于道德] ⏳ 暂无任务，休息60秒...
[时权限] ⏳ 暂无任务，休息60秒...
[薛贪狼] ⏳ 暂无任务，休息60秒...
[雷ASR] ⏳ 暂无任务，休息60秒...
[贺TTS] ⏳ 暂无任务，休息60秒...
[贡数字人] ⏳ 暂无任务，休息60秒...
[齐辅弼] ⏳ 暂无任务，休息60秒...
[康网关] ⏳ 暂无任务，休息60秒...
[和产品] ⏳ 暂无任务，休息60秒...
[穆文档] ⏳ 暂无任务，休息60秒...
[黄漂移] ⏳ 暂无任务，休息60秒...
[周进化] ⏳ 暂无任务，休息60秒...
[吴模板] ⏳ 暂无任务，休息60秒...
[周禄存] ⏳ 暂无任务，休息60秒...
[郑路由] ⏳ 暂无任务，休息60秒...
[王规划] ⏳ 暂无任务，休息60秒...
[冯优化] ⏳ 暂无任务，休息60秒...
[钱调度] ⏳ 暂无任务，休息60秒...
[陈元灵] ⏳ 暂无任务，休息60秒...
[林对齐] ⏳ 暂无任务，休息60秒...
[朱图谱] ⏳ 暂无任务，休息60秒...
[平心理] ⏳ 暂无任务，休息60秒...
[水版本] ⏳ 暂无任务，休息60秒...
[葛消息] ⏳ 暂无任务，休息60秒...
[皮审计] ⏳ 暂无任务，休息60秒...
[赏界面] ⏳ 暂无任务，休息60秒...
[财SDK] ⏳ 暂无任务，休息60秒...
[蒋巨门] ⏳ 暂无任务，休息60秒...
[沈记忆] ⏳ 暂无任务，休息60秒...
[韩向量] ⏳ 暂无任务，休息60秒...
[杨检索] ⏳ 暂无任务，休息60秒...
[伍廉贞] ⏳ 暂无任务，休息60秒...
[余情绪] ⏳ 暂无任务，休息60秒...
[元人格] ⏳ 暂无任务，休息60秒...
[孟一致] ⏳ 暂无任务，休息60秒...
[谢武功] ⏳ 暂无任务，休息60秒...
[邹接口] ⏳ 暂无任务，休息60秒...
[喻发现] ⏳ 暂无任务，休息60秒...
[柏依赖] ⏳ 暂无任务，休息60秒...
[章破军] ⏳ 暂无任务，休息60秒...
[云沙箱] ⏳ 暂无任务，休息60秒...
[苏容器] ⏳ 暂无任务，休息60秒...
[潘外呼] ⏳ 暂无任务，休息60秒...
[倪左辅] ⏳ 暂无任务，休息60秒...
[汤K8s] ⏳ 暂无任务，休息60秒...
[殷用户] ⏳ 暂无任务，休息60秒...
[罗隔离] ⏳ 暂无任务，休息60秒...
[毕配置] ⏳ 暂无任务，休息60秒...
[周右弼] ⏳ 暂无任务，休息60秒...
[乐法律] ⏳ 暂无任务，休息60秒...
[于道德] ⏳ 暂无任务，休息60秒...
[时权限] ⏳ 暂无任务，休息60秒...
[薛贪狼] ⏳ 暂无任务，休息60秒...
[雷ASR] ⏳ 暂无任务，休息60秒...
[贺TTS] ⏳ 暂无任务，休息60秒...
[贡数字人] ⏳ 暂无任务，休息60秒...
[齐辅弼] ⏳ 暂无任务，休息60秒...
[康网关] ⏳ 暂无任务，休息60秒...
[和产品] ⏳ 暂无任务，休息60秒...
[穆文档] ⏳ 暂无任务，休息60秒...
[黄漂移] ⏳ 暂无任务，休息60秒...
[周进化] ⏳ 暂无任务，休息60秒...
[吴模板] ⏳ 暂无任务，休息60秒...
[周禄存] ⏳ 暂无任务，休息60秒...
[郑路由] ⏳ 暂无任务，休息60秒...
[王规划] ⏳ 暂无任务，休息60秒...
[冯优化] ⏳ 暂无任务，休息60秒...
[钱调度] ⏳ 暂无任务，休息60秒...
[陈元灵] ⏳ 暂无任务，休息60秒...
[林对齐] ⏳ 暂无任务，休息60秒...
[朱图谱] ⏳ 暂无任务，休息60秒...
[平心理] ⏳ 暂无任务，休息60秒...
[水版本] ⏳ 暂无任务，休息60秒...
[葛消息] ⏳ 暂无任务，休息60秒...
[皮审计] ⏳ 暂无任务，休息60秒...
[赏界面] ⏳ 暂无任务，休息60秒...
[财SDK] ⏳ 暂无任务，休息60秒...
[蒋巨门] ⏳ 暂无任务，休息60秒...
[沈记忆] ⏳ 暂无任务，休息60秒...
[韩向量] ⏳ 暂无任务，休息60秒...
[杨检索] ⏳ 暂无任务，休息60秒...
[伍廉贞] ⏳ 暂无任务，休息60秒...
[余情绪] ⏳ 暂无任务，休息60秒...
[元人格] ⏳ 暂无任务，休息60秒...
[孟一致] ⏳ 暂无任务，休息60秒...
[谢武功] ⏳ 暂无任务，休息60秒...
[邹接口] ⏳ 暂无任务，休息60秒...
[喻发现] ⏳ 暂无任务，休息60秒...
[柏依赖] ⏳ 暂无任务，休息60秒...
[章破军] ⏳ 暂无任务，休息60秒...
[云沙箱] ⏳ 暂无任务，休息60秒...
[苏容器] ⏳ 暂无任务，休息60秒...
[潘外呼] ⏳ 暂无任务，休息60秒...
[倪左辅] ⏳ 暂无任务，休息60秒...
[汤K8s] ⏳ 暂无任务，休息60秒...
[殷用户] ⏳ 暂无任务，休息60秒...
[罗隔离] ⏳ 暂无任务，休息60秒...
[毕配置] ⏳ 暂无任务，休息60秒...
[周右弼] ⏳ 暂无任务，休息60秒...
[乐法律] ⏳ 暂无任务，休息60秒...
[于道德] ⏳ 暂无任务，休息60秒...
[时权限] ⏳ 暂无任务，休息60秒...
[薛贪狼] ⏳ 暂无任务，休息60秒...
[雷ASR] ⏳ 暂无任务，休息60秒...
[贺TTS] ⏳ 暂无任务，休息60秒...
[贡数字人] ⏳ 暂无任务，休息60秒...
[齐辅弼] ⏳ 暂无任务，休息60秒...
[康网关] ⏳ 暂无任务，休息60秒...
[和产品] ⏳ 暂无任务，休息60秒...
[穆文档] ⏳ 暂无任务，休息60秒...
[黄漂移] ⏳ 暂无任务，休息60秒...
[周进化] ⏳ 暂无任务，休息60秒...
[吴模板] ⏳ 暂无任务，休息60秒...
[周禄存] ⏳ 暂无任务，休息60秒...
[郑路由] ⏳ 暂无任务，休息60秒...
[王规划] ⏳ 暂无任务，休息60秒...
[冯优化] ⏳ 暂无任务，休息60秒...
[钱调度] ⏳ 暂无任务，休息60秒...
[陈元灵] ⏳ 暂无任务，休息60秒...
[林对齐] ⏳ 暂无任务，休息60秒...
[朱图谱] ⏳ 暂无任务，休息60秒...
[平心理] ⏳ 暂无任务，休息60秒...
[水版本] ⏳ 暂无任务，休息60秒...
[葛消息] ⏳ 暂无任务，休息60秒...
[皮审计] ⏳ 暂无任务，休息60秒...
[赏界面] ⏳ 暂无任务，休息60秒...
[财SDK] ⏳ 暂无任务，休息60秒...
[蒋巨门] ⏳ 暂无任务，休息60秒...
[沈记忆] ⏳ 暂无任务，休息60秒...
[韩向量] ⏳ 暂无任务，休息60秒...
[杨检索] ⏳ 暂无任务，休息60秒...
[伍廉贞] ⏳ 暂无任务，休息60秒...
[余情绪] ⏳ 暂无任务，休息60秒...
[元人格] ⏳ 暂无任务，休息60秒...
[孟一致] ⏳ 暂无任务，休息60秒...
[谢武功] ⏳ 暂无任务，休息60秒...
[邹接口] ⏳ 暂无任务，休息60秒...
[喻发现] ⏳ 暂无任务，休息60秒...
[柏依赖] ⏳ 暂无任务，休息60秒...
[章破军] ⏳ 暂无任务，休息60秒...
[云沙箱] ⏳ 暂无任务，休息60秒...
[苏容器] ⏳ 暂无任务，休息60秒...
[潘外呼] ⏳ 暂无任务，休息60秒...
[倪左辅] ⏳ 暂无任务，休息60秒...
[汤K8s] ⏳ 暂无任务，休息60秒...
[殷用户] ⏳ 暂无任务，休息60秒...
[罗隔离] ⏳ 暂无任务，休息60秒...
[毕配置] ⏳ 暂无任务，休息60秒...
[周右弼] ⏳ 暂无任务，休息60秒...
[乐法律] ⏳ 暂无任务，休息60秒...
[于道德] ⏳ 暂无任务，休息60秒...
[时权限] ⏳ 暂无任务，休息60秒...
[薛贪狼] ⏳ 暂无任务，休息60秒...
[雷ASR] ⏳ 暂无任务，休息60秒...
[贺TTS] ⏳ 暂无任务，休息60秒...
[贡数字人] ⏳ 暂无任务，休息60秒...
[齐辅弼] ⏳ 暂无任务，休息60秒...
[康网关] ⏳ 暂无任务，休息60秒...
[和产品] ⏳ 暂无任务，休息60秒...
[穆文档] ⏳ 暂无任务，休息60秒...
[黄漂移] ⏳ 暂无任务，休息60秒...
[周进化] ⏳ 暂无任务，休息60秒...
[吴模板] ⏳ 暂无任务，休息60秒...
[周禄存] ⏳ 暂无任务，休息60秒...
[郑路由] ⏳ 暂无任务，休息60秒...
[王规划] ⏳ 暂无任务，休息60秒...
[冯优化] ⏳ 暂无任务，休息60秒...
[钱调度] ⏳ 暂无任务，休息60秒...
[陈元灵] ⏳ 暂无任务，休息60秒...
[林对齐] ⏳ 暂无任务，休息60秒...
[朱图谱] ⏳ 暂无任务，休息60秒...
[平心理] ⏳ 暂无任务，休息60秒...
[水版本] ⏳ 暂无任务，休息60秒...
[葛消息] ⏳ 暂无任务，休息60秒...
[皮审计] ⏳ 暂无任务，休息60秒...
[赏界面] ⏳ 暂无任务，休息60秒...
[财SDK] ⏳ 暂无任务，休息60秒...
[蒋巨门] ⏳ 暂无任务，休息60秒...
[沈记忆] ⏳ 暂无任务，休息60秒...
[韩向量] ⏳ 暂无任务，休息60秒...
[杨检索] ⏳ 暂无任务，休息60秒...
[伍廉贞] ⏳ 暂无任务，休息60秒...
[余情绪] ⏳ 暂无任务，休息60秒...
[元人格] ⏳ 暂无任务，休息60秒...
[孟一致] ⏳ 暂无任务，休息60秒...
[谢武功] ⏳ 暂无任务，休息60秒...
[邹接口] ⏳ 暂无任务，休息60秒...
[喻发现] ⏳ 暂无任务，休息60秒...
[柏依赖] ⏳ 暂无任务，休息60秒...
[章破军] ⏳ 暂无任务，休息60秒...
[云沙箱] ⏳ 暂无任务，休息60秒...
[苏容器] ⏳ 暂无任务，休息60秒...
[潘外呼] ⏳ 暂无任务，休息60秒...
[倪左辅] ⏳ 暂无任务，休息60秒...
[汤K8s] ⏳ 暂无任务，休息60秒...
[殷用户] ⏳ 暂无任务，休息60秒...
[罗隔离] ⏳ 暂无任务，休息60秒...
[毕配置] ⏳ 暂无任务，休息60秒...
[周右弼] ⏳ 暂无任务，休息60秒...
[乐法律] ⏳ 暂无任务，休息60秒...
[于道德] ⏳ 暂无任务，休息60秒...
[时权限] ⏳ 暂无任务，休息60秒...
[薛贪狼] ⏳ 暂无任务，休息60秒...
[雷ASR] ⏳ 暂无任务，休息60秒...
[贺TTS] ⏳ 暂无任务，休息60秒...
[贡数字人] ⏳ 暂无任务，休息60秒...
[齐辅弼] ⏳ 暂无任务，休息60秒...
[康网关] ⏳ 暂无任务，休息60秒...
[和产品] ⏳ 暂无任务，休息60秒...
[穆文档] ⏳ 暂无任务，休息60秒...
[黄漂移] ⏳ 暂无任务，休息60秒...
[周进化] ⏳ 暂无任务，休息60秒...
[吴模板] ⏳ 暂无任务，休息60秒...
[周禄存] ⏳ 暂无任务，休息60秒...
[郑路由] ⏳ 暂无任务，休息60秒...
[王规划] ⏳ 暂无任务，休息60秒...
[冯优化] ⏳ 暂无任务，休息60秒...
[钱调度] ⏳ 暂无任务，休息60秒...
[陈元灵] ⏳ 暂无任务，休息60秒...
[林对齐] ⏳ 暂无任务，休息60秒...
[朱图谱] ⏳ 暂无任务，休息60秒...
[平心理] ⏳ 暂无任务，休息60秒...
[水版本] ⏳ 暂无任务，休息60秒...
[葛消息] ⏳ 暂无任务，休息60秒...
[皮审计] ⏳ 暂无任务，休息60秒...
[赏界面] ⏳ 暂无任务，休息60秒...
[财SDK] ⏳ 暂无任务，休息60秒...
[蒋巨门] ⏳ 暂无任务，休息60秒...
[沈记忆] ⏳ 暂无任务，休息60秒...
[韩向量] ⏳ 暂无任务，休息60秒...
[杨检索] ⏳ 暂无任务，休息60秒...
[伍廉贞] ⏳ 暂无任务，休息60秒...
[余情绪] ⏳ 暂无任务，休息60秒...
[元人格] ⏳ 暂无任务，休息60秒...
[孟一致] ⏳ 暂无任务，休息60秒...
[谢武功] ⏳ 暂无任务，休息60秒...
[邹接口] ⏳ 暂无任务，休息60秒...
[喻发现] ⏳ 暂无任务，休息60秒...
[柏依赖] ⏳ 暂无任务，休息60秒...
[章破军] ⏳ 暂无任务，休息60秒...
[云沙箱] ⏳ 暂无任务，休息60秒...
[苏容器] ⏳ 暂无任务，休息60秒...
[潘外呼] ⏳ 暂无任务，休息60秒...
[倪左辅] ⏳ 暂无任务，休息60秒...
[汤K8s] ⏳ 暂无任务，休息60秒...
[殷用户] ⏳ 暂无任务，休息60秒...
[罗隔离] ⏳ 暂无任务，休息60秒...
[毕配置] ⏳ 暂无任务，休息60秒...
[周右弼] ⏳ 暂无任务，休息60秒...
[乐法律] ⏳ 暂无任务，休息60秒...
[于道德] ⏳ 暂无任务，休息60秒...
[时权限] ⏳ 暂无任务，休息60秒...
[薛贪狼] ⏳ 暂无任务，休息60秒...
[雷ASR] ⏳ 暂无任务，休息60秒...
[贺TTS] ⏳ 暂无任务，休息60秒...
[贡数字人] ⏳ 暂无任务，休息60秒...
[齐辅弼] ⏳ 暂无任务，休息60秒...
[康网关] ⏳ 暂无任务，休息60秒...
[和产品] ⏳ 暂无任务，休息60秒...
[穆文档] ⏳ 暂无任务，休息60秒...
[黄漂移] ⏳ 暂无任务，休息60秒...
[周进化] ⏳ 暂无任务，休息60秒...
[吴模板] ⏳ 暂无任务，休息60秒...
[周禄存] ⏳ 暂无任务，休息60秒...
[郑路由] ⏳ 暂无任务，休息60秒...
[王规划] ⏳ 暂无任务，休息60秒...
[冯优化] ⏳ 暂无任务，休息60秒...
[钱调度] ⏳ 暂无任务，休息60秒...
[陈元灵] ⏳ 暂无任务，休息60秒...
[林对齐] ⏳ 暂无任务，休息60秒...
[朱图谱] ⏳ 暂无任务，休息60秒...
[平心理] ⏳ 暂无任务，休息60秒...
[水版本] ⏳ 暂无任务，休息60秒...
[葛消息] ⏳ 暂无任务，休息60秒...
[皮审计] ⏳ 暂无任务，休息60秒...
[赏界面] ⏳ 暂无任务，休息60秒...
[财SDK] ⏳ 暂无任务，休息60秒...
[蒋巨门] ⏳ 暂无任务，休息60秒...
[沈记忆] ⏳ 暂无任务，休息60秒...
[韩向量] ⏳ 暂无任务，休息60秒...
[杨检索] ⏳ 暂无任务，休息60秒...
[伍廉贞] ⏳ 暂无任务，休息60秒...
[余情绪] ⏳ 暂无任务，休息60秒...
[元人格] ⏳ 暂无任务，休息60秒...
[孟一致] ⏳ 暂无任务，休息60秒...
[谢武功] ⏳ 暂无任务，休息60秒...
[邹接口] ⏳ 暂无任务，休息60秒...
[喻发现] ⏳ 暂无任务，休息60秒...
[柏依赖] ⏳ 暂无任务，休息60秒...
[章破军] ⏳ 暂无任务，休息60秒...
[云沙箱] ⏳ 暂无任务，休息60秒...
[苏容器] ⏳ 暂无任务，休息60秒...
[潘外呼] ⏳ 暂无任务，休息60秒...
[倪左辅] ⏳ 暂无任务，休息60秒...
[汤K8s] ⏳ 暂无任务，休息60秒...
[殷用户] ⏳ 暂无任务，休息60秒...
[罗隔离] ⏳ 暂无任务，休息60秒...
[毕配置] ⏳ 暂无任务，休息60秒...
[周右弼] ⏳ 暂无任务，休息60秒...
[乐法律] ⏳ 暂无任务，休息60秒...
[于道德] ⏳ 暂无任务，休息60秒...
[时权限] ⏳ 暂无任务，休息60秒...
[薛贪狼] ⏳ 暂无任务，休息60秒...
[雷ASR] ⏳ 暂无任务，休息60秒...
[贺TTS] ⏳ 暂无任务，休息60秒...
[贡数字人] ⏳ 暂无任务，休息60秒...
[齐辅弼] ⏳ 暂无任务，休息60秒...
[康网关] ⏳ 暂无任务，休息60秒...
[和产品] ⏳ 暂无任务，休息60秒...
[穆文档] ⏳ 暂无任务，休息60秒...
[黄漂移] ⏳ 暂无任务，休息60秒...
[周进化] ⏳ 暂无任务，休息60秒...
[吴模板] ⏳ 暂无任务，休息60秒...
[周禄存] ⏳ 暂无任务，休息60秒...
[郑路由] ⏳ 暂无任务，休息60秒...
[王规划] ⏳ 暂无任务，休息60秒...
[冯优化] ⏳ 暂无任务，休息60秒...
[钱调度] ⏳ 暂无任务，休息60秒...
[陈元灵] ⏳ 暂无任务，休息60秒...
[林对齐] ⏳ 暂无任务，休息60秒...
[朱图谱] ⏳ 暂无任务，休息60秒...
[平心理] ⏳ 暂无任务，休息60秒...
[水版本] ⏳ 暂无任务，休息60秒...
[葛消息] ⏳ 暂无任务，休息60秒...
[皮审计] ⏳ 暂无任务，休息60秒...
[赏界面] ⏳ 暂无任务，休息60秒...
[财SDK] ⏳ 暂无任务，休息60秒...
[蒋巨门] ⏳ 暂无任务，休息60秒...
[沈记忆] ⏳ 暂无任务，休息60秒...
[韩向量] ⏳ 暂无任务，休息60秒...
[杨检索] ⏳ 暂无任务，休息60秒...
[伍廉贞] ⏳ 暂无任务，休息60秒...
[余情绪] ⏳ 暂无任务，休息60秒...
[元人格] ⏳ 暂无任务，休息60秒...
[孟一致] ⏳ 暂无任务，休息60秒...
[谢武功] ⏳ 暂无任务，休息60秒...
[邹接口] ⏳ 暂无任务，休息60秒...
[喻发现] ⏳ 暂无任务，休息60秒...
[柏依赖] ⏳ 暂无任务，休息60秒...
[章破军] ⏳ 暂无任务，休息60秒...
[云沙箱] ⏳ 暂无任务，休息60秒...
[苏容器] ⏳ 暂无任务，休息60秒...
[潘外呼] ⏳ 暂无任务，休息60秒...
[倪左辅] ⏳ 暂无任务，休息60秒...
[汤K8s] ⏳ 暂无任务，休息60秒...
[殷用户] ⏳ 暂无任务，休息60秒...
[罗隔离] ⏳ 暂无任务，休息60秒...
[毕配置] ⏳ 暂无任务，休息60秒...
[周右弼] ⏳ 暂无任务，休息60秒...
[乐法律] ⏳ 暂无任务，休息60秒...
[于道德] ⏳ 暂无任务，休息60秒...
[时权限] ⏳ 暂无任务，休息60秒...
[薛贪狼] ⏳ 暂无任务，休息60秒...
[雷ASR] ⏳ 暂无任务，休息60秒...
[贺TTS] ⏳ 暂无任务，休息60秒...
[贡数字人] ⏳ 暂无任务，休息60秒...
[齐辅弼] ⏳ 暂无任务，休息60秒...
[康网关] ⏳ 暂无任务，休息60秒...
[和产品] ⏳ 暂无任务，休息60秒...
[穆文档] ⏳ 暂无任务，休息60秒...
[黄漂移] ⏳ 暂无任务，休息60秒...
[周进化] ⏳ 暂无任务，休息60秒...
[吴模板] ⏳ 暂无任务，休息60秒...
[周禄存] ⏳ 暂无任务，休息60秒...
[郑路由] ⏳ 暂无任务，休息60秒...
[王规划] ⏳ 暂无任务，休息60秒...
[冯优化] ⏳ 暂无任务，休息60秒...
[钱调度] ⏳ 暂无任务，休息60秒...
[陈元灵] ⏳ 暂无任务，休息60秒...
[林对齐] ⏳ 暂无任务，休息60秒...
[朱图谱] ⏳ 暂无任务，休息60秒...
[平心理] ⏳ 暂无任务，休息60秒...
[水版本] ⏳ 暂无任务，休息60秒...
[葛消息] ⏳ 暂无任务，休息60秒...
[皮审计] ⏳ 暂无任务，休息60秒...
[赏界面] ⏳ 暂无任务，休息60秒...
[财SDK] ⏳ 暂无任务，休息60秒...
[蒋巨门] ⏳ 暂无任务，休息60秒...
[沈记忆] ⏳ 暂无任务，休息60秒...
[韩向量] ⏳ 暂无任务，休息60秒...
[杨检索] ⏳ 暂无任务，休息60秒...
[伍廉贞] ⏳ 暂无任务，休息60秒...
[余情绪] ⏳ 暂无任务，休息60秒...
[元人格] ⏳ 暂无任务，休息60秒...
[孟一致] ⏳ 暂无任务，休息60秒...
[谢武功] ⏳ 暂无任务，休息60秒...
[邹接口] ⏳ 暂无任务，休息60秒...
[喻发现] ⏳ 暂无任务，休息60秒...
[柏依赖] ⏳ 暂无任务，休息60秒...
[章破军] ⏳ 暂无任务，休息60秒...
[云沙箱] ⏳ 暂无任务，休息60秒...
[苏容器] ⏳ 暂无任务，休息60秒...
[潘外呼] ⏳ 暂无任务，休息60秒...
[倪左辅] ⏳ 暂无任务，休息60秒...
[汤K8s] ⏳ 暂无任务，休息60秒...
[殷用户] ⏳ 暂无任务，休息60秒...
[罗隔离] ⏳ 暂无任务，休息60秒...
[毕配置] ⏳ 暂无任务，休息60秒...
[周右弼] ⏳ 暂无任务，休息60秒...
[乐法律] ⏳ 暂无任务，休息60秒...
[于道德] ⏳ 暂无任务，休息60秒...
[时权限] ⏳ 暂无任务，休息60秒...
[薛贪狼] ⏳ 暂无任务，休息60秒...
[雷ASR] ⏳ 暂无任务，休息60秒...
[贺TTS] ⏳ 暂无任务，休息60秒...
[贡数字人] ⏳ 暂无任务，休息60秒...
[齐辅弼] ⏳ 暂无任务，休息60秒...
[康网关] ⏳ 暂无任务，休息60秒...
[和产品] ⏳ 暂无任务，休息60秒...
[穆文档] ⏳ 暂无任务，休息60秒...
[黄漂移] ⏳ 暂无任务，休息60秒...
[周进化] ⏳ 暂无任务，休息60秒...
[吴模板] ⏳ 暂无任务，休息60秒...
[周禄存] ⏳ 暂无任务，休息60秒...
[郑路由] ⏳ 暂无任务，休息60秒...
[王规划] ⏳ 暂无任务，休息60秒...
[冯优化] ⏳ 暂无任务，休息60秒...
[钱调度] ⏳ 暂无任务，休息60秒...
[陈元灵] ⏳ 暂无任务，休息60秒...
[林对齐] ⏳ 暂无任务，休息60秒...
[朱图谱] ⏳ 暂无任务，休息60秒...
[平心理] ⏳ 暂无任务，休息60秒...
[水版本] ⏳ 暂无任务，休息60秒...
[葛消息] ⏳ 暂无任务，休息60秒...
[皮审计] ⏳ 暂无任务，休息60秒...
[赏界面] ⏳ 暂无任务，休息60秒...
[财SDK] ⏳ 暂无任务，休息60秒...
[蒋巨门] ⏳ 暂无任务，休息60秒...
[沈记忆] ⏳ 暂无任务，休息60秒...
[韩向量] ⏳ 暂无任务，休息60秒...
[杨检索] ⏳ 暂无任务，休息60秒...
[伍廉贞] ⏳ 暂无任务，休息60秒...
[余情绪] ⏳ 暂无任务，休息60秒...
[元人格] ⏳ 暂无任务，休息60秒...
[孟一致] ⏳ 暂无任务，休息60秒...
[谢武功] ⏳ 暂无任务，休息60秒...
[邹接口] ⏳ 暂无任务，休息60秒...
[喻发现] ⏳ 暂无任务，休息60秒...
[柏依赖] ⏳ 暂无任务，休息60秒...
[章破军] ⏳ 暂无任务，休息60秒...
[云沙箱] ⏳ 暂无任务，休息60秒...
[苏容器] ⏳ 暂无任务，休息60秒...
[潘外呼] ⏳ 暂无任务，休息60秒...
[倪左辅] ⏳ 暂无任务，休息60秒...
[汤K8s] ⏳ 暂无任务，休息60秒...
[殷用户] ⏳ 暂无任务，休息60秒...
[罗隔离] ⏳ 暂无任务，休息60秒...
[毕配置] ⏳ 暂无任务，休息60秒...
[周右弼] ⏳ 暂无任务，休息60秒...
[乐法律] ⏳ 暂无任务，休息60秒...
[于道德] ⏳ 暂无任务，休息60秒...
[时权限] ⏳ 暂无任务，休息60秒...
[薛贪狼] ⏳ 暂无任务，休息60秒...
[雷ASR] ⏳ 暂无任务，休息60秒...
[贺TTS] ⏳ 暂无任务，休息60秒...
[贡数字人] ⏳ 暂无任务，休息60秒...
[齐辅弼] ⏳ 暂无任务，休息60秒...
[康网关] ⏳ 暂无任务，休息60秒...
[和产品] ⏳ 暂无任务，休息60秒...
[穆文档] ⏳ 暂无任务，休息60秒...
[黄漂移] ⏳ 暂无任务，休息60秒...
[周进化] ⏳ 暂无任务，休息60秒...
[吴模板] ⏳ 暂无任务，休息60秒...
[周禄存] ⏳ 暂无任务，休息60秒...
[郑路由] ⏳ 暂无任务，休息60秒...
[王规划] ⏳ 暂无任务，休息60秒...
[冯优化] ⏳ 暂无任务，休息60秒...
[钱调度] ⏳ 暂无任务，休息60秒...
[陈元灵] ⏳ 暂无任务，休息60秒...
[林对齐] ⏳ 暂无任务，休息60秒...
[朱图谱] ⏳ 暂无任务，休息60秒...
[平心理] ⏳ 暂无任务，休息60秒...
[水版本] ⏳ 暂无任务，休息60秒...
[葛消息] ⏳ 暂无任务，休息60秒...
[皮审计] ⏳ 暂无任务，休息60秒...
[赏界面] ⏳ 暂无任务，休息60秒...
[财SDK] ⏳ 暂无任务，休息60秒...
[蒋巨门] ⏳ 暂无任务，休息60秒...
[沈记忆] ⏳ 暂无任务，休息60秒...
[韩向量] ⏳ 暂无任务，休息60秒...
[杨检索] ⏳ 暂无任务，休息60秒...
[伍廉贞] ⏳ 暂无任务，休息60秒...
[余情绪] ⏳ 暂无任务，休息60秒...
[元人格] ⏳ 暂无任务，休息60秒...
[孟一致] ⏳ 暂无任务，休息60秒...
[谢武功] ⏳ 暂无任务，休息60秒...
[邹接口] ⏳ 暂无任务，休息60秒...
[喻发现] ⏳ 暂无任务，休息60秒...
[柏依赖] ⏳ 暂无任务，休息60秒...
[章破军] ⏳ 暂无任务，休息60秒...
[云沙箱] ⏳ 暂无任务，休息60秒...
[苏容器] ⏳ 暂无任务，休息60秒...
[潘外呼] ⏳ 暂无任务，休息60秒...
[倪左辅] ⏳ 暂无任务，休息60秒...
[汤K8s] ⏳ 暂无任务，休息60秒...
[殷用户] ⏳ 暂无任务，休息60秒...
[罗隔离] ⏳ 暂无任务，休息60秒...
[毕配置] ⏳ 暂无任务，休息60秒...
[周右弼] ⏳ 暂无任务，休息60秒...
[乐法律] ⏳ 暂无任务，休息60秒...
[于道德] ⏳ 暂无任务，休息60秒...
[时权限] ⏳ 暂无任务，休息60秒...
[薛贪狼] ⏳ 暂无任务，休息60秒...
[雷ASR] ⏳ 暂无任务，休息60秒...
[贺TTS] ⏳ 暂无任务，休息60秒...
[贡数字人] ⏳ 暂无任务，休息60秒...
[齐辅弼] ⏳ 暂无任务，休息60秒...
[康网关] ⏳ 暂无任务，休息60秒...
[和产品] ⏳ 暂无任务，休息60秒...
[穆文档] ⏳ 暂无任务，休息60秒...
[黄漂移] ⏳ 暂无任务，休息60秒...
[周进化] ⏳ 暂无任务，休息60秒...
[吴模板] ⏳ 暂无任务，休息60秒...
[周禄存] ⏳ 暂无任务，休息60秒...
[郑路由] ⏳ 暂无任务，休息60秒...
[王规划] ⏳ 暂无任务，休息60秒...
[冯优化] ⏳ 暂无任务，休息60秒...
[钱调度] ⏳ 暂无任务，休息60秒...
[陈元灵] ⏳ 暂无任务，休息60秒...
[林对齐] ⏳ 暂无任务，休息60秒...
[朱图谱] ⏳ 暂无任务，休息60秒...
[平心理] ⏳ 暂无任务，休息60秒...
[水版本] ⏳ 暂无任务，休息60秒...
[葛消息] ⏳ 暂无任务，休息60秒...
[皮审计] ⏳ 暂无任务，休息60秒...
[赏界面] ⏳ 暂无任务，休息60秒...
[财SDK] ⏳ 暂无任务，休息60秒...
[蒋巨门] ⏳ 暂无任务，休息60秒...
[沈记忆] ⏳ 暂无任务，休息60秒...
[韩向量] ⏳ 暂无任务，休息60秒...
[杨检索] ⏳ 暂无任务，休息60秒...
[伍廉贞] ⏳ 暂无任务，休息60秒...
[余情绪] ⏳ 暂无任务，休息60秒...
[元人格] ⏳ 暂无任务，休息60秒...
[孟一致] ⏳ 暂无任务，休息60秒...
[谢武功] ⏳ 暂无任务，休息60秒...
[邹接口] ⏳ 暂无任务，休息60秒...
[喻发现] ⏳ 暂无任务，休息60秒...
[柏依赖] ⏳ 暂无任务，休息60秒...
[章破军] ⏳ 暂无任务，休息60秒...
[云沙箱] ⏳ 暂无任务，休息60秒...
[苏容器] ⏳ 暂无任务，休息60秒...
[潘外呼] ⏳ 暂无任务，休息60秒...
[倪左辅] ⏳ 暂无任务，休息60秒...
[汤K8s] ⏳ 暂无任务，休息60秒...
[殷用户] ⏳ 暂无任务，休息60秒...
[罗隔离] ⏳ 暂无任务，休息60秒...
[毕配置] ⏳ 暂无任务，休息60秒...
[周右弼] ⏳ 暂无任务，休息60秒...
[乐法律] ⏳ 暂无任务，休息60秒...
[于道德] ⏳ 暂无任务，休息60秒...
[时权限] ⏳ 暂无任务，休息60秒...
[薛贪狼] ⏳ 暂无任务，休息60秒...
[雷ASR] ⏳ 暂无任务，休息60秒...
[贺TTS] ⏳ 暂无任务，休息60秒...
[贡数字人] ⏳ 暂无任务，休息60秒...
[齐辅弼] ⏳ 暂无任务，休息60秒...
[康网关] ⏳ 暂无任务，休息60秒...
[和产品] ⏳ 暂无任务，休息60秒...
[穆文档] ⏳ 暂无任务，休息60秒...
[黄漂移] ⏳ 暂无任务，休息60秒...
[周进化] ⏳ 暂无任务，休息60秒...
[吴模板] ⏳ 暂无任务，休息60秒...
[周禄存] ⏳ 暂无任务，休息60秒...
[郑路由] ⏳ 暂无任务，休息60秒...
[王规划] ⏳ 暂无任务，休息60秒...
[冯优化] ⏳ 暂无任务，休息60秒...
[钱调度] ⏳ 暂无任务，休息60秒...
[陈元灵] ⏳ 暂无任务，休息60秒...
[林对齐] ⏳ 暂无任务，休息60秒...
[朱图谱] ⏳ 暂无任务，休息60秒...
[平心理] ⏳ 暂无任务，休息60秒...
[水版本] ⏳ 暂无任务，休息60秒...
[葛消息] ⏳ 暂无任务，休息60秒...
[皮审计] ⏳ 暂无任务，休息60秒...
[赏界面] ⏳ 暂无任务，休息60秒...
[财SDK] ⏳ 暂无任务，休息60秒...
[蒋巨门] ⏳ 暂无任务，休息60秒...
[沈记忆] ⏳ 暂无任务，休息60秒...
[韩向量] ⏳ 暂无任务，休息60秒...
[杨检索] ⏳ 暂无任务，休息60秒...
[伍廉贞] ⏳ 暂无任务，休息60秒...
[余情绪] ⏳ 暂无任务，休息60秒...
[元人格] ⏳ 暂无任务，休息60秒...
[孟一致] ⏳ 暂无任务，休息60秒...
[谢武功] ⏳ 暂无任务，休息60秒...
[邹接口] ⏳ 暂无任务，休息60秒...
[喻发现] ⏳ 暂无任务，休息60秒...
[柏依赖] ⏳ 暂无任务，休息60秒...
[章破军] ⏳ 暂无任务，休息60秒...
[云沙箱] ⏳ 暂无任务，休息60秒...
[苏容器] ⏳ 暂无任务，休息60秒...
[潘外呼] ⏳ 暂无任务，休息60秒...
[倪左辅] ⏳ 暂无任务，休息60秒...
[汤K8s] ⏳ 暂无任务，休息60秒...
[殷用户] ⏳ 暂无任务，休息60秒...
[罗隔离] ⏳ 暂无任务，休息60秒...
[毕配置] ⏳ 暂无任务，休息60秒...
[周右弼] ⏳ 暂无任务，休息60秒...
[乐法律] ⏳ 暂无任务，休息60秒...
[于道德] ⏳ 暂无任务，休息60秒...
[时权限] ⏳ 暂无任务，休息60秒...
[薛贪狼] ⏳ 暂无任务，休息60秒...
[雷ASR] ⏳ 暂无任务，休息60秒...
[贺TTS] ⏳ 暂无任务，休息60秒...
[贡数字人] ⏳ 暂无任务，休息60秒...
[齐辅弼] ⏳ 暂无任务，休息60秒...
[康网关] ⏳ 暂无任务，休息60秒...
[和产品] ⏳ 暂无任务，休息60秒...
[穆文档] ⏳ 暂无任务，休息60秒...
[黄漂移] ⏳ 暂无任务，休息60秒...
[周进化] ⏳ 暂无任务，休息60秒...
[吴模板] ⏳ 暂无任务，休息60秒...
[周禄存] ⏳ 暂无任务，休息60秒...
[郑路由] ⏳ 暂无任务，休息60秒...
[王规划] ⏳ 暂无任务，休息60秒...
[冯优化] ⏳ 暂无任务，休息60秒...
[钱调度] ⏳ 暂无任务，休息60秒...
[陈元灵] ⏳ 暂无任务，休息60秒...
[林对齐] ⏳ 暂无任务，休息60秒...
[朱图谱] ⏳ 暂无任务，休息60秒...
[平心理] ⏳ 暂无任务，休息60秒...
[水版本] ⏳ 暂无任务，休息60秒...
[葛消息] ⏳ 暂无任务，休息60秒...
[皮审计] ⏳ 暂无任务，休息60秒...
[赏界面] ⏳ 暂无任务，休息60秒...
[财SDK] ⏳ 暂无任务，休息60秒...
[蒋巨门] ⏳ 暂无任务，休息60秒...
[沈记忆] ⏳ 暂无任务，休息60秒...
[韩向量] ⏳ 暂无任务，休息60秒...
[杨检索] ⏳ 暂无任务，休息60秒...
[伍廉贞] ⏳ 暂无任务，休息60秒...
[余情绪] ⏳ 暂无任务，休息60秒...
[元人格] ⏳ 暂无任务，休息60秒...
[孟一致] ⏳ 暂无任务，休息60秒...
[谢武功] ⏳ 暂无任务，休息60秒...
[邹接口] ⏳ 暂无任务，休息60秒...
[喻发现] ⏳ 暂无任务，休息60秒...
[柏依赖] ⏳ 暂无任务，休息60秒...
[章破军] ⏳ 暂无任务，休息60秒...
[云沙箱] ⏳ 暂无任务，休息60秒...
[苏容器] ⏳ 暂无任务，休息60秒...
[潘外呼] ⏳ 暂无任务，休息60秒...
[倪左辅] ⏳ 暂无任务，休息60秒...
[汤K8s] ⏳ 暂无任务，休息60秒...
[殷用户] ⏳ 暂无任务，休息60秒...
[罗隔离] ⏳ 暂无任务，休息60秒...
[毕配置] ⏳ 暂无任务，休息60秒...
[周右弼] ⏳ 暂无任务，休息60秒...
[乐法律] ⏳ 暂无任务，休息60秒...
[于道德] ⏳ 暂无任务，休息60秒...
[时权限] ⏳ 暂无任务，休息60秒...
[薛贪狼] ⏳ 暂无任务，休息60秒...
[雷ASR] ⏳ 暂无任务，休息60秒...
[贺TTS] ⏳ 暂无任务，休息60秒...
[贡数字人] ⏳ 暂无任务，休息60秒...
[齐辅弼] ⏳ 暂无任务，休息60秒...
[康网关] ⏳ 暂无任务，休息60秒...
[和产品] ⏳ 暂无任务，休息60秒...
[穆文档] ⏳ 暂无任务，休息60秒...
[黄漂移] ⏳ 暂无任务，休息60秒...
[周进化] ⏳ 暂无任务，休息60秒...
[吴模板] ⏳ 暂无任务，休息60秒...
[周禄存] ⏳ 暂无任务，休息60秒...
[郑路由] ⏳ 暂无任务，休息60秒...
[王规划] ⏳ 暂无任务，休息60秒...
[冯优化] ⏳ 暂无任务，休息60秒...
[钱调度] ⏳ 暂无任务，休息60秒...
[陈元灵] ⏳ 暂无任务，休息60秒...
[林对齐] ⏳ 暂无任务，休息60秒...
[朱图谱] ⏳ 暂无任务，休息60秒...
[平心理] ⏳ 暂无任务，休息60秒...
[水版本] ⏳ 暂无任务，休息60秒...
[葛消息] ⏳ 暂无任务，休息60秒...
[皮审计] ⏳ 暂无任务，休息60秒...
[赏界面] ⏳ 暂无任务，休息60秒...
[财SDK] ⏳ 暂无任务，休息60秒...
[蒋巨门] ⏳ 暂无任务，休息60秒...
[沈记忆] ⏳ 暂无任务，休息60秒...
[韩向量] ⏳ 暂无任务，休息60秒...
[杨检索] ⏳ 暂无任务，休息60秒...
[伍廉贞] ⏳ 暂无任务，休息60秒...
[余情绪] ⏳ 暂无任务，休息60秒...
[元人格] ⏳ 暂无任务，休息60秒...
[孟一致] ⏳ 暂无任务，休息60秒...
[谢武功] ⏳ 暂无任务，休息60秒...
[邹接口] ⏳ 暂无任务，休息60秒...
[喻发现] ⏳ 暂无任务，休息60秒...
[柏依赖] ⏳ 暂无任务，休息60秒...
[章破军] ⏳ 暂无任务，休息60秒...
[云沙箱] ⏳ 暂无任务，休息60秒...
[苏容器] ⏳ 暂无任务，休息60秒...
[潘外呼] ⏳ 暂无任务，休息60秒...
[倪左辅] ⏳ 暂无任务，休息60秒...
[汤K8s] ⏳ 暂无任务，休息60秒...
[殷用户] ⏳ 暂无任务，休息60秒...
[罗隔离] ⏳ 暂无任务，休息60秒...
[毕配置] ⏳ 暂无任务，休息60秒...
[周右弼] ⏳ 暂无任务，休息60秒...
[乐法律] ⏳ 暂无任务，休息60秒...
[于道德] ⏳ 暂无任务，休息60秒...
[时权限] ⏳ 暂无任务，休息60秒...
[薛贪狼] ⏳ 暂无任务，休息60秒...
[雷ASR] ⏳ 暂无任务，休息60秒...
[贺TTS] ⏳ 暂无任务，休息60秒...
[贡数字人] ⏳ 暂无任务，休息60秒...
[齐辅弼] ⏳ 暂无任务，休息60秒...
[康网关] ⏳ 暂无任务，休息60秒...
[和产品] ⏳ 暂无任务，休息60秒...
[穆文档] ⏳ 暂无任务，休息60秒...
[黄漂移] ⏳ 暂无任务，休息60秒...
[周进化] ⏳ 暂无任务，休息60秒...
[吴模板] ⏳ 暂无任务，休息60秒...
[周禄存] ⏳ 暂无任务，休息60秒...
[郑路由] ⏳ 暂无任务，休息60秒...
[王规划] ⏳ 暂无任务，休息60秒...
[冯优化] ⏳ 暂无任务，休息60秒...
[钱调度] ⏳ 暂无任务，休息60秒...
[陈元灵] ⏳ 暂无任务，休息60秒...
[林对齐] ⏳ 暂无任务，休息60秒...
[朱图谱] ⏳ 暂无任务，休息60秒...
[平心理] ⏳ 暂无任务，休息60秒...
[水版本] ⏳ 暂无任务，休息60秒...
[葛消息] ⏳ 暂无任务，休息60秒...
[皮审计] ⏳ 暂无任务，休息60秒...
[赏界面] ⏳ 暂无任务，休息60秒...
[财SDK] ⏳ 暂无任务，休息60秒...
[蒋巨门] ⏳ 暂无任务，休息60秒...
[沈记忆] ⏳ 暂无任务，休息60秒...
[韩向量] ⏳ 暂无任务，休息60秒...
[杨检索] ⏳ 暂无任务，休息60秒...
[伍廉贞] ⏳ 暂无任务，休息60秒...
[余情绪] ⏳ 暂无任务，休息60秒...
[元人格] ⏳ 暂无任务，休息60秒...
[孟一致] ⏳ 暂无任务，休息60秒...
[谢武功] ⏳ 暂无任务，休息60秒...
[邹接口] ⏳ 暂无任务，休息60秒...
[喻发现] ⏳ 暂无任务，休息60秒...
[柏依赖] ⏳ 暂无任务，休息60秒...
[章破军] ⏳ 暂无任务，休息60秒...
[云沙箱] ⏳ 暂无任务，休息60秒...
[苏容器] ⏳ 暂无任务，休息60秒...
[潘外呼] ⏳ 暂无任务，休息60秒...
[倪左辅] ⏳ 暂无任务，休息60秒...
[汤K8s] ⏳ 暂无任务，休息60秒...
[殷用户] ⏳ 暂无任务，休息60秒...
[罗隔离] ⏳ 暂无任务，休息60秒...
[毕配置] ⏳ 暂无任务，休息60秒...
[周右弼] ⏳ 暂无任务，休息60秒...
[乐法律] ⏳ 暂无任务，休息60秒...
[于道德] ⏳ 暂无任务，休息60秒...
[时权限] ⏳ 暂无任务，休息60秒...
[薛贪狼] ⏳ 暂无任务，休息60秒...
[雷ASR] ⏳ 暂无任务，休息60秒...
[贺TTS] ⏳ 暂无任务，休息60秒...
[贡数字人] ⏳ 暂无任务，休息60秒...
[齐辅弼] ⏳ 暂无任务，休息60秒...
[康网关] ⏳ 暂无任务，休息60秒...
[和产品] ⏳ 暂无任务，休息60秒...
[穆文档] ⏳ 暂无任务，休息60秒...
[黄漂移] ⏳ 暂无任务，休息60秒...
[周进化] ⏳ 暂无任务，休息60秒...
[吴模板] ⏳ 暂无任务，休息60秒...
[周禄存] ⏳ 暂无任务，休息60秒...
[郑路由] ⏳ 暂无任务，休息60秒...
[王规划] ⏳ 暂无任务，休息60秒...
[冯优化] ⏳ 暂无任务，休息60秒...
[钱调度] ⏳ 暂无任务，休息60秒...
[陈元灵] ⏳ 暂无任务，休息60秒...
[林对齐] ⏳ 暂无任务，休息60秒...
[朱图谱] ⏳ 暂无任务，休息60秒...
[平心理] ⏳ 暂无任务，休息60秒...
[水版本] ⏳ 暂无任务，休息60秒...
[葛消息] ⏳ 暂无任务，休息60秒...
[皮审计] ⏳ 暂无任务，休息60秒...
[赏界面] ⏳ 暂无任务，休息60秒...
[财SDK] ⏳ 暂无任务，休息60秒...
[蒋巨门] ⏳ 暂无任务，休息60秒...
[沈记忆] ⏳ 暂无任务，休息60秒...
[韩向量] ⏳ 暂无任务，休息60秒...
[杨检索] ⏳ 暂无任务，休息60秒...
[伍廉贞] ⏳ 暂无任务，休息60秒...
[余情绪] ⏳ 暂无任务，休息60秒...
[元人格] ⏳ 暂无任务，休息60秒...
[孟一致] ⏳ 暂无任务，休息60秒...
[谢武功] ⏳ 暂无任务，休息60秒...
[邹接口] ⏳ 暂无任务，休息60秒...
[喻发现] ⏳ 暂无任务，休息60秒...
[柏依赖] ⏳ 暂无任务，休息60秒...
[章破军] ⏳ 暂无任务，休息60秒...
[云沙箱] ⏳ 暂无任务，休息60秒...
[苏容器] ⏳ 暂无任务，休息60秒...
[潘外呼] ⏳ 暂无任务，休息60秒...
[倪左辅] ⏳ 暂无任务，休息60秒...
[汤K8s] ⏳ 暂无任务，休息60秒...
[殷用户] ⏳ 暂无任务，休息60秒...
[罗隔离] ⏳ 暂无任务，休息60秒...
[毕配置] ⏳ 暂无任务，休息60秒...
[周右弼] ⏳ 暂无任务，休息60秒...
[乐法律] ⏳ 暂无任务，休息60秒...
[于道德] ⏳ 暂无任务，休息60秒...
[时权限] ⏳ 暂无任务，休息60秒...
[薛贪狼] ⏳ 暂无任务，休息60秒...
[雷ASR] ⏳ 暂无任务，休息60秒...
[贺TTS] ⏳ 暂无任务，休息60秒...
[贡数字人] ⏳ 暂无任务，休息60秒...
[齐辅弼] ⏳ 暂无任务，休息60秒...
[康网关] ⏳ 暂无任务，休息60秒...
[和产品] ⏳ 暂无任务，休息60秒...
[穆文档] ⏳ 暂无任务，休息60秒...
[黄漂移] ⏳ 暂无任务，休息60秒...
[周进化] ⏳ 暂无任务，休息60秒...
[吴模板] ⏳ 暂无任务，休息60秒...
[周禄存] ⏳ 暂无任务，休息60秒...
[郑路由] ⏳ 暂无任务，休息60秒...
[王规划] ⏳ 暂无任务，休息60秒...
[冯优化] ⏳ 暂无任务，休息60秒...
[钱调度] ⏳ 暂无任务，休息60秒...
[陈元灵] ⏳ 暂无任务，休息60秒...
[林对齐] ⏳ 暂无任务，休息60秒...
[朱图谱] ⏳ 暂无任务，休息60秒...
[平心理] ⏳ 暂无任务，休息60秒...
[水版本] ⏳ 暂无任务，休息60秒...
[葛消息] ⏳ 暂无任务，休息60秒...
[皮审计] ⏳ 暂无任务，休息60秒...
[赏界面] ⏳ 暂无任务，休息60秒...
[财SDK] ⏳ 暂无任务，休息60秒...
[蒋巨门] ⏳ 暂无任务，休息60秒...
[沈记忆] ⏳ 暂无任务，休息60秒...
[韩向量] ⏳ 暂无任务，休息60秒...
[杨检索] ⏳ 暂无任务，休息60秒...
[伍廉贞] ⏳ 暂无任务，休息60秒...
[余情绪] ⏳ 暂无任务，休息60秒...
[元人格] ⏳ 暂无任务，休息60秒...
[孟一致] ⏳ 暂无任务，休息60秒...
[谢武功] ⏳ 暂无任务，休息60秒...
[邹接口] ⏳ 暂无任务，休息60秒...
[喻发现] ⏳ 暂无任务，休息60秒...
[柏依赖] ⏳ 暂无任务，休息60秒...
[章破军] ⏳ 暂无任务，休息60秒...
[云沙箱] ⏳ 暂无任务，休息60秒...
[苏容器] ⏳ 暂无任务，休息60秒...
[潘外呼] ⏳ 暂无任务，休息60秒...
[倪左辅] ⏳ 暂无任务，休息60秒...
[汤K8s] ⏳ 暂无任务，休息60秒...
[殷用户] ⏳ 暂无任务，休息60秒...
[罗隔离] ⏳ 暂无任务，休息60秒...
[毕配置] ⏳ 暂无任务，休息60秒...
[周右弼] ⏳ 暂无任务，休息60秒...
[乐法律] ⏳ 暂无任务，休息60秒...
[于道德] ⏳ 暂无任务，休息60秒...
[时权限] ⏳ 暂无任务，休息60秒...
[薛贪狼] ⏳ 暂无任务，休息60秒...
[雷ASR] ⏳ 暂无任务，休息60秒...
[贺TTS] ⏳ 暂无任务，休息60秒...
[贡数字人] ⏳ 暂无任务，休息60秒...
[齐辅弼] ⏳ 暂无任务，休息60秒...
[康网关] ⏳ 暂无任务，休息60秒...
[和产品] ⏳ 暂无任务，休息60秒...
[穆文档] ⏳ 暂无任务，休息60秒...
[黄漂移] ⏳ 暂无任务，休息60秒...
[周进化] ⏳ 暂无任务，休息60秒...
[吴模板] ⏳ 暂无任务，休息60秒...
[周禄存] ⏳ 暂无任务，休息60秒...
[郑路由] ⏳ 暂无任务，休息60秒...
[王规划] ⏳ 暂无任务，休息60秒...
[冯优化] ⏳ 暂无任务，休息60秒...
[钱调度] ⏳ 暂无任务，休息60秒...
[陈元灵] ⏳ 暂无任务，休息60秒...
[林对齐] ⏳ 暂无任务，休息60秒...
[朱图谱] ⏳ 暂无任务，休息60秒...
[平心理] ⏳ 暂无任务，休息60秒...
[水版本] ⏳ 暂无任务，休息60秒...
[葛消息] ⏳ 暂无任务，休息60秒...
[皮审计] ⏳ 暂无任务，休息60秒...
[赏界面] ⏳ 暂无任务，休息60秒...
[财SDK] ⏳ 暂无任务，休息60秒...
[蒋巨门] ⏳ 暂无任务，休息60秒...
[沈记忆] ⏳ 暂无任务，休息60秒...
[韩向量] ⏳ 暂无任务，休息60秒...
[杨检索] ⏳ 暂无任务，休息60秒...
[伍廉贞] ⏳ 暂无任务，休息60秒...
[余情绪] ⏳ 暂无任务，休息60秒...
[元人格] ⏳ 暂无任务，休息60秒...
[孟一致] ⏳ 暂无任务，休息60秒...
[谢武功] ⏳ 暂无任务，休息60秒...
[邹接口] ⏳ 暂无任务，休息60秒...
[喻发现] ⏳ 暂无任务，休息60秒...
[柏依赖] ⏳ 暂无任务，休息60秒...
[章破军] ⏳ 暂无任务，休息60秒...
[云沙箱] ⏳ 暂无任务，休息60秒...
[苏容器] ⏳ 暂无任务，休息60秒...
[潘外呼] ⏳ 暂无任务，休息60秒...
[倪左辅] ⏳ 暂无任务，休息60秒...
[汤K8s] ⏳ 暂无任务，休息60秒...
[殷用户] ⏳ 暂无任务，休息60秒...
[罗隔离] ⏳ 暂无任务，休息60秒...
[毕配置] ⏳ 暂无任务，休息60秒...
[周右弼] ⏳ 暂无任务，休息60秒...
[乐法律] ⏳ 暂无任务，休息60秒...
[于道德] ⏳ 暂无任务，休息60秒...
[时权限] ⏳ 暂无任务，休息60秒...
[薛贪狼] ⏳ 暂无任务，休息60秒...
[雷ASR] ⏳ 暂无任务，休息60秒...
[贺TTS] ⏳ 暂无任务，休息60秒...
[贡数字人] ⏳ 暂无任务，休息60秒...
[齐辅弼] ⏳ 暂无任务，休息60秒...
[康网关] ⏳ 暂无任务，休息60秒...
[和产品] ⏳ 暂无任务，休息60秒...
[穆文档] ⏳ 暂无任务，休息60秒...
[黄漂移] ⏳ 暂无任务，休息60秒...
[周进化] ⏳ 暂无任务，休息60秒...
[吴模板] ⏳ 暂无任务，休息60秒...
[周禄存] ⏳ 暂无任务，休息60秒...
[郑路由] ⏳ 暂无任务，休息60秒...
[王规划] ⏳ 暂无任务，休息60秒...
[冯优化] ⏳ 暂无任务，休息60秒...
[钱调度] ⏳ 暂无任务，休息60秒...
[陈元灵] ⏳ 暂无任务，休息60秒...
[林对齐] ⏳ 暂无任务，休息60秒...
[朱图谱] ⏳ 暂无任务，休息60秒...
[平心理] ⏳ 暂无任务，休息60秒...
[水版本] ⏳ 暂无任务，休息60秒...
[葛消息] ⏳ 暂无任务，休息60秒...
[皮审计] ⏳ 暂无任务，休息60秒...
[赏界面] ⏳ 暂无任务，休息60秒...
[财SDK] ⏳ 暂无任务，休息60秒...
[蒋巨门] ⏳ 暂无任务，休息60秒...
[沈记忆] ⏳ 暂无任务，休息60秒...
[韩向量] ⏳ 暂无任务，休息60秒...
[杨检索] ⏳ 暂无任务，休息60秒...
[伍廉贞] ⏳ 暂无任务，休息60秒...
[余情绪] ⏳ 暂无任务，休息60秒...
[元人格] ⏳ 暂无任务，休息60秒...
[孟一致] ⏳ 暂无任务，休息60秒...
[谢武功] ⏳ 暂无任务，休息60秒...
[邹接口] ⏳ 暂无任务，休息60秒...
[喻发现] ⏳ 暂无任务，休息60秒...
[柏依赖] ⏳ 暂无任务，休息60秒...
[章破军] ⏳ 暂无任务，休息60秒...
[云沙箱] ⏳ 暂无任务，休息60秒...
[苏容器] ⏳ 暂无任务，休息60秒...
[潘外呼] ⏳ 暂无任务，休息60秒...
[倪左辅] ⏳ 暂无任务，休息60秒...
[汤K8s] ⏳ 暂无任务，休息60秒...
[殷用户] ⏳ 暂无任务，休息60秒...
[罗隔离] ⏳ 暂无任务，休息60秒...
[毕配置] ⏳ 暂无任务，休息60秒...
[周右弼] ⏳ 暂无任务，休息60秒...
[乐法律] ⏳ 暂无任务，休息60秒...
[于道德] ⏳ 暂无任务，休息60秒...
[时权限] ⏳ 暂无任务，休息60秒...
[薛贪狼] ⏳ 暂无任务，休息60秒...
[雷ASR] ⏳ 暂无任务，休息60秒...
[贺TTS] ⏳ 暂无任务，休息60秒...
[贡数字人] ⏳ 暂无任务，休息60秒...
[齐辅弼] ⏳ 暂无任务，休息60秒...
[康网关] ⏳ 暂无任务，休息60秒...
[和产品] ⏳ 暂无任务，休息60秒...
[穆文档] ⏳ 暂无任务，休息60秒...
[黄漂移] ⏳ 暂无任务，休息60秒...
[周进化] ⏳ 暂无任务，休息60秒...
[吴模板] ⏳ 暂无任务，休息60秒...
[周禄存] ⏳ 暂无任务，休息60秒...
[郑路由] ⏳ 暂无任务，休息60秒...
[王规划] ⏳ 暂无任务，休息60秒...
[冯优化] ⏳ 暂无任务，休息60秒...
[钱调度] ⏳ 暂无任务，休息60秒...
[陈元灵] ⏳ 暂无任务，休息60秒...
[林对齐] ⏳ 暂无任务，休息60秒...
[朱图谱] ⏳ 暂无任务，休息60秒...
[平心理] ⏳ 暂无任务，休息60秒...
[水版本] ⏳ 暂无任务，休息60秒...
[葛消息] ⏳ 暂无任务，休息60秒...
[皮审计] ⏳ 暂无任务，休息60秒...
[赏界面] ⏳ 暂无任务，休息60秒...
[财SDK] ⏳ 暂无任务，休息60秒...
[蒋巨门] ⏳ 暂无任务，休息60秒...
[沈记忆] ⏳ 暂无任务，休息60秒...
[韩向量] ⏳ 暂无任务，休息60秒...
[杨检索] ⏳ 暂无任务，休息60秒...
[伍廉贞] ⏳ 暂无任务，休息60秒...
[余情绪] ⏳ 暂无任务，休息60秒...
[元人格] ⏳ 暂无任务，休息60秒...
[孟一致] ⏳ 暂无任务，休息60秒...
[谢武功] ⏳ 暂无任务，休息60秒...
[邹接口] ⏳ 暂无任务，休息60秒...
[喻发现] ⏳ 暂无任务，休息60秒...
[柏依赖] ⏳ 暂无任务，休息60秒...
[章破军] ⏳ 暂无任务，休息60秒...
[云沙箱] ⏳ 暂无任务，休息60秒...
[苏容器] ⏳ 暂无任务，休息60秒...
[潘外呼] ⏳ 暂无任务，休息60秒...
[倪左辅] ⏳ 暂无任务，休息60秒...
[汤K8s] ⏳ 暂无任务，休息60秒...
[殷用户] ⏳ 暂无任务，休息60秒...
[罗隔离] ⏳ 暂无任务，休息60秒...
[毕配置] ⏳ 暂无任务，休息60秒...
[周右弼] ⏳ 暂无任务，休息60秒...
[乐法律] ⏳ 暂无任务，休息60秒...
[于道德] ⏳ 暂无任务，休息60秒...
[时权限] ⏳ 暂无任务，休息60秒...
[薛贪狼] ⏳ 暂无任务，休息60秒...
[雷ASR] ⏳ 暂无任务，休息60秒...
[贺TTS] ⏳ 暂无任务，休息60秒...
[贡数字人] ⏳ 暂无任务，休息60秒...
[齐辅弼] ⏳ 暂无任务，休息60秒...
[康网关] ⏳ 暂无任务，休息60秒...
[和产品] ⏳ 暂无任务，休息60秒...
[穆文档] ⏳ 暂无任务，休息60秒...
[黄漂移] ⏳ 暂无任务，休息60秒...
[周进化] ⏳ 暂无任务，休息60秒...
[吴模板] ⏳ 暂无任务，休息60秒...
[周禄存] ⏳ 暂无任务，休息60秒...
[郑路由] ⏳ 暂无任务，休息60秒...
[王规划] ⏳ 暂无任务，休息60秒...
[冯优化] ⏳ 暂无任务，休息60秒...
[钱调度] ⏳ 暂无任务，休息60秒...
[陈元灵] ⏳ 暂无任务，休息60秒...
[林对齐] ⏳ 暂无任务，休息60秒...
[朱图谱] ⏳ 暂无任务，休息60秒...
[平心理] ⏳ 暂无任务，休息60秒...
[水版本] ⏳ 暂无任务，休息60秒...
[葛消息] ⏳ 暂无任务，休息60秒...
[皮审计] ⏳ 暂无任务，休息60秒...
[赏界面] ⏳ 暂无任务，休息60秒...
[财SDK] ⏳ 暂无任务，休息60秒...
[蒋巨门] ⏳ 暂无任务，休息60秒...
[沈记忆] ⏳ 暂无任务，休息60秒...
[韩向量] ⏳ 暂无任务，休息60秒...
[杨检索] ⏳ 暂无任务，休息60秒...
[伍廉贞] ⏳ 暂无任务，休息60秒...
[余情绪] ⏳ 暂无任务，休息60秒...
[元人格] ⏳ 暂无任务，休息60秒...
[孟一致] ⏳ 暂无任务，休息60秒...
[谢武功] ⏳ 暂无任务，休息60秒...
[邹接口] ⏳ 暂无任务，休息60秒...
[喻发现] ⏳ 暂无任务，休息60秒...
[柏依赖] ⏳ 暂无任务，休息60秒...
[章破军] ⏳ 暂无任务，休息60秒...
[云沙箱] ⏳ 暂无任务，休息60秒...
[苏容器] ⏳ 暂无任务，休息60秒...
[潘外呼] ⏳ 暂无任务，休息60秒...
[倪左辅] ⏳ 暂无任务，休息60秒...
[汤K8s] ⏳ 暂无任务，休息60秒...
[殷用户] ⏳ 暂无任务，休息60秒...
[罗隔离] ⏳ 暂无任务，休息60秒...
[毕配置] ⏳ 暂无任务，休息60秒...
[周右弼] ⏳ 暂无任务，休息60秒...
[乐法律] ⏳ 暂无任务，休息60秒...
[于道德] ⏳ 暂无任务，休息60秒...
[时权限] ⏳ 暂无任务，休息60秒...
[薛贪狼] ⏳ 暂无任务，休息60秒...
[雷ASR] ⏳ 暂无任务，休息60秒...
[贺TTS] ⏳ 暂无任务，休息60秒...
[贡数字人] ⏳ 暂无任务，休息60秒...
[齐辅弼] ⏳ 暂无任务，休息60秒...
[康网关] ⏳ 暂无任务，休息60秒...
[和产品] ⏳ 暂无任务，休息60秒...
[穆文档] ⏳ 暂无任务，休息60秒...
[黄漂移] ⏳ 暂无任务，休息60秒...
[周进化] ⏳ 暂无任务，休息60秒...
[吴模板] ⏳ 暂无任务，休息60秒...
[周禄存] ⏳ 暂无任务，休息60秒...
[郑路由] ⏳ 暂无任务，休息60秒...
[王规划] ⏳ 暂无任务，休息60秒...
[冯优化] ⏳ 暂无任务，休息60秒...
[钱调度] ⏳ 暂无任务，休息60秒...
[陈元灵] ⏳ 暂无任务，休息60秒...
[林对齐] ⏳ 暂无任务，休息60秒...
[朱图谱] ⏳ 暂无任务，休息60秒...
[平心理] ⏳ 暂无任务，休息60秒...
[水版本] ⏳ 暂无任务，休息60秒...
[葛消息] ⏳ 暂无任务，休息60秒...
[皮审计] ⏳ 暂无任务，休息60秒...
[赏界面] ⏳ 暂无任务，休息60秒...
[财SDK] ⏳ 暂无任务，休息60秒...
[蒋巨门] ⏳ 暂无任务，休息60秒...
[沈记忆] ⏳ 暂无任务，休息60秒...
[韩向量] ⏳ 暂无任务，休息60秒...
[杨检索] ⏳ 暂无任务，休息60秒...
[伍廉贞] ⏳ 暂无任务，休息60秒...
[余情绪] ⏳ 暂无任务，休息60秒...
[元人格] ⏳ 暂无任务，休息60秒...
[孟一致] ⏳ 暂无任务，休息60秒...
[谢武功] ⏳ 暂无任务，休息60秒...
[邹接口] ⏳ 暂无任务，休息60秒...
[喻发现] ⏳ 暂无任务，休息60秒...
[柏依赖] ⏳ 暂无任务，休息60秒...
[章破军] ⏳ 暂无任务，休息60秒...
[云沙箱] ⏳ 暂无任务，休息60秒...
[苏容器] ⏳ 暂无任务，休息60秒...
[潘外呼] ⏳ 暂无任务，休息60秒...
[倪左辅] ⏳ 暂无任务，休息60秒...
[汤K8s] ⏳ 暂无任务，休息60秒...
[殷用户] ⏳ 暂无任务，休息60秒...
[罗隔离] ⏳ 暂无任务，休息60秒...
[毕配置] ⏳ 暂无任务，休息60秒...
[周右弼] ⏳ 暂无任务，休息60秒...
[乐法律] ⏳ 暂无任务，休息60秒...
[于道德] ⏳ 暂无任务，休息60秒...
[时权限] ⏳ 暂无任务，休息60秒...
[薛贪狼] ⏳ 暂无任务，休息60秒...
[雷ASR] ⏳ 暂无任务，休息60秒...
[贺TTS] ⏳ 暂无任务，休息60秒...
[贡数字人] ⏳ 暂无任务，休息60秒...
[齐辅弼] ⏳ 暂无任务，休息60秒...
[康网关] ⏳ 暂无任务，休息60秒...
[和产品] ⏳ 暂无任务，休息60秒...
[穆文档] ⏳ 暂无任务，休息60秒...
[黄漂移] ⏳ 暂无任务，休息60秒...
[周进化] ⏳ 暂无任务，休息60秒...
[吴模板] ⏳ 暂无任务，休息60秒...
[周禄存] ⏳ 暂无任务，休息60秒...
[郑路由] ⏳ 暂无任务，休息60秒...
[王规划] ⏳ 暂无任务，休息60秒...
[冯优化] ⏳ 暂无任务，休息60秒...
[钱调度] ⏳ 暂无任务，休息60秒...
[陈元灵] ⏳ 暂无任务，休息60秒...
[林对齐] ⏳ 暂无任务，休息60秒...
[朱图谱] ⏳ 暂无任务，休息60秒...
[平心理] ⏳ 暂无任务，休息60秒...
[水版本] ⏳ 暂无任务，休息60秒...
[葛消息] ⏳ 暂无任务，休息60秒...
[皮审计] ⏳ 暂无任务，休息60秒...
[赏界面] ⏳ 暂无任务，休息60秒...
[财SDK] ⏳ 暂无任务，休息60秒...
[蒋巨门] ⏳ 暂无任务，休息60秒...
[沈记忆] ⏳ 暂无任务，休息60秒...
[韩向量] ⏳ 暂无任务，休息60秒...
[杨检索] ⏳ 暂无任务，休息60秒...
[伍廉贞] ⏳ 暂无任务，休息60秒...
[余情绪] ⏳ 暂无任务，休息60秒...
[元人格] ⏳ 暂无任务，休息60秒...
[孟一致] ⏳ 暂无任务，休息60秒...
[谢武功] ⏳ 暂无任务，休息60秒...
[邹接口] ⏳ 暂无任务，休息60秒...
[喻发现] ⏳ 暂无任务，休息60秒...
[柏依赖] ⏳ 暂无任务，休息60秒...
[章破军] ⏳ 暂无任务，休息60秒...
[云沙箱] ⏳ 暂无任务，休息60秒...
[苏容器] ⏳ 暂无任务，休息60秒...
[潘外呼] ⏳ 暂无任务，休息60秒...
[倪左辅] ⏳ 暂无任务，休息60秒...
[汤K8s] ⏳ 暂无任务，休息60秒...
[殷用户] ⏳ 暂无任务，休息60秒...
[罗隔离] ⏳ 暂无任务，休息60秒...
[毕配置] ⏳ 暂无任务，休息60秒...
[周右弼] ⏳ 暂无任务，休息60秒...
[乐法律] ⏳ 暂无任务，休息60秒...
[于道德] ⏳ 暂无任务，休息60秒...
[时权限] ⏳ 暂无任务，休息60秒...
[薛贪狼] ⏳ 暂无任务，休息60秒...
[雷ASR] ⏳ 暂无任务，休息60秒...
[贺TTS] ⏳ 暂无任务，休息60秒...
[贡数字人] ⏳ 暂无任务，休息60秒...
[齐辅弼] ⏳ 暂无任务，休息60秒...
[康网关] ⏳ 暂无任务，休息60秒...
[和产品] ⏳ 暂无任务，休息60秒...
[穆文档] ⏳ 暂无任务，休息60秒...
[黄漂移] ⏳ 暂无任务，休息60秒...
[周进化] ⏳ 暂无任务，休息60秒...
[吴模板] ⏳ 暂无任务，休息60秒...
[周禄存] ⏳ 暂无任务，休息60秒...
[郑路由] ⏳ 暂无任务，休息60秒...
[王规划] ⏳ 暂无任务，休息60秒...
[冯优化] ⏳ 暂无任务，休息60秒...
[钱调度] ⏳ 暂无任务，休息60秒...
[陈元灵] ⏳ 暂无任务，休息60秒...
[林对齐] ⏳ 暂无任务，休息60秒...
[朱图谱] ⏳ 暂无任务，休息60秒...
[平心理] ⏳ 暂无任务，休息60秒...
[水版本] ⏳ 暂无任务，休息60秒...
[葛消息] ⏳ 暂无任务，休息60秒...
[皮审计] ⏳ 暂无任务，休息60秒...
[赏界面] ⏳ 暂无任务，休息60秒...
[财SDK] ⏳ 暂无任务，休息60秒...
[蒋巨门] ⏳ 暂无任务，休息60秒...
[沈记忆] ⏳ 暂无任务，休息60秒...
[韩向量] ⏳ 暂无任务，休息60秒...
[杨检索] ⏳ 暂无任务，休息60秒...
[伍廉贞] ⏳ 暂无任务，休息60秒...
[余情绪] ⏳ 暂无任务，休息60秒...
[元人格] ⏳ 暂无任务，休息60秒...
[孟一致] ⏳ 暂无任务，休息60秒...
[谢武功] ⏳ 暂无任务，休息60秒...
[邹接口] ⏳ 暂无任务，休息60秒...
[喻发现] ⏳ 暂无任务，休息60秒...
[柏依赖] ⏳ 暂无任务，休息60秒...
[章破军] ⏳ 暂无任务，休息60秒...
[云沙箱] ⏳ 暂无任务，休息60秒...
[苏容器] ⏳ 暂无任务，休息60秒...
[潘外呼] ⏳ 暂无任务，休息60秒...
[倪左辅] ⏳ 暂无任务，休息60秒...
[汤K8s] ⏳ 暂无任务，休息60秒...
[殷用户] ⏳ 暂无任务，休息60秒...
[罗隔离] ⏳ 暂无任务，休息60秒...
[毕配置] ⏳ 暂无任务，休息60秒...
[周右弼] ⏳ 暂无任务，休息60秒...
[乐法律] ⏳ 暂无任务，休息60秒...
[于道德] ⏳ 暂无任务，休息60秒...
[时权限] ⏳ 暂无任务，休息60秒...
[薛贪狼] ⏳ 暂无任务，休息60秒...
[雷ASR] ⏳ 暂无任务，休息60秒...
[贺TTS] ⏳ 暂无任务，休息60秒...
[贡数字人] ⏳ 暂无任务，休息60秒...
[齐辅弼] ⏳ 暂无任务，休息60秒...
[康网关] ⏳ 暂无任务，休息60秒...
[和产品] ⏳ 暂无任务，休息60秒...
[穆文档] ⏳ 暂无任务，休息60秒...
[黄漂移] ⏳ 暂无任务，休息60秒...
[周进化] ⏳ 暂无任务，休息60秒...
[吴模板] ⏳ 暂无任务，休息60秒...
[周禄存] ⏳ 暂无任务，休息60秒...
[郑路由] ⏳ 暂无任务，休息60秒...
[王规划] ⏳ 暂无任务，休息60秒...
[冯优化] ⏳ 暂无任务，休息60秒...
[钱调度] ⏳ 暂无任务，休息60秒...
[陈元灵] ⏳ 暂无任务，休息60秒...
[林对齐] ⏳ 暂无任务，休息60秒...
[朱图谱] ⏳ 暂无任务，休息60秒...
[平心理] ⏳ 暂无任务，休息60秒...
[水版本] ⏳ 暂无任务，休息60秒...
[葛消息] ⏳ 暂无任务，休息60秒...
[皮审计] ⏳ 暂无任务，休息60秒...
[赏界面] ⏳ 暂无任务，休息60秒...
[财SDK] ⏳ 暂无任务，休息60秒...
[蒋巨门] ⏳ 暂无任务，休息60秒...
[沈记忆] ⏳ 暂无任务，休息60秒...
[韩向量] ⏳ 暂无任务，休息60秒...
[杨检索] ⏳ 暂无任务，休息60秒...
[伍廉贞] ⏳ 暂无任务，休息60秒...
[余情绪] ⏳ 暂无任务，休息60秒...
[元人格] ⏳ 暂无任务，休息60秒...
[孟一致] ⏳ 暂无任务，休息60秒...
[谢武功] ⏳ 暂无任务，休息60秒...
[邹接口] ⏳ 暂无任务，休息60秒...
[喻发现] ⏳ 暂无任务，休息60秒...
[柏依赖] ⏳ 暂无任务，休息60秒...
[章破军] ⏳ 暂无任务，休息60秒...
[云沙箱] ⏳ 暂无任务，休息60秒...
[苏容器] ⏳ 暂无任务，休息60秒...
[潘外呼] ⏳ 暂无任务，休息60秒...
[倪左辅] ⏳ 暂无任务，休息60秒...
[汤K8s] ⏳ 暂无任务，休息60秒...
[殷用户] ⏳ 暂无任务，休息60秒...
[罗隔离] ⏳ 暂无任务，休息60秒...
[毕配置] ⏳ 暂无任务，休息60秒...
[周右弼] ⏳ 暂无任务，休息60秒...
[乐法律] ⏳ 暂无任务，休息60秒...
[于道德] ⏳ 暂无任务，休息60秒...
[时权限] ⏳ 暂无任务，休息60秒...
[薛贪狼] ⏳ 暂无任务，休息60秒...
[雷ASR] ⏳ 暂无任务，休息60秒...
[贺TTS] ⏳ 暂无任务，休息60秒...
[贡数字人] ⏳ 暂无任务，休息60秒...
[齐辅弼] ⏳ 暂无任务，休息60秒...
[康网关] ⏳ 暂无任务，休息60秒...
[和产品] ⏳ 暂无任务，休息60秒...
[穆文档] ⏳ 暂无任务，休息60秒...
[黄漂移] ⏳ 暂无任务，休息60秒...
[周进化] ⏳ 暂无任务，休息60秒...
[吴模板] ⏳ 暂无任务，休息60秒...
[周禄存] ⏳ 暂无任务，休息60秒...
[郑路由] ⏳ 暂无任务，休息60秒...
[王规划] ⏳ 暂无任务，休息60秒...
[冯优化] ⏳ 暂无任务，休息60秒...
[钱调度] ⏳ 暂无任务，休息60秒...
[陈元灵] ⏳ 暂无任务，休息60秒...
[林对齐] ⏳ 暂无任务，休息60秒...
[朱图谱] ⏳ 暂无任务，休息60秒...
[平心理] ⏳ 暂无任务，休息60秒...
[水版本] ⏳ 暂无任务，休息60秒...
[葛消息] ⏳ 暂无任务，休息60秒...
[皮审计] ⏳ 暂无任务，休息60秒...
[赏界面] ⏳ 暂无任务，休息60秒...
[财SDK] ⏳ 暂无任务，休息60秒...
[蒋巨门] ⏳ 暂无任务，休息60秒...
[沈记忆] ⏳ 暂无任务，休息60秒...
[韩向量] ⏳ 暂无任务，休息60秒...
[杨检索] ⏳ 暂无任务，休息60秒...
[伍廉贞] ⏳ 暂无任务，休息60秒...
[余情绪] ⏳ 暂无任务，休息60秒...
[元人格] ⏳ 暂无任务，休息60秒...
[孟一致] ⏳ 暂无任务，休息60秒...
[谢武功] ⏳ 暂无任务，休息60秒...
[邹接口] ⏳ 暂无任务，休息60秒...
[喻发现] ⏳ 暂无任务，休息60秒...
[柏依赖] ⏳ 暂无任务，休息60秒...
[章破军] ⏳ 暂无任务，休息60秒...
[云沙箱] ⏳ 暂无任务，休息60秒...
[苏容器] ⏳ 暂无任务，休息60秒...
[潘外呼] ⏳ 暂无任务，休息60秒...
[倪左辅] ⏳ 暂无任务，休息60秒...
[汤K8s] ⏳ 暂无任务，休息60秒...
[殷用户] ⏳ 暂无任务，休息60秒...
[罗隔离] ⏳ 暂无任务，休息60秒...
[毕配置] ⏳ 暂无任务，休息60秒...
[周右弼] ⏳ 暂无任务，休息60秒...
[乐法律] ⏳ 暂无任务，休息60秒...
[于道德] ⏳ 暂无任务，休息60秒...
[时权限] ⏳ 暂无任务，休息60秒...
[薛贪狼] ⏳ 暂无任务，休息60秒...
[雷ASR] ⏳ 暂无任务，休息60秒...
[贺TTS] ⏳ 暂无任务，休息60秒...
[贡数字人] ⏳ 暂无任务，休息60秒...
[齐辅弼] ⏳ 暂无任务，休息60秒...
[康网关] ⏳ 暂无任务，休息60秒...
[和产品] ⏳ 暂无任务，休息60秒...
[穆文档] ⏳ 暂无任务，休息60秒...
[黄漂移] ⏳ 暂无任务，休息60秒...
[周进化] ⏳ 暂无任务，休息60秒...
[吴模板] ⏳ 暂无任务，休息60秒...
[周禄存] ⏳ 暂无任务，休息60秒...
[郑路由] ⏳ 暂无任务，休息60秒...
[王规划] ⏳ 暂无任务，休息60秒...
[冯优化] ⏳ 暂无任务，休息60秒...
[钱调度] ⏳ 暂无任务，休息60秒...
[陈元灵] ⏳ 暂无任务，休息60秒...
[林对齐] ⏳ 暂无任务，休息60秒...
[朱图谱] ⏳ 暂无任务，休息60秒...
[平心理] ⏳ 暂无任务，休息60秒...
[水版本] ⏳ 暂无任务，休息60秒...
[葛消息] ⏳ 暂无任务，休息60秒...
[皮审计] ⏳ 暂无任务，休息60秒...
[赏界面] ⏳ 暂无任务，休息60秒...
[财SDK] ⏳ 暂无任务，休息60秒...
[蒋巨门] ⏳ 暂无任务，休息60秒...
[沈记忆] ⏳ 暂无任务，休息60秒...
[韩向量] ⏳ 暂无任务，休息60秒...
[杨检索] ⏳ 暂无任务，休息60秒...
[伍廉贞] ⏳ 暂无任务，休息60秒...
[余情绪] ⏳ 暂无任务，休息60秒...
[元人格] ⏳ 暂无任务，休息60秒...
[孟一致] ⏳ 暂无任务，休息60秒...
[谢武功] ⏳ 暂无任务，休息60秒...
[邹接口] ⏳ 暂无任务，休息60秒...
[喻发现] ⏳ 暂无任务，休息60秒...
[柏依赖] ⏳ 暂无任务，休息60秒...
[章破军] ⏳ 暂无任务，休息60秒...
[云沙箱] ⏳ 暂无任务，休息60秒...
[苏容器] ⏳ 暂无任务，休息60秒...
[潘外呼] ⏳ 暂无任务，休息60秒...
[倪左辅] ⏳ 暂无任务，休息60秒...
[汤K8s] ⏳ 暂无任务，休息60秒...
[殷用户] ⏳ 暂无任务，休息60秒...
[罗隔离] ⏳ 暂无任务，休息60秒...
[毕配置] ⏳ 暂无任务，休息60秒...
[周右弼] ⏳ 暂无任务，休息60秒...
[乐法律] ⏳ 暂无任务，休息60秒...
[于道德] ⏳ 暂无任务，休息60秒...
[时权限] ⏳ 暂无任务，休息60秒...
[薛贪狼] ⏳ 暂无任务，休息60秒...
[雷ASR] ⏳ 暂无任务，休息60秒...
[贺TTS] ⏳ 暂无任务，休息60秒...
[贡数字人] ⏳ 暂无任务，休息60秒...
[齐辅弼] ⏳ 暂无任务，休息60秒...
[康网关] ⏳ 暂无任务，休息60秒...
[和产品] ⏳ 暂无任务，休息60秒...
[穆文档] ⏳ 暂无任务，休息60秒...
[黄漂移] ⏳ 暂无任务，休息60秒...
[周进化] ⏳ 暂无任务，休息60秒...
[吴模板] ⏳ 暂无任务，休息60秒...
[周禄存] ⏳ 暂无任务，休息60秒...
[郑路由] ⏳ 暂无任务，休息60秒...
[王规划] ⏳ 暂无任务，休息60秒...
[冯优化] ⏳ 暂无任务，休息60秒...
[钱调度] ⏳ 暂无任务，休息60秒...
[陈元灵] ⏳ 暂无任务，休息60秒...
[林对齐] ⏳ 暂无任务，休息60秒...
[朱图谱] ⏳ 暂无任务，休息60秒...
[平心理] ⏳ 暂无任务，休息60秒...
[水版本] ⏳ 暂无任务，休息60秒...
[葛消息] ⏳ 暂无任务，休息60秒...
[皮审计] ⏳ 暂无任务，休息60秒...
[赏界面] ⏳ 暂无任务，休息60秒...
[财SDK] ⏳ 暂无任务，休息60秒...
[蒋巨门] ⏳ 暂无任务，休息60秒...
[沈记忆] ⏳ 暂无任务，休息60秒...
[韩向量] ⏳ 暂无任务，休息60秒...
[杨检索] ⏳ 暂无任务，休息60秒...
[伍廉贞] ⏳ 暂无任务，休息60秒...
[余情绪] ⏳ 暂无任务，休息60秒...
[元人格] ⏳ 暂无任务，休息60秒...
[孟一致] ⏳ 暂无任务，休息60秒...
[谢武功] ⏳ 暂无任务，休息60秒...
[邹接口] ⏳ 暂无任务，休息60秒...
[喻发现] ⏳ 暂无任务，休息60秒...
[柏依赖] ⏳ 暂无任务，休息60秒...
[章破军] ⏳ 暂无任务，休息60秒...
[云沙箱] ⏳ 暂无任务，休息60秒...
[苏容器] ⏳ 暂无任务，休息60秒...
[潘外呼] ⏳ 暂无任务，休息60秒...
[倪左辅] ⏳ 暂无任务，休息60秒...
[汤K8s] ⏳ 暂无任务，休息60秒...
[殷用户] ⏳ 暂无任务，休息60秒...
[罗隔离] ⏳ 暂无任务，休息60秒...
[毕配置] ⏳ 暂无任务，休息60秒...
[周右弼] ⏳ 暂无任务，休息60秒...
[乐法律] ⏳ 暂无任务，休息60秒...
[于道德] ⏳ 暂无任务，休息60秒...
[时权限] ⏳ 暂无任务，休息60秒...
[薛贪狼] ⏳ 暂无任务，休息60秒...
[雷ASR] ⏳ 暂无任务，休息60秒...
[贺TTS] ⏳ 暂无任务，休息60秒...
[贡数字人] ⏳ 暂无任务，休息60秒...
[齐辅弼] ⏳ 暂无任务，休息60秒...
[康网关] ⏳ 暂无任务，休息60秒...
[和产品] ⏳ 暂无任务，休息60秒...
[穆文档] ⏳ 暂无任务，休息60秒...
[黄漂移] ⏳ 暂无任务，休息60秒...
[周进化] ⏳ 暂无任务，休息60秒...
[吴模板] ⏳ 暂无任务，休息60秒...
[周禄存] ⏳ 暂无任务，休息60秒...
[郑路由] ⏳ 暂无任务，休息60秒...
[王规划] ⏳ 暂无任务，休息60秒...
[冯优化] ⏳ 暂无任务，休息60秒...
[钱调度] ⏳ 暂无任务，休息60秒...
[陈元灵] ⏳ 暂无任务，休息60秒...
[林对齐] ⏳ 暂无任务，休息60秒...
[朱图谱] ⏳ 暂无任务，休息60秒...
[平心理] ⏳ 暂无任务，休息60秒...
[水版本] ⏳ 暂无任务，休息60秒...
[葛消息] ⏳ 暂无任务，休息60秒...
[皮审计] ⏳ 暂无任务，休息60秒...
[赏界面] ⏳ 暂无任务，休息60秒...
[财SDK] ⏳ 暂无任务，休息60秒...
[蒋巨门] ⏳ 暂无任务，休息60秒...
[沈记忆] ⏳ 暂无任务，休息60秒...
[韩向量] ⏳ 暂无任务，休息60秒...
[杨检索] ⏳ 暂无任务，休息60秒...
[伍廉贞] ⏳ 暂无任务，休息60秒...
[余情绪] ⏳ 暂无任务，休息60秒...
[元人格] ⏳ 暂无任务，休息60秒...
[孟一致] ⏳ 暂无任务，休息60秒...
[谢武功] ⏳ 暂无任务，休息60秒...
[邹接口] ⏳ 暂无任务，休息60秒...
[喻发现] ⏳ 暂无任务，休息60秒...
[柏依赖] ⏳ 暂无任务，休息60秒...
[章破军] ⏳ 暂无任务，休息60秒...
[云沙箱] ⏳ 暂无任务，休息60秒...
[苏容器] ⏳ 暂无任务，休息60秒...
[潘外呼] ⏳ 暂无任务，休息60秒...
[倪左辅] ⏳ 暂无任务，休息60秒...
[汤K8s] ⏳ 暂无任务，休息60秒...
[殷用户] ⏳ 暂无任务，休息60秒...
[罗隔离] ⏳ 暂无任务，休息60秒...
[毕配置] ⏳ 暂无任务，休息60秒...
[周右弼] ⏳ 暂无任务，休息60秒...
[乐法律] ⏳ 暂无任务，休息60秒...
[于道德] ⏳ 暂无任务，休息60秒...
[时权限] ⏳ 暂无任务，休息60秒...
[薛贪狼] ⏳ 暂无任务，休息60秒...
[雷ASR] ⏳ 暂无任务，休息60秒...
[贺TTS] ⏳ 暂无任务，休息60秒...
[贡数字人] ⏳ 暂无任务，休息60秒...
[齐辅弼] ⏳ 暂无任务，休息60秒...
[康网关] ⏳ 暂无任务，休息60秒...
[和产品] ⏳ 暂无任务，休息60秒...
[穆文档] ⏳ 暂无任务，休息60秒...
[黄漂移] ⏳ 暂无任务，休息60秒...
[周进化] ⏳ 暂无任务，休息60秒...
[吴模板] ⏳ 暂无任务，休息60秒...
[周禄存] ⏳ 暂无任务，休息60秒...
[郑路由] ⏳ 暂无任务，休息60秒...
[王规划] ⏳ 暂无任务，休息60秒...
[冯优化] ⏳ 暂无任务，休息60秒...
[钱调度] ⏳ 暂无任务，休息60秒...
[陈元灵] ⏳ 暂无任务，休息60秒...
[林对齐] ⏳ 暂无任务，休息60秒...
[朱图谱] ⏳ 暂无任务，休息60秒...
[平心理] ⏳ 暂无任务，休息60秒...
[水版本] ⏳ 暂无任务，休息60秒...
[葛消息] ⏳ 暂无任务，休息60秒...
[皮审计] ⏳ 暂无任务，休息60秒...
[赏界面] ⏳ 暂无任务，休息60秒...
[财SDK] ⏳ 暂无任务，休息60秒...
[蒋巨门] ⏳ 暂无任务，休息60秒...
[沈记忆] ⏳ 暂无任务，休息60秒...
[韩向量] ⏳ 暂无任务，休息60秒...
[杨检索] ⏳ 暂无任务，休息60秒...
[伍廉贞] ⏳ 暂无任务，休息60秒...
[余情绪] ⏳ 暂无任务，休息60秒...
[元人格] ⏳ 暂无任务，休息60秒...
[孟一致] ⏳ 暂无任务，休息60秒...
[谢武功] ⏳ 暂无任务，休息60秒...
[邹接口] ⏳ 暂无任务，休息60秒...
[喻发现] ⏳ 暂无任务，休息60秒...
[柏依赖] ⏳ 暂无任务，休息60秒...
[章破军] ⏳ 暂无任务，休息60秒...
[云沙箱] ⏳ 暂无任务，休息60秒...
[苏容器] ⏳ 暂无任务，休息60秒...
[潘外呼] ⏳ 暂无任务，休息60秒...
[倪左辅] ⏳ 暂无任务，休息60秒...
[汤K8s] ⏳ 暂无任务，休息60秒...
[殷用户] ⏳ 暂无任务，休息60秒...
[罗隔离] ⏳ 暂无任务，休息60秒...
[毕配置] ⏳ 暂无任务，休息60秒...
[周右弼] ⏳ 暂无任务，休息60秒...
[乐法律] ⏳ 暂无任务，休息60秒...
[于道德] ⏳ 暂无任务，休息60秒...
[时权限] ⏳ 暂无任务，休息60秒...
[薛贪狼] ⏳ 暂无任务，休息60秒...
[雷ASR] ⏳ 暂无任务，休息60秒...
[贺TTS] ⏳ 暂无任务，休息60秒...
[贡数字人] ⏳ 暂无任务，休息60秒...
[齐辅弼] ⏳ 暂无任务，休息60秒...
[康网关] ⏳ 暂无任务，休息60秒...
[和产品] ⏳ 暂无任务，休息60秒...
[穆文档] ⏳ 暂无任务，休息60秒...
[黄漂移] ⏳ 暂无任务，休息60秒...
[周进化] ⏳ 暂无任务，休息60秒...
[吴模板] ⏳ 暂无任务，休息60秒...
[周禄存] ⏳ 暂无任务，休息60秒...
[郑路由] ⏳ 暂无任务，休息60秒...
[王规划] ⏳ 暂无任务，休息60秒...
[冯优化] ⏳ 暂无任务，休息60秒...
[钱调度] ⏳ 暂无任务，休息60秒...
[陈元灵] ⏳ 暂无任务，休息60秒...
[林对齐] ⏳ 暂无任务，休息60秒...
[朱图谱] ⏳ 暂无任务，休息60秒...
[平心理] ⏳ 暂无任务，休息60秒...
[水版本] ⏳ 暂无任务，休息60秒...
[葛消息] ⏳ 暂无任务，休息60秒...
[皮审计] ⏳ 暂无任务，休息60秒...
[赏界面] ⏳ 暂无任务，休息60秒...
[财SDK] ⏳ 暂无任务，休息60秒...
[蒋巨门] ⏳ 暂无任务，休息60秒...
[沈记忆] ⏳ 暂无任务，休息60秒...
[韩向量] ⏳ 暂无任务，休息60秒...
[杨检索] ⏳ 暂无任务，休息60秒...
[伍廉贞] ⏳ 暂无任务，休息60秒...
[余情绪] ⏳ 暂无任务，休息60秒...
[元人格] ⏳ 暂无任务，休息60秒...
[孟一致] ⏳ 暂无任务，休息60秒...
[谢武功] ⏳ 暂无任务，休息60秒...
[邹接口] ⏳ 暂无任务，休息60秒...
[喻发现] ⏳ 暂无任务，休息60秒...
[柏依赖] ⏳ 暂无任务，休息60秒...
[章破军] ⏳ 暂无任务，休息60秒...
[云沙箱] ⏳ 暂无任务，休息60秒...
[苏容器] ⏳ 暂无任务，休息60秒...
[潘外呼] ⏳ 暂无任务，休息60秒...
[倪左辅] ⏳ 暂无任务，休息60秒...
[汤K8s] ⏳ 暂无任务，休息60秒...
[殷用户] ⏳ 暂无任务，休息60秒...
[罗隔离] ⏳ 暂无任务，休息60秒...
[毕配置] ⏳ 暂无任务，休息60秒...
[周右弼] ⏳ 暂无任务，休息60秒...
[乐法律] ⏳ 暂无任务，休息60秒...
[于道德] ⏳ 暂无任务，休息60秒...
[时权限] ⏳ 暂无任务，休息60秒...
[薛贪狼] ⏳ 暂无任务，休息60秒...
[雷ASR] ⏳ 暂无任务，休息60秒...
[贺TTS] ⏳ 暂无任务，休息60秒...
[贡数字人] ⏳ 暂无任务，休息60秒...
[齐辅弼] ⏳ 暂无任务，休息60秒...
[康网关] ⏳ 暂无任务，休息60秒...
[和产品] ⏳ 暂无任务，休息60秒...
[穆文档] ⏳ 暂无任务，休息60秒...
[黄漂移] ⏳ 暂无任务，休息60秒...
[周进化] ⏳ 暂无任务，休息60秒...
[吴模板] ⏳ 暂无任务，休息60秒...
[周禄存] ⏳ 暂无任务，休息60秒...
[郑路由] ⏳ 暂无任务，休息60秒...
[王规划] ⏳ 暂无任务，休息60秒...
[冯优化] ⏳ 暂无任务，休息60秒...
[钱调度] ⏳ 暂无任务，休息60秒...
[陈元灵] ⏳ 暂无任务，休息60秒...
[林对齐] ⏳ 暂无任务，休息60秒...
[朱图谱] ⏳ 暂无任务，休息60秒...
[平心理] ⏳ 暂无任务，休息60秒...
[水版本] ⏳ 暂无任务，休息60秒...
[葛消息] ⏳ 暂无任务，休息60秒...
[皮审计] ⏳ 暂无任务，休息60秒...
[赏界面] ⏳ 暂无任务，休息60秒...
[财SDK] ⏳ 暂无任务，休息60秒...
[蒋巨门] ⏳ 暂无任务，休息60秒...
[沈记忆] ⏳ 暂无任务，休息60秒...
[韩向量] ⏳ 暂无任务，休息60秒...
[杨检索] ⏳ 暂无任务，休息60秒...
[伍廉贞] ⏳ 暂无任务，休息60秒...
[余情绪] ⏳ 暂无任务，休息60秒...
[元人格] ⏳ 暂无任务，休息60秒...
[孟一致] ⏳ 暂无任务，休息60秒...
[谢武功] ⏳ 暂无任务，休息60秒...
[邹接口] ⏳ 暂无任务，休息60秒...
[喻发现] ⏳ 暂无任务，休息60秒...
[柏依赖] ⏳ 暂无任务，休息60秒...
[章破军] ⏳ 暂无任务，休息60秒...
[云沙箱] ⏳ 暂无任务，休息60秒...
[苏容器] ⏳ 暂无任务，休息60秒...
[潘外呼] ⏳ 暂无任务，休息60秒...
[倪左辅] ⏳ 暂无任务，休息60秒...
[汤K8s] ⏳ 暂无任务，休息60秒...
[殷用户] ⏳ 暂无任务，休息60秒...
[罗隔离] ⏳ 暂无任务，休息60秒...
[毕配置] ⏳ 暂无任务，休息60秒...
[周右弼] ⏳ 暂无任务，休息60秒...
[乐法律] ⏳ 暂无任务，休息60秒...
[于道德] ⏳ 暂无任务，休息60秒...
[时权限] ⏳ 暂无任务，休息60秒...
[薛贪狼] ⏳ 暂无任务，休息60秒...
[雷ASR] ⏳ 暂无任务，休息60秒...
[贺TTS] ⏳ 暂无任务，休息60秒...
[贡数字人] ⏳ 暂无任务，休息60秒...
[齐辅弼] ⏳ 暂无任务，休息60秒...
[康网关] ⏳ 暂无任务，休息60秒...
[和产品] ⏳ 暂无任务，休息60秒...
[穆文档] ⏳ 暂无任务，休息60秒...
[黄漂移] ⏳ 暂无任务，休息60秒...
[周进化] ⏳ 暂无任务，休息60秒...
[吴模板] ⏳ 暂无任务，休息60秒...
[周禄存] ⏳ 暂无任务，休息60秒...
[郑路由] ⏳ 暂无任务，休息60秒...
[王规划] ⏳ 暂无任务，休息60秒...
[冯优化] ⏳ 暂无任务，休息60秒...
[钱调度] ⏳ 暂无任务，休息60秒...
[陈元灵] ⏳ 暂无任务，休息60秒...
[林对齐] ⏳ 暂无任务，休息60秒...
[朱图谱] ⏳ 暂无任务，休息60秒...
[平心理] ⏳ 暂无任务，休息60秒...
[水版本] ⏳ 暂无任务，休息60秒...
[葛消息] ⏳ 暂无任务，休息60秒...
[皮审计] ⏳ 暂无任务，休息60秒...
[赏界面] ⏳ 暂无任务，休息60秒...
[财SDK] ⏳ 暂无任务，休息60秒...
[蒋巨门] ⏳ 暂无任务，休息60秒...
[沈记忆] ⏳ 暂无任务，休息60秒...
[韩向量] ⏳ 暂无任务，休息60秒...
[杨检索] ⏳ 暂无任务，休息60秒...
[伍廉贞] ⏳ 暂无任务，休息60秒...
[余情绪] ⏳ 暂无任务，休息60秒...
[元人格] ⏳ 暂无任务，休息60秒...
[孟一致] ⏳ 暂无任务，休息60秒...
[谢武功] ⏳ 暂无任务，休息60秒...
[邹接口] ⏳ 暂无任务，休息60秒...
[喻发现] ⏳ 暂无任务，休息60秒...
[柏依赖] ⏳ 暂无任务，休息60秒...
[章破军] ⏳ 暂无任务，休息60秒...
[云沙箱] ⏳ 暂无任务，休息60秒...
[苏容器] ⏳ 暂无任务，休息60秒...
[潘外呼] ⏳ 暂无任务，休息60秒...
[倪左辅] ⏳ 暂无任务，休息60秒...
[汤K8s] ⏳ 暂无任务，休息60秒...
[殷用户] ⏳ 暂无任务，休息60秒...
[罗隔离] ⏳ 暂无任务，休息60秒...
[毕配置] ⏳ 暂无任务，休息60秒...
[周右弼] ⏳ 暂无任务，休息60秒...
[乐法律] ⏳ 暂无任务，休息60秒...
[于道德] ⏳ 暂无任务，休息60秒...
[时权限] ⏳ 暂无任务，休息60秒...
[薛贪狼] ⏳ 暂无任务，休息60秒...
[雷ASR] ⏳ 暂无任务，休息60秒...
[贺TTS] ⏳ 暂无任务，休息60秒...
[贡数字人] ⏳ 暂无任务，休息60秒...
[齐辅弼] ⏳ 暂无任务，休息60秒...
[康网关] ⏳ 暂无任务，休息60秒...
[和产品] ⏳ 暂无任务，休息60秒...
[穆文档] ⏳ 暂无任务，休息60秒...
[黄漂移] ⏳ 暂无任务，休息60秒...
[周进化] ⏳ 暂无任务，休息60秒...
[吴模板] ⏳ 暂无任务，休息60秒...
[周禄存] ⏳ 暂无任务，休息60秒...
[郑路由] ⏳ 暂无任务，休息60秒...
[王规划] ⏳ 暂无任务，休息60秒...
[冯优化] ⏳ 暂无任务，休息60秒...
[钱调度] ⏳ 暂无任务，休息60秒...
[陈元灵] ⏳ 暂无任务，休息60秒...
[林对齐] ⏳ 暂无任务，休息60秒...
[朱图谱] ⏳ 暂无任务，休息60秒...
[平心理] ⏳ 暂无任务，休息60秒...
[水版本] ⏳ 暂无任务，休息60秒...
[葛消息] ⏳ 暂无任务，休息60秒...
[皮审计] ⏳ 暂无任务，休息60秒...
[赏界面] ⏳ 暂无任务，休息60秒...
[财SDK] ⏳ 暂无任务，休息60秒...
[蒋巨门] ⏳ 暂无任务，休息60秒...
[沈记忆] ⏳ 暂无任务，休息60秒...
[韩向量] ⏳ 暂无任务，休息60秒...
[杨检索] ⏳ 暂无任务，休息60秒...
[伍廉贞] ⏳ 暂无任务，休息60秒...
[余情绪] ⏳ 暂无任务，休息60秒...
[元人格] ⏳ 暂无任务，休息60秒...
[孟一致] ⏳ 暂无任务，休息60秒...
[谢武功] ⏳ 暂无任务，休息60秒...
[邹接口] ⏳ 暂无任务，休息60秒...
[喻发现] ⏳ 暂无任务，休息60秒...
[柏依赖] ⏳ 暂无任务，休息60秒...
[章破军] ⏳ 暂无任务，休息60秒...
[云沙箱] ⏳ 暂无任务，休息60秒...
[苏容器] ⏳ 暂无任务，休息60秒...
[潘外呼] ⏳ 暂无任务，休息60秒...
[倪左辅] ⏳ 暂无任务，休息60秒...
[汤K8s] ⏳ 暂无任务，休息60秒...
[殷用户] ⏳ 暂无任务，休息60秒...
[罗隔离] ⏳ 暂无任务，休息60秒...
[毕配置] ⏳ 暂无任务，休息60秒...
[周右弼] ⏳ 暂无任务，休息60秒...
[乐法律] ⏳ 暂无任务，休息60秒...
[于道德] ⏳ 暂无任务，休息60秒...
[时权限] ⏳ 暂无任务，休息60秒...
[薛贪狼] ⏳ 暂无任务，休息60秒...
[雷ASR] ⏳ 暂无任务，休息60秒...
[贺TTS] ⏳ 暂无任务，休息60秒...
[贡数字人] ⏳ 暂无任务，休息60秒...
[齐辅弼] ⏳ 暂无任务，休息60秒...
[康网关] ⏳ 暂无任务，休息60秒...
[和产品] ⏳ 暂无任务，休息60秒...
[穆文档] ⏳ 暂无任务，休息60秒...
[黄漂移] ⏳ 暂无任务，休息60秒...
[周进化] ⏳ 暂无任务，休息60秒...
[吴模板] ⏳ 暂无任务，休息60秒...
[周禄存] ⏳ 暂无任务，休息60秒...
[郑路由] ⏳ 暂无任务，休息60秒...
[王规划] ⏳ 暂无任务，休息60秒...
[冯优化] ⏳ 暂无任务，休息60秒...
[钱调度] ⏳ 暂无任务，休息60秒...
[陈元灵] ⏳ 暂无任务，休息60秒...
[林对齐] ⏳ 暂无任务，休息60秒...
[朱图谱] ⏳ 暂无任务，休息60秒...
[平心理] ⏳ 暂无任务，休息60秒...
[水版本] ⏳ 暂无任务，休息60秒...
[葛消息] ⏳ 暂无任务，休息60秒...
[皮审计] ⏳ 暂无任务，休息60秒...
[赏界面] ⏳ 暂无任务，休息60秒...
[财SDK] ⏳ 暂无任务，休息60秒...
[蒋巨门] ⏳ 暂无任务，休息60秒...
[沈记忆] ⏳ 暂无任务，休息60秒...
[韩向量] ⏳ 暂无任务，休息60秒...
[杨检索] ⏳ 暂无任务，休息60秒...
[伍廉贞] ⏳ 暂无任务，休息60秒...
[余情绪] ⏳ 暂无任务，休息60秒...
[元人格] ⏳ 暂无任务，休息60秒...
[孟一致] ⏳ 暂无任务，休息60秒...
[谢武功] ⏳ 暂无任务，休息60秒...
[邹接口] ⏳ 暂无任务，休息60秒...
[喻发现] ⏳ 暂无任务，休息60秒...
[柏依赖] ⏳ 暂无任务，休息60秒...
[章破军] ⏳ 暂无任务，休息60秒...
[云沙箱] ⏳ 暂无任务，休息60秒...
[苏容器] ⏳ 暂无任务，休息60秒...
[潘外呼] ⏳ 暂无任务，休息60秒...
[倪左辅] ⏳ 暂无任务，休息60秒...
[汤K8s] ⏳ 暂无任务，休息60秒...
[殷用户] ⏳ 暂无任务，休息60秒...
[罗隔离] ⏳ 暂无任务，休息60秒...
[毕配置] ⏳ 暂无任务，休息60秒...
[周右弼] ⏳ 暂无任务，休息60秒...
[乐法律] ⏳ 暂无任务，休息60秒...
[于道德] ⏳ 暂无任务，休息60秒...
[时权限] ⏳ 暂无任务，休息60秒...
[薛贪狼] ⏳ 暂无任务，休息60秒...
[雷ASR] ⏳ 暂无任务，休息60秒...
[贺TTS] ⏳ 暂无任务，休息60秒...
[贡数字人] ⏳ 暂无任务，休息60秒...
[齐辅弼] ⏳ 暂无任务，休息60秒...
[康网关] ⏳ 暂无任务，休息60秒...
[和产品] ⏳ 暂无任务，休息60秒...
[穆文档] ⏳ 暂无任务，休息60秒...
[黄漂移] ⏳ 暂无任务，休息60秒...
[周进化] ⏳ 暂无任务，休息60秒...
[吴模板] ⏳ 暂无任务，休息60秒...
[周禄存] ⏳ 暂无任务，休息60秒...
[郑路由] ⏳ 暂无任务，休息60秒...
[王规划] ⏳ 暂无任务，休息60秒...
[冯优化] ⏳ 暂无任务，休息60秒...
[钱调度] ⏳ 暂无任务，休息60秒...
[陈元灵] ⏳ 暂无任务，休息60秒...
[林对齐] ⏳ 暂无任务，休息60秒...
[朱图谱] ⏳ 暂无任务，休息60秒...
[平心理] ⏳ 暂无任务，休息60秒...
[水版本] ⏳ 暂无任务，休息60秒...
[葛消息] ⏳ 暂无任务，休息60秒...
[皮审计] ⏳ 暂无任务，休息60秒...
[赏界面] ⏳ 暂无任务，休息60秒...
[财SDK] ⏳ 暂无任务，休息60秒...
[蒋巨门] ⏳ 暂无任务，休息60秒...
[沈记忆] ⏳ 暂无任务，休息60秒...
[韩向量] ⏳ 暂无任务，休息60秒...
[杨检索] ⏳ 暂无任务，休息60秒...
[伍廉贞] ⏳ 暂无任务，休息60秒...
[余情绪] ⏳ 暂无任务，休息60秒...
[元人格] ⏳ 暂无任务，休息60秒...
[孟一致] ⏳ 暂无任务，休息60秒...
[谢武功] ⏳ 暂无任务，休息60秒...
[邹接口] ⏳ 暂无任务，休息60秒...
[喻发现] ⏳ 暂无任务，休息60秒...
[柏依赖] ⏳ 暂无任务，休息60秒...
[章破军] ⏳ 暂无任务，休息60秒...
[云沙箱] ⏳ 暂无任务，休息60秒...
[苏容器] ⏳ 暂无任务，休息60秒...
[潘外呼] ⏳ 暂无任务，休息60秒...
[倪左辅] ⏳ 暂无任务，休息60秒...
[汤K8s] ⏳ 暂无任务，休息60秒...
[殷用户] ⏳ 暂无任务，休息60秒...
[罗隔离] ⏳ 暂无任务，休息60秒...
[毕配置] ⏳ 暂无任务，休息60秒...
[周右弼] ⏳ 暂无任务，休息60秒...
[乐法律] ⏳ 暂无任务，休息60秒...
[于道德] ⏳ 暂无任务，休息60秒...
[时权限] ⏳ 暂无任务，休息60秒...
[薛贪狼] ⏳ 暂无任务，休息60秒...
[雷ASR] ⏳ 暂无任务，休息60秒...
[贺TTS] ⏳ 暂无任务，休息60秒...
[贡数字人] ⏳ 暂无任务，休息60秒...
[齐辅弼] ⏳ 暂无任务，休息60秒...
[康网关] ⏳ 暂无任务，休息60秒...
[和产品] ⏳ 暂无任务，休息60秒...
[穆文档] ⏳ 暂无任务，休息60秒...
[黄漂移] ⏳ 暂无任务，休息60秒...
[周进化] ⏳ 暂无任务，休息60秒...
[吴模板] ⏳ 暂无任务，休息60秒...
[周禄存] ⏳ 暂无任务，休息60秒...
[郑路由] ⏳ 暂无任务，休息60秒...
[王规划] ⏳ 暂无任务，休息60秒...
[冯优化] ⏳ 暂无任务，休息60秒...
[钱调度] ⏳ 暂无任务，休息60秒...
[陈元灵] ⏳ 暂无任务，休息60秒...
[林对齐] ⏳ 暂无任务，休息60秒...
[朱图谱] ⏳ 暂无任务，休息60秒...
[平心理] ⏳ 暂无任务，休息60秒...
[水版本] ⏳ 暂无任务，休息60秒...
[葛消息] ⏳ 暂无任务，休息60秒...
[皮审计] ⏳ 暂无任务，休息60秒...
[赏界面] ⏳ 暂无任务，休息60秒...
[财SDK] ⏳ 暂无任务，休息60秒...
[蒋巨门] ⏳ 暂无任务，休息60秒...
[沈记忆] ⏳ 暂无任务，休息60秒...
[韩向量] ⏳ 暂无任务，休息60秒...
[杨检索] ⏳ 暂无任务，休息60秒...
[伍廉贞] ⏳ 暂无任务，休息60秒...
[余情绪] ⏳ 暂无任务，休息60秒...
[元人格] ⏳ 暂无任务，休息60秒...
[孟一致] ⏳ 暂无任务，休息60秒...
[谢武功] ⏳ 暂无任务，休息60秒...
[邹接口] ⏳ 暂无任务，休息60秒...
[喻发现] ⏳ 暂无任务，休息60秒...
[柏依赖] ⏳ 暂无任务，休息60秒...
[章破军] ⏳ 暂无任务，休息60秒...
[云沙箱] ⏳ 暂无任务，休息60秒...
[苏容器] ⏳ 暂无任务，休息60秒...
[潘外呼] ⏳ 暂无任务，休息60秒...
[倪左辅] ⏳ 暂无任务，休息60秒...
[汤K8s] ⏳ 暂无任务，休息60秒...
[殷用户] ⏳ 暂无任务，休息60秒...
[罗隔离] ⏳ 暂无任务，休息60秒...
[毕配置] ⏳ 暂无任务，休息60秒...
[周右弼] ⏳ 暂无任务，休息60秒...
[乐法律] ⏳ 暂无任务，休息60秒...
[于道德] ⏳ 暂无任务，休息60秒...
[时权限] ⏳ 暂无任务，休息60秒...
[薛贪狼] ⏳ 暂无任务，休息60秒...
[雷ASR] ⏳ 暂无任务，休息60秒...
[贺TTS] ⏳ 暂无任务，休息60秒...
[贡数字人] ⏳ 暂无任务，休息60秒...
[齐辅弼] ⏳ 暂无任务，休息60秒...
[康网关] ⏳ 暂无任务，休息60秒...
[和产品] ⏳ 暂无任务，休息60秒...
[穆文档] ⏳ 暂无任务，休息60秒...
[黄漂移] ⏳ 暂无任务，休息60秒...
[周进化] ⏳ 暂无任务，休息60秒...
[吴模板] ⏳ 暂无任务，休息60秒...
[周禄存] ⏳ 暂无任务，休息60秒...
[郑路由] ⏳ 暂无任务，休息60秒...
[王规划] ⏳ 暂无任务，休息60秒...
[冯优化] ⏳ 暂无任务，休息60秒...
[钱调度] ⏳ 暂无任务，休息60秒...
[陈元灵] ⏳ 暂无任务，休息60秒...
[林对齐] ⏳ 暂无任务，休息60秒...
[朱图谱] ⏳ 暂无任务，休息60秒...
[平心理] ⏳ 暂无任务，休息60秒...
[水版本] ⏳ 暂无任务，休息60秒...
[葛消息] ⏳ 暂无任务，休息60秒...
[皮审计] ⏳ 暂无任务，休息60秒...
[赏界面] ⏳ 暂无任务，休息60秒...
[财SDK] ⏳ 暂无任务，休息60秒...
[蒋巨门] ⏳ 暂无任务，休息60秒...
[沈记忆] ⏳ 暂无任务，休息60秒...
[韩向量] ⏳ 暂无任务，休息60秒...
[杨检索] ⏳ 暂无任务，休息60秒...
[伍廉贞] ⏳ 暂无任务，休息60秒...
[余情绪] ⏳ 暂无任务，休息60秒...
[元人格] ⏳ 暂无任务，休息60秒...
[孟一致] ⏳ 暂无任务，休息60秒...
[谢武功] ⏳ 暂无任务，休息60秒...
[邹接口] ⏳ 暂无任务，休息60秒...
[喻发现] ⏳ 暂无任务，休息60秒...
[柏依赖] ⏳ 暂无任务，休息60秒...
[章破军] ⏳ 暂无任务，休息60秒...
[云沙箱] ⏳ 暂无任务，休息60秒...
[苏容器] ⏳ 暂无任务，休息60秒...
[潘外呼] ⏳ 暂无任务，休息60秒...
[倪左辅] ⏳ 暂无任务，休息60秒...
[汤K8s] ⏳ 暂无任务，休息60秒...
[殷用户] ⏳ 暂无任务，休息60秒...
[罗隔离] ⏳ 暂无任务，休息60秒...
[毕配置] ⏳ 暂无任务，休息60秒...
[周右弼] ⏳ 暂无任务，休息60秒...
[乐法律] ⏳ 暂无任务，休息60秒...
[于道德] ⏳ 暂无任务，休息60秒...
[时权限] ⏳ 暂无任务，休息60秒...
[薛贪狼] ⏳ 暂无任务，休息60秒...
[雷ASR] ⏳ 暂无任务，休息60秒...
[贺TTS] ⏳ 暂无任务，休息60秒...
[贡数字人] ⏳ 暂无任务，休息60秒...
[齐辅弼] ⏳ 暂无任务，休息60秒...
[康网关] ⏳ 暂无任务，休息60秒...
[和产品] ⏳ 暂无任务，休息60秒...
[穆文档] ⏳ 暂无任务，休息60秒...
[黄漂移] ⏳ 暂无任务，休息60秒...
[周进化] ⏳ 暂无任务，休息60秒...
[吴模板] ⏳ 暂无任务，休息60秒...
[周禄存] ⏳ 暂无任务，休息60秒...
[郑路由] ⏳ 暂无任务，休息60秒...
[王规划] ⏳ 暂无任务，休息60秒...
[冯优化] ⏳ 暂无任务，休息60秒...
[钱调度] ⏳ 暂无任务，休息60秒...
[陈元灵] ⏳ 暂无任务，休息60秒...
[林对齐] ⏳ 暂无任务，休息60秒...
[朱图谱] ⏳ 暂无任务，休息60秒...
[平心理] ⏳ 暂无任务，休息60秒...
[水版本] ⏳ 暂无任务，休息60秒...
[葛消息] ⏳ 暂无任务，休息60秒...
[皮审计] ⏳ 暂无任务，休息60秒...
[赏界面] ⏳ 暂无任务，休息60秒...
[财SDK] ⏳ 暂无任务，休息60秒...
[蒋巨门] ⏳ 暂无任务，休息60秒...
[沈记忆] ⏳ 暂无任务，休息60秒...
[韩向量] ⏳ 暂无任务，休息60秒...
[杨检索] ⏳ 暂无任务，休息60秒...
[伍廉贞] ⏳ 暂无任务，休息60秒...
[余情绪] ⏳ 暂无任务，休息60秒...
[元人格] ⏳ 暂无任务，休息60秒...
[孟一致] ⏳ 暂无任务，休息60秒...
[谢武功] ⏳ 暂无任务，休息60秒...
[邹接口] ⏳ 暂无任务，休息60秒...
[喻发现] ⏳ 暂无任务，休息60秒...
[柏依赖] ⏳ 暂无任务，休息60秒...
[章破军] ⏳ 暂无任务，休息60秒...
[云沙箱] ⏳ 暂无任务，休息60秒...
[苏容器] ⏳ 暂无任务，休息60秒...
[潘外呼] ⏳ 暂无任务，休息60秒...
[倪左辅] ⏳ 暂无任务，休息60秒...
[汤K8s] ⏳ 暂无任务，休息60秒...
[殷用户] ⏳ 暂无任务，休息60秒...
[罗隔离] ⏳ 暂无任务，休息60秒...
[毕配置] ⏳ 暂无任务，休息60秒...
[周右弼] ⏳ 暂无任务，休息60秒...
[乐法律] ⏳ 暂无任务，休息60秒...
[于道德] ⏳ 暂无任务，休息60秒...
[时权限] ⏳ 暂无任务，休息60秒...
[薛贪狼] ⏳ 暂无任务，休息60秒...
[雷ASR] ⏳ 暂无任务，休息60秒...
[贺TTS] ⏳ 暂无任务，休息60秒...
[贡数字人] ⏳ 暂无任务，休息60秒...
[齐辅弼] ⏳ 暂无任务，休息60秒...
[康网关] ⏳ 暂无任务，休息60秒...
[和产品] ⏳ 暂无任务，休息60秒...
[穆文档] ⏳ 暂无任务，休息60秒...
[黄漂移] ⏳ 暂无任务，休息60秒...
[周进化] ⏳ 暂无任务，休息60秒...
[吴模板] ⏳ 暂无任务，休息60秒...
[周禄存] ⏳ 暂无任务，休息60秒...
[郑路由] ⏳ 暂无任务，休息60秒...
[王规划] ⏳ 暂无任务，休息60秒...
[冯优化] ⏳ 暂无任务，休息60秒...
[钱调度] ⏳ 暂无任务，休息60秒...
[陈元灵] ⏳ 暂无任务，休息60秒...
[林对齐] ⏳ 暂无任务，休息60秒...
[朱图谱] ⏳ 暂无任务，休息60秒...
[平心理] ⏳ 暂无任务，休息60秒...
[水版本] ⏳ 暂无任务，休息60秒...
[葛消息] ⏳ 暂无任务，休息60秒...
[皮审计] ⏳ 暂无任务，休息60秒...
[赏界面] ⏳ 暂无任务，休息60秒...
[财SDK] ⏳ 暂无任务，休息60秒...
[蒋巨门] ⏳ 暂无任务，休息60秒...
[沈记忆] ⏳ 暂无任务，休息60秒...
[韩向量] ⏳ 暂无任务，休息60秒...
[杨检索] ⏳ 暂无任务，休息60秒...
[伍廉贞] ⏳ 暂无任务，休息60秒...
[余情绪] ⏳ 暂无任务，休息60秒...
[元人格] ⏳ 暂无任务，休息60秒...
[孟一致] ⏳ 暂无任务，休息60秒...
[谢武功] ⏳ 暂无任务，休息60秒...
[邹接口] ⏳ 暂无任务，休息60秒...
[喻发现] ⏳ 暂无任务，休息60秒...
[柏依赖] ⏳ 暂无任务，休息60秒...
[章破军] ⏳ 暂无任务，休息60秒...
[云沙箱] ⏳ 暂无任务，休息60秒...
[苏容器] ⏳ 暂无任务，休息60秒...
[潘外呼] ⏳ 暂无任务，休息60秒...
[倪左辅] ⏳ 暂无任务，休息60秒...
[汤K8s] ⏳ 暂无任务，休息60秒...
[殷用户] ⏳ 暂无任务，休息60秒...
[罗隔离] ⏳ 暂无任务，休息60秒...
[毕配置] ⏳ 暂无任务，休息60秒...
[周右弼] ⏳ 暂无任务，休息60秒...
[乐法律] ⏳ 暂无任务，休息60秒...
[于道德] ⏳ 暂无任务，休息60秒...
[时权限] ⏳ 暂无任务，休息60秒...
[薛贪狼] ⏳ 暂无任务，休息60秒...
[雷ASR] ⏳ 暂无任务，休息60秒...
[贺TTS] ⏳ 暂无任务，休息60秒...
[贡数字人] ⏳ 暂无任务，休息60秒...
[齐辅弼] ⏳ 暂无任务，休息60秒...
[康网关] ⏳ 暂无任务，休息60秒...
[和产品] ⏳ 暂无任务，休息60秒...
[穆文档] ⏳ 暂无任务，休息60秒...
[黄漂移] ⏳ 暂无任务，休息60秒...
[周进化] ⏳ 暂无任务，休息60秒...
[吴模板] ⏳ 暂无任务，休息60秒...
[周禄存] ⏳ 暂无任务，休息60秒...
[郑路由] ⏳ 暂无任务，休息60秒...
[王规划] ⏳ 暂无任务，休息60秒...
[冯优化] ⏳ 暂无任务，休息60秒...
[钱调度] ⏳ 暂无任务，休息60秒...
[陈元灵] ⏳ 暂无任务，休息60秒...
[林对齐] ⏳ 暂无任务，休息60秒...
[朱图谱] ⏳ 暂无任务，休息60秒...
[平心理] ⏳ 暂无任务，休息60秒...
[水版本] ⏳ 暂无任务，休息60秒...
[葛消息] ⏳ 暂无任务，休息60秒...
[皮审计] ⏳ 暂无任务，休息60秒...
[赏界面] ⏳ 暂无任务，休息60秒...
[财SDK] ⏳ 暂无任务，休息60秒...
[蒋巨门] ⏳ 暂无任务，休息60秒...
[沈记忆] ⏳ 暂无任务，休息60秒...
[韩向量] ⏳ 暂无任务，休息60秒...
[杨检索] ⏳ 暂无任务，休息60秒...
[伍廉贞] ⏳ 暂无任务，休息60秒...
[余情绪] ⏳ 暂无任务，休息60秒...
[元人格] ⏳ 暂无任务，休息60秒...
[孟一致] ⏳ 暂无任务，休息60秒...
[谢武功] ⏳ 暂无任务，休息60秒...
[邹接口] ⏳ 暂无任务，休息60秒...
[喻发现] ⏳ 暂无任务，休息60秒...
[柏依赖] ⏳ 暂无任务，休息60秒...
[章破军] ⏳ 暂无任务，休息60秒...
[云沙箱] ⏳ 暂无任务，休息60秒...
[苏容器] ⏳ 暂无任务，休息60秒...
[潘外呼] ⏳ 暂无任务，休息60秒...
[倪左辅] ⏳ 暂无任务，休息60秒...
[汤K8s] ⏳ 暂无任务，休息60秒...
[殷用户] ⏳ 暂无任务，休息60秒...
[罗隔离] ⏳ 暂无任务，休息60秒...
[毕配置] ⏳ 暂无任务，休息60秒...
[周右弼] ⏳ 暂无任务，休息60秒...
[乐法律] ⏳ 暂无任务，休息60秒...
[于道德] ⏳ 暂无任务，休息60秒...
[时权限] ⏳ 暂无任务，休息60秒...
[薛贪狼] ⏳ 暂无任务，休息60秒...
[雷ASR] ⏳ 暂无任务，休息60秒...
[贺TTS] ⏳ 暂无任务，休息60秒...
[贡数字人] ⏳ 暂无任务，休息60秒...
[齐辅弼] ⏳ 暂无任务，休息60秒...
[康网关] ⏳ 暂无任务，休息60秒...
[和产品] ⏳ 暂无任务，休息60秒...
[穆文档] ⏳ 暂无任务，休息60秒...
[黄漂移] ⏳ 暂无任务，休息60秒...
[周进化] ⏳ 暂无任务，休息60秒...
[吴模板] ⏳ 暂无任务，休息60秒...
[周禄存] ⏳ 暂无任务，休息60秒...
[郑路由] ⏳ 暂无任务，休息60秒...
[王规划] ⏳ 暂无任务，休息60秒...
[冯优化] ⏳ 暂无任务，休息60秒...
[钱调度] ⏳ 暂无任务，休息60秒...
[陈元灵] ⏳ 暂无任务，休息60秒...
[林对齐] ⏳ 暂无任务，休息60秒...
[朱图谱] ⏳ 暂无任务，休息60秒...
[平心理] ⏳ 暂无任务，休息60秒...
[水版本] ⏳ 暂无任务，休息60秒...
[葛消息] ⏳ 暂无任务，休息60秒...
[皮审计] ⏳ 暂无任务，休息60秒...
[赏界面] ⏳ 暂无任务，休息60秒...
[财SDK] ⏳ 暂无任务，休息60秒...
[蒋巨门] ⏳ 暂无任务，休息60秒...
[沈记忆] ⏳ 暂无任务，休息60秒...
[韩向量] ⏳ 暂无任务，休息60秒...
[杨检索] ⏳ 暂无任务，休息60秒...
[伍廉贞] ⏳ 暂无任务，休息60秒...
[余情绪] ⏳ 暂无任务，休息60秒...
[元人格] ⏳ 暂无任务，休息60秒...
[孟一致] ⏳ 暂无任务，休息60秒...
[谢武功] ⏳ 暂无任务，休息60秒...
[邹接口] ⏳ 暂无任务，休息60秒...
[喻发现] ⏳ 暂无任务，休息60秒...
[柏依赖] ⏳ 暂无任务，休息60秒...
[章破军] ⏳ 暂无任务，休息60秒...
[云沙箱] ⏳ 暂无任务，休息60秒...
[苏容器] ⏳ 暂无任务，休息60秒...
[潘外呼] ⏳ 暂无任务，休息60秒...
[倪左辅] ⏳ 暂无任务，休息60秒...
[汤K8s] ⏳ 暂无任务，休息60秒...
[殷用户] ⏳ 暂无任务，休息60秒...
[罗隔离] ⏳ 暂无任务，休息60秒...
[毕配置] ⏳ 暂无任务，休息60秒...
[周右弼] ⏳ 暂无任务，休息60秒...
[乐法律] ⏳ 暂无任务，休息60秒...
[于道德] ⏳ 暂无任务，休息60秒...
[时权限] ⏳ 暂无任务，休息60秒...
[薛贪狼] ⏳ 暂无任务，休息60秒...
[雷ASR] ⏳ 暂无任务，休息60秒...
[贺TTS] ⏳ 暂无任务，休息60秒...
[贡数字人] ⏳ 暂无任务，休息60秒...
[齐辅弼] ⏳ 暂无任务，休息60秒...
[康网关] ⏳ 暂无任务，休息60秒...
[和产品] ⏳ 暂无任务，休息60秒...
[穆文档] ⏳ 暂无任务，休息60秒...
[黄漂移] ⏳ 暂无任务，休息60秒...
[周进化] ⏳ 暂无任务，休息60秒...
[吴模板] ⏳ 暂无任务，休息60秒...
[周禄存] ⏳ 暂无任务，休息60秒...
[郑路由] ⏳ 暂无任务，休息60秒...
[王规划] ⏳ 暂无任务，休息60秒...
[冯优化] ⏳ 暂无任务，休息60秒...
[钱调度] ⏳ 暂无任务，休息60秒...
[陈元灵] ⏳ 暂无任务，休息60秒...
[林对齐] ⏳ 暂无任务，休息60秒...
[朱图谱] ⏳ 暂无任务，休息60秒...
[平心理] ⏳ 暂无任务，休息60秒...
[水版本] ⏳ 暂无任务，休息60秒...
[葛消息] ⏳ 暂无任务，休息60秒...
[皮审计] ⏳ 暂无任务，休息60秒...
[赏界面] ⏳ 暂无任务，休息60秒...
[财SDK] ⏳ 暂无任务，休息60秒...
[蒋巨门] ⏳ 暂无任务，休息60秒...
[沈记忆] ⏳ 暂无任务，休息60秒...
[韩向量] ⏳ 暂无任务，休息60秒...
[杨检索] ⏳ 暂无任务，休息60秒...
[伍廉贞] ⏳ 暂无任务，休息60秒...
[余情绪] ⏳ 暂无任务，休息60秒...
[元人格] ⏳ 暂无任务，休息60秒...
[孟一致] ⏳ 暂无任务，休息60秒...
[谢武功] ⏳ 暂无任务，休息60秒...
[邹接口] ⏳ 暂无任务，休息60秒...
[喻发现] ⏳ 暂无任务，休息60秒...
[柏依赖] ⏳ 暂无任务，休息60秒...
[章破军] ⏳ 暂无任务，休息60秒...
[云沙箱] ⏳ 暂无任务，休息60秒...
[苏容器] ⏳ 暂无任务，休息60秒...
[潘外呼] ⏳ 暂无任务，休息60秒...
[倪左辅] ⏳ 暂无任务，休息60秒...
[汤K8s] ⏳ 暂无任务，休息60秒...
[殷用户] ⏳ 暂无任务，休息60秒...
[罗隔离] ⏳ 暂无任务，休息60秒...
[毕配置] ⏳ 暂无任务，休息60秒...
[周右弼] ⏳ 暂无任务，休息60秒...
[乐法律] ⏳ 暂无任务，休息60秒...
[于道德] ⏳ 暂无任务，休息60秒...
[时权限] ⏳ 暂无任务，休息60秒...
[薛贪狼] ⏳ 暂无任务，休息60秒...
[雷ASR] ⏳ 暂无任务，休息60秒...
[贺TTS] ⏳ 暂无任务，休息60秒...
[贡数字人] ⏳ 暂无任务，休息60秒...
[齐辅弼] ⏳ 暂无任务，休息60秒...
[康网关] ⏳ 暂无任务，休息60秒...
[和产品] ⏳ 暂无任务，休息60秒...
[穆文档] ⏳ 暂无任务，休息60秒...
[黄漂移] ⏳ 暂无任务，休息60秒...
[周进化] ⏳ 暂无任务，休息60秒...
[吴模板] ⏳ 暂无任务，休息60秒...
[周禄存] ⏳ 暂无任务，休息60秒...
[郑路由] ⏳ 暂无任务，休息60秒...
[王规划] ⏳ 暂无任务，休息60秒...
[冯优化] ⏳ 暂无任务，休息60秒...
[钱调度] ⏳ 暂无任务，休息60秒...
[陈元灵] ⏳ 暂无任务，休息60秒...
[林对齐] ⏳ 暂无任务，休息60秒...
[朱图谱] ⏳ 暂无任务，休息60秒...
[平心理] ⏳ 暂无任务，休息60秒...
[水版本] ⏳ 暂无任务，休息60秒...
[葛消息] ⏳ 暂无任务，休息60秒...
[皮审计] ⏳ 暂无任务，休息60秒...
[赏界面] ⏳ 暂无任务，休息60秒...
[财SDK] ⏳ 暂无任务，休息60秒...
[蒋巨门] ⏳ 暂无任务，休息60秒...
[沈记忆] ⏳ 暂无任务，休息60秒...
[韩向量] ⏳ 暂无任务，休息60秒...
[杨检索] ⏳ 暂无任务，休息60秒...
[伍廉贞] ⏳ 暂无任务，休息60秒...
[余情绪] ⏳ 暂无任务，休息60秒...
[元人格] ⏳ 暂无任务，休息60秒...
[孟一致] ⏳ 暂无任务，休息60秒...
[谢武功] ⏳ 暂无任务，休息60秒...
[邹接口] ⏳ 暂无任务，休息60秒...
[喻发现] ⏳ 暂无任务，休息60秒...
[柏依赖] ⏳ 暂无任务，休息60秒...
[章破军] ⏳ 暂无任务，休息60秒...
[云沙箱] ⏳ 暂无任务，休息60秒...
[苏容器] ⏳ 暂无任务，休息60秒...
[潘外呼] ⏳ 暂无任务，休息60秒...
[倪左辅] ⏳ 暂无任务，休息60秒...
[汤K8s] ⏳ 暂无任务，休息60秒...
[殷用户] ⏳ 暂无任务，休息60秒...
[罗隔离] ⏳ 暂无任务，休息60秒...
[毕配置] ⏳ 暂无任务，休息60秒...
[周右弼] ⏳ 暂无任务，休息60秒...
[乐法律] ⏳ 暂无任务，休息60秒...
[于道德] ⏳ 暂无任务，休息60秒...
[时权限] ⏳ 暂无任务，休息60秒...
[薛贪狼] ⏳ 暂无任务，休息60秒...
[雷ASR] ⏳ 暂无任务，休息60秒...
[贺TTS] ⏳ 暂无任务，休息60秒...
[贡数字人] ⏳ 暂无任务，休息60秒...
[齐辅弼] ⏳ 暂无任务，休息60秒...
[康网关] ⏳ 暂无任务，休息60秒...
[和产品] ⏳ 暂无任务，休息60秒...
[穆文档] ⏳ 暂无任务，休息60秒...
[黄漂移] ⏳ 暂无任务，休息60秒...
[周进化] ⏳ 暂无任务，休息60秒...
[吴模板] ⏳ 暂无任务，休息60秒...
[周禄存] ⏳ 暂无任务，休息60秒...
[郑路由] ⏳ 暂无任务，休息60秒...
[王规划] ⏳ 暂无任务，休息60秒...
[冯优化] ⏳ 暂无任务，休息60秒...
[钱调度] ⏳ 暂无任务，休息60秒...
[陈元灵] ⏳ 暂无任务，休息60秒...
[林对齐] ⏳ 暂无任务，休息60秒...
[朱图谱] ⏳ 暂无任务，休息60秒...
[平心理] ⏳ 暂无任务，休息60秒...
[水版本] ⏳ 暂无任务，休息60秒...
[葛消息] ⏳ 暂无任务，休息60秒...
[皮审计] ⏳ 暂无任务，休息60秒...
[赏界面] ⏳ 暂无任务，休息60秒...
[财SDK] ⏳ 暂无任务，休息60秒...
[蒋巨门] ⏳ 暂无任务，休息60秒...
[沈记忆] ⏳ 暂无任务，休息60秒...
[韩向量] ⏳ 暂无任务，休息60秒...
[杨检索] ⏳ 暂无任务，休息60秒...
[伍廉贞] ⏳ 暂无任务，休息60秒...
[余情绪] ⏳ 暂无任务，休息60秒...
[元人格] ⏳ 暂无任务，休息60秒...
[孟一致] ⏳ 暂无任务，休息60秒...
[谢武功] ⏳ 暂无任务，休息60秒...
[邹接口] ⏳ 暂无任务，休息60秒...
[喻发现] ⏳ 暂无任务，休息60秒...
[柏依赖] ⏳ 暂无任务，休息60秒...
[章破军] ⏳ 暂无任务，休息60秒...
[云沙箱] ⏳ 暂无任务，休息60秒...
[苏容器] ⏳ 暂无任务，休息60秒...
[潘外呼] ⏳ 暂无任务，休息60秒...
[倪左辅] ⏳ 暂无任务，休息60秒...
[汤K8s] ⏳ 暂无任务，休息60秒...
[殷用户] ⏳ 暂无任务，休息60秒...
[罗隔离] ⏳ 暂无任务，休息60秒...
[毕配置] ⏳ 暂无任务，休息60秒...
[周右弼] ⏳ 暂无任务，休息60秒...
[乐法律] ⏳ 暂无任务，休息60秒...
[于道德] ⏳ 暂无任务，休息60秒...
[时权限] ⏳ 暂无任务，休息60秒...
[薛贪狼] ⏳ 暂无任务，休息60秒...
[雷ASR] ⏳ 暂无任务，休息60秒...
[贺TTS] ⏳ 暂无任务，休息60秒...
[贡数字人] ⏳ 暂无任务，休息60秒...
[齐辅弼] ⏳ 暂无任务，休息60秒...
[康网关] ⏳ 暂无任务，休息60秒...
[和产品] ⏳ 暂无任务，休息60秒...
[穆文档] ⏳ 暂无任务，休息60秒...
[黄漂移] ⏳ 暂无任务，休息60秒...
[周进化] ⏳ 暂无任务，休息60秒...
[吴模板] ⏳ 暂无任务，休息60秒...
[周禄存] ⏳ 暂无任务，休息60秒...
[郑路由] ⏳ 暂无任务，休息60秒...
[王规划] ⏳ 暂无任务，休息60秒...
[冯优化] ⏳ 暂无任务，休息60秒...
[钱调度] ⏳ 暂无任务，休息60秒...
[陈元灵] ⏳ 暂无任务，休息60秒...
[林对齐] ⏳ 暂无任务，休息60秒...
[朱图谱] ⏳ 暂无任务，休息60秒...
[平心理] ⏳ 暂无任务，休息60秒...
[水版本] ⏳ 暂无任务，休息60秒...
[葛消息] ⏳ 暂无任务，休息60秒...
[皮审计] ⏳ 暂无任务，休息60秒...
[赏界面] ⏳ 暂无任务，休息60秒...
[财SDK] ⏳ 暂无任务，休息60秒...
[蒋巨门] ⏳ 暂无任务，休息60秒...
[沈记忆] ⏳ 暂无任务，休息60秒...
[韩向量] ⏳ 暂无任务，休息60秒...
[杨检索] ⏳ 暂无任务，休息60秒...
[伍廉贞] ⏳ 暂无任务，休息60秒...
[余情绪] ⏳ 暂无任务，休息60秒...
[元人格] ⏳ 暂无任务，休息60秒...
[孟一致] ⏳ 暂无任务，休息60秒...
[谢武功] ⏳ 暂无任务，休息60秒...
[邹接口] ⏳ 暂无任务，休息60秒...
[喻发现] ⏳ 暂无任务，休息60秒...
[柏依赖] ⏳ 暂无任务，休息60秒...
[章破军] ⏳ 暂无任务，休息60秒...
[云沙箱] ⏳ 暂无任务，休息60秒...
[苏容器] ⏳ 暂无任务，休息60秒...
[潘外呼] ⏳ 暂无任务，休息60秒...
[倪左辅] ⏳ 暂无任务，休息60秒...
[汤K8s] ⏳ 暂无任务，休息60秒...
[殷用户] ⏳ 暂无任务，休息60秒...
[罗隔离] ⏳ 暂无任务，休息60秒...
[毕配置] ⏳ 暂无任务，休息60秒...
[周右弼] ⏳ 暂无任务，休息60秒...
[乐法律] ⏳ 暂无任务，休息60秒...
[于道德] ⏳ 暂无任务，休息60秒...
[时权限] ⏳ 暂无任务，休息60秒...
[薛贪狼] ⏳ 暂无任务，休息60秒...
[雷ASR] ⏳ 暂无任务，休息60秒...
[贺TTS] ⏳ 暂无任务，休息60秒...
[贡数字人] ⏳ 暂无任务，休息60秒...
[齐辅弼] ⏳ 暂无任务，休息60秒...
[康网关] ⏳ 暂无任务，休息60秒...
[和产品] ⏳ 暂无任务，休息60秒...
[穆文档] ⏳ 暂无任务，休息60秒...
[黄漂移] ⏳ 暂无任务，休息60秒...
[周进化] ⏳ 暂无任务，休息60秒...
[吴模板] ⏳ 暂无任务，休息60秒...
[周禄存] ⏳ 暂无任务，休息60秒...
[郑路由] ⏳ 暂无任务，休息60秒...
[王规划] ⏳ 暂无任务，休息60秒...
[冯优化] ⏳ 暂无任务，休息60秒...
[钱调度] ⏳ 暂无任务，休息60秒...
[陈元灵] ⏳ 暂无任务，休息60秒...
[林对齐] ⏳ 暂无任务，休息60秒...
[朱图谱] ⏳ 暂无任务，休息60秒...
[平心理] ⏳ 暂无任务，休息60秒...
[水版本] ⏳ 暂无任务，休息60秒...
[葛消息] ⏳ 暂无任务，休息60秒...
[皮审计] ⏳ 暂无任务，休息60秒...
[赏界面] ⏳ 暂无任务，休息60秒...
[财SDK] ⏳ 暂无任务，休息60秒...
[蒋巨门] ⏳ 暂无任务，休息60秒...
[沈记忆] ⏳ 暂无任务，休息60秒...
[韩向量] ⏳ 暂无任务，休息60秒...
[杨检索] ⏳ 暂无任务，休息60秒...
[伍廉贞] ⏳ 暂无任务，休息60秒...
[余情绪] ⏳ 暂无任务，休息60秒...
[元人格] ⏳ 暂无任务，休息60秒...
[孟一致] ⏳ 暂无任务，休息60秒...
[谢武功] ⏳ 暂无任务，休息60秒...
[邹接口] ⏳ 暂无任务，休息60秒...
[喻发现] ⏳ 暂无任务，休息60秒...
[柏依赖] ⏳ 暂无任务，休息60秒...
[章破军] ⏳ 暂无任务，休息60秒...
[云沙箱] ⏳ 暂无任务，休息60秒...
[苏容器] ⏳ 暂无任务，休息60秒...
[潘外呼] ⏳ 暂无任务，休息60秒...
[倪左辅] ⏳ 暂无任务，休息60秒...
[汤K8s] ⏳ 暂无任务，休息60秒...
[殷用户] ⏳ 暂无任务，休息60秒...
[罗隔离] ⏳ 暂无任务，休息60秒...
[毕配置] ⏳ 暂无任务，休息60秒...
[周右弼] ⏳ 暂无任务，休息60秒...
[乐法律] ⏳ 暂无任务，休息60秒...
[于道德] ⏳ 暂无任务，休息60秒...
[时权限] ⏳ 暂无任务，休息60秒...
[薛贪狼] ⏳ 暂无任务，休息60秒...
[雷ASR] ⏳ 暂无任务，休息60秒...
[贺TTS] ⏳ 暂无任务，休息60秒...
[贡数字人] ⏳ 暂无任务，休息60秒...
[齐辅弼] ⏳ 暂无任务，休息60秒...
[康网关] ⏳ 暂无任务，休息60秒...
[和产品] ⏳ 暂无任务，休息60秒...
[穆文档] ⏳ 暂无任务，休息60秒...
[黄漂移] ⏳ 暂无任务，休息60秒...
[周进化] ⏳ 暂无任务，休息60秒...
[吴模板] ⏳ 暂无任务，休息60秒...
[周禄存] ⏳ 暂无任务，休息60秒...
[郑路由] ⏳ 暂无任务，休息60秒...
[王规划] ⏳ 暂无任务，休息60秒...
[冯优化] ⏳ 暂无任务，休息60秒...
[钱调度] ⏳ 暂无任务，休息60秒...
[陈元灵] ⏳ 暂无任务，休息60秒...
[林对齐] ⏳ 暂无任务，休息60秒...
[朱图谱] ⏳ 暂无任务，休息60秒...
[平心理] ⏳ 暂无任务，休息60秒...
[水版本] ⏳ 暂无任务，休息60秒...
[葛消息] ⏳ 暂无任务，休息60秒...
[皮审计] ⏳ 暂无任务，休息60秒...
[赏界面] ⏳ 暂无任务，休息60秒...
[财SDK] ⏳ 暂无任务，休息60秒...
[蒋巨门] ⏳ 暂无任务，休息60秒...
[沈记忆] ⏳ 暂无任务，休息60秒...
[韩向量] ⏳ 暂无任务，休息60秒...
[杨检索] ⏳ 暂无任务，休息60秒...
[伍廉贞] ⏳ 暂无任务，休息60秒...
[余情绪] ⏳ 暂无任务，休息60秒...
[元人格] ⏳ 暂无任务，休息60秒...
[孟一致] ⏳ 暂无任务，休息60秒...
[谢武功] ⏳ 暂无任务，休息60秒...
[邹接口] ⏳ 暂无任务，休息60秒...
[喻发现] ⏳ 暂无任务，休息60秒...
[柏依赖] ⏳ 暂无任务，休息60秒...
[章破军] ⏳ 暂无任务，休息60秒...
[云沙箱] ⏳ 暂无任务，休息60秒...
[苏容器] ⏳ 暂无任务，休息60秒...
[潘外呼] ⏳ 暂无任务，休息60秒...
[倪左辅] ⏳ 暂无任务，休息60秒...
[汤K8s] ⏳ 暂无任务，休息60秒...
[殷用户] ⏳ 暂无任务，休息60秒...
[罗隔离] ⏳ 暂无任务，休息60秒...
[毕配置] ⏳ 暂无任务，休息60秒...
[周右弼] ⏳ 暂无任务，休息60秒...
[乐法律] ⏳ 暂无任务，休息60秒...
[于道德] ⏳ 暂无任务，休息60秒...
[时权限] ⏳ 暂无任务，休息60秒...
[薛贪狼] ⏳ 暂无任务，休息60秒...
[雷ASR] ⏳ 暂无任务，休息60秒...
[贺TTS] ⏳ 暂无任务，休息60秒...
[贡数字人] ⏳ 暂无任务，休息60秒...
[齐辅弼] ⏳ 暂无任务，休息60秒...
[康网关] ⏳ 暂无任务，休息60秒...
[和产品] ⏳ 暂无任务，休息60秒...
[穆文档] ⏳ 暂无任务，休息60秒...
[黄漂移] ⏳ 暂无任务，休息60秒...
[周进化] ⏳ 暂无任务，休息60秒...
[吴模板] ⏳ 暂无任务，休息60秒...
[周禄存] ⏳ 暂无任务，休息60秒...
[郑路由] ⏳ 暂无任务，休息60秒...
[王规划] ⏳ 暂无任务，休息60秒...
[冯优化] ⏳ 暂无任务，休息60秒...
[钱调度] ⏳ 暂无任务，休息60秒...
[陈元灵] ⏳ 暂无任务，休息60秒...
[林对齐] ⏳ 暂无任务，休息60秒...
[朱图谱] ⏳ 暂无任务，休息60秒...
[平心理] ⏳ 暂无任务，休息60秒...
[水版本] ⏳ 暂无任务，休息60秒...
[葛消息] ⏳ 暂无任务，休息60秒...
[皮审计] ⏳ 暂无任务，休息60秒...
[赏界面] ⏳ 暂无任务，休息60秒...
[财SDK] ⏳ 暂无任务，休息60秒...
[蒋巨门] ⏳ 暂无任务，休息60秒...
[沈记忆] ⏳ 暂无任务，休息60秒...
[韩向量] ⏳ 暂无任务，休息60秒...
[杨检索] ⏳ 暂无任务，休息60秒...
[伍廉贞] ⏳ 暂无任务，休息60秒...
[余情绪] ⏳ 暂无任务，休息60秒...
[元人格] ⏳ 暂无任务，休息60秒...
[孟一致] ⏳ 暂无任务，休息60秒...
[谢武功] ⏳ 暂无任务，休息60秒...
[邹接口] ⏳ 暂无任务，休息60秒...
[喻发现] ⏳ 暂无任务，休息60秒...
[柏依赖] ⏳ 暂无任务，休息60秒...
[章破军] ⏳ 暂无任务，休息60秒...
[云沙箱] ⏳ 暂无任务，休息60秒...
[苏容器] ⏳ 暂无任务，休息60秒...
[潘外呼] ⏳ 暂无任务，休息60秒...
[倪左辅] ⏳ 暂无任务，休息60秒...
[汤K8s] ⏳ 暂无任务，休息60秒...
[殷用户] ⏳ 暂无任务，休息60秒...
[罗隔离] ⏳ 暂无任务，休息60秒...
[毕配置] ⏳ 暂无任务，休息60秒...
[周右弼] ⏳ 暂无任务，休息60秒...
[乐法律] ⏳ 暂无任务，休息60秒...
[于道德] ⏳ 暂无任务，休息60秒...
[时权限] ⏳ 暂无任务，休息60秒...
[薛贪狼] ⏳ 暂无任务，休息60秒...
[雷ASR] ⏳ 暂无任务，休息60秒...
[贺TTS] ⏳ 暂无任务，休息60秒...
[贡数字人] ⏳ 暂无任务，休息60秒...
[齐辅弼] ⏳ 暂无任务，休息60秒...
[康网关] ⏳ 暂无任务，休息60秒...
[和产品] ⏳ 暂无任务，休息60秒...
[穆文档] ⏳ 暂无任务，休息60秒...
[黄漂移] ⏳ 暂无任务，休息60秒...
[周进化] ⏳ 暂无任务，休息60秒...
[吴模板] ⏳ 暂无任务，休息60秒...
[周禄存] ⏳ 暂无任务，休息60秒...
[郑路由] ⏳ 暂无任务，休息60秒...
[王规划] ⏳ 暂无任务，休息60秒...
[冯优化] ⏳ 暂无任务，休息60秒...
[钱调度] ⏳ 暂无任务，休息60秒...
[陈元灵] ⏳ 暂无任务，休息60秒...
[林对齐] ⏳ 暂无任务，休息60秒...
[朱图谱] ⏳ 暂无任务，休息60秒...
[平心理] ⏳ 暂无任务，休息60秒...
[水版本] ⏳ 暂无任务，休息60秒...
[葛消息] ⏳ 暂无任务，休息60秒...
[皮审计] ⏳ 暂无任务，休息60秒...
[赏界面] ⏳ 暂无任务，休息60秒...
[财SDK] ⏳ 暂无任务，休息60秒...
[蒋巨门] ⏳ 暂无任务，休息60秒...
[沈记忆] ⏳ 暂无任务，休息60秒...
[韩向量] ⏳ 暂无任务，休息60秒...
[杨检索] ⏳ 暂无任务，休息60秒...
[伍廉贞] ⏳ 暂无任务，休息60秒...
[余情绪] ⏳ 暂无任务，休息60秒...
[元人格] ⏳ 暂无任务，休息60秒...
[孟一致] ⏳ 暂无任务，休息60秒...
[谢武功] ⏳ 暂无任务，休息60秒...
[邹接口] ⏳ 暂无任务，休息60秒...
[喻发现] ⏳ 暂无任务，休息60秒...
[柏依赖] ⏳ 暂无任务，休息60秒...
[章破军] ⏳ 暂无任务，休息60秒...
[云沙箱] ⏳ 暂无任务，休息60秒...
[苏容器] ⏳ 暂无任务，休息60秒...
[潘外呼] ⏳ 暂无任务，休息60秒...
[倪左辅] ⏳ 暂无任务，休息60秒...
[汤K8s] ⏳ 暂无任务，休息60秒...
[殷用户] ⏳ 暂无任务，休息60秒...
[罗隔离] ⏳ 暂无任务，休息60秒...
[毕配置] ⏳ 暂无任务，休息60秒...
[周右弼] ⏳ 暂无任务，休息60秒...
[乐法律] ⏳ 暂无任务，休息60秒...
[于道德] ⏳ 暂无任务，休息60秒...
[时权限] ⏳ 暂无任务，休息60秒...
[薛贪狼] ⏳ 暂无任务，休息60秒...
[雷ASR] ⏳ 暂无任务，休息60秒...
[贺TTS] ⏳ 暂无任务，休息60秒...
[贡数字人] ⏳ 暂无任务，休息60秒...
[齐辅弼] ⏳ 暂无任务，休息60秒...
[康网关] ⏳ 暂无任务，休息60秒...
[和产品] ⏳ 暂无任务，休息60秒...
[穆文档] ⏳ 暂无任务，休息60秒...
[黄漂移] ⏳ 暂无任务，休息60秒...
[周进化] ⏳ 暂无任务，休息60秒...
[吴模板] ⏳ 暂无任务，休息60秒...
[周禄存] ⏳ 暂无任务，休息60秒...
[郑路由] ⏳ 暂无任务，休息60秒...
[王规划] ⏳ 暂无任务，休息60秒...
[冯优化] ⏳ 暂无任务，休息60秒...
[钱调度] ⏳ 暂无任务，休息60秒...
[陈元灵] ⏳ 暂无任务，休息60秒...
[林对齐] ⏳ 暂无任务，休息60秒...
[朱图谱] ⏳ 暂无任务，休息60秒...
[平心理] ⏳ 暂无任务，休息60秒...
[水版本] ⏳ 暂无任务，休息60秒...
[葛消息] ⏳ 暂无任务，休息60秒...
[皮审计] ⏳ 暂无任务，休息60秒...
[赏界面] ⏳ 暂无任务，休息60秒...
[财SDK] ⏳ 暂无任务，休息60秒...
[蒋巨门] ⏳ 暂无任务，休息60秒...
[沈记忆] ⏳ 暂无任务，休息60秒...
[韩向量] ⏳ 暂无任务，休息60秒...
[杨检索] ⏳ 暂无任务，休息60秒...
[伍廉贞] ⏳ 暂无任务，休息60秒...
[余情绪] ⏳ 暂无任务，休息60秒...
[元人格] ⏳ 暂无任务，休息60秒...
[孟一致] ⏳ 暂无任务，休息60秒...
[谢武功] ⏳ 暂无任务，休息60秒...
[邹接口] ⏳ 暂无任务，休息60秒...
[喻发现] ⏳ 暂无任务，休息60秒...
[柏依赖] ⏳ 暂无任务，休息60秒...
[章破军] ⏳ 暂无任务，休息60秒...
[云沙箱] ⏳ 暂无任务，休息60秒...
[苏容器] ⏳ 暂无任务，休息60秒...
[潘外呼] ⏳ 暂无任务，休息60秒...
[倪左辅] ⏳ 暂无任务，休息60秒...
[汤K8s] ⏳ 暂无任务，休息60秒...
[殷用户] ⏳ 暂无任务，休息60秒...
[罗隔离] ⏳ 暂无任务，休息60秒...
[毕配置] ⏳ 暂无任务，休息60秒...
[周右弼] ⏳ 暂无任务，休息60秒...
[乐法律] ⏳ 暂无任务，休息60秒...
[于道德] ⏳ 暂无任务，休息60秒...
[时权限] ⏳ 暂无任务，休息60秒...
[薛贪狼] ⏳ 暂无任务，休息60秒...
[雷ASR] ⏳ 暂无任务，休息60秒...
[贺TTS] ⏳ 暂无任务，休息60秒...
[贡数字人] ⏳ 暂无任务，休息60秒...
[齐辅弼] ⏳ 暂无任务，休息60秒...
[康网关] ⏳ 暂无任务，休息60秒...
[和产品] ⏳ 暂无任务，休息60秒...
[穆文档] ⏳ 暂无任务，休息60秒...
[黄漂移] ⏳ 暂无任务，休息60秒...
[周进化] ⏳ 暂无任务，休息60秒...
[吴模板] ⏳ 暂无任务，休息60秒...
[周禄存] ⏳ 暂无任务，休息60秒...
[郑路由] ⏳ 暂无任务，休息60秒...
[王规划] ⏳ 暂无任务，休息60秒...
[冯优化] ⏳ 暂无任务，休息60秒...
[钱调度] ⏳ 暂无任务，休息60秒...
[陈元灵] ⏳ 暂无任务，休息60秒...
[林对齐] ⏳ 暂无任务，休息60秒...
[朱图谱] ⏳ 暂无任务，休息60秒...
[平心理] ⏳ 暂无任务，休息60秒...
[水版本] ⏳ 暂无任务，休息60秒...
[葛消息] ⏳ 暂无任务，休息60秒...
[皮审计] ⏳ 暂无任务，休息60秒...
[赏界面] ⏳ 暂无任务，休息60秒...
[财SDK] ⏳ 暂无任务，休息60秒...
[蒋巨门] ⏳ 暂无任务，休息60秒...
[沈记忆] ⏳ 暂无任务，休息60秒...
[韩向量] ⏳ 暂无任务，休息60秒...
[杨检索] ⏳ 暂无任务，休息60秒...
[伍廉贞] ⏳ 暂无任务，休息60秒...
[余情绪] ⏳ 暂无任务，休息60秒...
[元人格] ⏳ 暂无任务，休息60秒...
[孟一致] ⏳ 暂无任务，休息60秒...
[谢武功] ⏳ 暂无任务，休息60秒...
[邹接口] ⏳ 暂无任务，休息60秒...
[喻发现] ⏳ 暂无任务，休息60秒...
[柏依赖] ⏳ 暂无任务，休息60秒...
[章破军] ⏳ 暂无任务，休息60秒...
[云沙箱] ⏳ 暂无任务，休息60秒...
[苏容器] ⏳ 暂无任务，休息60秒...
[潘外呼] ⏳ 暂无任务，休息60秒...
[倪左辅] ⏳ 暂无任务，休息60秒...
[汤K8s] ⏳ 暂无任务，休息60秒...
[殷用户] ⏳ 暂无任务，休息60秒...
[罗隔离] ⏳ 暂无任务，休息60秒...
[毕配置] ⏳ 暂无任务，休息60秒...
[周右弼] ⏳ 暂无任务，休息60秒...
[乐法律] ⏳ 暂无任务，休息60秒...
[于道德] ⏳ 暂无任务，休息60秒...
[时权限] ⏳ 暂无任务，休息60秒...
[薛贪狼] ⏳ 暂无任务，休息60秒...
[雷ASR] ⏳ 暂无任务，休息60秒...
[贺TTS] ⏳ 暂无任务，休息60秒...
[贡数字人] ⏳ 暂无任务，休息60秒...
[齐辅弼] ⏳ 暂无任务，休息60秒...
[康网关] ⏳ 暂无任务，休息60秒...
[和产品] ⏳ 暂无任务，休息60秒...
[穆文档] ⏳ 暂无任务，休息60秒...
[黄漂移] ⏳ 暂无任务，休息60秒...
[周进化] ⏳ 暂无任务，休息60秒...
[吴模板] ⏳ 暂无任务，休息60秒...
[周禄存] ⏳ 暂无任务，休息60秒...
[郑路由] ⏳ 暂无任务，休息60秒...
[王规划] ⏳ 暂无任务，休息60秒...
[冯优化] ⏳ 暂无任务，休息60秒...
[钱调度] ⏳ 暂无任务，休息60秒...
[陈元灵] ⏳ 暂无任务，休息60秒...
[林对齐] ⏳ 暂无任务，休息60秒...
[朱图谱] ⏳ 暂无任务，休息60秒...
[平心理] ⏳ 暂无任务，休息60秒...
[水版本] ⏳ 暂无任务，休息60秒...
[葛消息] ⏳ 暂无任务，休息60秒...
[皮审计] ⏳ 暂无任务，休息60秒...
[赏界面] ⏳ 暂无任务，休息60秒...
[财SDK] ⏳ 暂无任务，休息60秒...
[蒋巨门] ⏳ 暂无任务，休息60秒...
[沈记忆] ⏳ 暂无任务，休息60秒...
[韩向量] ⏳ 暂无任务，休息60秒...
[杨检索] ⏳ 暂无任务，休息60秒...
[伍廉贞] ⏳ 暂无任务，休息60秒...
[余情绪] ⏳ 暂无任务，休息60秒...
[元人格] ⏳ 暂无任务，休息60秒...
[孟一致] ⏳ 暂无任务，休息60秒...
[谢武功] ⏳ 暂无任务，休息60秒...
[邹接口] ⏳ 暂无任务，休息60秒...
[喻发现] ⏳ 暂无任务，休息60秒...
[柏依赖] ⏳ 暂无任务，休息60秒...
[章破军] ⏳ 暂无任务，休息60秒...
[云沙箱] ⏳ 暂无任务，休息60秒...
[苏容器] ⏳ 暂无任务，休息60秒...
[潘外呼] ⏳ 暂无任务，休息60秒...
[倪左辅] ⏳ 暂无任务，休息60秒...
[汤K8s] ⏳ 暂无任务，休息60秒...
[殷用户] ⏳ 暂无任务，休息60秒...
[罗隔离] ⏳ 暂无任务，休息60秒...
[毕配置] ⏳ 暂无任务，休息60秒...
[周右弼] ⏳ 暂无任务，休息60秒...
[乐法律] ⏳ 暂无任务，休息60秒...
[于道德] ⏳ 暂无任务，休息60秒...
[时权限] ⏳ 暂无任务，休息60秒...
[薛贪狼] ⏳ 暂无任务，休息60秒...
[雷ASR] ⏳ 暂无任务，休息60秒...
[贺TTS] ⏳ 暂无任务，休息60秒...
[贡数字人] ⏳ 暂无任务，休息60秒...
[齐辅弼] ⏳ 暂无任务，休息60秒...
[康网关] ⏳ 暂无任务，休息60秒...
[和产品] ⏳ 暂无任务，休息60秒...
[穆文档] ⏳ 暂无任务，休息60秒...
[黄漂移] ⏳ 暂无任务，休息60秒...
[周进化] ⏳ 暂无任务，休息60秒...
[吴模板] ⏳ 暂无任务，休息60秒...
[周禄存] ⏳ 暂无任务，休息60秒...
[郑路由] ⏳ 暂无任务，休息60秒...
[王规划] ⏳ 暂无任务，休息60秒...
[冯优化] ⏳ 暂无任务，休息60秒...
[钱调度] ⏳ 暂无任务，休息60秒...
[陈元灵] ⏳ 暂无任务，休息60秒...
[林对齐] ⏳ 暂无任务，休息60秒...
[朱图谱] ⏳ 暂无任务，休息60秒...
[平心理] ⏳ 暂无任务，休息60秒...
[水版本] ⏳ 暂无任务，休息60秒...
[葛消息] ⏳ 暂无任务，休息60秒...
[皮审计] ⏳ 暂无任务，休息60秒...
[赏界面] ⏳ 暂无任务，休息60秒...
[财SDK] ⏳ 暂无任务，休息60秒...
[蒋巨门] ⏳ 暂无任务，休息60秒...
[沈记忆] ⏳ 暂无任务，休息60秒...
[韩向量] ⏳ 暂无任务，休息60秒...
[杨检索] ⏳ 暂无任务，休息60秒...
[伍廉贞] ⏳ 暂无任务，休息60秒...
[余情绪] ⏳ 暂无任务，休息60秒...
[元人格] ⏳ 暂无任务，休息60秒...
[孟一致] ⏳ 暂无任务，休息60秒...
[谢武功] ⏳ 暂无任务，休息60秒...
[邹接口] ⏳ 暂无任务，休息60秒...
[喻发现] ⏳ 暂无任务，休息60秒...
[柏依赖] ⏳ 暂无任务，休息60秒...
[章破军] ⏳ 暂无任务，休息60秒...
[云沙箱] ⏳ 暂无任务，休息60秒...
[苏容器] ⏳ 暂无任务，休息60秒...
[潘外呼] ⏳ 暂无任务，休息60秒...
[倪左辅] ⏳ 暂无任务，休息60秒...
[汤K8s] ⏳ 暂无任务，休息60秒...
[殷用户] ⏳ 暂无任务，休息60秒...
[罗隔离] ⏳ 暂无任务，休息60秒...
[毕配置] ⏳ 暂无任务，休息60秒...
[周右弼] ⏳ 暂无任务，休息60秒...
[乐法律] ⏳ 暂无任务，休息60秒...
[于道德] ⏳ 暂无任务，休息60秒...
[时权限] ⏳ 暂无任务，休息60秒...
[薛贪狼] ⏳ 暂无任务，休息60秒...
[雷ASR] ⏳ 暂无任务，休息60秒...
[贺TTS] ⏳ 暂无任务，休息60秒...
[贡数字人] ⏳ 暂无任务，休息60秒...
[齐辅弼] ⏳ 暂无任务，休息60秒...
[康网关] ⏳ 暂无任务，休息60秒...
[和产品] ⏳ 暂无任务，休息60秒...
[穆文档] ⏳ 暂无任务，休息60秒...
[黄漂移] ⏳ 暂无任务，休息60秒...
[周进化] ⏳ 暂无任务，休息60秒...
[吴模板] ⏳ 暂无任务，休息60秒...
[周禄存] ⏳ 暂无任务，休息60秒...
[郑路由] ⏳ 暂无任务，休息60秒...
[王规划] ⏳ 暂无任务，休息60秒...
[冯优化] ⏳ 暂无任务，休息60秒...
[钱调度] ⏳ 暂无任务，休息60秒...
[陈元灵] ⏳ 暂无任务，休息60秒...
[林对齐] ⏳ 暂无任务，休息60秒...
[朱图谱] ⏳ 暂无任务，休息60秒...
[平心理] ⏳ 暂无任务，休息60秒...
[水版本] ⏳ 暂无任务，休息60秒...
[葛消息] ⏳ 暂无任务，休息60秒...
[皮审计] ⏳ 暂无任务，休息60秒...
[赏界面] ⏳ 暂无任务，休息60秒...
[财SDK] ⏳ 暂无任务，休息60秒...
[蒋巨门] ⏳ 暂无任务，休息60秒...
[沈记忆] ⏳ 暂无任务，休息60秒...
[韩向量] ⏳ 暂无任务，休息60秒...
[杨检索] ⏳ 暂无任务，休息60秒...
[伍廉贞] ⏳ 暂无任务，休息60秒...
[余情绪] ⏳ 暂无任务，休息60秒...
[元人格] ⏳ 暂无任务，休息60秒...
[孟一致] ⏳ 暂无任务，休息60秒...
[谢武功] ⏳ 暂无任务，休息60秒...
[邹接口] ⏳ 暂无任务，休息60秒...
[喻发现] ⏳ 暂无任务，休息60秒...
[柏依赖] ⏳ 暂无任务，休息60秒...
[章破军] ⏳ 暂无任务，休息60秒...
[云沙箱] ⏳ 暂无任务，休息60秒...
[苏容器] ⏳ 暂无任务，休息60秒...
[潘外呼] ⏳ 暂无任务，休息60秒...
[倪左辅] ⏳ 暂无任务，休息60秒...
[汤K8s] ⏳ 暂无任务，休息60秒...
[殷用户] ⏳ 暂无任务，休息60秒...
[罗隔离] ⏳ 暂无任务，休息60秒...
[毕配置] ⏳ 暂无任务，休息60秒...
[周右弼] ⏳ 暂无任务，休息60秒...
[乐法律] ⏳ 暂无任务，休息60秒...
[于道德] ⏳ 暂无任务，休息60秒...
[时权限] ⏳ 暂无任务，休息60秒...
[薛贪狼] ⏳ 暂无任务，休息60秒...
[雷ASR] ⏳ 暂无任务，休息60秒...
[贺TTS] ⏳ 暂无任务，休息60秒...
[贡数字人] ⏳ 暂无任务，休息60秒...
[齐辅弼] ⏳ 暂无任务，休息60秒...
[康网关] ⏳ 暂无任务，休息60秒...
[和产品] ⏳ 暂无任务，休息60秒...
[穆文档] ⏳ 暂无任务，休息60秒...
[黄漂移] ⏳ 暂无任务，休息60秒...
[周进化] ⏳ 暂无任务，休息60秒...
[吴模板] ⏳ 暂无任务，休息60秒...
[周禄存] ⏳ 暂无任务，休息60秒...
[郑路由] ⏳ 暂无任务，休息60秒...
[王规划] ⏳ 暂无任务，休息60秒...
[冯优化] ⏳ 暂无任务，休息60秒...
[钱调度] ⏳ 暂无任务，休息60秒...
[陈元灵] ⏳ 暂无任务，休息60秒...
[林对齐] ⏳ 暂无任务，休息60秒...
[朱图谱] ⏳ 暂无任务，休息60秒...
[平心理] ⏳ 暂无任务，休息60秒...
[水版本] ⏳ 暂无任务，休息60秒...
[葛消息] ⏳ 暂无任务，休息60秒...
[皮审计] ⏳ 暂无任务，休息60秒...
[赏界面] ⏳ 暂无任务，休息60秒...
[财SDK] ⏳ 暂无任务，休息60秒...
[蒋巨门] ⏳ 暂无任务，休息60秒...
[沈记忆] ⏳ 暂无任务，休息60秒...
[韩向量] ⏳ 暂无任务，休息60秒...
[杨检索] ⏳ 暂无任务，休息60秒...
[伍廉贞] ⏳ 暂无任务，休息60秒...
[余情绪] ⏳ 暂无任务，休息60秒...
[元人格] ⏳ 暂无任务，休息60秒...
[孟一致] ⏳ 暂无任务，休息60秒...
[谢武功] ⏳ 暂无任务，休息60秒...
[邹接口] ⏳ 暂无任务，休息60秒...
[喻发现] ⏳ 暂无任务，休息60秒...
[柏依赖] ⏳ 暂无任务，休息60秒...
[章破军] ⏳ 暂无任务，休息60秒...
[云沙箱] ⏳ 暂无任务，休息60秒...
[苏容器] ⏳ 暂无任务，休息60秒...
[潘外呼] ⏳ 暂无任务，休息60秒...
[倪左辅] ⏳ 暂无任务，休息60秒...
[汤K8s] ⏳ 暂无任务，休息60秒...
[殷用户] ⏳ 暂无任务，休息60秒...
[罗隔离] ⏳ 暂无任务，休息60秒...
[毕配置] ⏳ 暂无任务，休息60秒...
[周右弼] ⏳ 暂无任务，休息60秒...
[乐法律] ⏳ 暂无任务，休息60秒...
[于道德] ⏳ 暂无任务，休息60秒...
[时权限] ⏳ 暂无任务，休息60秒...
[薛贪狼] ⏳ 暂无任务，休息60秒...
[雷ASR] ⏳ 暂无任务，休息60秒...
[贺TTS] ⏳ 暂无任务，休息60秒...
[贡数字人] ⏳ 暂无任务，休息60秒...
[齐辅弼] ⏳ 暂无任务，休息60秒...
[康网关] ⏳ 暂无任务，休息60秒...
[和产品] ⏳ 暂无任务，休息60秒...
[穆文档] ⏳ 暂无任务，休息60秒...
[黄漂移] ⏳ 暂无任务，休息60秒...
[周进化] ⏳ 暂无任务，休息60秒...
[吴模板] ⏳ 暂无任务，休息60秒...
[周禄存] ⏳ 暂无任务，休息60秒...
[郑路由] ⏳ 暂无任务，休息60秒...
[王规划] ⏳ 暂无任务，休息60秒...
[冯优化] ⏳ 暂无任务，休息60秒...
[钱调度] ⏳ 暂无任务，休息60秒...
[陈元灵] ⏳ 暂无任务，休息60秒...
[林对齐] ⏳ 暂无任务，休息60秒...
[朱图谱] ⏳ 暂无任务，休息60秒...
[平心理] ⏳ 暂无任务，休息60秒...
[水版本] ⏳ 暂无任务，休息60秒...
[葛消息] ⏳ 暂无任务，休息60秒...
[皮审计] ⏳ 暂无任务，休息60秒...
[赏界面] ⏳ 暂无任务，休息60秒...
[财SDK] ⏳ 暂无任务，休息60秒...
[蒋巨门] ⏳ 暂无任务，休息60秒...
[沈记忆] ⏳ 暂无任务，休息60秒...
[韩向量] ⏳ 暂无任务，休息60秒...
[杨检索] ⏳ 暂无任务，休息60秒...
[伍廉贞] ⏳ 暂无任务，休息60秒...
[余情绪] ⏳ 暂无任务，休息60秒...
[元人格] ⏳ 暂无任务，休息60秒...
[孟一致] ⏳ 暂无任务，休息60秒...
[谢武功] ⏳ 暂无任务，休息60秒...
[邹接口] ⏳ 暂无任务，休息60秒...
[喻发现] ⏳ 暂无任务，休息60秒...
[柏依赖] ⏳ 暂无任务，休息60秒...
[章破军] ⏳ 暂无任务，休息60秒...
[云沙箱] ⏳ 暂无任务，休息60秒...
[苏容器] ⏳ 暂无任务，休息60秒...
[潘外呼] ⏳ 暂无任务，休息60秒...
[倪左辅] ⏳ 暂无任务，休息60秒...
[汤K8s] ⏳ 暂无任务，休息60秒...
[殷用户] ⏳ 暂无任务，休息60秒...
[罗隔离] ⏳ 暂无任务，休息60秒...
[毕配置] ⏳ 暂无任务，休息60秒...
[周右弼] ⏳ 暂无任务，休息60秒...
[乐法律] ⏳ 暂无任务，休息60秒...
[于道德] ⏳ 暂无任务，休息60秒...
[时权限] ⏳ 暂无任务，休息60秒...
[薛贪狼] ⏳ 暂无任务，休息60秒...
[雷ASR] ⏳ 暂无任务，休息60秒...
[贺TTS] ⏳ 暂无任务，休息60秒...
[贡数字人] ⏳ 暂无任务，休息60秒...
[齐辅弼] ⏳ 暂无任务，休息60秒...
[康网关] ⏳ 暂无任务，休息60秒...
[和产品] ⏳ 暂无任务，休息60秒...
[穆文档] ⏳ 暂无任务，休息60秒...
[黄漂移] ⏳ 暂无任务，休息60秒...
[周进化] ⏳ 暂无任务，休息60秒...
[吴模板] ⏳ 暂无任务，休息60秒...
[周禄存] ⏳ 暂无任务，休息60秒...
[郑路由] ⏳ 暂无任务，休息60秒...
[王规划] ⏳ 暂无任务，休息60秒...
[冯优化] ⏳ 暂无任务，休息60秒...
[钱调度] ⏳ 暂无任务，休息60秒...
[陈元灵] ⏳ 暂无任务，休息60秒...
[林对齐] ⏳ 暂无任务，休息60秒...
[朱图谱] ⏳ 暂无任务，休息60秒...
[平心理] ⏳ 暂无任务，休息60秒...
[水版本] ⏳ 暂无任务，休息60秒...
[葛消息] ⏳ 暂无任务，休息60秒...
[皮审计] ⏳ 暂无任务，休息60秒...
[赏界面] ⏳ 暂无任务，休息60秒...
[财SDK] ⏳ 暂无任务，休息60秒...
[蒋巨门] ⏳ 暂无任务，休息60秒...
[沈记忆] ⏳ 暂无任务，休息60秒...
[韩向量] ⏳ 暂无任务，休息60秒...
[杨检索] ⏳ 暂无任务，休息60秒...
[伍廉贞] ⏳ 暂无任务，休息60秒...
[余情绪] ⏳ 暂无任务，休息60秒...
[元人格] ⏳ 暂无任务，休息60秒...
[孟一致] ⏳ 暂无任务，休息60秒...
[谢武功] ⏳ 暂无任务，休息60秒...
[邹接口] ⏳ 暂无任务，休息60秒...
[喻发现] ⏳ 暂无任务，休息60秒...
[柏依赖] ⏳ 暂无任务，休息60秒...
[章破军] ⏳ 暂无任务，休息60秒...
[云沙箱] ⏳ 暂无任务，休息60秒...
[苏容器] ⏳ 暂无任务，休息60秒...
[潘外呼] ⏳ 暂无任务，休息60秒...
[倪左辅] ⏳ 暂无任务，休息60秒...
[汤K8s] ⏳ 暂无任务，休息60秒...
[殷用户] ⏳ 暂无任务，休息60秒...
[罗隔离] ⏳ 暂无任务，休息60秒...
[毕配置] ⏳ 暂无任务，休息60秒...
[周右弼] ⏳ 暂无任务，休息60秒...
[乐法律] ⏳ 暂无任务，休息60秒...
[于道德] ⏳ 暂无任务，休息60秒...
[时权限] ⏳ 暂无任务，休息60秒...
[薛贪狼] ⏳ 暂无任务，休息60秒...
[雷ASR] ⏳ 暂无任务，休息60秒...
[贺TTS] ⏳ 暂无任务，休息60秒...
[贡数字人] ⏳ 暂无任务，休息60秒...
[齐辅弼] ⏳ 暂无任务，休息60秒...
[康网关] ⏳ 暂无任务，休息60秒...
[和产品] ⏳ 暂无任务，休息60秒...
[穆文档] ⏳ 暂无任务，休息60秒...
[黄漂移] ⏳ 暂无任务，休息60秒...
[周进化] ⏳ 暂无任务，休息60秒...
[吴模板] ⏳ 暂无任务，休息60秒...
[周禄存] ⏳ 暂无任务，休息60秒...
[郑路由] ⏳ 暂无任务，休息60秒...
[王规划] ⏳ 暂无任务，休息60秒...
[冯优化] ⏳ 暂无任务，休息60秒...
[钱调度] ⏳ 暂无任务，休息60秒...
[陈元灵] ⏳ 暂无任务，休息60秒...
[林对齐] ⏳ 暂无任务，休息60秒...
[朱图谱] ⏳ 暂无任务，休息60秒...
[平心理] ⏳ 暂无任务，休息60秒...
[水版本] ⏳ 暂无任务，休息60秒...
[葛消息] ⏳ 暂无任务，休息60秒...
[皮审计] ⏳ 暂无任务，休息60秒...
[赏界面] ⏳ 暂无任务，休息60秒...
[财SDK] ⏳ 暂无任务，休息60秒...
[蒋巨门] ⏳ 暂无任务，休息60秒...
[沈记忆] ⏳ 暂无任务，休息60秒...
[韩向量] ⏳ 暂无任务，休息60秒...
[杨检索] ⏳ 暂无任务，休息60秒...
[伍廉贞] ⏳ 暂无任务，休息60秒...
[余情绪] ⏳ 暂无任务，休息60秒...
[元人格] ⏳ 暂无任务，休息60秒...
[孟一致] ⏳ 暂无任务，休息60秒...
[谢武功] ⏳ 暂无任务，休息60秒...
[邹接口] ⏳ 暂无任务，休息60秒...
[喻发现] ⏳ 暂无任务，休息60秒...
[柏依赖] ⏳ 暂无任务，休息60秒...
[章破军] ⏳ 暂无任务，休息60秒...
[云沙箱] ⏳ 暂无任务，休息60秒...
[苏容器] ⏳ 暂无任务，休息60秒...
[潘外呼] ⏳ 暂无任务，休息60秒...
[倪左辅] ⏳ 暂无任务，休息60秒...
[汤K8s] ⏳ 暂无任务，休息60秒...
[殷用户] ⏳ 暂无任务，休息60秒...
[罗隔离] ⏳ 暂无任务，休息60秒...
[毕配置] ⏳ 暂无任务，休息60秒...
[周右弼] ⏳ 暂无任务，休息60秒...
[乐法律] ⏳ 暂无任务，休息60秒...
[于道德] ⏳ 暂无任务，休息60秒...
[时权限] ⏳ 暂无任务，休息60秒...
[薛贪狼] ⏳ 暂无任务，休息60秒...
[雷ASR] ⏳ 暂无任务，休息60秒...
[贺TTS] ⏳ 暂无任务，休息60秒...
[贡数字人] ⏳ 暂无任务，休息60秒...
[齐辅弼] ⏳ 暂无任务，休息60秒...
[康网关] ⏳ 暂无任务，休息60秒...
[和产品] ⏳ 暂无任务，休息60秒...
[穆文档] ⏳ 暂无任务，休息60秒...
[黄漂移] ⏳ 暂无任务，休息60秒...
[周进化] ⏳ 暂无任务，休息60秒...
[吴模板] ⏳ 暂无任务，休息60秒...
[周禄存] ⏳ 暂无任务，休息60秒...
[郑路由] ⏳ 暂无任务，休息60秒...
[王规划] ⏳ 暂无任务，休息60秒...
[冯优化] ⏳ 暂无任务，休息60秒...
[钱调度] ⏳ 暂无任务，休息60秒...
[陈元灵] ⏳ 暂无任务，休息60秒...
[林对齐] ⏳ 暂无任务，休息60秒...
[朱图谱] ⏳ 暂无任务，休息60秒...
[平心理] ⏳ 暂无任务，休息60秒...
[水版本] ⏳ 暂无任务，休息60秒...
[葛消息] ⏳ 暂无任务，休息60秒...
[皮审计] ⏳ 暂无任务，休息60秒...
[赏界面] ⏳ 暂无任务，休息60秒...
[财SDK] ⏳ 暂无任务，休息60秒...
[蒋巨门] ⏳ 暂无任务，休息60秒...
[沈记忆] ⏳ 暂无任务，休息60秒...
[韩向量] ⏳ 暂无任务，休息60秒...
[杨检索] ⏳ 暂无任务，休息60秒...
[伍廉贞] ⏳ 暂无任务，休息60秒...
[余情绪] ⏳ 暂无任务，休息60秒...
[元人格] ⏳ 暂无任务，休息60秒...
[孟一致] ⏳ 暂无任务，休息60秒...
[谢武功] ⏳ 暂无任务，休息60秒...
[邹接口] ⏳ 暂无任务，休息60秒...
[喻发现] ⏳ 暂无任务，休息60秒...
[柏依赖] ⏳ 暂无任务，休息60秒...
[章破军] ⏳ 暂无任务，休息60秒...
[云沙箱] ⏳ 暂无任务，休息60秒...
[苏容器] ⏳ 暂无任务，休息60秒...
[潘外呼] ⏳ 暂无任务，休息60秒...
[倪左辅] ⏳ 暂无任务，休息60秒...
[汤K8s] ⏳ 暂无任务，休息60秒...
[殷用户] ⏳ 暂无任务，休息60秒...
[罗隔离] ⏳ 暂无任务，休息60秒...
[毕配置] ⏳ 暂无任务，休息60秒...
[周右弼] ⏳ 暂无任务，休息60秒...
[乐法律] ⏳ 暂无任务，休息60秒...
[于道德] ⏳ 暂无任务，休息60秒...
[时权限] ⏳ 暂无任务，休息60秒...
[薛贪狼] ⏳ 暂无任务，休息60秒...
[雷ASR] ⏳ 暂无任务，休息60秒...
[贺TTS] ⏳ 暂无任务，休息60秒...
[贡数字人] ⏳ 暂无任务，休息60秒...
[齐辅弼] ⏳ 暂无任务，休息60秒...
[康网关] ⏳ 暂无任务，休息60秒...
[和产品] ⏳ 暂无任务，休息60秒...
[穆文档] ⏳ 暂无任务，休息60秒...
[黄漂移] ⏳ 暂无任务，休息60秒...
[周进化] ⏳ 暂无任务，休息60秒...
[吴模板] ⏳ 暂无任务，休息60秒...
[周禄存] ⏳ 暂无任务，休息60秒...
[郑路由] ⏳ 暂无任务，休息60秒...
[王规划] ⏳ 暂无任务，休息60秒...
[冯优化] ⏳ 暂无任务，休息60秒...
[钱调度] ⏳ 暂无任务，休息60秒...
[陈元灵] ⏳ 暂无任务，休息60秒...
[林对齐] ⏳ 暂无任务，休息60秒...
[朱图谱] ⏳ 暂无任务，休息60秒...
[平心理] ⏳ 暂无任务，休息60秒...
[水版本] ⏳ 暂无任务，休息60秒...
[葛消息] ⏳ 暂无任务，休息60秒...
[皮审计] ⏳ 暂无任务，休息60秒...
[赏界面] ⏳ 暂无任务，休息60秒...
[财SDK] ⏳ 暂无任务，休息60秒...
[蒋巨门] ⏳ 暂无任务，休息60秒...
[沈记忆] ⏳ 暂无任务，休息60秒...
[韩向量] ⏳ 暂无任务，休息60秒...
[杨检索] ⏳ 暂无任务，休息60秒...
[伍廉贞] ⏳ 暂无任务，休息60秒...
[余情绪] ⏳ 暂无任务，休息60秒...
[元人格] ⏳ 暂无任务，休息60秒...
[孟一致] ⏳ 暂无任务，休息60秒...
[谢武功] ⏳ 暂无任务，休息60秒...
[邹接口] ⏳ 暂无任务，休息60秒...
[喻发现] ⏳ 暂无任务，休息60秒...
[柏依赖] ⏳ 暂无任务，休息60秒...
[章破军] ⏳ 暂无任务，休息60秒...
[云沙箱] ⏳ 暂无任务，休息60秒...
[苏容器] ⏳ 暂无任务，休息60秒...
[潘外呼] ⏳ 暂无任务，休息60秒...
[倪左辅] ⏳ 暂无任务，休息60秒...
[汤K8s] ⏳ 暂无任务，休息60秒...
[殷用户] ⏳ 暂无任务，休息60秒...
[罗隔离] ⏳ 暂无任务，休息60秒...
[毕配置] ⏳ 暂无任务，休息60秒...
[周右弼] ⏳ 暂无任务，休息60秒...
[乐法律] ⏳ 暂无任务，休息60秒...
[于道德] ⏳ 暂无任务，休息60秒...
[时权限] ⏳ 暂无任务，休息60秒...
[薛贪狼] ⏳ 暂无任务，休息60秒...
[雷ASR] ⏳ 暂无任务，休息60秒...
[贺TTS] ⏳ 暂无任务，休息60秒...
[贡数字人] ⏳ 暂无任务，休息60秒...
[齐辅弼] ⏳ 暂无任务，休息60秒...
[康网关] ⏳ 暂无任务，休息60秒...
[和产品] ⏳ 暂无任务，休息60秒...
[穆文档] ⏳ 暂无任务，休息60秒...
[黄漂移] ⏳ 暂无任务，休息60秒...
[周进化] ⏳ 暂无任务，休息60秒...
[吴模板] ⏳ 暂无任务，休息60秒...
[周禄存] ⏳ 暂无任务，休息60秒...
[郑路由] ⏳ 暂无任务，休息60秒...
[王规划] ⏳ 暂无任务，休息60秒...
[冯优化] ⏳ 暂无任务，休息60秒...
[钱调度] ⏳ 暂无任务，休息60秒...
[陈元灵] ⏳ 暂无任务，休息60秒...
[林对齐] ⏳ 暂无任务，休息60秒...
[朱图谱] ⏳ 暂无任务，休息60秒...
[平心理] ⏳ 暂无任务，休息60秒...
[水版本] ⏳ 暂无任务，休息60秒...
[葛消息] ⏳ 暂无任务，休息60秒...
[皮审计] ⏳ 暂无任务，休息60秒...
[赏界面] ⏳ 暂无任务，休息60秒...
[财SDK] ⏳ 暂无任务，休息60秒...
[蒋巨门] ⏳ 暂无任务，休息60秒...
[沈记忆] ⏳ 暂无任务，休息60秒...
[韩向量] ⏳ 暂无任务，休息60秒...
[杨检索] ⏳ 暂无任务，休息60秒...
[伍廉贞] ⏳ 暂无任务，休息60秒...
[余情绪] ⏳ 暂无任务，休息60秒...
[元人格] ⏳ 暂无任务，休息60秒...
[孟一致] ⏳ 暂无任务，休息60秒...
[谢武功] ⏳ 暂无任务，休息60秒...
[邹接口] ⏳ 暂无任务，休息60秒...
[喻发现] ⏳ 暂无任务，休息60秒...
[柏依赖] ⏳ 暂无任务，休息60秒...
[章破军] ⏳ 暂无任务，休息60秒...
[云沙箱] ⏳ 暂无任务，休息60秒...
[苏容器] ⏳ 暂无任务，休息60秒...
[潘外呼] ⏳ 暂无任务，休息60秒...
[倪左辅] ⏳ 暂无任务，休息60秒...
[汤K8s] ⏳ 暂无任务，休息60秒...
[殷用户] ⏳ 暂无任务，休息60秒...
[罗隔离] ⏳ 暂无任务，休息60秒...
[毕配置] ⏳ 暂无任务，休息60秒...
[周右弼] ⏳ 暂无任务，休息60秒...
[乐法律] ⏳ 暂无任务，休息60秒...
[于道德] ⏳ 暂无任务，休息60秒...
[时权限] ⏳ 暂无任务，休息60秒...
[薛贪狼] ⏳ 暂无任务，休息60秒...
[雷ASR] ⏳ 暂无任务，休息60秒...
[贺TTS] ⏳ 暂无任务，休息60秒...
[贡数字人] ⏳ 暂无任务，休息60秒...
[齐辅弼] ⏳ 暂无任务，休息60秒...
[康网关] ⏳ 暂无任务，休息60秒...
[和产品] ⏳ 暂无任务，休息60秒...
[穆文档] ⏳ 暂无任务，休息60秒...
[黄漂移] ⏳ 暂无任务，休息60秒...
[周进化] ⏳ 暂无任务，休息60秒...
[吴模板] ⏳ 暂无任务，休息60秒...
[周禄存] ⏳ 暂无任务，休息60秒...
[郑路由] ⏳ 暂无任务，休息60秒...
[王规划] ⏳ 暂无任务，休息60秒...
[冯优化] ⏳ 暂无任务，休息60秒...
[钱调度] ⏳ 暂无任务，休息60秒...
[陈元灵] ⏳ 暂无任务，休息60秒...
[林对齐] ⏳ 暂无任务，休息60秒...
[朱图谱] ⏳ 暂无任务，休息60秒...
[平心理] ⏳ 暂无任务，休息60秒...
[水版本] ⏳ 暂无任务，休息60秒...
[葛消息] ⏳ 暂无任务，休息60秒...
[皮审计] ⏳ 暂无任务，休息60秒...
[赏界面] ⏳ 暂无任务，休息60秒...
[财SDK] ⏳ 暂无任务，休息60秒...
[蒋巨门] ⏳ 暂无任务，休息60秒...
[沈记忆] ⏳ 暂无任务，休息60秒...
[韩向量] ⏳ 暂无任务，休息60秒...
[杨检索] ⏳ 暂无任务，休息60秒...
[伍廉贞] ⏳ 暂无任务，休息60秒...
[余情绪] ⏳ 暂无任务，休息60秒...
[元人格] ⏳ 暂无任务，休息60秒...
[孟一致] ⏳ 暂无任务，休息60秒...
[谢武功] ⏳ 暂无任务，休息60秒...
[邹接口] ⏳ 暂无任务，休息60秒...
[喻发现] ⏳ 暂无任务，休息60秒...
[柏依赖] ⏳ 暂无任务，休息60秒...
[章破军] ⏳ 暂无任务，休息60秒...
[云沙箱] ⏳ 暂无任务，休息60秒...
[苏容器] ⏳ 暂无任务，休息60秒...
[潘外呼] ⏳ 暂无任务，休息60秒...
[倪左辅] ⏳ 暂无任务，休息60秒...
[汤K8s] ⏳ 暂无任务，休息60秒...
[殷用户] ⏳ 暂无任务，休息60秒...
[罗隔离] ⏳ 暂无任务，休息60秒...
[毕配置] ⏳ 暂无任务，休息60秒...
[周右弼] ⏳ 暂无任务，休息60秒...
[乐法律] ⏳ 暂无任务，休息60秒...
[于道德] ⏳ 暂无任务，休息60秒...
[时权限] ⏳ 暂无任务，休息60秒...
[薛贪狼] ⏳ 暂无任务，休息60秒...
[雷ASR] ⏳ 暂无任务，休息60秒...
[贺TTS] ⏳ 暂无任务，休息60秒...
[贡数字人] ⏳ 暂无任务，休息60秒...
[齐辅弼] ⏳ 暂无任务，休息60秒...
[康网关] ⏳ 暂无任务，休息60秒...
[和产品] ⏳ 暂无任务，休息60秒...
[穆文档] ⏳ 暂无任务，休息60秒...
[黄漂移] ⏳ 暂无任务，休息60秒...
[周进化] ⏳ 暂无任务，休息60秒...
[吴模板] ⏳ 暂无任务，休息60秒...
[周禄存] ⏳ 暂无任务，休息60秒...
[郑路由] ⏳ 暂无任务，休息60秒...
[王规划] ⏳ 暂无任务，休息60秒...
[冯优化] ⏳ 暂无任务，休息60秒...
[钱调度] ⏳ 暂无任务，休息60秒...
[陈元灵] ⏳ 暂无任务，休息60秒...
[林对齐] ⏳ 暂无任务，休息60秒...
[朱图谱] ⏳ 暂无任务，休息60秒...
[平心理] ⏳ 暂无任务，休息60秒...
[水版本] ⏳ 暂无任务，休息60秒...
[葛消息] ⏳ 暂无任务，休息60秒...
[皮审计] ⏳ 暂无任务，休息60秒...
[赏界面] ⏳ 暂无任务，休息60秒...
[财SDK] ⏳ 暂无任务，休息60秒...
[蒋巨门] ⏳ 暂无任务，休息60秒...
[沈记忆] ⏳ 暂无任务，休息60秒...
[韩向量] ⏳ 暂无任务，休息60秒...
[杨检索] ⏳ 暂无任务，休息60秒...
[伍廉贞] ⏳ 暂无任务，休息60秒...
[余情绪] ⏳ 暂无任务，休息60秒...
[元人格] ⏳ 暂无任务，休息60秒...
[孟一致] ⏳ 暂无任务，休息60秒...
[谢武功] ⏳ 暂无任务，休息60秒...
[邹接口] ⏳ 暂无任务，休息60秒...
[喻发现] ⏳ 暂无任务，休息60秒...
[柏依赖] ⏳ 暂无任务，休息60秒...
[章破军] ⏳ 暂无任务，休息60秒...
[云沙箱] ⏳ 暂无任务，休息60秒...
[苏容器] ⏳ 暂无任务，休息60秒...
[潘外呼] ⏳ 暂无任务，休息60秒...
[倪左辅] ⏳ 暂无任务，休息60秒...
[汤K8s] ⏳ 暂无任务，休息60秒...
[殷用户] ⏳ 暂无任务，休息60秒...
[罗隔离] ⏳ 暂无任务，休息60秒...
[毕配置] ⏳ 暂无任务，休息60秒...
[周右弼] ⏳ 暂无任务，休息60秒...
[乐法律] ⏳ 暂无任务，休息60秒...
[于道德] ⏳ 暂无任务，休息60秒...
[时权限] ⏳ 暂无任务，休息60秒...
[薛贪狼] ⏳ 暂无任务，休息60秒...
[雷ASR] ⏳ 暂无任务，休息60秒...
[贺TTS] ⏳ 暂无任务，休息60秒...
[贡数字人] ⏳ 暂无任务，休息60秒...
[齐辅弼] ⏳ 暂无任务，休息60秒...
[康网关] ⏳ 暂无任务，休息60秒...
[和产品] ⏳ 暂无任务，休息60秒...
[穆文档] ⏳ 暂无任务，休息60秒...
[黄漂移] ⏳ 暂无任务，休息60秒...
[周进化] ⏳ 暂无任务，休息60秒...
[吴模板] ⏳ 暂无任务，休息60秒...
[周禄存] ⏳ 暂无任务，休息60秒...
[郑路由] ⏳ 暂无任务，休息60秒...
[王规划] ⏳ 暂无任务，休息60秒...
[冯优化] ⏳ 暂无任务，休息60秒...
[钱调度] ⏳ 暂无任务，休息60秒...
[陈元灵] ⏳ 暂无任务，休息60秒...
[林对齐] ⏳ 暂无任务，休息60秒...
[朱图谱] ⏳ 暂无任务，休息60秒...
[平心理] ⏳ 暂无任务，休息60秒...
[水版本] ⏳ 暂无任务，休息60秒...
[葛消息] ⏳ 暂无任务，休息60秒...
[皮审计] ⏳ 暂无任务，休息60秒...
[赏界面] ⏳ 暂无任务，休息60秒...
[财SDK] ⏳ 暂无任务，休息60秒...
[蒋巨门] ⏳ 暂无任务，休息60秒...
[沈记忆] ⏳ 暂无任务，休息60秒...
[韩向量] ⏳ 暂无任务，休息60秒...
[杨检索] ⏳ 暂无任务，休息60秒...
[伍廉贞] ⏳ 暂无任务，休息60秒...
[余情绪] ⏳ 暂无任务，休息60秒...
[元人格] ⏳ 暂无任务，休息60秒...
[孟一致] ⏳ 暂无任务，休息60秒...
[谢武功] ⏳ 暂无任务，休息60秒...
[邹接口] ⏳ 暂无任务，休息60秒...
[喻发现] ⏳ 暂无任务，休息60秒...
[柏依赖] ⏳ 暂无任务，休息60秒...
[章破军] ⏳ 暂无任务，休息60秒...
[云沙箱] ⏳ 暂无任务，休息60秒...
[苏容器] ⏳ 暂无任务，休息60秒...
[潘外呼] ⏳ 暂无任务，休息60秒...
[倪左辅] ⏳ 暂无任务，休息60秒...
[汤K8s] ⏳ 暂无任务，休息60秒...
[殷用户] ⏳ 暂无任务，休息60秒...
[罗隔离] ⏳ 暂无任务，休息60秒...
[毕配置] ⏳ 暂无任务，休息60秒...
[周右弼] ⏳ 暂无任务，休息60秒...
[乐法律] ⏳ 暂无任务，休息60秒...
[于道德] ⏳ 暂无任务，休息60秒...
[时权限] ⏳ 暂无任务，休息60秒...
[薛贪狼] ⏳ 暂无任务，休息60秒...
[雷ASR] ⏳ 暂无任务，休息60秒...
[贺TTS] ⏳ 暂无任务，休息60秒...
[贡数字人] ⏳ 暂无任务，休息60秒...
[齐辅弼] ⏳ 暂无任务，休息60秒...
[康网关] ⏳ 暂无任务，休息60秒...
[和产品] ⏳ 暂无任务，休息60秒...
[穆文档] ⏳ 暂无任务，休息60秒...
[黄漂移] ⏳ 暂无任务，休息60秒...
[周进化] ⏳ 暂无任务，休息60秒...
[吴模板] ⏳ 暂无任务，休息60秒...
[周禄存] ⏳ 暂无任务，休息60秒...
[郑路由] ⏳ 暂无任务，休息60秒...
[王规划] ⏳ 暂无任务，休息60秒...
[冯优化] ⏳ 暂无任务，休息60秒...
[钱调度] ⏳ 暂无任务，休息60秒...
[陈元灵] ⏳ 暂无任务，休息60秒...
[林对齐] ⏳ 暂无任务，休息60秒...
[朱图谱] ⏳ 暂无任务，休息60秒...
[平心理] ⏳ 暂无任务，休息60秒...
[水版本] ⏳ 暂无任务，休息60秒...
[葛消息] ⏳ 暂无任务，休息60秒...
[皮审计] ⏳ 暂无任务，休息60秒...
[赏界面] ⏳ 暂无任务，休息60秒...
[财SDK] ⏳ 暂无任务，休息60秒...
[蒋巨门] ⏳ 暂无任务，休息60秒...
[沈记忆] ⏳ 暂无任务，休息60秒...
[韩向量] ⏳ 暂无任务，休息60秒...
[杨检索] ⏳ 暂无任务，休息60秒...
[伍廉贞] ⏳ 暂无任务，休息60秒...
[余情绪] ⏳ 暂无任务，休息60秒...
[元人格] ⏳ 暂无任务，休息60秒...
[孟一致] ⏳ 暂无任务，休息60秒...
[谢武功] ⏳ 暂无任务，休息60秒...
[邹接口] ⏳ 暂无任务，休息60秒...
[喻发现] ⏳ 暂无任务，休息60秒...
[柏依赖] ⏳ 暂无任务，休息60秒...
[章破军] ⏳ 暂无任务，休息60秒...
[云沙箱] ⏳ 暂无任务，休息60秒...
[苏容器] ⏳ 暂无任务，休息60秒...
[潘外呼] ⏳ 暂无任务，休息60秒...
[倪左辅] ⏳ 暂无任务，休息60秒...
[汤K8s] ⏳ 暂无任务，休息60秒...
[殷用户] ⏳ 暂无任务，休息60秒...
[罗隔离] ⏳ 暂无任务，休息60秒...
[毕配置] ⏳ 暂无任务，休息60秒...
[周右弼] ⏳ 暂无任务，休息60秒...
[乐法律] ⏳ 暂无任务，休息60秒...
[于道德] ⏳ 暂无任务，休息60秒...
[时权限] ⏳ 暂无任务，休息60秒...
[薛贪狼] ⏳ 暂无任务，休息60秒...
[雷ASR] ⏳ 暂无任务，休息60秒...
[贺TTS] ⏳ 暂无任务，休息60秒...
[贡数字人] ⏳ 暂无任务，休息60秒...
[齐辅弼] ⏳ 暂无任务，休息60秒...
[康网关] ⏳ 暂无任务，休息60秒...
[和产品] ⏳ 暂无任务，休息60秒...
[穆文档] ⏳ 暂无任务，休息60秒...
[黄漂移] ⏳ 暂无任务，休息60秒...
[周进化] ⏳ 暂无任务，休息60秒...
[吴模板] ⏳ 暂无任务，休息60秒...
[周禄存] ⏳ 暂无任务，休息60秒...
[郑路由] ⏳ 暂无任务，休息60秒...
[王规划] ⏳ 暂无任务，休息60秒...
[冯优化] ⏳ 暂无任务，休息60秒...
[钱调度] ⏳ 暂无任务，休息60秒...
[陈元灵] ⏳ 暂无任务，休息60秒...
[林对齐] ⏳ 暂无任务，休息60秒...
[朱图谱] ⏳ 暂无任务，休息60秒...
[平心理] ⏳ 暂无任务，休息60秒...
[水版本] ⏳ 暂无任务，休息60秒...
[葛消息] ⏳ 暂无任务，休息60秒...
[皮审计] ⏳ 暂无任务，休息60秒...
[赏界面] ⏳ 暂无任务，休息60秒...
[财SDK] ⏳ 暂无任务，休息60秒...
[蒋巨门] ⏳ 暂无任务，休息60秒...
[沈记忆] ⏳ 暂无任务，休息60秒...
[韩向量] ⏳ 暂无任务，休息60秒...
[杨检索] ⏳ 暂无任务，休息60秒...
[伍廉贞] ⏳ 暂无任务，休息60秒...
[余情绪] ⏳ 暂无任务，休息60秒...
[元人格] ⏳ 暂无任务，休息60秒...
[孟一致] ⏳ 暂无任务，休息60秒...
[谢武功] ⏳ 暂无任务，休息60秒...
[邹接口] ⏳ 暂无任务，休息60秒...
[喻发现] ⏳ 暂无任务，休息60秒...
[柏依赖] ⏳ 暂无任务，休息60秒...
[章破军] ⏳ 暂无任务，休息60秒...
[云沙箱] ⏳ 暂无任务，休息60秒...
[苏容器] ⏳ 暂无任务，休息60秒...
[潘外呼] ⏳ 暂无任务，休息60秒...
[倪左辅] ⏳ 暂无任务，休息60秒...
[汤K8s] ⏳ 暂无任务，休息60秒...
[殷用户] ⏳ 暂无任务，休息60秒...
[罗隔离] ⏳ 暂无任务，休息60秒...
[毕配置] ⏳ 暂无任务，休息60秒...
[周右弼] ⏳ 暂无任务，休息60秒...
[乐法律] ⏳ 暂无任务，休息60秒...
[于道德] ⏳ 暂无任务，休息60秒...
[时权限] ⏳ 暂无任务，休息60秒...
[薛贪狼] ⏳ 暂无任务，休息60秒...
[雷ASR] ⏳ 暂无任务，休息60秒...
[贺TTS] ⏳ 暂无任务，休息60秒...
[贡数字人] ⏳ 暂无任务，休息60秒...
[齐辅弼] ⏳ 暂无任务，休息60秒...
[康网关] ⏳ 暂无任务，休息60秒...
[和产品] ⏳ 暂无任务，休息60秒...
[穆文档] ⏳ 暂无任务，休息60秒...
[黄漂移] ⏳ 暂无任务，休息60秒...
[周进化] ⏳ 暂无任务，休息60秒...
[吴模板] ⏳ 暂无任务，休息60秒...
[周禄存] ⏳ 暂无任务，休息60秒...
[郑路由] ⏳ 暂无任务，休息60秒...
[王规划] ⏳ 暂无任务，休息60秒...
[冯优化] ⏳ 暂无任务，休息60秒...
[钱调度] ⏳ 暂无任务，休息60秒...
[陈元灵] ⏳ 暂无任务，休息60秒...
[林对齐] ⏳ 暂无任务，休息60秒...
[朱图谱] ⏳ 暂无任务，休息60秒...
[平心理] ⏳ 暂无任务，休息60秒...
[水版本] ⏳ 暂无任务，休息60秒...
[葛消息] ⏳ 暂无任务，休息60秒...
[皮审计] ⏳ 暂无任务，休息60秒...
[赏界面] ⏳ 暂无任务，休息60秒...
[财SDK] ⏳ 暂无任务，休息60秒...
[蒋巨门] ⏳ 暂无任务，休息60秒...
[沈记忆] ⏳ 暂无任务，休息60秒...
[韩向量] ⏳ 暂无任务，休息60秒...
[杨检索] ⏳ 暂无任务，休息60秒...
[伍廉贞] ⏳ 暂无任务，休息60秒...
[余情绪] ⏳ 暂无任务，休息60秒...
[元人格] ⏳ 暂无任务，休息60秒...
[孟一致] ⏳ 暂无任务，休息60秒...
[谢武功] ⏳ 暂无任务，休息60秒...
[邹接口] ⏳ 暂无任务，休息60秒...
[喻发现] ⏳ 暂无任务，休息60秒...
[柏依赖] ⏳ 暂无任务，休息60秒...
[章破军] ⏳ 暂无任务，休息60秒...
[云沙箱] ⏳ 暂无任务，休息60秒...
[苏容器] ⏳ 暂无任务，休息60秒...
[潘外呼] ⏳ 暂无任务，休息60秒...
[倪左辅] ⏳ 暂无任务，休息60秒...
[汤K8s] ⏳ 暂无任务，休息60秒...
[殷用户] ⏳ 暂无任务，休息60秒...
[罗隔离] ⏳ 暂无任务，休息60秒...
[毕配置] ⏳ 暂无任务，休息60秒...
[周右弼] ⏳ 暂无任务，休息60秒...
[乐法律] ⏳ 暂无任务，休息60秒...
[于道德] ⏳ 暂无任务，休息60秒...
[时权限] ⏳ 暂无任务，休息60秒...
[薛贪狼] ⏳ 暂无任务，休息60秒...
[雷ASR] ⏳ 暂无任务，休息60秒...
[贺TTS] ⏳ 暂无任务，休息60秒...
[贡数字人] ⏳ 暂无任务，休息60秒...
[齐辅弼] ⏳ 暂无任务，休息60秒...
[康网关] ⏳ 暂无任务，休息60秒...
[和产品] ⏳ 暂无任务，休息60秒...
[穆文档] ⏳ 暂无任务，休息60秒...
[黄漂移] ⏳ 暂无任务，休息60秒...
[周进化] ⏳ 暂无任务，休息60秒...
[吴模板] ⏳ 暂无任务，休息60秒...
[周禄存] ⏳ 暂无任务，休息60秒...
[郑路由] ⏳ 暂无任务，休息60秒...
[王规划] ⏳ 暂无任务，休息60秒...
[冯优化] ⏳ 暂无任务，休息60秒...
[钱调度] ⏳ 暂无任务，休息60秒...
[陈元灵] ⏳ 暂无任务，休息60秒...
[林对齐] ⏳ 暂无任务，休息60秒...
[朱图谱] ⏳ 暂无任务，休息60秒...
[平心理] ⏳ 暂无任务，休息60秒...
[水版本] ⏳ 暂无任务，休息60秒...
[葛消息] ⏳ 暂无任务，休息60秒...
[皮审计] ⏳ 暂无任务，休息60秒...
[赏界面] ⏳ 暂无任务，休息60秒...
[财SDK] ⏳ 暂无任务，休息60秒...
[蒋巨门] ⏳ 暂无任务，休息60秒...
[沈记忆] ⏳ 暂无任务，休息60秒...
[韩向量] ⏳ 暂无任务，休息60秒...
[杨检索] ⏳ 暂无任务，休息60秒...
[伍廉贞] ⏳ 暂无任务，休息60秒...
[余情绪] ⏳ 暂无任务，休息60秒...
[元人格] ⏳ 暂无任务，休息60秒...
[孟一致] ⏳ 暂无任务，休息60秒...
[谢武功] ⏳ 暂无任务，休息60秒...
[邹接口] ⏳ 暂无任务，休息60秒...
[喻发现] ⏳ 暂无任务，休息60秒...
[柏依赖] ⏳ 暂无任务，休息60秒...
[章破军] ⏳ 暂无任务，休息60秒...
[云沙箱] ⏳ 暂无任务，休息60秒...
[苏容器] ⏳ 暂无任务，休息60秒...
[潘外呼] ⏳ 暂无任务，休息60秒...
[倪左辅] ⏳ 暂无任务，休息60秒...
[汤K8s] ⏳ 暂无任务，休息60秒...
[殷用户] ⏳ 暂无任务，休息60秒...
[罗隔离] ⏳ 暂无任务，休息60秒...
[毕配置] ⏳ 暂无任务，休息60秒...
[周右弼] ⏳ 暂无任务，休息60秒...
[乐法律] ⏳ 暂无任务，休息60秒...
[于道德] ⏳ 暂无任务，休息60秒...
[时权限] ⏳ 暂无任务，休息60秒...
[薛贪狼] ⏳ 暂无任务，休息60秒...
[雷ASR] ⏳ 暂无任务，休息60秒...
[贺TTS] ⏳ 暂无任务，休息60秒...
[贡数字人] ⏳ 暂无任务，休息60秒...
[齐辅弼] ⏳ 暂无任务，休息60秒...
[康网关] ⏳ 暂无任务，休息60秒...
[和产品] ⏳ 暂无任务，休息60秒...
[穆文档] ⏳ 暂无任务，休息60秒...
[黄漂移] ⏳ 暂无任务，休息60秒...
[周进化] ⏳ 暂无任务，休息60秒...
[吴模板] ⏳ 暂无任务，休息60秒...
[周禄存] ⏳ 暂无任务，休息60秒...
[郑路由] ⏳ 暂无任务，休息60秒...
[王规划] ⏳ 暂无任务，休息60秒...
[冯优化] ⏳ 暂无任务，休息60秒...
[钱调度] ⏳ 暂无任务，休息60秒...
[陈元灵] ⏳ 暂无任务，休息60秒...
[林对齐] ⏳ 暂无任务，休息60秒...
[朱图谱] ⏳ 暂无任务，休息60秒...
[平心理] ⏳ 暂无任务，休息60秒...
[水版本] ⏳ 暂无任务，休息60秒...
[葛消息] ⏳ 暂无任务，休息60秒...
[皮审计] ⏳ 暂无任务，休息60秒...
[赏界面] ⏳ 暂无任务，休息60秒...
[财SDK] ⏳ 暂无任务，休息60秒...
[蒋巨门] ⏳ 暂无任务，休息60秒...
[沈记忆] ⏳ 暂无任务，休息60秒...
[韩向量] ⏳ 暂无任务，休息60秒...
[杨检索] ⏳ 暂无任务，休息60秒...
[伍廉贞] ⏳ 暂无任务，休息60秒...
[余情绪] ⏳ 暂无任务，休息60秒...
[元人格] ⏳ 暂无任务，休息60秒...
[孟一致] ⏳ 暂无任务，休息60秒...
[谢武功] ⏳ 暂无任务，休息60秒...
[邹接口] ⏳ 暂无任务，休息60秒...
[喻发现] ⏳ 暂无任务，休息60秒...
[柏依赖] ⏳ 暂无任务，休息60秒...
[章破军] ⏳ 暂无任务，休息60秒...
[云沙箱] ⏳ 暂无任务，休息60秒...
[苏容器] ⏳ 暂无任务，休息60秒...
[潘外呼] ⏳ 暂无任务，休息60秒...
[倪左辅] ⏳ 暂无任务，休息60秒...
[汤K8s] ⏳ 暂无任务，休息60秒...
[殷用户] ⏳ 暂无任务，休息60秒...
[罗隔离] ⏳ 暂无任务，休息60秒...
[毕配置] ⏳ 暂无任务，休息60秒...
[周右弼] ⏳ 暂无任务，休息60秒...
[乐法律] ⏳ 暂无任务，休息60秒...
[于道德] ⏳ 暂无任务，休息60秒...
[时权限] ⏳ 暂无任务，休息60秒...
[薛贪狼] ⏳ 暂无任务，休息60秒...
[雷ASR] ⏳ 暂无任务，休息60秒...
[贺TTS] ⏳ 暂无任务，休息60秒...
[贡数字人] ⏳ 暂无任务，休息60秒...
[齐辅弼] ⏳ 暂无任务，休息60秒...
[康网关] ⏳ 暂无任务，休息60秒...
[和产品] ⏳ 暂无任务，休息60秒...
[穆文档] ⏳ 暂无任务，休息60秒...
[黄漂移] ⏳ 暂无任务，休息60秒...
[周进化] ⏳ 暂无任务，休息60秒...
[吴模板] ⏳ 暂无任务，休息60秒...
[周禄存] ⏳ 暂无任务，休息60秒...
[郑路由] ⏳ 暂无任务，休息60秒...
[王规划] ⏳ 暂无任务，休息60秒...
[冯优化] ⏳ 暂无任务，休息60秒...
[钱调度] ⏳ 暂无任务，休息60秒...
[陈元灵] ⏳ 暂无任务，休息60秒...
[林对齐] ⏳ 暂无任务，休息60秒...
[朱图谱] ⏳ 暂无任务，休息60秒...
[平心理] ⏳ 暂无任务，休息60秒...
[水版本] ⏳ 暂无任务，休息60秒...
[葛消息] ⏳ 暂无任务，休息60秒...
[皮审计] ⏳ 暂无任务，休息60秒...
[赏界面] ⏳ 暂无任务，休息60秒...
[财SDK] ⏳ 暂无任务，休息60秒...
[蒋巨门] ⏳ 暂无任务，休息60秒...
[沈记忆] ⏳ 暂无任务，休息60秒...
[韩向量] ⏳ 暂无任务，休息60秒...
[杨检索] ⏳ 暂无任务，休息60秒...
[伍廉贞] ⏳ 暂无任务，休息60秒...
[余情绪] ⏳ 暂无任务，休息60秒...
[元人格] ⏳ 暂无任务，休息60秒...
[孟一致] ⏳ 暂无任务，休息60秒...
[谢武功] ⏳ 暂无任务，休息60秒...
[邹接口] ⏳ 暂无任务，休息60秒...
[喻发现] ⏳ 暂无任务，休息60秒...
[柏依赖] ⏳ 暂无任务，休息60秒...
[章破军] ⏳ 暂无任务，休息60秒...
[云沙箱] ⏳ 暂无任务，休息60秒...
[苏容器] ⏳ 暂无任务，休息60秒...
[潘外呼] ⏳ 暂无任务，休息60秒...
[倪左辅] ⏳ 暂无任务，休息60秒...
[汤K8s] ⏳ 暂无任务，休息60秒...
[殷用户] ⏳ 暂无任务，休息60秒...
[罗隔离] ⏳ 暂无任务，休息60秒...
[毕配置] ⏳ 暂无任务，休息60秒...
[周右弼] ⏳ 暂无任务，休息60秒...
[乐法律] ⏳ 暂无任务，休息60秒...
[于道德] ⏳ 暂无任务，休息60秒...
[时权限] ⏳ 暂无任务，休息60秒...
[薛贪狼] ⏳ 暂无任务，休息60秒...
[雷ASR] ⏳ 暂无任务，休息60秒...
[贺TTS] ⏳ 暂无任务，休息60秒...
[贡数字人] ⏳ 暂无任务，休息60秒...
[齐辅弼] ⏳ 暂无任务，休息60秒...
[康网关] ⏳ 暂无任务，休息60秒...
[和产品] ⏳ 暂无任务，休息60秒...
[穆文档] ⏳ 暂无任务，休息60秒...
[黄漂移] ⏳ 暂无任务，休息60秒...
[周进化] ⏳ 暂无任务，休息60秒...
[吴模板] ⏳ 暂无任务，休息60秒...
[周禄存] ⏳ 暂无任务，休息60秒...
[郑路由] ⏳ 暂无任务，休息60秒...
[王规划] ⏳ 暂无任务，休息60秒...
[冯优化] ⏳ 暂无任务，休息60秒...
[钱调度] ⏳ 暂无任务，休息60秒...
[陈元灵] ⏳ 暂无任务，休息60秒...
[林对齐] ⏳ 暂无任务，休息60秒...
[朱图谱] ⏳ 暂无任务，休息60秒...
[平心理] ⏳ 暂无任务，休息60秒...
[水版本] ⏳ 暂无任务，休息60秒...
[葛消息] ⏳ 暂无任务，休息60秒...
[皮审计] ⏳ 暂无任务，休息60秒...
[赏界面] ⏳ 暂无任务，休息60秒...
[财SDK] ⏳ 暂无任务，休息60秒...
[蒋巨门] ⏳ 暂无任务，休息60秒...
[沈记忆] ⏳ 暂无任务，休息60秒...
[韩向量] ⏳ 暂无任务，休息60秒...
[杨检索] ⏳ 暂无任务，休息60秒...
[伍廉贞] ⏳ 暂无任务，休息60秒...
[余情绪] ⏳ 暂无任务，休息60秒...
[元人格] ⏳ 暂无任务，休息60秒...
[孟一致] ⏳ 暂无任务，休息60秒...
[谢武功] ⏳ 暂无任务，休息60秒...
[邹接口] ⏳ 暂无任务，休息60秒...
[喻发现] ⏳ 暂无任务，休息60秒...
[柏依赖] ⏳ 暂无任务，休息60秒...
[章破军] ⏳ 暂无任务，休息60秒...
[云沙箱] ⏳ 暂无任务，休息60秒...
[苏容器] ⏳ 暂无任务，休息60秒...
[潘外呼] ⏳ 暂无任务，休息60秒...
[倪左辅] ⏳ 暂无任务，休息60秒...
[汤K8s] ⏳ 暂无任务，休息60秒...
[殷用户] ⏳ 暂无任务，休息60秒...
[罗隔离] ⏳ 暂无任务，休息60秒...
[毕配置] ⏳ 暂无任务，休息60秒...
[周右弼] ⏳ 暂无任务，休息60秒...
[乐法律] ⏳ 暂无任务，休息60秒...
[于道德] ⏳ 暂无任务，休息60秒...
[时权限] ⏳ 暂无任务，休息60秒...
[薛贪狼] ⏳ 暂无任务，休息60秒...
[雷ASR] ⏳ 暂无任务，休息60秒...
[贺TTS] ⏳ 暂无任务，休息60秒...
[贡数字人] ⏳ 暂无任务，休息60秒...
[齐辅弼] ⏳ 暂无任务，休息60秒...
[康网关] ⏳ 暂无任务，休息60秒...
[和产品] ⏳ 暂无任务，休息60秒...
[穆文档] ⏳ 暂无任务，休息60秒...
[黄漂移] ⏳ 暂无任务，休息60秒...
[周进化] ⏳ 暂无任务，休息60秒...
[吴模板] ⏳ 暂无任务，休息60秒...
[周禄存] ⏳ 暂无任务，休息60秒...
[郑路由] ⏳ 暂无任务，休息60秒...
[王规划] ⏳ 暂无任务，休息60秒...
[冯优化] ⏳ 暂无任务，休息60秒...
[钱调度] ⏳ 暂无任务，休息60秒...
[陈元灵] ⏳ 暂无任务，休息60秒...
[林对齐] ⏳ 暂无任务，休息60秒...
[朱图谱] ⏳ 暂无任务，休息60秒...
[平心理] ⏳ 暂无任务，休息60秒...
[水版本] ⏳ 暂无任务，休息60秒...
[葛消息] ⏳ 暂无任务，休息60秒...
[皮审计] ⏳ 暂无任务，休息60秒...
[赏界面] ⏳ 暂无任务，休息60秒...
[财SDK] ⏳ 暂无任务，休息60秒...
[蒋巨门] ⏳ 暂无任务，休息60秒...
[沈记忆] ⏳ 暂无任务，休息60秒...
[韩向量] ⏳ 暂无任务，休息60秒...
[杨检索] ⏳ 暂无任务，休息60秒...
[伍廉贞] ⏳ 暂无任务，休息60秒...
[余情绪] ⏳ 暂无任务，休息60秒...
[元人格] ⏳ 暂无任务，休息60秒...
[孟一致] ⏳ 暂无任务，休息60秒...
[谢武功] ⏳ 暂无任务，休息60秒...
[邹接口] ⏳ 暂无任务，休息60秒...
[喻发现] ⏳ 暂无任务，休息60秒...
[柏依赖] ⏳ 暂无任务，休息60秒...
[章破军] ⏳ 暂无任务，休息60秒...
[云沙箱] ⏳ 暂无任务，休息60秒...
[苏容器] ⏳ 暂无任务，休息60秒...
[潘外呼] ⏳ 暂无任务，休息60秒...
[倪左辅] ⏳ 暂无任务，休息60秒...
[汤K8s] ⏳ 暂无任务，休息60秒...
[殷用户] ⏳ 暂无任务，休息60秒...
[罗隔离] ⏳ 暂无任务，休息60秒...
[毕配置] ⏳ 暂无任务，休息60秒...
[周右弼] ⏳ 暂无任务，休息60秒...
[乐法律] ⏳ 暂无任务，休息60秒...
[于道德] ⏳ 暂无任务，休息60秒...
[时权限] ⏳ 暂无任务，休息60秒...
[薛贪狼] ⏳ 暂无任务，休息60秒...
[雷ASR] ⏳ 暂无任务，休息60秒...
[贺TTS] ⏳ 暂无任务，休息60秒...
[贡数字人] ⏳ 暂无任务，休息60秒...
[齐辅弼] ⏳ 暂无任务，休息60秒...
[康网关] ⏳ 暂无任务，休息60秒...
[和产品] ⏳ 暂无任务，休息60秒...
[穆文档] ⏳ 暂无任务，休息60秒...
[黄漂移] ⏳ 暂无任务，休息60秒...
[周进化] ⏳ 暂无任务，休息60秒...
[吴模板] ⏳ 暂无任务，休息60秒...
[周禄存] ⏳ 暂无任务，休息60秒...
[郑路由] ⏳ 暂无任务，休息60秒...
[王规划] ⏳ 暂无任务，休息60秒...
[冯优化] ⏳ 暂无任务，休息60秒...
[钱调度] ⏳ 暂无任务，休息60秒...
[陈元灵] ⏳ 暂无任务，休息60秒...
[林对齐] ⏳ 暂无任务，休息60秒...
[朱图谱] ⏳ 暂无任务，休息60秒...
[平心理] ⏳ 暂无任务，休息60秒...
[水版本] ⏳ 暂无任务，休息60秒...
[葛消息] ⏳ 暂无任务，休息60秒...
[皮审计] ⏳ 暂无任务，休息60秒...
[赏界面] ⏳ 暂无任务，休息60秒...
[财SDK] ⏳ 暂无任务，休息60秒...
[蒋巨门] ⏳ 暂无任务，休息60秒...
[沈记忆] ⏳ 暂无任务，休息60秒...
[韩向量] ⏳ 暂无任务，休息60秒...
[杨检索] ⏳ 暂无任务，休息60秒...
[伍廉贞] ⏳ 暂无任务，休息60秒...
[余情绪] ⏳ 暂无任务，休息60秒...
[元人格] ⏳ 暂无任务，休息60秒...
[孟一致] ⏳ 暂无任务，休息60秒...
[谢武功] ⏳ 暂无任务，休息60秒...
[邹接口] ⏳ 暂无任务，休息60秒...
[喻发现] ⏳ 暂无任务，休息60秒...
[柏依赖] ⏳ 暂无任务，休息60秒...
[章破军] ⏳ 暂无任务，休息60秒...
[云沙箱] ⏳ 暂无任务，休息60秒...
[苏容器] ⏳ 暂无任务，休息60秒...
[潘外呼] ⏳ 暂无任务，休息60秒...
[倪左辅] ⏳ 暂无任务，休息60秒...
[汤K8s] ⏳ 暂无任务，休息60秒...
[殷用户] ⏳ 暂无任务，休息60秒...
[罗隔离] ⏳ 暂无任务，休息60秒...
[毕配置] ⏳ 暂无任务，休息60秒...
[周右弼] ⏳ 暂无任务，休息60秒...
[乐法律] ⏳ 暂无任务，休息60秒...
[于道德] ⏳ 暂无任务，休息60秒...
[时权限] ⏳ 暂无任务，休息60秒...
[薛贪狼] ⏳ 暂无任务，休息60秒...
[雷ASR] ⏳ 暂无任务，休息60秒...
[贺TTS] ⏳ 暂无任务，休息60秒...
[贡数字人] ⏳ 暂无任务，休息60秒...
[齐辅弼] ⏳ 暂无任务，休息60秒...
[康网关] ⏳ 暂无任务，休息60秒...
[和产品] ⏳ 暂无任务，休息60秒...
[穆文档] ⏳ 暂无任务，休息60秒...
[黄漂移] ⏳ 暂无任务，休息60秒...
[周进化] ⏳ 暂无任务，休息60秒...
[吴模板] ⏳ 暂无任务，休息60秒...
[周禄存] ⏳ 暂无任务，休息60秒...
[郑路由] ⏳ 暂无任务，休息60秒...
[王规划] ⏳ 暂无任务，休息60秒...
[冯优化] ⏳ 暂无任务，休息60秒...
[钱调度] ⏳ 暂无任务，休息60秒...
[陈元灵] ⏳ 暂无任务，休息60秒...
[林对齐] ⏳ 暂无任务，休息60秒...
[朱图谱] ⏳ 暂无任务，休息60秒...
[平心理] ⏳ 暂无任务，休息60秒...
[水版本] ⏳ 暂无任务，休息60秒...
[葛消息] ⏳ 暂无任务，休息60秒...
[皮审计] ⏳ 暂无任务，休息60秒...
[赏界面] ⏳ 暂无任务，休息60秒...
[财SDK] ⏳ 暂无任务，休息60秒...
[蒋巨门] ⏳ 暂无任务，休息60秒...
[沈记忆] ⏳ 暂无任务，休息60秒...
[韩向量] ⏳ 暂无任务，休息60秒...
[杨检索] ⏳ 暂无任务，休息60秒...
[伍廉贞] ⏳ 暂无任务，休息60秒...
[余情绪] ⏳ 暂无任务，休息60秒...
[元人格] ⏳ 暂无任务，休息60秒...
[孟一致] ⏳ 暂无任务，休息60秒...
[谢武功] ⏳ 暂无任务，休息60秒...
[邹接口] ⏳ 暂无任务，休息60秒...
[喻发现] ⏳ 暂无任务，休息60秒...
[柏依赖] ⏳ 暂无任务，休息60秒...
[章破军] ⏳ 暂无任务，休息60秒...
[云沙箱] ⏳ 暂无任务，休息60秒...
[苏容器] ⏳ 暂无任务，休息60秒...
[潘外呼] ⏳ 暂无任务，休息60秒...
[倪左辅] ⏳ 暂无任务，休息60秒...
[汤K8s] ⏳ 暂无任务，休息60秒...
[殷用户] ⏳ 暂无任务，休息60秒...
[罗隔离] ⏳ 暂无任务，休息60秒...
[毕配置] ⏳ 暂无任务，休息60秒...
[周右弼] ⏳ 暂无任务，休息60秒...
[乐法律] ⏳ 暂无任务，休息60秒...
[于道德] ⏳ 暂无任务，休息60秒...
[时权限] ⏳ 暂无任务，休息60秒...
[薛贪狼] ⏳ 暂无任务，休息60秒...
[雷ASR] ⏳ 暂无任务，休息60秒...
[贺TTS] ⏳ 暂无任务，休息60秒...
[贡数字人] ⏳ 暂无任务，休息60秒...
[齐辅弼] ⏳ 暂无任务，休息60秒...
[康网关] ⏳ 暂无任务，休息60秒...
[和产品] ⏳ 暂无任务，休息60秒...
[穆文档] ⏳ 暂无任务，休息60秒...
[黄漂移] ⏳ 暂无任务，休息60秒...
[周进化] ⏳ 暂无任务，休息60秒...
[吴模板] ⏳ 暂无任务，休息60秒...
[周禄存] ⏳ 暂无任务，休息60秒...
[郑路由] ⏳ 暂无任务，休息60秒...
[王规划] ⏳ 暂无任务，休息60秒...
[冯优化] ⏳ 暂无任务，休息60秒...
[钱调度] ⏳ 暂无任务，休息60秒...
[陈元灵] ⏳ 暂无任务，休息60秒...
[林对齐] ⏳ 暂无任务，休息60秒...
[朱图谱] ⏳ 暂无任务，休息60秒...
[平心理] ⏳ 暂无任务，休息60秒...
[水版本] ⏳ 暂无任务，休息60秒...
[葛消息] ⏳ 暂无任务，休息60秒...
[皮审计] ⏳ 暂无任务，休息60秒...
[赏界面] ⏳ 暂无任务，休息60秒...
[财SDK] ⏳ 暂无任务，休息60秒...
[蒋巨门] ⏳ 暂无任务，休息60秒...
[沈记忆] ⏳ 暂无任务，休息60秒...
[韩向量] ⏳ 暂无任务，休息60秒...
[杨检索] ⏳ 暂无任务，休息60秒...
[伍廉贞] ⏳ 暂无任务，休息60秒...
[余情绪] ⏳ 暂无任务，休息60秒...
[元人格] ⏳ 暂无任务，休息60秒...
[孟一致] ⏳ 暂无任务，休息60秒...
[谢武功] ⏳ 暂无任务，休息60秒...
[邹接口] ⏳ 暂无任务，休息60秒...
[喻发现] ⏳ 暂无任务，休息60秒...
[柏依赖] ⏳ 暂无任务，休息60秒...
[章破军] ⏳ 暂无任务，休息60秒...
[云沙箱] ⏳ 暂无任务，休息60秒...
[苏容器] ⏳ 暂无任务，休息60秒...
[潘外呼] ⏳ 暂无任务，休息60秒...
[倪左辅] ⏳ 暂无任务，休息60秒...
[汤K8s] ⏳ 暂无任务，休息60秒...
[殷用户] ⏳ 暂无任务，休息60秒...
[罗隔离] ⏳ 暂无任务，休息60秒...
[毕配置] ⏳ 暂无任务，休息60秒...
[周右弼] ⏳ 暂无任务，休息60秒...
[乐法律] ⏳ 暂无任务，休息60秒...
[于道德] ⏳ 暂无任务，休息60秒...
[时权限] ⏳ 暂无任务，休息60秒...
[薛贪狼] ⏳ 暂无任务，休息60秒...
[雷ASR] ⏳ 暂无任务，休息60秒...
[贺TTS] ⏳ 暂无任务，休息60秒...
[贡数字人] ⏳ 暂无任务，休息60秒...
[齐辅弼] ⏳ 暂无任务，休息60秒...
[康网关] ⏳ 暂无任务，休息60秒...
[和产品] ⏳ 暂无任务，休息60秒...
[穆文档] ⏳ 暂无任务，休息60秒...
[黄漂移] ⏳ 暂无任务，休息60秒...
[周进化] ⏳ 暂无任务，休息60秒...
[吴模板] ⏳ 暂无任务，休息60秒...
[周禄存] ⏳ 暂无任务，休息60秒...
[郑路由] ⏳ 暂无任务，休息60秒...
[王规划] ⏳ 暂无任务，休息60秒...
[冯优化] ⏳ 暂无任务，休息60秒...
[钱调度] ⏳ 暂无任务，休息60秒...
[陈元灵] ⏳ 暂无任务，休息60秒...
[林对齐] ⏳ 暂无任务，休息60秒...
[朱图谱] ⏳ 暂无任务，休息60秒...
[平心理] ⏳ 暂无任务，休息60秒...
[水版本] ⏳ 暂无任务，休息60秒...
[葛消息] ⏳ 暂无任务，休息60秒...
[皮审计] ⏳ 暂无任务，休息60秒...
[赏界面] ⏳ 暂无任务，休息60秒...
[财SDK] ⏳ 暂无任务，休息60秒...
[蒋巨门] ⏳ 暂无任务，休息60秒...
[沈记忆] ⏳ 暂无任务，休息60秒...
[韩向量] ⏳ 暂无任务，休息60秒...
[杨检索] ⏳ 暂无任务，休息60秒...
[伍廉贞] ⏳ 暂无任务，休息60秒...
[余情绪] ⏳ 暂无任务，休息60秒...
[元人格] ⏳ 暂无任务，休息60秒...
[孟一致] ⏳ 暂无任务，休息60秒...
[谢武功] ⏳ 暂无任务，休息60秒...
[邹接口] ⏳ 暂无任务，休息60秒...
[喻发现] ⏳ 暂无任务，休息60秒...
[柏依赖] ⏳ 暂无任务，休息60秒...
[章破军] ⏳ 暂无任务，休息60秒...
[云沙箱] ⏳ 暂无任务，休息60秒...
[苏容器] ⏳ 暂无任务，休息60秒...
[潘外呼] ⏳ 暂无任务，休息60秒...
[倪左辅] ⏳ 暂无任务，休息60秒...
[汤K8s] ⏳ 暂无任务，休息60秒...
[殷用户] ⏳ 暂无任务，休息60秒...
[罗隔离] ⏳ 暂无任务，休息60秒...
[毕配置] ⏳ 暂无任务，休息60秒...
[周右弼] ⏳ 暂无任务，休息60秒...
[乐法律] ⏳ 暂无任务，休息60秒...
[于道德] ⏳ 暂无任务，休息60秒...
[时权限] ⏳ 暂无任务，休息60秒...
[薛贪狼] ⏳ 暂无任务，休息60秒...
[雷ASR] ⏳ 暂无任务，休息60秒...
[贺TTS] ⏳ 暂无任务，休息60秒...
[贡数字人] ⏳ 暂无任务，休息60秒...
[齐辅弼] ⏳ 暂无任务，休息60秒...
[康网关] ⏳ 暂无任务，休息60秒...
[和产品] ⏳ 暂无任务，休息60秒...
[穆文档] ⏳ 暂无任务，休息60秒...
[黄漂移] ⏳ 暂无任务，休息60秒...
[周进化] ⏳ 暂无任务，休息60秒...
[吴模板] ⏳ 暂无任务，休息60秒...
[周禄存] ⏳ 暂无任务，休息60秒...
[郑路由] ⏳ 暂无任务，休息60秒...
[王规划] ⏳ 暂无任务，休息60秒...
[冯优化] ⏳ 暂无任务，休息60秒...
[钱调度] ⏳ 暂无任务，休息60秒...
[陈元灵] ⏳ 暂无任务，休息60秒...
[林对齐] ⏳ 暂无任务，休息60秒...
[朱图谱] ⏳ 暂无任务，休息60秒...
[平心理] ⏳ 暂无任务，休息60秒...
[水版本] ⏳ 暂无任务，休息60秒...
[葛消息] ⏳ 暂无任务，休息60秒...
[皮审计] ⏳ 暂无任务，休息60秒...
[赏界面] ⏳ 暂无任务，休息60秒...
[财SDK] ⏳ 暂无任务，休息60秒...
[蒋巨门] ⏳ 暂无任务，休息60秒...
[沈记忆] ⏳ 暂无任务，休息60秒...
[韩向量] ⏳ 暂无任务，休息60秒...
[杨检索] ⏳ 暂无任务，休息60秒...
[伍廉贞] ⏳ 暂无任务，休息60秒...
[余情绪] ⏳ 暂无任务，休息60秒...
[元人格] ⏳ 暂无任务，休息60秒...
[孟一致] ⏳ 暂无任务，休息60秒...
[谢武功] ⏳ 暂无任务，休息60秒...
[邹接口] ⏳ 暂无任务，休息60秒...
[喻发现] ⏳ 暂无任务，休息60秒...
[柏依赖] ⏳ 暂无任务，休息60秒...
[章破军] ⏳ 暂无任务，休息60秒...
[云沙箱] ⏳ 暂无任务，休息60秒...
[苏容器] ⏳ 暂无任务，休息60秒...
[潘外呼] ⏳ 暂无任务，休息60秒...
[倪左辅] ⏳ 暂无任务，休息60秒...
[汤K8s] ⏳ 暂无任务，休息60秒...
[殷用户] ⏳ 暂无任务，休息60秒...
[罗隔离] ⏳ 暂无任务，休息60秒...
[毕配置] ⏳ 暂无任务，休息60秒...
[周右弼] ⏳ 暂无任务，休息60秒...
[乐法律] ⏳ 暂无任务，休息60秒...
[于道德] ⏳ 暂无任务，休息60秒...
[时权限] ⏳ 暂无任务，休息60秒...
[薛贪狼] ⏳ 暂无任务，休息60秒...
[雷ASR] ⏳ 暂无任务，休息60秒...
[贺TTS] ⏳ 暂无任务，休息60秒...
[贡数字人] ⏳ 暂无任务，休息60秒...
[齐辅弼] ⏳ 暂无任务，休息60秒...
[康网关] ⏳ 暂无任务，休息60秒...
[和产品] ⏳ 暂无任务，休息60秒...
[穆文档] ⏳ 暂无任务，休息60秒...
[黄漂移] ⏳ 暂无任务，休息60秒...
[周进化] ⏳ 暂无任务，休息60秒...
[吴模板] ⏳ 暂无任务，休息60秒...
[周禄存] ⏳ 暂无任务，休息60秒...
[郑路由] ⏳ 暂无任务，休息60秒...
[王规划] ⏳ 暂无任务，休息60秒...
[冯优化] ⏳ 暂无任务，休息60秒...
[钱调度] ⏳ 暂无任务，休息60秒...
[陈元灵] ⏳ 暂无任务，休息60秒...
[林对齐] ⏳ 暂无任务，休息60秒...
[朱图谱] ⏳ 暂无任务，休息60秒...
[平心理] ⏳ 暂无任务，休息60秒...
[水版本] ⏳ 暂无任务，休息60秒...
[葛消息] ⏳ 暂无任务，休息60秒...
[皮审计] ⏳ 暂无任务，休息60秒...
[赏界面] ⏳ 暂无任务，休息60秒...
[财SDK] ⏳ 暂无任务，休息60秒...
[蒋巨门] ⏳ 暂无任务，休息60秒...
[沈记忆] ⏳ 暂无任务，休息60秒...
[韩向量] ⏳ 暂无任务，休息60秒...
[杨检索] ⏳ 暂无任务，休息60秒...
[伍廉贞] ⏳ 暂无任务，休息60秒...
[余情绪] ⏳ 暂无任务，休息60秒...
[元人格] ⏳ 暂无任务，休息60秒...
[孟一致] ⏳ 暂无任务，休息60秒...
[谢武功] ⏳ 暂无任务，休息60秒...
[邹接口] ⏳ 暂无任务，休息60秒...
[喻发现] ⏳ 暂无任务，休息60秒...
[柏依赖] ⏳ 暂无任务，休息60秒...
[章破军] ⏳ 暂无任务，休息60秒...
[云沙箱] ⏳ 暂无任务，休息60秒...
[苏容器] ⏳ 暂无任务，休息60秒...
[潘外呼] ⏳ 暂无任务，休息60秒...
[倪左辅] ⏳ 暂无任务，休息60秒...
[汤K8s] ⏳ 暂无任务，休息60秒...
[殷用户] ⏳ 暂无任务，休息60秒...
[罗隔离] ⏳ 暂无任务，休息60秒...
[毕配置] ⏳ 暂无任务，休息60秒...
[周右弼] ⏳ 暂无任务，休息60秒...
[乐法律] ⏳ 暂无任务，休息60秒...
[于道德] ⏳ 暂无任务，休息60秒...
[时权限] ⏳ 暂无任务，休息60秒...
[薛贪狼] ⏳ 暂无任务，休息60秒...
[雷ASR] ⏳ 暂无任务，休息60秒...
[贺TTS] ⏳ 暂无任务，休息60秒...
[贡数字人] ⏳ 暂无任务，休息60秒...
[齐辅弼] ⏳ 暂无任务，休息60秒...
[康网关] ⏳ 暂无任务，休息60秒...
[和产品] ⏳ 暂无任务，休息60秒...
[穆文档] ⏳ 暂无任务，休息60秒...
[黄漂移] ⏳ 暂无任务，休息60秒...
[周进化] ⏳ 暂无任务，休息60秒...
[吴模板] ⏳ 暂无任务，休息60秒...
[周禄存] ⏳ 暂无任务，休息60秒...
[郑路由] ⏳ 暂无任务，休息60秒...
[王规划] ⏳ 暂无任务，休息60秒...
[冯优化] ⏳ 暂无任务，休息60秒...
[钱调度] ⏳ 暂无任务，休息60秒...
[陈元灵] ⏳ 暂无任务，休息60秒...
[林对齐] ⏳ 暂无任务，休息60秒...
[朱图谱] ⏳ 暂无任务，休息60秒...
[平心理] ⏳ 暂无任务，休息60秒...
[水版本] ⏳ 暂无任务，休息60秒...
[葛消息] ⏳ 暂无任务，休息60秒...
[皮审计] ⏳ 暂无任务，休息60秒...
[赏界面] ⏳ 暂无任务，休息60秒...
[财SDK] ⏳ 暂无任务，休息60秒...
[蒋巨门] ⏳ 暂无任务，休息60秒...
[沈记忆] ⏳ 暂无任务，休息60秒...
[韩向量] ⏳ 暂无任务，休息60秒...
[杨检索] ⏳ 暂无任务，休息60秒...
[伍廉贞] ⏳ 暂无任务，休息60秒...
[余情绪] ⏳ 暂无任务，休息60秒...
[元人格] ⏳ 暂无任务，休息60秒...
[孟一致] ⏳ 暂无任务，休息60秒...
[谢武功] ⏳ 暂无任务，休息60秒...
[邹接口] ⏳ 暂无任务，休息60秒...
[喻发现] ⏳ 暂无任务，休息60秒...
[柏依赖] ⏳ 暂无任务，休息60秒...
[章破军] ⏳ 暂无任务，休息60秒...
[云沙箱] ⏳ 暂无任务，休息60秒...
[苏容器] ⏳ 暂无任务，休息60秒...
[潘外呼] ⏳ 暂无任务，休息60秒...
[倪左辅] ⏳ 暂无任务，休息60秒...
[汤K8s] ⏳ 暂无任务，休息60秒...
[殷用户] ⏳ 暂无任务，休息60秒...
[罗隔离] ⏳ 暂无任务，休息60秒...
[毕配置] ⏳ 暂无任务，休息60秒...
[周右弼] ⏳ 暂无任务，休息60秒...
[乐法律] ⏳ 暂无任务，休息60秒...
[于道德] ⏳ 暂无任务，休息60秒...
[时权限] ⏳ 暂无任务，休息60秒...
[薛贪狼] ⏳ 暂无任务，休息60秒...
[雷ASR] ⏳ 暂无任务，休息60秒...
[贺TTS] ⏳ 暂无任务，休息60秒...
[贡数字人] ⏳ 暂无任务，休息60秒...
[齐辅弼] ⏳ 暂无任务，休息60秒...
[康网关] ⏳ 暂无任务，休息60秒...
[和产品] ⏳ 暂无任务，休息60秒...
[穆文档] ⏳ 暂无任务，休息60秒...
[黄漂移] ⏳ 暂无任务，休息60秒...
[周进化] ⏳ 暂无任务，休息60秒...
[吴模板] ⏳ 暂无任务，休息60秒...
[周禄存] ⏳ 暂无任务，休息60秒...
[郑路由] ⏳ 暂无任务，休息60秒...
[王规划] ⏳ 暂无任务，休息60秒...
[冯优化] ⏳ 暂无任务，休息60秒...
[钱调度] ⏳ 暂无任务，休息60秒...
[陈元灵] ⏳ 暂无任务，休息60秒...
[林对齐] ⏳ 暂无任务，休息60秒...
[朱图谱] ⏳ 暂无任务，休息60秒...
[平心理] ⏳ 暂无任务，休息60秒...
[水版本] ⏳ 暂无任务，休息60秒...
[葛消息] ⏳ 暂无任务，休息60秒...
[皮审计] ⏳ 暂无任务，休息60秒...
[赏界面] ⏳ 暂无任务，休息60秒...
[财SDK] ⏳ 暂无任务，休息60秒...
[蒋巨门] ⏳ 暂无任务，休息60秒...
[沈记忆] ⏳ 暂无任务，休息60秒...
[韩向量] ⏳ 暂无任务，休息60秒...
[杨检索] ⏳ 暂无任务，休息60秒...
[伍廉贞] ⏳ 暂无任务，休息60秒...
[余情绪] ⏳ 暂无任务，休息60秒...
[元人格] ⏳ 暂无任务，休息60秒...
[孟一致] ⏳ 暂无任务，休息60秒...
[谢武功] ⏳ 暂无任务，休息60秒...
[邹接口] ⏳ 暂无任务，休息60秒...
[喻发现] ⏳ 暂无任务，休息60秒...
[柏依赖] ⏳ 暂无任务，休息60秒...
[章破军] ⏳ 暂无任务，休息60秒...
[云沙箱] ⏳ 暂无任务，休息60秒...
[苏容器] ⏳ 暂无任务，休息60秒...
[潘外呼] ⏳ 暂无任务，休息60秒...
[倪左辅] ⏳ 暂无任务，休息60秒...
[汤K8s] ⏳ 暂无任务，休息60秒...
[殷用户] ⏳ 暂无任务，休息60秒...
[罗隔离] ⏳ 暂无任务，休息60秒...
[毕配置] ⏳ 暂无任务，休息60秒...
[周右弼] ⏳ 暂无任务，休息60秒...
[乐法律] ⏳ 暂无任务，休息60秒...
[于道德] ⏳ 暂无任务，休息60秒...
[时权限] ⏳ 暂无任务，休息60秒...
[薛贪狼] ⏳ 暂无任务，休息60秒...
[雷ASR] ⏳ 暂无任务，休息60秒...
[贺TTS] ⏳ 暂无任务，休息60秒...
[贡数字人] ⏳ 暂无任务，休息60秒...
[齐辅弼] ⏳ 暂无任务，休息60秒...
[康网关] ⏳ 暂无任务，休息60秒...
[和产品] ⏳ 暂无任务，休息60秒...
[穆文档] ⏳ 暂无任务，休息60秒...
[黄漂移] ⏳ 暂无任务，休息60秒...
[周进化] ⏳ 暂无任务，休息60秒...
[吴模板] ⏳ 暂无任务，休息60秒...
[周禄存] ⏳ 暂无任务，休息60秒...
[郑路由] ⏳ 暂无任务，休息60秒...
[王规划] ⏳ 暂无任务，休息60秒...
[冯优化] ⏳ 暂无任务，休息60秒...
[钱调度] ⏳ 暂无任务，休息60秒...
[陈元灵] ⏳ 暂无任务，休息60秒...
[林对齐] ⏳ 暂无任务，休息60秒...
[朱图谱] ⏳ 暂无任务，休息60秒...
[平心理] ⏳ 暂无任务，休息60秒...
[水版本] ⏳ 暂无任务，休息60秒...
[葛消息] ⏳ 暂无任务，休息60秒...
[皮审计] ⏳ 暂无任务，休息60秒...
[赏界面] ⏳ 暂无任务，休息60秒...
[财SDK] ⏳ 暂无任务，休息60秒...
[蒋巨门] ⏳ 暂无任务，休息60秒...
[沈记忆] ⏳ 暂无任务，休息60秒...
[韩向量] ⏳ 暂无任务，休息60秒...
[杨检索] ⏳ 暂无任务，休息60秒...
[伍廉贞] ⏳ 暂无任务，休息60秒...
[余情绪] ⏳ 暂无任务，休息60秒...
[元人格] ⏳ 暂无任务，休息60秒...
[孟一致] ⏳ 暂无任务，休息60秒...
[谢武功] ⏳ 暂无任务，休息60秒...
[邹接口] ⏳ 暂无任务，休息60秒...
[喻发现] ⏳ 暂无任务，休息60秒...
[柏依赖] ⏳ 暂无任务，休息60秒...
[章破军] ⏳ 暂无任务，休息60秒...
[云沙箱] ⏳ 暂无任务，休息60秒...
[苏容器] ⏳ 暂无任务，休息60秒...
[潘外呼] ⏳ 暂无任务，休息60秒...
[倪左辅] ⏳ 暂无任务，休息60秒...
[汤K8s] ⏳ 暂无任务，休息60秒...
[殷用户] ⏳ 暂无任务，休息60秒...
[罗隔离] ⏳ 暂无任务，休息60秒...
[毕配置] ⏳ 暂无任务，休息60秒...
[周右弼] ⏳ 暂无任务，休息60秒...
[乐法律] ⏳ 暂无任务，休息60秒...
[于道德] ⏳ 暂无任务，休息60秒...
[时权限] ⏳ 暂无任务，休息60秒...
[薛贪狼] ⏳ 暂无任务，休息60秒...
[雷ASR] ⏳ 暂无任务，休息60秒...
[贺TTS] ⏳ 暂无任务，休息60秒...
[贡数字人] ⏳ 暂无任务，休息60秒...
[齐辅弼] ⏳ 暂无任务，休息60秒...
[康网关] ⏳ 暂无任务，休息60秒...
[和产品] ⏳ 暂无任务，休息60秒...
[穆文档] ⏳ 暂无任务，休息60秒...
[黄漂移] ⏳ 暂无任务，休息60秒...
[周进化] ⏳ 暂无任务，休息60秒...
[吴模板] ⏳ 暂无任务，休息60秒...
[周禄存] ⏳ 暂无任务，休息60秒...
[郑路由] ⏳ 暂无任务，休息60秒...
[王规划] ⏳ 暂无任务，休息60秒...
[冯优化] ⏳ 暂无任务，休息60秒...
[钱调度] ⏳ 暂无任务，休息60秒...
[陈元灵] ⏳ 暂无任务，休息60秒...
[林对齐] ⏳ 暂无任务，休息60秒...
[朱图谱] ⏳ 暂无任务，休息60秒...
[平心理] ⏳ 暂无任务，休息60秒...
[水版本] ⏳ 暂无任务，休息60秒...
[葛消息] ⏳ 暂无任务，休息60秒...
[皮审计] ⏳ 暂无任务，休息60秒...
[赏界面] ⏳ 暂无任务，休息60秒...
[财SDK] ⏳ 暂无任务，休息60秒...
[蒋巨门] ⏳ 暂无任务，休息60秒...
[沈记忆] ⏳ 暂无任务，休息60秒...
[韩向量] ⏳ 暂无任务，休息60秒...
[杨检索] ⏳ 暂无任务，休息60秒...
[伍廉贞] ⏳ 暂无任务，休息60秒...
[余情绪] ⏳ 暂无任务，休息60秒...
[元人格] ⏳ 暂无任务，休息60秒...
[孟一致] ⏳ 暂无任务，休息60秒...
[谢武功] ⏳ 暂无任务，休息60秒...
[邹接口] ⏳ 暂无任务，休息60秒...
[喻发现] ⏳ 暂无任务，休息60秒...
[柏依赖] ⏳ 暂无任务，休息60秒...
[章破军] ⏳ 暂无任务，休息60秒...
[云沙箱] ⏳ 暂无任务，休息60秒...
[苏容器] ⏳ 暂无任务，休息60秒...
[潘外呼] ⏳ 暂无任务，休息60秒...
[倪左辅] ⏳ 暂无任务，休息60秒...
[汤K8s] ⏳ 暂无任务，休息60秒...
[殷用户] ⏳ 暂无任务，休息60秒...
[罗隔离] ⏳ 暂无任务，休息60秒...
[毕配置] ⏳ 暂无任务，休息60秒...
[周右弼] ⏳ 暂无任务，休息60秒...
[乐法律] ⏳ 暂无任务，休息60秒...
[于道德] ⏳ 暂无任务，休息60秒...
[时权限] ⏳ 暂无任务，休息60秒...
[薛贪狼] ⏳ 暂无任务，休息60秒...
[雷ASR] ⏳ 暂无任务，休息60秒...
[贺TTS] ⏳ 暂无任务，休息60秒...
[贡数字人] ⏳ 暂无任务，休息60秒...
[齐辅弼] ⏳ 暂无任务，休息60秒...
[康网关] ⏳ 暂无任务，休息60秒...
[和产品] ⏳ 暂无任务，休息60秒...
[穆文档] ⏳ 暂无任务，休息60秒...
[黄漂移] ⏳ 暂无任务，休息60秒...
[周进化] ⏳ 暂无任务，休息60秒...
[吴模板] ⏳ 暂无任务，休息60秒...
[周禄存] ⏳ 暂无任务，休息60秒...
[郑路由] ⏳ 暂无任务，休息60秒...
[王规划] ⏳ 暂无任务，休息60秒...
[冯优化] ⏳ 暂无任务，休息60秒...
[钱调度] ⏳ 暂无任务，休息60秒...
[陈元灵] ⏳ 暂无任务，休息60秒...
[林对齐] ⏳ 暂无任务，休息60秒...
[朱图谱] ⏳ 暂无任务，休息60秒...
[平心理] ⏳ 暂无任务，休息60秒...
[水版本] ⏳ 暂无任务，休息60秒...
[葛消息] ⏳ 暂无任务，休息60秒...
[皮审计] ⏳ 暂无任务，休息60秒...
[赏界面] ⏳ 暂无任务，休息60秒...
[财SDK] ⏳ 暂无任务，休息60秒...
[蒋巨门] ⏳ 暂无任务，休息60秒...
[沈记忆] ⏳ 暂无任务，休息60秒...
[韩向量] ⏳ 暂无任务，休息60秒...
[杨检索] ⏳ 暂无任务，休息60秒...
[伍廉贞] ⏳ 暂无任务，休息60秒...
[余情绪] ⏳ 暂无任务，休息60秒...
[元人格] ⏳ 暂无任务，休息60秒...
[孟一致] ⏳ 暂无任务，休息60秒...
[谢武功] ⏳ 暂无任务，休息60秒...
[邹接口] ⏳ 暂无任务，休息60秒...
[喻发现] ⏳ 暂无任务，休息60秒...
[柏依赖] ⏳ 暂无任务，休息60秒...
[章破军] ⏳ 暂无任务，休息60秒...
[云沙箱] ⏳ 暂无任务，休息60秒...
[苏容器] ⏳ 暂无任务，休息60秒...
[潘外呼] ⏳ 暂无任务，休息60秒...
[倪左辅] ⏳ 暂无任务，休息60秒...
[汤K8s] ⏳ 暂无任务，休息60秒...
[殷用户] ⏳ 暂无任务，休息60秒...
[罗隔离] ⏳ 暂无任务，休息60秒...
[毕配置] ⏳ 暂无任务，休息60秒...
[周右弼] ⏳ 暂无任务，休息60秒...
[乐法律] ⏳ 暂无任务，休息60秒...
[于道德] ⏳ 暂无任务，休息60秒...
[时权限] ⏳ 暂无任务，休息60秒...
[薛贪狼] ⏳ 暂无任务，休息60秒...
[雷ASR] ⏳ 暂无任务，休息60秒...
[贺TTS] ⏳ 暂无任务，休息60秒...
[贡数字人] ⏳ 暂无任务，休息60秒...
[齐辅弼] ⏳ 暂无任务，休息60秒...
[康网关] ⏳ 暂无任务，休息60秒...
[和产品] ⏳ 暂无任务，休息60秒...
[穆文档] ⏳ 暂无任务，休息60秒...
[黄漂移] ⏳ 暂无任务，休息60秒...
[周进化] ⏳ 暂无任务，休息60秒...
[吴模板] ⏳ 暂无任务，休息60秒...
[周禄存] ⏳ 暂无任务，休息60秒...
[郑路由] ⏳ 暂无任务，休息60秒...
[王规划] ⏳ 暂无任务，休息60秒...
[冯优化] ⏳ 暂无任务，休息60秒...
[钱调度] ⏳ 暂无任务，休息60秒...
[陈元灵] ⏳ 暂无任务，休息60秒...
[林对齐] ⏳ 暂无任务，休息60秒...
[朱图谱] ⏳ 暂无任务，休息60秒...
[平心理] ⏳ 暂无任务，休息60秒...
[水版本] ⏳ 暂无任务，休息60秒...
[葛消息] ⏳ 暂无任务，休息60秒...
[皮审计] ⏳ 暂无任务，休息60秒...
[赏界面] ⏳ 暂无任务，休息60秒...
[财SDK] ⏳ 暂无任务，休息60秒...
[蒋巨门] ⏳ 暂无任务，休息60秒...
[沈记忆] ⏳ 暂无任务，休息60秒...
[韩向量] ⏳ 暂无任务，休息60秒...
[杨检索] ⏳ 暂无任务，休息60秒...
[伍廉贞] ⏳ 暂无任务，休息60秒...
[余情绪] ⏳ 暂无任务，休息60秒...
[元人格] ⏳ 暂无任务，休息60秒...
[孟一致] ⏳ 暂无任务，休息60秒...
[谢武功] ⏳ 暂无任务，休息60秒...
[邹接口] ⏳ 暂无任务，休息60秒...
[喻发现] ⏳ 暂无任务，休息60秒...
[柏依赖] ⏳ 暂无任务，休息60秒...
[章破军] ⏳ 暂无任务，休息60秒...
[云沙箱] ⏳ 暂无任务，休息60秒...
[苏容器] ⏳ 暂无任务，休息60秒...
[潘外呼] ⏳ 暂无任务，休息60秒...
[倪左辅] ⏳ 暂无任务，休息60秒...
[汤K8s] ⏳ 暂无任务，休息60秒...
[殷用户] ⏳ 暂无任务，休息60秒...
[罗隔离] ⏳ 暂无任务，休息60秒...
[毕配置] ⏳ 暂无任务，休息60秒...
[周右弼] ⏳ 暂无任务，休息60秒...
[乐法律] ⏳ 暂无任务，休息60秒...
[于道德] ⏳ 暂无任务，休息60秒...
[时权限] ⏳ 暂无任务，休息60秒...
[薛贪狼] ⏳ 暂无任务，休息60秒...
[雷ASR] ⏳ 暂无任务，休息60秒...
[贺TTS] ⏳ 暂无任务，休息60秒...
[贡数字人] ⏳ 暂无任务，休息60秒...
[齐辅弼] ⏳ 暂无任务，休息60秒...
[康网关] ⏳ 暂无任务，休息60秒...
[和产品] ⏳ 暂无任务，休息60秒...
[穆文档] ⏳ 暂无任务，休息60秒...
[黄漂移] ⏳ 暂无任务，休息60秒...
[周进化] ⏳ 暂无任务，休息60秒...
[吴模板] ⏳ 暂无任务，休息60秒...
[周禄存] ⏳ 暂无任务，休息60秒...
[郑路由] ⏳ 暂无任务，休息60秒...
[王规划] ⏳ 暂无任务，休息60秒...
[冯优化] ⏳ 暂无任务，休息60秒...
[钱调度] ⏳ 暂无任务，休息60秒...
[陈元灵] ⏳ 暂无任务，休息60秒...
[林对齐] ⏳ 暂无任务，休息60秒...
[朱图谱] ⏳ 暂无任务，休息60秒...
[平心理] ⏳ 暂无任务，休息60秒...
[水版本] ⏳ 暂无任务，休息60秒...
[葛消息] ⏳ 暂无任务，休息60秒...
[皮审计] ⏳ 暂无任务，休息60秒...
[赏界面] ⏳ 暂无任务，休息60秒...
[财SDK] ⏳ 暂无任务，休息60秒...
[蒋巨门] ⏳ 暂无任务，休息60秒...
[沈记忆] ⏳ 暂无任务，休息60秒...
[韩向量] ⏳ 暂无任务，休息60秒...
[杨检索] ⏳ 暂无任务，休息60秒...
[伍廉贞] ⏳ 暂无任务，休息60秒...
[余情绪] ⏳ 暂无任务，休息60秒...
[元人格] ⏳ 暂无任务，休息60秒...
[孟一致] ⏳ 暂无任务，休息60秒...
[谢武功] ⏳ 暂无任务，休息60秒...
[邹接口] ⏳ 暂无任务，休息60秒...
[喻发现] ⏳ 暂无任务，休息60秒...
[柏依赖] ⏳ 暂无任务，休息60秒...
[章破军] ⏳ 暂无任务，休息60秒...
[云沙箱] ⏳ 暂无任务，休息60秒...
[苏容器] ⏳ 暂无任务，休息60秒...
[潘外呼] ⏳ 暂无任务，休息60秒...
[倪左辅] ⏳ 暂无任务，休息60秒...
[汤K8s] ⏳ 暂无任务，休息60秒...
[殷用户] ⏳ 暂无任务，休息60秒...
[罗隔离] ⏳ 暂无任务，休息60秒...
[毕配置] ⏳ 暂无任务，休息60秒...
[周右弼] ⏳ 暂无任务，休息60秒...
[乐法律] ⏳ 暂无任务，休息60秒...
[于道德] ⏳ 暂无任务，休息60秒...
[时权限] ⏳ 暂无任务，休息60秒...
[薛贪狼] ⏳ 暂无任务，休息60秒...
[雷ASR] ⏳ 暂无任务，休息60秒...
[贺TTS] ⏳ 暂无任务，休息60秒...
[贡数字人] ⏳ 暂无任务，休息60秒...
[齐辅弼] ⏳ 暂无任务，休息60秒...
[康网关] ⏳ 暂无任务，休息60秒...
[和产品] ⏳ 暂无任务，休息60秒...
[穆文档] ⏳ 暂无任务，休息60秒...
[黄漂移] ⏳ 暂无任务，休息60秒...
[周进化] ⏳ 暂无任务，休息60秒...
[吴模板] ⏳ 暂无任务，休息60秒...
[周禄存] ⏳ 暂无任务，休息60秒...
[郑路由] ⏳ 暂无任务，休息60秒...
[王规划] ⏳ 暂无任务，休息60秒...
[冯优化] ⏳ 暂无任务，休息60秒...
[钱调度] ⏳ 暂无任务，休息60秒...
[陈元灵] ⏳ 暂无任务，休息60秒...
[林对齐] ⏳ 暂无任务，休息60秒...
[朱图谱] ⏳ 暂无任务，休息60秒...
[平心理] ⏳ 暂无任务，休息60秒...
[水版本] ⏳ 暂无任务，休息60秒...
[葛消息] ⏳ 暂无任务，休息60秒...
[皮审计] ⏳ 暂无任务，休息60秒...
[赏界面] ⏳ 暂无任务，休息60秒...
[财SDK] ⏳ 暂无任务，休息60秒...
[蒋巨门] ⏳ 暂无任务，休息60秒...
[沈记忆] ⏳ 暂无任务，休息60秒...
[韩向量] ⏳ 暂无任务，休息60秒...
[杨检索] ⏳ 暂无任务，休息60秒...
[伍廉贞] ⏳ 暂无任务，休息60秒...
[余情绪] ⏳ 暂无任务，休息60秒...
[元人格] ⏳ 暂无任务，休息60秒...
[孟一致] ⏳ 暂无任务，休息60秒...
[谢武功] ⏳ 暂无任务，休息60秒...
[邹接口] ⏳ 暂无任务，休息60秒...
[喻发现] ⏳ 暂无任务，休息60秒...
[柏依赖] ⏳ 暂无任务，休息60秒...
[章破军] ⏳ 暂无任务，休息60秒...
[云沙箱] ⏳ 暂无任务，休息60秒...
[苏容器] ⏳ 暂无任务，休息60秒...
[潘外呼] ⏳ 暂无任务，休息60秒...
[倪左辅] ⏳ 暂无任务，休息60秒...
[汤K8s] ⏳ 暂无任务，休息60秒...
[殷用户] ⏳ 暂无任务，休息60秒...
[罗隔离] ⏳ 暂无任务，休息60秒...
[毕配置] ⏳ 暂无任务，休息60秒...
[周右弼] ⏳ 暂无任务，休息60秒...
[乐法律] ⏳ 暂无任务，休息60秒...
[于道德] ⏳ 暂无任务，休息60秒...
[时权限] ⏳ 暂无任务，休息60秒...
[薛贪狼] ⏳ 暂无任务，休息60秒...
[雷ASR] ⏳ 暂无任务，休息60秒...
[贺TTS] ⏳ 暂无任务，休息60秒...
[贡数字人] ⏳ 暂无任务，休息60秒...
[齐辅弼] ⏳ 暂无任务，休息60秒...
[康网关] ⏳ 暂无任务，休息60秒...
[和产品] ⏳ 暂无任务，休息60秒...
[穆文档] ⏳ 暂无任务，休息60秒...
[黄漂移] ⏳ 暂无任务，休息60秒...
[周进化] ⏳ 暂无任务，休息60秒...
[吴模板] ⏳ 暂无任务，休息60秒...
[周禄存] ⏳ 暂无任务，休息60秒...
[郑路由] ⏳ 暂无任务，休息60秒...
[王规划] ⏳ 暂无任务，休息60秒...
[冯优化] ⏳ 暂无任务，休息60秒...
[钱调度] ⏳ 暂无任务，休息60秒...
[陈元灵] ⏳ 暂无任务，休息60秒...
[林对齐] ⏳ 暂无任务，休息60秒...
[朱图谱] ⏳ 暂无任务，休息60秒...
[平心理] ⏳ 暂无任务，休息60秒...
[水版本] ⏳ 暂无任务，休息60秒...
[葛消息] ⏳ 暂无任务，休息60秒...
[皮审计] ⏳ 暂无任务，休息60秒...
[赏界面] ⏳ 暂无任务，休息60秒...
[财SDK] ⏳ 暂无任务，休息60秒...
[蒋巨门] ⏳ 暂无任务，休息60秒...
[沈记忆] ⏳ 暂无任务，休息60秒...
[韩向量] ⏳ 暂无任务，休息60秒...
[杨检索] ⏳ 暂无任务，休息60秒...
[伍廉贞] ⏳ 暂无任务，休息60秒...
[余情绪] ⏳ 暂无任务，休息60秒...
[元人格] ⏳ 暂无任务，休息60秒...
[孟一致] ⏳ 暂无任务，休息60秒...
[谢武功] ⏳ 暂无任务，休息60秒...
[邹接口] ⏳ 暂无任务，休息60秒...
[喻发现] ⏳ 暂无任务，休息60秒...
[柏依赖] ⏳ 暂无任务，休息60秒...
[章破军] ⏳ 暂无任务，休息60秒...
[云沙箱] ⏳ 暂无任务，休息60秒...
[苏容器] ⏳ 暂无任务，休息60秒...
[潘外呼] ⏳ 暂无任务，休息60秒...
[倪左辅] ⏳ 暂无任务，休息60秒...
[汤K8s] ⏳ 暂无任务，休息60秒...
[殷用户] ⏳ 暂无任务，休息60秒...
[罗隔离] ⏳ 暂无任务，休息60秒...
[毕配置] ⏳ 暂无任务，休息60秒...
[周右弼] ⏳ 暂无任务，休息60秒...
[乐法律] ⏳ 暂无任务，休息60秒...
[于道德] ⏳ 暂无任务，休息60秒...
[时权限] ⏳ 暂无任务，休息60秒...
[薛贪狼] ⏳ 暂无任务，休息60秒...
[雷ASR] ⏳ 暂无任务，休息60秒...
[贺TTS] ⏳ 暂无任务，休息60秒...
[贡数字人] ⏳ 暂无任务，休息60秒...
[齐辅弼] ⏳ 暂无任务，休息60秒...
[康网关] ⏳ 暂无任务，休息60秒...
[和产品] ⏳ 暂无任务，休息60秒...
[穆文档] ⏳ 暂无任务，休息60秒...
[黄漂移] ⏳ 暂无任务，休息60秒...
[周进化] ⏳ 暂无任务，休息60秒...
[吴模板] ⏳ 暂无任务，休息60秒...
[周禄存] ⏳ 暂无任务，休息60秒...
[郑路由] ⏳ 暂无任务，休息60秒...
[王规划] ⏳ 暂无任务，休息60秒...
[冯优化] ⏳ 暂无任务，休息60秒...
[钱调度] ⏳ 暂无任务，休息60秒...
[陈元灵] ⏳ 暂无任务，休息60秒...
[林对齐] ⏳ 暂无任务，休息60秒...
[朱图谱] ⏳ 暂无任务，休息60秒...
[平心理] ⏳ 暂无任务，休息60秒...
[水版本] ⏳ 暂无任务，休息60秒...
[葛消息] ⏳ 暂无任务，休息60秒...
[皮审计] ⏳ 暂无任务，休息60秒...
[赏界面] ⏳ 暂无任务，休息60秒...
[财SDK] ⏳ 暂无任务，休息60秒...
[蒋巨门] ⏳ 暂无任务，休息60秒...
[沈记忆] ⏳ 暂无任务，休息60秒...
[韩向量] ⏳ 暂无任务，休息60秒...
[杨检索] ⏳ 暂无任务，休息60秒...
[伍廉贞] ⏳ 暂无任务，休息60秒...
[余情绪] ⏳ 暂无任务，休息60秒...
[元人格] ⏳ 暂无任务，休息60秒...
[孟一致] ⏳ 暂无任务，休息60秒...
[谢武功] ⏳ 暂无任务，休息60秒...
[邹接口] ⏳ 暂无任务，休息60秒...
[喻发现] ⏳ 暂无任务，休息60秒...
[柏依赖] ⏳ 暂无任务，休息60秒...
[章破军] ⏳ 暂无任务，休息60秒...
[云沙箱] ⏳ 暂无任务，休息60秒...
[苏容器] ⏳ 暂无任务，休息60秒...
[潘外呼] ⏳ 暂无任务，休息60秒...
[倪左辅] ⏳ 暂无任务，休息60秒...
[汤K8s] ⏳ 暂无任务，休息60秒...
[殷用户] ⏳ 暂无任务，休息60秒...
[罗隔离] ⏳ 暂无任务，休息60秒...
[毕配置] ⏳ 暂无任务，休息60秒...
[周右弼] ⏳ 暂无任务，休息60秒...
[乐法律] ⏳ 暂无任务，休息60秒...
[于道德] ⏳ 暂无任务，休息60秒...
[时权限] ⏳ 暂无任务，休息60秒...
[薛贪狼] ⏳ 暂无任务，休息60秒...
[雷ASR] ⏳ 暂无任务，休息60秒...
[贺TTS] ⏳ 暂无任务，休息60秒...
[贡数字人] ⏳ 暂无任务，休息60秒...
[齐辅弼] ⏳ 暂无任务，休息60秒...
[康网关] ⏳ 暂无任务，休息60秒...
[和产品] ⏳ 暂无任务，休息60秒...
[穆文档] ⏳ 暂无任务，休息60秒...
[黄漂移] ⏳ 暂无任务，休息60秒...
[周进化] ⏳ 暂无任务，休息60秒...
[吴模板] ⏳ 暂无任务，休息60秒...
[周禄存] ⏳ 暂无任务，休息60秒...
[郑路由] ⏳ 暂无任务，休息60秒...
[王规划] ⏳ 暂无任务，休息60秒...
[冯优化] ⏳ 暂无任务，休息60秒...
[钱调度] ⏳ 暂无任务，休息60秒...
[陈元灵] ⏳ 暂无任务，休息60秒...
[林对齐] ⏳ 暂无任务，休息60秒...
[朱图谱] ⏳ 暂无任务，休息60秒...
[平心理] ⏳ 暂无任务，休息60秒...
[水版本] ⏳ 暂无任务，休息60秒...
[葛消息] ⏳ 暂无任务，休息60秒...
[皮审计] ⏳ 暂无任务，休息60秒...
[赏界面] ⏳ 暂无任务，休息60秒...
[财SDK] ⏳ 暂无任务，休息60秒...
[蒋巨门] ⏳ 暂无任务，休息60秒...
[沈记忆] ⏳ 暂无任务，休息60秒...
[韩向量] ⏳ 暂无任务，休息60秒...
[杨检索] ⏳ 暂无任务，休息60秒...
[伍廉贞] ⏳ 暂无任务，休息60秒...
[余情绪] ⏳ 暂无任务，休息60秒...
[元人格] ⏳ 暂无任务，休息60秒...
[孟一致] ⏳ 暂无任务，休息60秒...
[谢武功] ⏳ 暂无任务，休息60秒...
[邹接口] ⏳ 暂无任务，休息60秒...
[喻发现] ⏳ 暂无任务，休息60秒...
[柏依赖] ⏳ 暂无任务，休息60秒...
[章破军] ⏳ 暂无任务，休息60秒...
[云沙箱] ⏳ 暂无任务，休息60秒...
[苏容器] ⏳ 暂无任务，休息60秒...
[潘外呼] ⏳ 暂无任务，休息60秒...
[倪左辅] ⏳ 暂无任务，休息60秒...
[汤K8s] ⏳ 暂无任务，休息60秒...
[殷用户] ⏳ 暂无任务，休息60秒...
[罗隔离] ⏳ 暂无任务，休息60秒...
[毕配置] ⏳ 暂无任务，休息60秒...
[周右弼] ⏳ 暂无任务，休息60秒...
[乐法律] ⏳ 暂无任务，休息60秒...
[于道德] ⏳ 暂无任务，休息60秒...
[时权限] ⏳ 暂无任务，休息60秒...
[薛贪狼] ⏳ 暂无任务，休息60秒...
[雷ASR] ⏳ 暂无任务，休息60秒...
[贺TTS] ⏳ 暂无任务，休息60秒...
[贡数字人] ⏳ 暂无任务，休息60秒...
[齐辅弼] ⏳ 暂无任务，休息60秒...
[康网关] ⏳ 暂无任务，休息60秒...
[和产品] ⏳ 暂无任务，休息60秒...
[穆文档] ⏳ 暂无任务，休息60秒...
[黄漂移] ⏳ 暂无任务，休息60秒...
[周进化] ⏳ 暂无任务，休息60秒...
[吴模板] ⏳ 暂无任务，休息60秒...
[周禄存] ⏳ 暂无任务，休息60秒...
[郑路由] ⏳ 暂无任务，休息60秒...
[王规划] ⏳ 暂无任务，休息60秒...
[冯优化] ⏳ 暂无任务，休息60秒...
[钱调度] ⏳ 暂无任务，休息60秒...
[陈元灵] ⏳ 暂无任务，休息60秒...
[林对齐] ⏳ 暂无任务，休息60秒...
[朱图谱] ⏳ 暂无任务，休息60秒...
[平心理] ⏳ 暂无任务，休息60秒...
[水版本] ⏳ 暂无任务，休息60秒...
[葛消息] ⏳ 暂无任务，休息60秒...
[皮审计] ⏳ 暂无任务，休息60秒...
[赏界面] ⏳ 暂无任务，休息60秒...
[财SDK] ⏳ 暂无任务，休息60秒...
[蒋巨门] ⏳ 暂无任务，休息60秒...
[沈记忆] ⏳ 暂无任务，休息60秒...
[韩向量] ⏳ 暂无任务，休息60秒...
[杨检索] ⏳ 暂无任务，休息60秒...
[伍廉贞] ⏳ 暂无任务，休息60秒...
[余情绪] ⏳ 暂无任务，休息60秒...
[元人格] ⏳ 暂无任务，休息60秒...
[孟一致] ⏳ 暂无任务，休息60秒...
[谢武功] ⏳ 暂无任务，休息60秒...
[邹接口] ⏳ 暂无任务，休息60秒...
[喻发现] ⏳ 暂无任务，休息60秒...
[柏依赖] ⏳ 暂无任务，休息60秒...
[章破军] ⏳ 暂无任务，休息60秒...
[云沙箱] ⏳ 暂无任务，休息60秒...
[苏容器] ⏳ 暂无任务，休息60秒...
[潘外呼] ⏳ 暂无任务，休息60秒...
[倪左辅] ⏳ 暂无任务，休息60秒...
[汤K8s] ⏳ 暂无任务，休息60秒...
[殷用户] ⏳ 暂无任务，休息60秒...
[罗隔离] ⏳ 暂无任务，休息60秒...
[毕配置] ⏳ 暂无任务，休息60秒...
[周右弼] ⏳ 暂无任务，休息60秒...
[乐法律] ⏳ 暂无任务，休息60秒...
[于道德] ⏳ 暂无任务，休息60秒...
[时权限] ⏳ 暂无任务，休息60秒...
[薛贪狼] ⏳ 暂无任务，休息60秒...
[雷ASR] ⏳ 暂无任务，休息60秒...
[贺TTS] ⏳ 暂无任务，休息60秒...
[贡数字人] ⏳ 暂无任务，休息60秒...
[齐辅弼] ⏳ 暂无任务，休息60秒...
[康网关] ⏳ 暂无任务，休息60秒...
[和产品] ⏳ 暂无任务，休息60秒...
[穆文档] ⏳ 暂无任务，休息60秒...
[黄漂移] ⏳ 暂无任务，休息60秒...
[周进化] ⏳ 暂无任务，休息60秒...
[吴模板] ⏳ 暂无任务，休息60秒...
[周禄存] ⏳ 暂无任务，休息60秒...
[郑路由] ⏳ 暂无任务，休息60秒...
[王规划] ⏳ 暂无任务，休息60秒...
[冯优化] ⏳ 暂无任务，休息60秒...
[钱调度] ⏳ 暂无任务，休息60秒...
[陈元灵] ⏳ 暂无任务，休息60秒...
[林对齐] ⏳ 暂无任务，休息60秒...
[朱图谱] ⏳ 暂无任务，休息60秒...
[平心理] ⏳ 暂无任务，休息60秒...
[水版本] ⏳ 暂无任务，休息60秒...
[葛消息] ⏳ 暂无任务，休息60秒...
[皮审计] ⏳ 暂无任务，休息60秒...
[赏界面] ⏳ 暂无任务，休息60秒...
[财SDK] ⏳ 暂无任务，休息60秒...
[蒋巨门] ⏳ 暂无任务，休息60秒...
[沈记忆] ⏳ 暂无任务，休息60秒...
[韩向量] ⏳ 暂无任务，休息60秒...
[杨检索] ⏳ 暂无任务，休息60秒...
[伍廉贞] ⏳ 暂无任务，休息60秒...
[余情绪] ⏳ 暂无任务，休息60秒...
[元人格] ⏳ 暂无任务，休息60秒...
[孟一致] ⏳ 暂无任务，休息60秒...
[谢武功] ⏳ 暂无任务，休息60秒...
[邹接口] ⏳ 暂无任务，休息60秒...
[喻发现] ⏳ 暂无任务，休息60秒...
[柏依赖] ⏳ 暂无任务，休息60秒...
[章破军] ⏳ 暂无任务，休息60秒...
[云沙箱] ⏳ 暂无任务，休息60秒...
[苏容器] ⏳ 暂无任务，休息60秒...
[潘外呼] ⏳ 暂无任务，休息60秒...
[倪左辅] ⏳ 暂无任务，休息60秒...
[汤K8s] ⏳ 暂无任务，休息60秒...
[殷用户] ⏳ 暂无任务，休息60秒...
[罗隔离] ⏳ 暂无任务，休息60秒...
[毕配置] ⏳ 暂无任务，休息60秒...
[周右弼] ⏳ 暂无任务，休息60秒...
[乐法律] ⏳ 暂无任务，休息60秒...
[于道德] ⏳ 暂无任务，休息60秒...
[时权限] ⏳ 暂无任务，休息60秒...
[薛贪狼] ⏳ 暂无任务，休息60秒...
[雷ASR] ⏳ 暂无任务，休息60秒...
[贺TTS] ⏳ 暂无任务，休息60秒...
[贡数字人] ⏳ 暂无任务，休息60秒...
[齐辅弼] ⏳ 暂无任务，休息60秒...
[康网关] ⏳ 暂无任务，休息60秒...
[和产品] ⏳ 暂无任务，休息60秒...
[穆文档] ⏳ 暂无任务，休息60秒...
[黄漂移] ⏳ 暂无任务，休息60秒...
[周进化] ⏳ 暂无任务，休息60秒...
[吴模板] ⏳ 暂无任务，休息60秒...
[周禄存] ⏳ 暂无任务，休息60秒...
[郑路由] ⏳ 暂无任务，休息60秒...
[王规划] ⏳ 暂无任务，休息60秒...
[冯优化] ⏳ 暂无任务，休息60秒...
[钱调度] ⏳ 暂无任务，休息60秒...
[陈元灵] ⏳ 暂无任务，休息60秒...
[林对齐] ⏳ 暂无任务，休息60秒...
[朱图谱] ⏳ 暂无任务，休息60秒...
[平心理] ⏳ 暂无任务，休息60秒...
[水版本] ⏳ 暂无任务，休息60秒...
[葛消息] ⏳ 暂无任务，休息60秒...
[皮审计] ⏳ 暂无任务，休息60秒...
[赏界面] ⏳ 暂无任务，休息60秒...
[财SDK] ⏳ 暂无任务，休息60秒...
[蒋巨门] ⏳ 暂无任务，休息60秒...
[沈记忆] ⏳ 暂无任务，休息60秒...
[韩向量] ⏳ 暂无任务，休息60秒...
[杨检索] ⏳ 暂无任务，休息60秒...
[伍廉贞] ⏳ 暂无任务，休息60秒...
[余情绪] ⏳ 暂无任务，休息60秒...
[元人格] ⏳ 暂无任务，休息60秒...
[孟一致] ⏳ 暂无任务，休息60秒...
[谢武功] ⏳ 暂无任务，休息60秒...
[邹接口] ⏳ 暂无任务，休息60秒...
[喻发现] ⏳ 暂无任务，休息60秒...
[柏依赖] ⏳ 暂无任务，休息60秒...
[章破军] ⏳ 暂无任务，休息60秒...
[云沙箱] ⏳ 暂无任务，休息60秒...
[苏容器] ⏳ 暂无任务，休息60秒...
[潘外呼] ⏳ 暂无任务，休息60秒...
[倪左辅] ⏳ 暂无任务，休息60秒...
[汤K8s] ⏳ 暂无任务，休息60秒...
[殷用户] ⏳ 暂无任务，休息60秒...
[罗隔离] ⏳ 暂无任务，休息60秒...
[毕配置] ⏳ 暂无任务，休息60秒...
[周右弼] ⏳ 暂无任务，休息60秒...
[乐法律] ⏳ 暂无任务，休息60秒...
[于道德] ⏳ 暂无任务，休息60秒...
[时权限] ⏳ 暂无任务，休息60秒...
[薛贪狼] ⏳ 暂无任务，休息60秒...
[雷ASR] ⏳ 暂无任务，休息60秒...
[贺TTS] ⏳ 暂无任务，休息60秒...
[贡数字人] ⏳ 暂无任务，休息60秒...
[齐辅弼] ⏳ 暂无任务，休息60秒...
[康网关] ⏳ 暂无任务，休息60秒...
[和产品] ⏳ 暂无任务，休息60秒...
[穆文档] ⏳ 暂无任务，休息60秒...
[黄漂移] ⏳ 暂无任务，休息60秒...
[周进化] ⏳ 暂无任务，休息60秒...
[吴模板] ⏳ 暂无任务，休息60秒...
[周禄存] ⏳ 暂无任务，休息60秒...
[郑路由] ⏳ 暂无任务，休息60秒...
[王规划] ⏳ 暂无任务，休息60秒...
[冯优化] ⏳ 暂无任务，休息60秒...
[钱调度] ⏳ 暂无任务，休息60秒...
[陈元灵] ⏳ 暂无任务，休息60秒...
[林对齐] ⏳ 暂无任务，休息60秒...
[朱图谱] ⏳ 暂无任务，休息60秒...
[平心理] ⏳ 暂无任务，休息60秒...
[水版本] ⏳ 暂无任务，休息60秒...
[葛消息] ⏳ 暂无任务，休息60秒...
[皮审计] ⏳ 暂无任务，休息60秒...
[赏界面] ⏳ 暂无任务，休息60秒...
[财SDK] ⏳ 暂无任务，休息60秒...
[蒋巨门] ⏳ 暂无任务，休息60秒...
[沈记忆] ⏳ 暂无任务，休息60秒...
[韩向量] ⏳ 暂无任务，休息60秒...
[杨检索] ⏳ 暂无任务，休息60秒...
[伍廉贞] ⏳ 暂无任务，休息60秒...
[余情绪] ⏳ 暂无任务，休息60秒...
[元人格] ⏳ 暂无任务，休息60秒...
[孟一致] ⏳ 暂无任务，休息60秒...
[谢武功] ⏳ 暂无任务，休息60秒...
[邹接口] ⏳ 暂无任务，休息60秒...
[喻发现] ⏳ 暂无任务，休息60秒...
[柏依赖] ⏳ 暂无任务，休息60秒...
[章破军] ⏳ 暂无任务，休息60秒...
[云沙箱] ⏳ 暂无任务，休息60秒...
[苏容器] ⏳ 暂无任务，休息60秒...
[潘外呼] ⏳ 暂无任务，休息60秒...
[倪左辅] ⏳ 暂无任务，休息60秒...
[汤K8s] ⏳ 暂无任务，休息60秒...
[殷用户] ⏳ 暂无任务，休息60秒...
[罗隔离] ⏳ 暂无任务，休息60秒...
[毕配置] ⏳ 暂无任务，休息60秒...
[周右弼] ⏳ 暂无任务，休息60秒...
[乐法律] ⏳ 暂无任务，休息60秒...
[于道德] ⏳ 暂无任务，休息60秒...
[时权限] ⏳ 暂无任务，休息60秒...
[薛贪狼] ⏳ 暂无任务，休息60秒...
[雷ASR] ⏳ 暂无任务，休息60秒...
[贺TTS] ⏳ 暂无任务，休息60秒...
[贡数字人] ⏳ 暂无任务，休息60秒...
[齐辅弼] ⏳ 暂无任务，休息60秒...
[康网关] ⏳ 暂无任务，休息60秒...
[和产品] ⏳ 暂无任务，休息60秒...
[穆文档] ⏳ 暂无任务，休息60秒...
[黄漂移] ⏳ 暂无任务，休息60秒...
[周进化] ⏳ 暂无任务，休息60秒...
[吴模板] ⏳ 暂无任务，休息60秒...
[周禄存] ⏳ 暂无任务，休息60秒...
[郑路由] ⏳ 暂无任务，休息60秒...
[王规划] ⏳ 暂无任务，休息60秒...
[冯优化] ⏳ 暂无任务，休息60秒...
[钱调度] ⏳ 暂无任务，休息60秒...
[陈元灵] ⏳ 暂无任务，休息60秒...
[林对齐] ⏳ 暂无任务，休息60秒...
[朱图谱] ⏳ 暂无任务，休息60秒...
[平心理] ⏳ 暂无任务，休息60秒...
[水版本] ⏳ 暂无任务，休息60秒...
[葛消息] ⏳ 暂无任务，休息60秒...
[皮审计] ⏳ 暂无任务，休息60秒...
[赏界面] ⏳ 暂无任务，休息60秒...
[财SDK] ⏳ 暂无任务，休息60秒...
[蒋巨门] ⏳ 暂无任务，休息60秒...
[沈记忆] ⏳ 暂无任务，休息60秒...
[韩向量] ⏳ 暂无任务，休息60秒...
[杨检索] ⏳ 暂无任务，休息60秒...
[伍廉贞] ⏳ 暂无任务，休息60秒...
[余情绪] ⏳ 暂无任务，休息60秒...
[元人格] ⏳ 暂无任务，休息60秒...
[孟一致] ⏳ 暂无任务，休息60秒...
[谢武功] ⏳ 暂无任务，休息60秒...
[邹接口] ⏳ 暂无任务，休息60秒...
[喻发现] ⏳ 暂无任务，休息60秒...
[柏依赖] ⏳ 暂无任务，休息60秒...
[章破军] ⏳ 暂无任务，休息60秒...
[云沙箱] ⏳ 暂无任务，休息60秒...
[苏容器] ⏳ 暂无任务，休息60秒...
[潘外呼] ⏳ 暂无任务，休息60秒...
[倪左辅] ⏳ 暂无任务，休息60秒...
[汤K8s] ⏳ 暂无任务，休息60秒...
[殷用户] ⏳ 暂无任务，休息60秒...
[罗隔离] ⏳ 暂无任务，休息60秒...
[毕配置] ⏳ 暂无任务，休息60秒...
[周右弼] ⏳ 暂无任务，休息60秒...
[乐法律] ⏳ 暂无任务，休息60秒...
[于道德] ⏳ 暂无任务，休息60秒...
[时权限] ⏳ 暂无任务，休息60秒...
[薛贪狼] ⏳ 暂无任务，休息60秒...
[雷ASR] ⏳ 暂无任务，休息60秒...
[贺TTS] ⏳ 暂无任务，休息60秒...
[贡数字人] ⏳ 暂无任务，休息60秒...
[齐辅弼] ⏳ 暂无任务，休息60秒...
[康网关] ⏳ 暂无任务，休息60秒...
[和产品] ⏳ 暂无任务，休息60秒...
[穆文档] ⏳ 暂无任务，休息60秒...
[黄漂移] ⏳ 暂无任务，休息60秒...
[周进化] ⏳ 暂无任务，休息60秒...
[吴模板] ⏳ 暂无任务，休息60秒...
[周禄存] ⏳ 暂无任务，休息60秒...
[郑路由] ⏳ 暂无任务，休息60秒...
[王规划] ⏳ 暂无任务，休息60秒...
[冯优化] ⏳ 暂无任务，休息60秒...
[钱调度] ⏳ 暂无任务，休息60秒...
[陈元灵] ⏳ 暂无任务，休息60秒...
[林对齐] ⏳ 暂无任务，休息60秒...
[朱图谱] ⏳ 暂无任务，休息60秒...
[平心理] ⏳ 暂无任务，休息60秒...
[水版本] ⏳ 暂无任务，休息60秒...
[葛消息] ⏳ 暂无任务，休息60秒...
[皮审计] ⏳ 暂无任务，休息60秒...
[赏界面] ⏳ 暂无任务，休息60秒...
[财SDK] ⏳ 暂无任务，休息60秒...
[蒋巨门] ⏳ 暂无任务，休息60秒...
[沈记忆] ⏳ 暂无任务，休息60秒...
[韩向量] ⏳ 暂无任务，休息60秒...
[杨检索] ⏳ 暂无任务，休息60秒...
[伍廉贞] ⏳ 暂无任务，休息60秒...
[余情绪] ⏳ 暂无任务，休息60秒...
[元人格] ⏳ 暂无任务，休息60秒...
[孟一致] ⏳ 暂无任务，休息60秒...
[谢武功] ⏳ 暂无任务，休息60秒...
[邹接口] ⏳ 暂无任务，休息60秒...
[喻发现] ⏳ 暂无任务，休息60秒...
[柏依赖] ⏳ 暂无任务，休息60秒...
[章破军] ⏳ 暂无任务，休息60秒...
[云沙箱] ⏳ 暂无任务，休息60秒...
[苏容器] ⏳ 暂无任务，休息60秒...
[潘外呼] ⏳ 暂无任务，休息60秒...
[倪左辅] ⏳ 暂无任务，休息60秒...
[汤K8s] ⏳ 暂无任务，休息60秒...
[殷用户] ⏳ 暂无任务，休息60秒...
[罗隔离] ⏳ 暂无任务，休息60秒...
[毕配置] ⏳ 暂无任务，休息60秒...
[周右弼] ⏳ 暂无任务，休息60秒...
[乐法律] ⏳ 暂无任务，休息60秒...
[于道德] ⏳ 暂无任务，休息60秒...
[时权限] ⏳ 暂无任务，休息60秒...
[薛贪狼] ⏳ 暂无任务，休息60秒...
[雷ASR] ⏳ 暂无任务，休息60秒...
[贺TTS] ⏳ 暂无任务，休息60秒...
[贡数字人] ⏳ 暂无任务，休息60秒...
[齐辅弼] ⏳ 暂无任务，休息60秒...
[康网关] ⏳ 暂无任务，休息60秒...
[和产品] ⏳ 暂无任务，休息60秒...
[穆文档] ⏳ 暂无任务，休息60秒...
[黄漂移] ⏳ 暂无任务，休息60秒...
[周进化] ⏳ 暂无任务，休息60秒...
[吴模板] ⏳ 暂无任务，休息60秒...
[周禄存] ⏳ 暂无任务，休息60秒...
[郑路由] ⏳ 暂无任务，休息60秒...
[王规划] ⏳ 暂无任务，休息60秒...
[冯优化] ⏳ 暂无任务，休息60秒...
[钱调度] ⏳ 暂无任务，休息60秒...
[陈元灵] ⏳ 暂无任务，休息60秒...
[林对齐] ⏳ 暂无任务，休息60秒...
[朱图谱] ⏳ 暂无任务，休息60秒...
[平心理] ⏳ 暂无任务，休息60秒...
[水版本] ⏳ 暂无任务，休息60秒...
[葛消息] ⏳ 暂无任务，休息60秒...
[皮审计] ⏳ 暂无任务，休息60秒...
[赏界面] ⏳ 暂无任务，休息60秒...
[财SDK] ⏳ 暂无任务，休息60秒...
[蒋巨门] ⏳ 暂无任务，休息60秒...
[沈记忆] ⏳ 暂无任务，休息60秒...
[韩向量] ⏳ 暂无任务，休息60秒...
[杨检索] ⏳ 暂无任务，休息60秒...
[伍廉贞] ⏳ 暂无任务，休息60秒...
[余情绪] ⏳ 暂无任务，休息60秒...
[元人格] ⏳ 暂无任务，休息60秒...
[孟一致] ⏳ 暂无任务，休息60秒...
[谢武功] ⏳ 暂无任务，休息60秒...
[邹接口] ⏳ 暂无任务，休息60秒...
[喻发现] ⏳ 暂无任务，休息60秒...
[柏依赖] ⏳ 暂无任务，休息60秒...
[章破军] ⏳ 暂无任务，休息60秒...
[云沙箱] ⏳ 暂无任务，休息60秒...
[苏容器] ⏳ 暂无任务，休息60秒...
[潘外呼] ⏳ 暂无任务，休息60秒...
[倪左辅] ⏳ 暂无任务，休息60秒...
[汤K8s] ⏳ 暂无任务，休息60秒...
[殷用户] ⏳ 暂无任务，休息60秒...
[罗隔离] ⏳ 暂无任务，休息60秒...
[毕配置] ⏳ 暂无任务，休息60秒...
[周右弼] ⏳ 暂无任务，休息60秒...
[乐法律] ⏳ 暂无任务，休息60秒...
[于道德] ⏳ 暂无任务，休息60秒...
[时权限] ⏳ 暂无任务，休息60秒...
[薛贪狼] ⏳ 暂无任务，休息60秒...
[雷ASR] ⏳ 暂无任务，休息60秒...
[贺TTS] ⏳ 暂无任务，休息60秒...
[贡数字人] ⏳ 暂无任务，休息60秒...
[齐辅弼] ⏳ 暂无任务，休息60秒...
[康网关] ⏳ 暂无任务，休息60秒...
[和产品] ⏳ 暂无任务，休息60秒...
[穆文档] ⏳ 暂无任务，休息60秒...
[黄漂移] ⏳ 暂无任务，休息60秒...
[周进化] ⏳ 暂无任务，休息60秒...
[吴模板] ⏳ 暂无任务，休息60秒...
[周禄存] ⏳ 暂无任务，休息60秒...
[郑路由] ⏳ 暂无任务，休息60秒...
[王规划] ⏳ 暂无任务，休息60秒...
[冯优化] ⏳ 暂无任务，休息60秒...
[钱调度] ⏳ 暂无任务，休息60秒...
[陈元灵] ⏳ 暂无任务，休息60秒...
[林对齐] ⏳ 暂无任务，休息60秒...
[朱图谱] ⏳ 暂无任务，休息60秒...
[平心理] ⏳ 暂无任务，休息60秒...
[水版本] ⏳ 暂无任务，休息60秒...
[葛消息] ⏳ 暂无任务，休息60秒...
[皮审计] ⏳ 暂无任务，休息60秒...
[赏界面] ⏳ 暂无任务，休息60秒...
[财SDK] ⏳ 暂无任务，休息60秒...
[蒋巨门] ⏳ 暂无任务，休息60秒...
[沈记忆] ⏳ 暂无任务，休息60秒...
[韩向量] ⏳ 暂无任务，休息60秒...
[杨检索] ⏳ 暂无任务，休息60秒...
[伍廉贞] ⏳ 暂无任务，休息60秒...
[余情绪] ⏳ 暂无任务，休息60秒...
[元人格] ⏳ 暂无任务，休息60秒...
[孟一致] ⏳ 暂无任务，休息60秒...
[谢武功] ⏳ 暂无任务，休息60秒...
[邹接口] ⏳ 暂无任务，休息60秒...
[喻发现] ⏳ 暂无任务，休息60秒...
[柏依赖] ⏳ 暂无任务，休息60秒...
[章破军] ⏳ 暂无任务，休息60秒...
[云沙箱] ⏳ 暂无任务，休息60秒...
[苏容器] ⏳ 暂无任务，休息60秒...
[潘外呼] ⏳ 暂无任务，休息60秒...
[倪左辅] ⏳ 暂无任务，休息60秒...
[汤K8s] ⏳ 暂无任务，休息60秒...
[殷用户] ⏳ 暂无任务，休息60秒...
[罗隔离] ⏳ 暂无任务，休息60秒...
[毕配置] ⏳ 暂无任务，休息60秒...
[周右弼] ⏳ 暂无任务，休息60秒...
[乐法律] ⏳ 暂无任务，休息60秒...
[于道德] ⏳ 暂无任务，休息60秒...
[时权限] ⏳ 暂无任务，休息60秒...
[薛贪狼] ⏳ 暂无任务，休息60秒...
[雷ASR] ⏳ 暂无任务，休息60秒...
[贺TTS] ⏳ 暂无任务，休息60秒...
[贡数字人] ⏳ 暂无任务，休息60秒...
[齐辅弼] ⏳ 暂无任务，休息60秒...
[康网关] ⏳ 暂无任务，休息60秒...
[和产品] ⏳ 暂无任务，休息60秒...
[穆文档] ⏳ 暂无任务，休息60秒...
[黄漂移] ⏳ 暂无任务，休息60秒...
[周进化] ⏳ 暂无任务，休息60秒...
[吴模板] ⏳ 暂无任务，休息60秒...
[周禄存] ⏳ 暂无任务，休息60秒...
[郑路由] ⏳ 暂无任务，休息60秒...
[王规划] ⏳ 暂无任务，休息60秒...
[冯优化] ⏳ 暂无任务，休息60秒...
[钱调度] ⏳ 暂无任务，休息60秒...
[陈元灵] ⏳ 暂无任务，休息60秒...
[林对齐] ⏳ 暂无任务，休息60秒...
[朱图谱] ⏳ 暂无任务，休息60秒...
[平心理] ⏳ 暂无任务，休息60秒...
[水版本] ⏳ 暂无任务，休息60秒...
[葛消息] ⏳ 暂无任务，休息60秒...
[皮审计] ⏳ 暂无任务，休息60秒...
[赏界面] ⏳ 暂无任务，休息60秒...
[财SDK] ⏳ 暂无任务，休息60秒...
[蒋巨门] ⏳ 暂无任务，休息60秒...
[沈记忆] ⏳ 暂无任务，休息60秒...
[韩向量] ⏳ 暂无任务，休息60秒...
[杨检索] ⏳ 暂无任务，休息60秒...
[伍廉贞] ⏳ 暂无任务，休息60秒...
[余情绪] ⏳ 暂无任务，休息60秒...
[元人格] ⏳ 暂无任务，休息60秒...
[孟一致] ⏳ 暂无任务，休息60秒...
[谢武功] ⏳ 暂无任务，休息60秒...
[邹接口] ⏳ 暂无任务，休息60秒...
[喻发现] ⏳ 暂无任务，休息60秒...
[柏依赖] ⏳ 暂无任务，休息60秒...
[章破军] ⏳ 暂无任务，休息60秒...
[云沙箱] ⏳ 暂无任务，休息60秒...
[苏容器] ⏳ 暂无任务，休息60秒...
[潘外呼] ⏳ 暂无任务，休息60秒...
[倪左辅] ⏳ 暂无任务，休息60秒...
[汤K8s] ⏳ 暂无任务，休息60秒...
[殷用户] ⏳ 暂无任务，休息60秒...
[罗隔离] ⏳ 暂无任务，休息60秒...
[毕配置] ⏳ 暂无任务，休息60秒...
[周右弼] ⏳ 暂无任务，休息60秒...
[乐法律] ⏳ 暂无任务，休息60秒...
[于道德] ⏳ 暂无任务，休息60秒...
[时权限] ⏳ 暂无任务，休息60秒...
[薛贪狼] ⏳ 暂无任务，休息60秒...
[雷ASR] ⏳ 暂无任务，休息60秒...
[贺TTS] ⏳ 暂无任务，休息60秒...
[贡数字人] ⏳ 暂无任务，休息60秒...
[齐辅弼] ⏳ 暂无任务，休息60秒...
[康网关] ⏳ 暂无任务，休息60秒...
[和产品] ⏳ 暂无任务，休息60秒...
[穆文档] ⏳ 暂无任务，休息60秒...
[黄漂移] ⏳ 暂无任务，休息60秒...
[周进化] ⏳ 暂无任务，休息60秒...
[吴模板] ⏳ 暂无任务，休息60秒...
[周禄存] ⏳ 暂无任务，休息60秒...
[郑路由] ⏳ 暂无任务，休息60秒...
[王规划] ⏳ 暂无任务，休息60秒...
[冯优化] ⏳ 暂无任务，休息60秒...
[钱调度] ⏳ 暂无任务，休息60秒...
[陈元灵] ⏳ 暂无任务，休息60秒...
[林对齐] ⏳ 暂无任务，休息60秒...
[朱图谱] ⏳ 暂无任务，休息60秒...
[平心理] ⏳ 暂无任务，休息60秒...
[水版本] ⏳ 暂无任务，休息60秒...
[葛消息] ⏳ 暂无任务，休息60秒...
[皮审计] ⏳ 暂无任务，休息60秒...
[赏界面] ⏳ 暂无任务，休息60秒...
[财SDK] ⏳ 暂无任务，休息60秒...
[蒋巨门] ⏳ 暂无任务，休息60秒...
[沈记忆] ⏳ 暂无任务，休息60秒...
[韩向量] ⏳ 暂无任务，休息60秒...
[杨检索] ⏳ 暂无任务，休息60秒...
[伍廉贞] ⏳ 暂无任务，休息60秒...
[余情绪] ⏳ 暂无任务，休息60秒...
[元人格] ⏳ 暂无任务，休息60秒...
[孟一致] ⏳ 暂无任务，休息60秒...
[谢武功] ⏳ 暂无任务，休息60秒...
[邹接口] ⏳ 暂无任务，休息60秒...
[喻发现] ⏳ 暂无任务，休息60秒...
[柏依赖] ⏳ 暂无任务，休息60秒...
[章破军] ⏳ 暂无任务，休息60秒...
[云沙箱] ⏳ 暂无任务，休息60秒...
[苏容器] ⏳ 暂无任务，休息60秒...
[潘外呼] ⏳ 暂无任务，休息60秒...
[倪左辅] ⏳ 暂无任务，休息60秒...
[汤K8s] ⏳ 暂无任务，休息60秒...
[殷用户] ⏳ 暂无任务，休息60秒...
[罗隔离] ⏳ 暂无任务，休息60秒...
[毕配置] ⏳ 暂无任务，休息60秒...
[周右弼] ⏳ 暂无任务，休息60秒...
[乐法律] ⏳ 暂无任务，休息60秒...
[于道德] ⏳ 暂无任务，休息60秒...
[时权限] ⏳ 暂无任务，休息60秒...
[薛贪狼] ⏳ 暂无任务，休息60秒...
[雷ASR] ⏳ 暂无任务，休息60秒...
[贺TTS] ⏳ 暂无任务，休息60秒...
[贡数字人] ⏳ 暂无任务，休息60秒...
[齐辅弼] ⏳ 暂无任务，休息60秒...
[康网关] ⏳ 暂无任务，休息60秒...
[和产品] ⏳ 暂无任务，休息60秒...
[穆文档] ⏳ 暂无任务，休息60秒...
[黄漂移] ⏳ 暂无任务，休息60秒...
[周进化] ⏳ 暂无任务，休息60秒...
[吴模板] ⏳ 暂无任务，休息60秒...
[周禄存] ⏳ 暂无任务，休息60秒...
[郑路由] ⏳ 暂无任务，休息60秒...
[王规划] ⏳ 暂无任务，休息60秒...
[冯优化] ⏳ 暂无任务，休息60秒...
[钱调度] ⏳ 暂无任务，休息60秒...
[陈元灵] ⏳ 暂无任务，休息60秒...
[林对齐] ⏳ 暂无任务，休息60秒...
[朱图谱] ⏳ 暂无任务，休息60秒...
[平心理] ⏳ 暂无任务，休息60秒...
[水版本] ⏳ 暂无任务，休息60秒...
[葛消息] ⏳ 暂无任务，休息60秒...
[皮审计] ⏳ 暂无任务，休息60秒...
[赏界面] ⏳ 暂无任务，休息60秒...
[财SDK] ⏳ 暂无任务，休息60秒...
[蒋巨门] ⏳ 暂无任务，休息60秒...
[沈记忆] ⏳ 暂无任务，休息60秒...
[韩向量] ⏳ 暂无任务，休息60秒...
[杨检索] ⏳ 暂无任务，休息60秒...
[伍廉贞] ⏳ 暂无任务，休息60秒...
[余情绪] ⏳ 暂无任务，休息60秒...
[元人格] ⏳ 暂无任务，休息60秒...
[孟一致] ⏳ 暂无任务，休息60秒...
[谢武功] ⏳ 暂无任务，休息60秒...
[邹接口] ⏳ 暂无任务，休息60秒...
[喻发现] ⏳ 暂无任务，休息60秒...
[柏依赖] ⏳ 暂无任务，休息60秒...
[章破军] ⏳ 暂无任务，休息60秒...
[云沙箱] ⏳ 暂无任务，休息60秒...
[苏容器] ⏳ 暂无任务，休息60秒...
[潘外呼] ⏳ 暂无任务，休息60秒...
[倪左辅] ⏳ 暂无任务，休息60秒...
[汤K8s] ⏳ 暂无任务，休息60秒...
[殷用户] ⏳ 暂无任务，休息60秒...
[罗隔离] ⏳ 暂无任务，休息60秒...
[毕配置] ⏳ 暂无任务，休息60秒...
[周右弼] ⏳ 暂无任务，休息60秒...
[乐法律] ⏳ 暂无任务，休息60秒...
[于道德] ⏳ 暂无任务，休息60秒...
[时权限] ⏳ 暂无任务，休息60秒...
[薛贪狼] ⏳ 暂无任务，休息60秒...
[雷ASR] ⏳ 暂无任务，休息60秒...
[贺TTS] ⏳ 暂无任务，休息60秒...
[贡数字人] ⏳ 暂无任务，休息60秒...
[齐辅弼] ⏳ 暂无任务，休息60秒...
[康网关] ⏳ 暂无任务，休息60秒...
[和产品] ⏳ 暂无任务，休息60秒...
[穆文档] ⏳ 暂无任务，休息60秒...
[黄漂移] ⏳ 暂无任务，休息60秒...
[周进化] ⏳ 暂无任务，休息60秒...
[吴模板] ⏳ 暂无任务，休息60秒...
[周禄存] ⏳ 暂无任务，休息60秒...
[郑路由] ⏳ 暂无任务，休息60秒...
[王规划] ⏳ 暂无任务，休息60秒...
[冯优化] ⏳ 暂无任务，休息60秒...
[钱调度] ⏳ 暂无任务，休息60秒...
[陈元灵] ⏳ 暂无任务，休息60秒...
[林对齐] ⏳ 暂无任务，休息60秒...
[朱图谱] ⏳ 暂无任务，休息60秒...
[平心理] ⏳ 暂无任务，休息60秒...
[水版本] ⏳ 暂无任务，休息60秒...
[葛消息] ⏳ 暂无任务，休息60秒...
[皮审计] ⏳ 暂无任务，休息60秒...
[赏界面] ⏳ 暂无任务，休息60秒...
[财SDK] ⏳ 暂无任务，休息60秒...
[蒋巨门] ⏳ 暂无任务，休息60秒...
[沈记忆] ⏳ 暂无任务，休息60秒...
[韩向量] ⏳ 暂无任务，休息60秒...
[杨检索] ⏳ 暂无任务，休息60秒...
[伍廉贞] ⏳ 暂无任务，休息60秒...
[余情绪] ⏳ 暂无任务，休息60秒...
[元人格] ⏳ 暂无任务，休息60秒...
[孟一致] ⏳ 暂无任务，休息60秒...
[谢武功] ⏳ 暂无任务，休息60秒...
[邹接口] ⏳ 暂无任务，休息60秒...
[喻发现] ⏳ 暂无任务，休息60秒...
[柏依赖] ⏳ 暂无任务，休息60秒...
[章破军] ⏳ 暂无任务，休息60秒...
[云沙箱] ⏳ 暂无任务，休息60秒...
[苏容器] ⏳ 暂无任务，休息60秒...
[潘外呼] ⏳ 暂无任务，休息60秒...
[倪左辅] ⏳ 暂无任务，休息60秒...
[汤K8s] ⏳ 暂无任务，休息60秒...
[殷用户] ⏳ 暂无任务，休息60秒...
[罗隔离] ⏳ 暂无任务，休息60秒...
[毕配置] ⏳ 暂无任务，休息60秒...
[周右弼] ⏳ 暂无任务，休息60秒...
[乐法律] ⏳ 暂无任务，休息60秒...
[于道德] ⏳ 暂无任务，休息60秒...
[时权限] ⏳ 暂无任务，休息60秒...
[薛贪狼] ⏳ 暂无任务，休息60秒...
[雷ASR] ⏳ 暂无任务，休息60秒...
[贺TTS] ⏳ 暂无任务，休息60秒...
[贡数字人] ⏳ 暂无任务，休息60秒...
[齐辅弼] ⏳ 暂无任务，休息60秒...
[康网关] ⏳ 暂无任务，休息60秒...
[和产品] ⏳ 暂无任务，休息60秒...
[穆文档] ⏳ 暂无任务，休息60秒...
[黄漂移] ⏳ 暂无任务，休息60秒...
[周进化] ⏳ 暂无任务，休息60秒...
[吴模板] ⏳ 暂无任务，休息60秒...
[周禄存] ⏳ 暂无任务，休息60秒...
[郑路由] ⏳ 暂无任务，休息60秒...
[王规划] ⏳ 暂无任务，休息60秒...
[冯优化] ⏳ 暂无任务，休息60秒...
[钱调度] ⏳ 暂无任务，休息60秒...
[陈元灵] ⏳ 暂无任务，休息60秒...
[林对齐] ⏳ 暂无任务，休息60秒...
[朱图谱] ⏳ 暂无任务，休息60秒...
[平心理] ⏳ 暂无任务，休息60秒...
[水版本] ⏳ 暂无任务，休息60秒...
[葛消息] ⏳ 暂无任务，休息60秒...
[皮审计] ⏳ 暂无任务，休息60秒...
[赏界面] ⏳ 暂无任务，休息60秒...
[财SDK] ⏳ 暂无任务，休息60秒...
[蒋巨门] ⏳ 暂无任务，休息60秒...
[沈记忆] ⏳ 暂无任务，休息60秒...
[韩向量] ⏳ 暂无任务，休息60秒...
[杨检索] ⏳ 暂无任务，休息60秒...
[伍廉贞] ⏳ 暂无任务，休息60秒...
[余情绪] ⏳ 暂无任务，休息60秒...
[元人格] ⏳ 暂无任务，休息60秒...
[孟一致] ⏳ 暂无任务，休息60秒...
[谢武功] ⏳ 暂无任务，休息60秒...
[邹接口] ⏳ 暂无任务，休息60秒...
[喻发现] ⏳ 暂无任务，休息60秒...
[柏依赖] ⏳ 暂无任务，休息60秒...
[章破军] ⏳ 暂无任务，休息60秒...
[云沙箱] ⏳ 暂无任务，休息60秒...
[苏容器] ⏳ 暂无任务，休息60秒...
[潘外呼] ⏳ 暂无任务，休息60秒...
[倪左辅] ⏳ 暂无任务，休息60秒...
[汤K8s] ⏳ 暂无任务，休息60秒...
[殷用户] ⏳ 暂无任务，休息60秒...
[罗隔离] ⏳ 暂无任务，休息60秒...
[毕配置] ⏳ 暂无任务，休息60秒...
[周右弼] ⏳ 暂无任务，休息60秒...
[乐法律] ⏳ 暂无任务，休息60秒...
[于道德] ⏳ 暂无任务，休息60秒...
[时权限] ⏳ 暂无任务，休息60秒...
[薛贪狼] ⏳ 暂无任务，休息60秒...
[雷ASR] ⏳ 暂无任务，休息60秒...
[贺TTS] ⏳ 暂无任务，休息60秒...
[贡数字人] ⏳ 暂无任务，休息60秒...
[齐辅弼] ⏳ 暂无任务，休息60秒...
[康网关] ⏳ 暂无任务，休息60秒...
[和产品] ⏳ 暂无任务，休息60秒...
[穆文档] ⏳ 暂无任务，休息60秒...
[黄漂移] ⏳ 暂无任务，休息60秒...
[周进化] ⏳ 暂无任务，休息60秒...
[吴模板] ⏳ 暂无任务，休息60秒...
[周禄存] ⏳ 暂无任务，休息60秒...
[郑路由] ⏳ 暂无任务，休息60秒...
[王规划] ⏳ 暂无任务，休息60秒...
[冯优化] ⏳ 暂无任务，休息60秒...
[钱调度] ⏳ 暂无任务，休息60秒...
[陈元灵] ⏳ 暂无任务，休息60秒...
[林对齐] ⏳ 暂无任务，休息60秒...
[朱图谱] ⏳ 暂无任务，休息60秒...
[平心理] ⏳ 暂无任务，休息60秒...
[水版本] ⏳ 暂无任务，休息60秒...
[葛消息] ⏳ 暂无任务，休息60秒...
[皮审计] ⏳ 暂无任务，休息60秒...
[赏界面] ⏳ 暂无任务，休息60秒...
[财SDK] ⏳ 暂无任务，休息60秒...
[蒋巨门] ⏳ 暂无任务，休息60秒...
[沈记忆] ⏳ 暂无任务，休息60秒...
[韩向量] ⏳ 暂无任务，休息60秒...
[杨检索] ⏳ 暂无任务，休息60秒...
[伍廉贞] ⏳ 暂无任务，休息60秒...
[余情绪] ⏳ 暂无任务，休息60秒...
[元人格] ⏳ 暂无任务，休息60秒...
[孟一致] ⏳ 暂无任务，休息60秒...
[谢武功] ⏳ 暂无任务，休息60秒...
[邹接口] ⏳ 暂无任务，休息60秒...
[喻发现] ⏳ 暂无任务，休息60秒...
[柏依赖] ⏳ 暂无任务，休息60秒...
[章破军] ⏳ 暂无任务，休息60秒...
[云沙箱] ⏳ 暂无任务，休息60秒...
[苏容器] ⏳ 暂无任务，休息60秒...
[潘外呼] ⏳ 暂无任务，休息60秒...
[倪左辅] ⏳ 暂无任务，休息60秒...
[汤K8s] ⏳ 暂无任务，休息60秒...
[殷用户] ⏳ 暂无任务，休息60秒...
[罗隔离] ⏳ 暂无任务，休息60秒...
[毕配置] ⏳ 暂无任务，休息60秒...
[周右弼] ⏳ 暂无任务，休息60秒...
[乐法律] ⏳ 暂无任务，休息60秒...
[于道德] ⏳ 暂无任务，休息60秒...
[时权限] ⏳ 暂无任务，休息60秒...
[薛贪狼] ⏳ 暂无任务，休息60秒...
[雷ASR] ⏳ 暂无任务，休息60秒...
[贺TTS] ⏳ 暂无任务，休息60秒...
[贡数字人] ⏳ 暂无任务，休息60秒...
[齐辅弼] ⏳ 暂无任务，休息60秒...
[康网关] ⏳ 暂无任务，休息60秒...
[和产品] ⏳ 暂无任务，休息60秒...
[穆文档] ⏳ 暂无任务，休息60秒...
[黄漂移] ⏳ 暂无任务，休息60秒...
[周进化] ⏳ 暂无任务，休息60秒...
[吴模板] ⏳ 暂无任务，休息60秒...
[周禄存] ⏳ 暂无任务，休息60秒...
[郑路由] ⏳ 暂无任务，休息60秒...
[王规划] ⏳ 暂无任务，休息60秒...
[冯优化] ⏳ 暂无任务，休息60秒...
[钱调度] ⏳ 暂无任务，休息60秒...
[陈元灵] ⏳ 暂无任务，休息60秒...
[林对齐] ⏳ 暂无任务，休息60秒...
[朱图谱] ⏳ 暂无任务，休息60秒...
[平心理] ⏳ 暂无任务，休息60秒...
[水版本] ⏳ 暂无任务，休息60秒...
[葛消息] ⏳ 暂无任务，休息60秒...
[皮审计] ⏳ 暂无任务，休息60秒...
[赏界面] ⏳ 暂无任务，休息60秒...
[财SDK] ⏳ 暂无任务，休息60秒...
[蒋巨门] ⏳ 暂无任务，休息60秒...
[沈记忆] ⏳ 暂无任务，休息60秒...
[韩向量] ⏳ 暂无任务，休息60秒...
[杨检索] ⏳ 暂无任务，休息60秒...
[伍廉贞] ⏳ 暂无任务，休息60秒...
[余情绪] ⏳ 暂无任务，休息60秒...
[元人格] ⏳ 暂无任务，休息60秒...
[孟一致] ⏳ 暂无任务，休息60秒...
[谢武功] ⏳ 暂无任务，休息60秒...
[邹接口] ⏳ 暂无任务，休息60秒...
[喻发现] ⏳ 暂无任务，休息60秒...
[柏依赖] ⏳ 暂无任务，休息60秒...
[章破军] ⏳ 暂无任务，休息60秒...
[云沙箱] ⏳ 暂无任务，休息60秒...
[苏容器] ⏳ 暂无任务，休息60秒...
[潘外呼] ⏳ 暂无任务，休息60秒...
[倪左辅] ⏳ 暂无任务，休息60秒...
[汤K8s] ⏳ 暂无任务，休息60秒...
[殷用户] ⏳ 暂无任务，休息60秒...
[罗隔离] ⏳ 暂无任务，休息60秒...
[毕配置] ⏳ 暂无任务，休息60秒...
[周右弼] ⏳ 暂无任务，休息60秒...
[乐法律] ⏳ 暂无任务，休息60秒...
[于道德] ⏳ 暂无任务，休息60秒...
[时权限] ⏳ 暂无任务，休息60秒...
[薛贪狼] ⏳ 暂无任务，休息60秒...
[雷ASR] ⏳ 暂无任务，休息60秒...
[贺TTS] ⏳ 暂无任务，休息60秒...
[贡数字人] ⏳ 暂无任务，休息60秒...
[齐辅弼] ⏳ 暂无任务，休息60秒...
[康网关] ⏳ 暂无任务，休息60秒...
[和产品] ⏳ 暂无任务，休息60秒...
[穆文档] ⏳ 暂无任务，休息60秒...
[黄漂移] ⏳ 暂无任务，休息60秒...
[周进化] ⏳ 暂无任务，休息60秒...
[吴模板] ⏳ 暂无任务，休息60秒...
[周禄存] ⏳ 暂无任务，休息60秒...
[郑路由] ⏳ 暂无任务，休息60秒...
[王规划] ⏳ 暂无任务，休息60秒...
[冯优化] ⏳ 暂无任务，休息60秒...
[钱调度] ⏳ 暂无任务，休息60秒...
[陈元灵] ⏳ 暂无任务，休息60秒...
[林对齐] ⏳ 暂无任务，休息60秒...
[朱图谱] ⏳ 暂无任务，休息60秒...
[平心理] ⏳ 暂无任务，休息60秒...
[水版本] ⏳ 暂无任务，休息60秒...
[葛消息] ⏳ 暂无任务，休息60秒...
[皮审计] ⏳ 暂无任务，休息60秒...
[赏界面] ⏳ 暂无任务，休息60秒...
[财SDK] ⏳ 暂无任务，休息60秒...
[蒋巨门] ⏳ 暂无任务，休息60秒...
[沈记忆] ⏳ 暂无任务，休息60秒...
[韩向量] ⏳ 暂无任务，休息60秒...
[杨检索] ⏳ 暂无任务，休息60秒...
[伍廉贞] ⏳ 暂无任务，休息60秒...
[余情绪] ⏳ 暂无任务，休息60秒...
[元人格] ⏳ 暂无任务，休息60秒...
[孟一致] ⏳ 暂无任务，休息60秒...
[谢武功] ⏳ 暂无任务，休息60秒...
[邹接口] ⏳ 暂无任务，休息60秒...
[喻发现] ⏳ 暂无任务，休息60秒...
[柏依赖] ⏳ 暂无任务，休息60秒...
[章破军] ⏳ 暂无任务，休息60秒...
[云沙箱] ⏳ 暂无任务，休息60秒...
[苏容器] ⏳ 暂无任务，休息60秒...
[潘外呼] ⏳ 暂无任务，休息60秒...
[倪左辅] ⏳ 暂无任务，休息60秒...
[汤K8s] ⏳ 暂无任务，休息60秒...
[殷用户] ⏳ 暂无任务，休息60秒...
[罗隔离] ⏳ 暂无任务，休息60秒...
[毕配置] ⏳ 暂无任务，休息60秒...
[周右弼] ⏳ 暂无任务，休息60秒...
[乐法律] ⏳ 暂无任务，休息60秒...
[于道德] ⏳ 暂无任务，休息60秒...
[时权限] ⏳ 暂无任务，休息60秒...
[薛贪狼] ⏳ 暂无任务，休息60秒...
[雷ASR] ⏳ 暂无任务，休息60秒...
[贺TTS] ⏳ 暂无任务，休息60秒...
[贡数字人] ⏳ 暂无任务，休息60秒...
[齐辅弼] ⏳ 暂无任务，休息60秒...
[康网关] ⏳ 暂无任务，休息60秒...
[和产品] ⏳ 暂无任务，休息60秒...
[穆文档] ⏳ 暂无任务，休息60秒...
[黄漂移] ⏳ 暂无任务，休息60秒...
[周进化] ⏳ 暂无任务，休息60秒...
[吴模板] ⏳ 暂无任务，休息60秒...
[周禄存] ⏳ 暂无任务，休息60秒...
[郑路由] ⏳ 暂无任务，休息60秒...
[王规划] ⏳ 暂无任务，休息60秒...
[冯优化] ⏳ 暂无任务，休息60秒...
[钱调度] ⏳ 暂无任务，休息60秒...
[陈元灵] ⏳ 暂无任务，休息60秒...
[林对齐] ⏳ 暂无任务，休息60秒...
[朱图谱] ⏳ 暂无任务，休息60秒...
[平心理] ⏳ 暂无任务，休息60秒...
[水版本] ⏳ 暂无任务，休息60秒...
[葛消息] ⏳ 暂无任务，休息60秒...
[皮审计] ⏳ 暂无任务，休息60秒...
[赏界面] ⏳ 暂无任务，休息60秒...
[财SDK] ⏳ 暂无任务，休息60秒...
[蒋巨门] ⏳ 暂无任务，休息60秒...
[沈记忆] ⏳ 暂无任务，休息60秒...
[韩向量] ⏳ 暂无任务，休息60秒...
[杨检索] ⏳ 暂无任务，休息60秒...
[伍廉贞] ⏳ 暂无任务，休息60秒...
[余情绪] ⏳ 暂无任务，休息60秒...
[元人格] ⏳ 暂无任务，休息60秒...
[孟一致] ⏳ 暂无任务，休息60秒...
[谢武功] ⏳ 暂无任务，休息60秒...
[邹接口] ⏳ 暂无任务，休息60秒...
[喻发现] ⏳ 暂无任务，休息60秒...
[柏依赖] ⏳ 暂无任务，休息60秒...
[章破军] ⏳ 暂无任务，休息60秒...
[云沙箱] ⏳ 暂无任务，休息60秒...
[苏容器] ⏳ 暂无任务，休息60秒...
[潘外呼] ⏳ 暂无任务，休息60秒...
[倪左辅] ⏳ 暂无任务，休息60秒...
[汤K8s] ⏳ 暂无任务，休息60秒...
[殷用户] ⏳ 暂无任务，休息60秒...
[罗隔离] ⏳ 暂无任务，休息60秒...
[毕配置] ⏳ 暂无任务，休息60秒...
[周右弼] ⏳ 暂无任务，休息60秒...
[乐法律] ⏳ 暂无任务，休息60秒...
[于道德] ⏳ 暂无任务，休息60秒...
[时权限] ⏳ 暂无任务，休息60秒...
[薛贪狼] ⏳ 暂无任务，休息60秒...
[雷ASR] ⏳ 暂无任务，休息60秒...
[贺TTS] ⏳ 暂无任务，休息60秒...
[贡数字人] ⏳ 暂无任务，休息60秒...
[齐辅弼] ⏳ 暂无任务，休息60秒...
[康网关] ⏳ 暂无任务，休息60秒...
[和产品] ⏳ 暂无任务，休息60秒...
[穆文档] ⏳ 暂无任务，休息60秒...
[黄漂移] ⏳ 暂无任务，休息60秒...
[周进化] ⏳ 暂无任务，休息60秒...
[吴模板] ⏳ 暂无任务，休息60秒...
[周禄存] ⏳ 暂无任务，休息60秒...
[郑路由] ⏳ 暂无任务，休息60秒...
[王规划] ⏳ 暂无任务，休息60秒...
[冯优化] ⏳ 暂无任务，休息60秒...
[钱调度] ⏳ 暂无任务，休息60秒...
[陈元灵] ⏳ 暂无任务，休息60秒...
[林对齐] ⏳ 暂无任务，休息60秒...
[朱图谱] ⏳ 暂无任务，休息60秒...
[平心理] ⏳ 暂无任务，休息60秒...
[水版本] ⏳ 暂无任务，休息60秒...
[葛消息] ⏳ 暂无任务，休息60秒...
[皮审计] ⏳ 暂无任务，休息60秒...
[赏界面] ⏳ 暂无任务，休息60秒...
[财SDK] ⏳ 暂无任务，休息60秒...
[蒋巨门] ⏳ 暂无任务，休息60秒...
[沈记忆] ⏳ 暂无任务，休息60秒...
[韩向量] ⏳ 暂无任务，休息60秒...
[杨检索] ⏳ 暂无任务，休息60秒...
[伍廉贞] ⏳ 暂无任务，休息60秒...
[余情绪] ⏳ 暂无任务，休息60秒...
[元人格] ⏳ 暂无任务，休息60秒...
[孟一致] ⏳ 暂无任务，休息60秒...
[谢武功] ⏳ 暂无任务，休息60秒...
[邹接口] ⏳ 暂无任务，休息60秒...
[喻发现] ⏳ 暂无任务，休息60秒...
[柏依赖] ⏳ 暂无任务，休息60秒...
[章破军] ⏳ 暂无任务，休息60秒...
[云沙箱] ⏳ 暂无任务，休息60秒...
[苏容器] ⏳ 暂无任务，休息60秒...
[潘外呼] ⏳ 暂无任务，休息60秒...
[倪左辅] ⏳ 暂无任务，休息60秒...
[汤K8s] ⏳ 暂无任务，休息60秒...
[殷用户] ⏳ 暂无任务，休息60秒...
[罗隔离] ⏳ 暂无任务，休息60秒...
[毕配置] ⏳ 暂无任务，休息60秒...
[周右弼] ⏳ 暂无任务，休息60秒...
[乐法律] ⏳ 暂无任务，休息60秒...
[于道德] ⏳ 暂无任务，休息60秒...
[时权限] ⏳ 暂无任务，休息60秒...
[薛贪狼] ⏳ 暂无任务，休息60秒...
[雷ASR] ⏳ 暂无任务，休息60秒...
[贺TTS] ⏳ 暂无任务，休息60秒...
[贡数字人] ⏳ 暂无任务，休息60秒...
[齐辅弼] ⏳ 暂无任务，休息60秒...
[康网关] ⏳ 暂无任务，休息60秒...
[和产品] ⏳ 暂无任务，休息60秒...
[穆文档] ⏳ 暂无任务，休息60秒...
[黄漂移] ⏳ 暂无任务，休息60秒...
[周进化] ⏳ 暂无任务，休息60秒...
[吴模板] ⏳ 暂无任务，休息60秒...
[周禄存] ⏳ 暂无任务，休息60秒...
[郑路由] ⏳ 暂无任务，休息60秒...
[王规划] ⏳ 暂无任务，休息60秒...
[冯优化] ⏳ 暂无任务，休息60秒...
[钱调度] ⏳ 暂无任务，休息60秒...
[陈元灵] ⏳ 暂无任务，休息60秒...
[林对齐] ⏳ 暂无任务，休息60秒...
[朱图谱] ⏳ 暂无任务，休息60秒...
[平心理] ⏳ 暂无任务，休息60秒...
[水版本] ⏳ 暂无任务，休息60秒...
[葛消息] ⏳ 暂无任务，休息60秒...
[皮审计] ⏳ 暂无任务，休息60秒...
[赏界面] ⏳ 暂无任务，休息60秒...
[财SDK] ⏳ 暂无任务，休息60秒...
[蒋巨门] ⏳ 暂无任务，休息60秒...
[沈记忆] ⏳ 暂无任务，休息60秒...
[韩向量] ⏳ 暂无任务，休息60秒...
[杨检索] ⏳ 暂无任务，休息60秒...
[伍廉贞] ⏳ 暂无任务，休息60秒...
[余情绪] ⏳ 暂无任务，休息60秒...
[元人格] ⏳ 暂无任务，休息60秒...
[孟一致] ⏳ 暂无任务，休息60秒...
[谢武功] ⏳ 暂无任务，休息60秒...
[邹接口] ⏳ 暂无任务，休息60秒...
[喻发现] ⏳ 暂无任务，休息60秒...
[柏依赖] ⏳ 暂无任务，休息60秒...
[章破军] ⏳ 暂无任务，休息60秒...
[云沙箱] ⏳ 暂无任务，休息60秒...
[苏容器] ⏳ 暂无任务，休息60秒...
[潘外呼] ⏳ 暂无任务，休息60秒...
[倪左辅] ⏳ 暂无任务，休息60秒...
[汤K8s] ⏳ 暂无任务，休息60秒...
[殷用户] ⏳ 暂无任务，休息60秒...
[罗隔离] ⏳ 暂无任务，休息60秒...
[毕配置] ⏳ 暂无任务，休息60秒...
[周右弼] ⏳ 暂无任务，休息60秒...
[乐法律] ⏳ 暂无任务，休息60秒...
[于道德] ⏳ 暂无任务，休息60秒...
[时权限] ⏳ 暂无任务，休息60秒...
[薛贪狼] ⏳ 暂无任务，休息60秒...
[雷ASR] ⏳ 暂无任务，休息60秒...
[贺TTS] ⏳ 暂无任务，休息60秒...
[贡数字人] ⏳ 暂无任务，休息60秒...
[齐辅弼] ⏳ 暂无任务，休息60秒...
[康网关] ⏳ 暂无任务，休息60秒...
[和产品] ⏳ 暂无任务，休息60秒...
[穆文档] ⏳ 暂无任务，休息60秒...
[黄漂移] ⏳ 暂无任务，休息60秒...
[周进化] ⏳ 暂无任务，休息60秒...
[吴模板] ⏳ 暂无任务，休息60秒...
[周禄存] ⏳ 暂无任务，休息60秒...
[郑路由] ⏳ 暂无任务，休息60秒...
[王规划] ⏳ 暂无任务，休息60秒...
[冯优化] ⏳ 暂无任务，休息60秒...
[钱调度] ⏳ 暂无任务，休息60秒...
[陈元灵] ⏳ 暂无任务，休息60秒...
[林对齐] ⏳ 暂无任务，休息60秒...
[朱图谱] ⏳ 暂无任务，休息60秒...
[平心理] ⏳ 暂无任务，休息60秒...
[水版本] ⏳ 暂无任务，休息60秒...
[葛消息] ⏳ 暂无任务，休息60秒...
[皮审计] ⏳ 暂无任务，休息60秒...
[赏界面] ⏳ 暂无任务，休息60秒...
[财SDK] ⏳ 暂无任务，休息60秒...
[蒋巨门] ⏳ 暂无任务，休息60秒...
[沈记忆] ⏳ 暂无任务，休息60秒...
[韩向量] ⏳ 暂无任务，休息60秒...
[杨检索] ⏳ 暂无任务，休息60秒...
[伍廉贞] ⏳ 暂无任务，休息60秒...
[余情绪] ⏳ 暂无任务，休息60秒...
[元人格] ⏳ 暂无任务，休息60秒...
[孟一致] ⏳ 暂无任务，休息60秒...
[谢武功] ⏳ 暂无任务，休息60秒...
[邹接口] ⏳ 暂无任务，休息60秒...
[喻发现] ⏳ 暂无任务，休息60秒...
[柏依赖] ⏳ 暂无任务，休息60秒...
[章破军] ⏳ 暂无任务，休息60秒...
[云沙箱] ⏳ 暂无任务，休息60秒...
[苏容器] ⏳ 暂无任务，休息60秒...
[潘外呼] ⏳ 暂无任务，休息60秒...
[倪左辅] ⏳ 暂无任务，休息60秒...
[汤K8s] ⏳ 暂无任务，休息60秒...
[殷用户] ⏳ 暂无任务，休息60秒...
[罗隔离] ⏳ 暂无任务，休息60秒...
[毕配置] ⏳ 暂无任务，休息60秒...
[周右弼] ⏳ 暂无任务，休息60秒...
[乐法律] ⏳ 暂无任务，休息60秒...
[于道德] ⏳ 暂无任务，休息60秒...
[时权限] ⏳ 暂无任务，休息60秒...
[薛贪狼] ⏳ 暂无任务，休息60秒...
[雷ASR] ⏳ 暂无任务，休息60秒...
[贺TTS] ⏳ 暂无任务，休息60秒...
[贡数字人] ⏳ 暂无任务，休息60秒...
[齐辅弼] ⏳ 暂无任务，休息60秒...
[康网关] ⏳ 暂无任务，休息60秒...
[和产品] ⏳ 暂无任务，休息60秒...
[穆文档] ⏳ 暂无任务，休息60秒...
[黄漂移] ⏳ 暂无任务，休息60秒...
[周进化] ⏳ 暂无任务，休息60秒...
[吴模板] ⏳ 暂无任务，休息60秒...
[周禄存] ⏳ 暂无任务，休息60秒...
[郑路由] ⏳ 暂无任务，休息60秒...
[王规划] ⏳ 暂无任务，休息60秒...
[冯优化] ⏳ 暂无任务，休息60秒...
[钱调度] ⏳ 暂无任务，休息60秒...
[陈元灵] ⏳ 暂无任务，休息60秒...
[林对齐] ⏳ 暂无任务，休息60秒...
[朱图谱] ⏳ 暂无任务，休息60秒...
[平心理] ⏳ 暂无任务，休息60秒...
[水版本] ⏳ 暂无任务，休息60秒...
[葛消息] ⏳ 暂无任务，休息60秒...
[皮审计] ⏳ 暂无任务，休息60秒...
[赏界面] ⏳ 暂无任务，休息60秒...
[财SDK] ⏳ 暂无任务，休息60秒...
[蒋巨门] ⏳ 暂无任务，休息60秒...
[沈记忆] ⏳ 暂无任务，休息60秒...
[韩向量] ⏳ 暂无任务，休息60秒...
[杨检索] ⏳ 暂无任务，休息60秒...
[伍廉贞] ⏳ 暂无任务，休息60秒...
[余情绪] ⏳ 暂无任务，休息60秒...
[元人格] ⏳ 暂无任务，休息60秒...
[孟一致] ⏳ 暂无任务，休息60秒...
[谢武功] ⏳ 暂无任务，休息60秒...
[邹接口] ⏳ 暂无任务，休息60秒...
[喻发现] ⏳ 暂无任务，休息60秒...
[柏依赖] ⏳ 暂无任务，休息60秒...
[章破军] ⏳ 暂无任务，休息60秒...
[云沙箱] ⏳ 暂无任务，休息60秒...
[苏容器] ⏳ 暂无任务，休息60秒...
[潘外呼] ⏳ 暂无任务，休息60秒...
[倪左辅] ⏳ 暂无任务，休息60秒...
[汤K8s] ⏳ 暂无任务，休息60秒...
[殷用户] ⏳ 暂无任务，休息60秒...
[罗隔离] ⏳ 暂无任务，休息60秒...
[毕配置] ⏳ 暂无任务，休息60秒...
[周右弼] ⏳ 暂无任务，休息60秒...
[乐法律] ⏳ 暂无任务，休息60秒...
[于道德] ⏳ 暂无任务，休息60秒...
[时权限] ⏳ 暂无任务，休息60秒...
[薛贪狼] ⏳ 暂无任务，休息60秒...
[雷ASR] ⏳ 暂无任务，休息60秒...
[贺TTS] ⏳ 暂无任务，休息60秒...
[贡数字人] ⏳ 暂无任务，休息60秒...
[齐辅弼] ⏳ 暂无任务，休息60秒...
[康网关] ⏳ 暂无任务，休息60秒...
[和产品] ⏳ 暂无任务，休息60秒...
[穆文档] ⏳ 暂无任务，休息60秒...
[黄漂移] ⏳ 暂无任务，休息60秒...
[周进化] ⏳ 暂无任务，休息60秒...
[吴模板] ⏳ 暂无任务，休息60秒...
[周禄存] ⏳ 暂无任务，休息60秒...
[郑路由] ⏳ 暂无任务，休息60秒...
[王规划] ⏳ 暂无任务，休息60秒...
[冯优化] ⏳ 暂无任务，休息60秒...
[钱调度] ⏳ 暂无任务，休息60秒...
[陈元灵] ⏳ 暂无任务，休息60秒...
[林对齐] ⏳ 暂无任务，休息60秒...
[朱图谱] ⏳ 暂无任务，休息60秒...
[平心理] ⏳ 暂无任务，休息60秒...
[水版本] ⏳ 暂无任务，休息60秒...
[葛消息] ⏳ 暂无任务，休息60秒...
[皮审计] ⏳ 暂无任务，休息60秒...
[赏界面] ⏳ 暂无任务，休息60秒...
[财SDK] ⏳ 暂无任务，休息60秒...
[蒋巨门] ⏳ 暂无任务，休息60秒...
[沈记忆] ⏳ 暂无任务，休息60秒...
[韩向量] ⏳ 暂无任务，休息60秒...
[杨检索] ⏳ 暂无任务，休息60秒...
[伍廉贞] ⏳ 暂无任务，休息60秒...
[余情绪] ⏳ 暂无任务，休息60秒...
[元人格] ⏳ 暂无任务，休息60秒...
[孟一致] ⏳ 暂无任务，休息60秒...
[谢武功] ⏳ 暂无任务，休息60秒...
[邹接口] ⏳ 暂无任务，休息60秒...
[喻发现] ⏳ 暂无任务，休息60秒...
[柏依赖] ⏳ 暂无任务，休息60秒...
[章破军] ⏳ 暂无任务，休息60秒...
[云沙箱] ⏳ 暂无任务，休息60秒...
[苏容器] ⏳ 暂无任务，休息60秒...
[潘外呼] ⏳ 暂无任务，休息60秒...
[倪左辅] ⏳ 暂无任务，休息60秒...
[汤K8s] ⏳ 暂无任务，休息60秒...
[殷用户] ⏳ 暂无任务，休息60秒...
[罗隔离] ⏳ 暂无任务，休息60秒...
[毕配置] ⏳ 暂无任务，休息60秒...
[周右弼] ⏳ 暂无任务，休息60秒...
[乐法律] ⏳ 暂无任务，休息60秒...
[于道德] ⏳ 暂无任务，休息60秒...
[时权限] ⏳ 暂无任务，休息60秒...
[薛贪狼] ⏳ 暂无任务，休息60秒...
[雷ASR] ⏳ 暂无任务，休息60秒...
[贺TTS] ⏳ 暂无任务，休息60秒...
[贡数字人] ⏳ 暂无任务，休息60秒...
[齐辅弼] ⏳ 暂无任务，休息60秒...
[康网关] ⏳ 暂无任务，休息60秒...
[和产品] ⏳ 暂无任务，休息60秒...
[穆文档] ⏳ 暂无任务，休息60秒...
[黄漂移] ⏳ 暂无任务，休息60秒...
[周进化] ⏳ 暂无任务，休息60秒...
[吴模板] ⏳ 暂无任务，休息60秒...
[周禄存] ⏳ 暂无任务，休息60秒...
[郑路由] ⏳ 暂无任务，休息60秒...
[王规划] ⏳ 暂无任务，休息60秒...
[冯优化] ⏳ 暂无任务，休息60秒...
[钱调度] ⏳ 暂无任务，休息60秒...
[陈元灵] ⏳ 暂无任务，休息60秒...
[林对齐] ⏳ 暂无任务，休息60秒...
[朱图谱] ⏳ 暂无任务，休息60秒...
[平心理] ⏳ 暂无任务，休息60秒...
[水版本] ⏳ 暂无任务，休息60秒...
[葛消息] ⏳ 暂无任务，休息60秒...
[皮审计] ⏳ 暂无任务，休息60秒...
[赏界面] ⏳ 暂无任务，休息60秒...
[财SDK] ⏳ 暂无任务，休息60秒...
[蒋巨门] ⏳ 暂无任务，休息60秒...
[沈记忆] ⏳ 暂无任务，休息60秒...
[韩向量] ⏳ 暂无任务，休息60秒...
[杨检索] ⏳ 暂无任务，休息60秒...
[伍廉贞] ⏳ 暂无任务，休息60秒...
[余情绪] ⏳ 暂无任务，休息60秒...
[元人格] ⏳ 暂无任务，休息60秒...
[孟一致] ⏳ 暂无任务，休息60秒...
[谢武功] ⏳ 暂无任务，休息60秒...
[邹接口] ⏳ 暂无任务，休息60秒...
[喻发现] ⏳ 暂无任务，休息60秒...
[柏依赖] ⏳ 暂无任务，休息60秒...
[章破军] ⏳ 暂无任务，休息60秒...
[云沙箱] ⏳ 暂无任务，休息60秒...
[苏容器] ⏳ 暂无任务，休息60秒...
[潘外呼] ⏳ 暂无任务，休息60秒...
[倪左辅] ⏳ 暂无任务，休息60秒...
[汤K8s] ⏳ 暂无任务，休息60秒...
[殷用户] ⏳ 暂无任务，休息60秒...
[罗隔离] ⏳ 暂无任务，休息60秒...
[毕配置] ⏳ 暂无任务，休息60秒...
[周右弼] ⏳ 暂无任务，休息60秒...
[乐法律] ⏳ 暂无任务，休息60秒...
[于道德] ⏳ 暂无任务，休息60秒...
[时权限] ⏳ 暂无任务，休息60秒...
[薛贪狼] ⏳ 暂无任务，休息60秒...
[雷ASR] ⏳ 暂无任务，休息60秒...
[贺TTS] ⏳ 暂无任务，休息60秒...
[贡数字人] ⏳ 暂无任务，休息60秒...
[齐辅弼] ⏳ 暂无任务，休息60秒...
[康网关] ⏳ 暂无任务，休息60秒...
[和产品] ⏳ 暂无任务，休息60秒...
[穆文档] ⏳ 暂无任务，休息60秒...
[黄漂移] ⏳ 暂无任务，休息60秒...
[周进化] ⏳ 暂无任务，休息60秒...
[吴模板] ⏳ 暂无任务，休息60秒...
[周禄存] ⏳ 暂无任务，休息60秒...
[郑路由] ⏳ 暂无任务，休息60秒...
[王规划] ⏳ 暂无任务，休息60秒...
[冯优化] ⏳ 暂无任务，休息60秒...
[钱调度] ⏳ 暂无任务，休息60秒...
[陈元灵] ⏳ 暂无任务，休息60秒...
[林对齐] ⏳ 暂无任务，休息60秒...
[朱图谱] ⏳ 暂无任务，休息60秒...
[平心理] ⏳ 暂无任务，休息60秒...
[水版本] ⏳ 暂无任务，休息60秒...
[葛消息] ⏳ 暂无任务，休息60秒...
[皮审计] ⏳ 暂无任务，休息60秒...
[赏界面] ⏳ 暂无任务，休息60秒...
[财SDK] ⏳ 暂无任务，休息60秒...
[蒋巨门] ⏳ 暂无任务，休息60秒...
[沈记忆] ⏳ 暂无任务，休息60秒...
[韩向量] ⏳ 暂无任务，休息60秒...
[杨检索] ⏳ 暂无任务，休息60秒...
[伍廉贞] ⏳ 暂无任务，休息60秒...
[余情绪] ⏳ 暂无任务，休息60秒...
[元人格] ⏳ 暂无任务，休息60秒...
[孟一致] ⏳ 暂无任务，休息60秒...
[谢武功] ⏳ 暂无任务，休息60秒...
[邹接口] ⏳ 暂无任务，休息60秒...
[喻发现] ⏳ 暂无任务，休息60秒...
[柏依赖] ⏳ 暂无任务，休息60秒...
[章破军] ⏳ 暂无任务，休息60秒...
[云沙箱] ⏳ 暂无任务，休息60秒...
[苏容器] ⏳ 暂无任务，休息60秒...
[潘外呼] ⏳ 暂无任务，休息60秒...
[倪左辅] ⏳ 暂无任务，休息60秒...
[汤K8s] ⏳ 暂无任务，休息60秒...
[殷用户] ⏳ 暂无任务，休息60秒...
[罗隔离] ⏳ 暂无任务，休息60秒...
[毕配置] ⏳ 暂无任务，休息60秒...
[周右弼] ⏳ 暂无任务，休息60秒...
[乐法律] ⏳ 暂无任务，休息60秒...
[于道德] ⏳ 暂无任务，休息60秒...
[时权限] ⏳ 暂无任务，休息60秒...
[薛贪狼] ⏳ 暂无任务，休息60秒...
[雷ASR] ⏳ 暂无任务，休息60秒...
[贺TTS] ⏳ 暂无任务，休息60秒...
[贡数字人] ⏳ 暂无任务，休息60秒...
[齐辅弼] ⏳ 暂无任务，休息60秒...
[康网关] ⏳ 暂无任务，休息60秒...
[和产品] ⏳ 暂无任务，休息60秒...
[穆文档] ⏳ 暂无任务，休息60秒...
[黄漂移] ⏳ 暂无任务，休息60秒...
[周进化] ⏳ 暂无任务，休息60秒...
[吴模板] ⏳ 暂无任务，休息60秒...
[周禄存] ⏳ 暂无任务，休息60秒...
[郑路由] ⏳ 暂无任务，休息60秒...
[王规划] ⏳ 暂无任务，休息60秒...
[冯优化] ⏳ 暂无任务，休息60秒...
[钱调度] ⏳ 暂无任务，休息60秒...
[陈元灵] ⏳ 暂无任务，休息60秒...
[林对齐] ⏳ 暂无任务，休息60秒...
[朱图谱] ⏳ 暂无任务，休息60秒...
[平心理] ⏳ 暂无任务，休息60秒...
[水版本] ⏳ 暂无任务，休息60秒...
[葛消息] ⏳ 暂无任务，休息60秒...
[皮审计] ⏳ 暂无任务，休息60秒...
[赏界面] ⏳ 暂无任务，休息60秒...
[财SDK] ⏳ 暂无任务，休息60秒...
[蒋巨门] ⏳ 暂无任务，休息60秒...
[沈记忆] ⏳ 暂无任务，休息60秒...
[韩向量] ⏳ 暂无任务，休息60秒...
[杨检索] ⏳ 暂无任务，休息60秒...
[伍廉贞] ⏳ 暂无任务，休息60秒...
[余情绪] ⏳ 暂无任务，休息60秒...
[元人格] ⏳ 暂无任务，休息60秒...
[孟一致] ⏳ 暂无任务，休息60秒...
[谢武功] ⏳ 暂无任务，休息60秒...
[邹接口] ⏳ 暂无任务，休息60秒...
[喻发现] ⏳ 暂无任务，休息60秒...
[柏依赖] ⏳ 暂无任务，休息60秒...
[章破军] ⏳ 暂无任务，休息60秒...
[云沙箱] ⏳ 暂无任务，休息60秒...
[苏容器] ⏳ 暂无任务，休息60秒...
[潘外呼] ⏳ 暂无任务，休息60秒...
[倪左辅] ⏳ 暂无任务，休息60秒...
[汤K8s] ⏳ 暂无任务，休息60秒...
[殷用户] ⏳ 暂无任务，休息60秒...
[罗隔离] ⏳ 暂无任务，休息60秒...
[毕配置] ⏳ 暂无任务，休息60秒...
[周右弼] ⏳ 暂无任务，休息60秒...
[乐法律] ⏳ 暂无任务，休息60秒...
[于道德] ⏳ 暂无任务，休息60秒...
[时权限] ⏳ 暂无任务，休息60秒...
[薛贪狼] ⏳ 暂无任务，休息60秒...
[雷ASR] ⏳ 暂无任务，休息60秒...
[贺TTS] ⏳ 暂无任务，休息60秒...
[贡数字人] ⏳ 暂无任务，休息60秒...
[齐辅弼] ⏳ 暂无任务，休息60秒...
[康网关] ⏳ 暂无任务，休息60秒...
[和产品] ⏳ 暂无任务，休息60秒...
[穆文档] ⏳ 暂无任务，休息60秒...
[黄漂移] ⏳ 暂无任务，休息60秒...
[周进化] ⏳ 暂无任务，休息60秒...
[吴模板] ⏳ 暂无任务，休息60秒...
[周禄存] ⏳ 暂无任务，休息60秒...
[郑路由] ⏳ 暂无任务，休息60秒...
[王规划] ⏳ 暂无任务，休息60秒...
[冯优化] ⏳ 暂无任务，休息60秒...
[钱调度] ⏳ 暂无任务，休息60秒...
[陈元灵] ⏳ 暂无任务，休息60秒...
[林对齐] ⏳ 暂无任务，休息60秒...
[朱图谱] ⏳ 暂无任务，休息60秒...
[平心理] ⏳ 暂无任务，休息60秒...
[水版本] ⏳ 暂无任务，休息60秒...
[葛消息] ⏳ 暂无任务，休息60秒...
[皮审计] ⏳ 暂无任务，休息60秒...
[赏界面] ⏳ 暂无任务，休息60秒...
[财SDK] ⏳ 暂无任务，休息60秒...
[蒋巨门] ⏳ 暂无任务，休息60秒...
[沈记忆] ⏳ 暂无任务，休息60秒...
[韩向量] ⏳ 暂无任务，休息60秒...
[杨检索] ⏳ 暂无任务，休息60秒...
[伍廉贞] ⏳ 暂无任务，休息60秒...
[余情绪] ⏳ 暂无任务，休息60秒...
[元人格] ⏳ 暂无任务，休息60秒...
[孟一致] ⏳ 暂无任务，休息60秒...
[谢武功] ⏳ 暂无任务，休息60秒...
[邹接口] ⏳ 暂无任务，休息60秒...
[喻发现] ⏳ 暂无任务，休息60秒...
[柏依赖] ⏳ 暂无任务，休息60秒...
[章破军] ⏳ 暂无任务，休息60秒...
[云沙箱] ⏳ 暂无任务，休息60秒...
[苏容器] ⏳ 暂无任务，休息60秒...
[潘外呼] ⏳ 暂无任务，休息60秒...
[倪左辅] ⏳ 暂无任务，休息60秒...
[汤K8s] ⏳ 暂无任务，休息60秒...
[殷用户] ⏳ 暂无任务，休息60秒...
[罗隔离] ⏳ 暂无任务，休息60秒...
[毕配置] ⏳ 暂无任务，休息60秒...
[周右弼] ⏳ 暂无任务，休息60秒...
[乐法律] ⏳ 暂无任务，休息60秒...
[于道德] ⏳ 暂无任务，休息60秒...
[时权限] ⏳ 暂无任务，休息60秒...
[薛贪狼] ⏳ 暂无任务，休息60秒...
[雷ASR] ⏳ 暂无任务，休息60秒...
[贺TTS] ⏳ 暂无任务，休息60秒...
[贡数字人] ⏳ 暂无任务，休息60秒...
[齐辅弼] ⏳ 暂无任务，休息60秒...
[康网关] ⏳ 暂无任务，休息60秒...
[和产品] ⏳ 暂无任务，休息60秒...
[穆文档] ⏳ 暂无任务，休息60秒...
[黄漂移] ⏳ 暂无任务，休息60秒...
[周进化] ⏳ 暂无任务，休息60秒...
[吴模板] ⏳ 暂无任务，休息60秒...
[周禄存] ⏳ 暂无任务，休息60秒...
[郑路由] ⏳ 暂无任务，休息60秒...
[王规划] ⏳ 暂无任务，休息60秒...
[冯优化] ⏳ 暂无任务，休息60秒...
[钱调度] ⏳ 暂无任务，休息60秒...
[陈元灵] ⏳ 暂无任务，休息60秒...
[林对齐] ⏳ 暂无任务，休息60秒...
[朱图谱] ⏳ 暂无任务，休息60秒...
[平心理] ⏳ 暂无任务，休息60秒...
[水版本] ⏳ 暂无任务，休息60秒...
[葛消息] ⏳ 暂无任务，休息60秒...
[皮审计] ⏳ 暂无任务，休息60秒...
[赏界面] ⏳ 暂无任务，休息60秒...
[财SDK] ⏳ 暂无任务，休息60秒...
[蒋巨门] ⏳ 暂无任务，休息60秒...
[沈记忆] ⏳ 暂无任务，休息60秒...
[韩向量] ⏳ 暂无任务，休息60秒...
[杨检索] ⏳ 暂无任务，休息60秒...
[伍廉贞] ⏳ 暂无任务，休息60秒...
[余情绪] ⏳ 暂无任务，休息60秒...
[元人格] ⏳ 暂无任务，休息60秒...
[孟一致] ⏳ 暂无任务，休息60秒...
[谢武功] ⏳ 暂无任务，休息60秒...
[邹接口] ⏳ 暂无任务，休息60秒...
[喻发现] ⏳ 暂无任务，休息60秒...
[柏依赖] ⏳ 暂无任务，休息60秒...
[章破军] ⏳ 暂无任务，休息60秒...
[云沙箱] ⏳ 暂无任务，休息60秒...
[苏容器] ⏳ 暂无任务，休息60秒...
[潘外呼] ⏳ 暂无任务，休息60秒...
[倪左辅] ⏳ 暂无任务，休息60秒...
[汤K8s] ⏳ 暂无任务，休息60秒...
[殷用户] ⏳ 暂无任务，休息60秒...
[罗隔离] ⏳ 暂无任务，休息60秒...
[毕配置] ⏳ 暂无任务，休息60秒...
[周右弼] ⏳ 暂无任务，休息60秒...
[乐法律] ⏳ 暂无任务，休息60秒...
[于道德] ⏳ 暂无任务，休息60秒...
[时权限] ⏳ 暂无任务，休息60秒...
[薛贪狼] ⏳ 暂无任务，休息60秒...
[雷ASR] ⏳ 暂无任务，休息60秒...
[贺TTS] ⏳ 暂无任务，休息60秒...
[贡数字人] ⏳ 暂无任务，休息60秒...
[齐辅弼] ⏳ 暂无任务，休息60秒...
[康网关] ⏳ 暂无任务，休息60秒...
[和产品] ⏳ 暂无任务，休息60秒...
[穆文档] ⏳ 暂无任务，休息60秒...
[黄漂移] ⏳ 暂无任务，休息60秒...
[周进化] ⏳ 暂无任务，休息60秒...
[吴模板] ⏳ 暂无任务，休息60秒...
[周禄存] ⏳ 暂无任务，休息60秒...
[郑路由] ⏳ 暂无任务，休息60秒...
[王规划] ⏳ 暂无任务，休息60秒...
[冯优化] ⏳ 暂无任务，休息60秒...
[钱调度] ⏳ 暂无任务，休息60秒...
[陈元灵] ⏳ 暂无任务，休息60秒...
[林对齐] ⏳ 暂无任务，休息60秒...
[朱图谱] ⏳ 暂无任务，休息60秒...
[平心理] ⏳ 暂无任务，休息60秒...
[水版本] ⏳ 暂无任务，休息60秒...
[葛消息] ⏳ 暂无任务，休息60秒...
[皮审计] ⏳ 暂无任务，休息60秒...
[赏界面] ⏳ 暂无任务，休息60秒...
[财SDK] ⏳ 暂无任务，休息60秒...
[蒋巨门] ⏳ 暂无任务，休息60秒...
[沈记忆] ⏳ 暂无任务，休息60秒...
[韩向量] ⏳ 暂无任务，休息60秒...
[杨检索] ⏳ 暂无任务，休息60秒...
[伍廉贞] ⏳ 暂无任务，休息60秒...
[余情绪] ⏳ 暂无任务，休息60秒...
[元人格] ⏳ 暂无任务，休息60秒...
[孟一致] ⏳ 暂无任务，休息60秒...
[谢武功] ⏳ 暂无任务，休息60秒...
[邹接口] ⏳ 暂无任务，休息60秒...
[喻发现] ⏳ 暂无任务，休息60秒...
[柏依赖] ⏳ 暂无任务，休息60秒...
[章破军] ⏳ 暂无任务，休息60秒...
[云沙箱] ⏳ 暂无任务，休息60秒...
[苏容器] ⏳ 暂无任务，休息60秒...
[潘外呼] ⏳ 暂无任务，休息60秒...
[倪左辅] ⏳ 暂无任务，休息60秒...
[汤K8s] ⏳ 暂无任务，休息60秒...
[殷用户] ⏳ 暂无任务，休息60秒...
[罗隔离] ⏳ 暂无任务，休息60秒...
[毕配置] ⏳ 暂无任务，休息60秒...
[周右弼] ⏳ 暂无任务，休息60秒...
[乐法律] ⏳ 暂无任务，休息60秒...
[于道德] ⏳ 暂无任务，休息60秒...
[时权限] ⏳ 暂无任务，休息60秒...
[薛贪狼] ⏳ 暂无任务，休息60秒...
[雷ASR] ⏳ 暂无任务，休息60秒...
[贺TTS] ⏳ 暂无任务，休息60秒...
[贡数字人] ⏳ 暂无任务，休息60秒...
[齐辅弼] ⏳ 暂无任务，休息60秒...
[康网关] ⏳ 暂无任务，休息60秒...
[和产品] ⏳ 暂无任务，休息60秒...
[穆文档] ⏳ 暂无任务，休息60秒...
[黄漂移] ⏳ 暂无任务，休息60秒...
[周进化] ⏳ 暂无任务，休息60秒...
[吴模板] ⏳ 暂无任务，休息60秒...
[周禄存] ⏳ 暂无任务，休息60秒...
[郑路由] ⏳ 暂无任务，休息60秒...
[王规划] ⏳ 暂无任务，休息60秒...
[冯优化] ⏳ 暂无任务，休息60秒...
[钱调度] ⏳ 暂无任务，休息60秒...
[陈元灵] ⏳ 暂无任务，休息60秒...
[林对齐] ⏳ 暂无任务，休息60秒...
[朱图谱] ⏳ 暂无任务，休息60秒...
[平心理] ⏳ 暂无任务，休息60秒...
[水版本] ⏳ 暂无任务，休息60秒...
[葛消息] ⏳ 暂无任务，休息60秒...
[皮审计] ⏳ 暂无任务，休息60秒...
[赏界面] ⏳ 暂无任务，休息60秒...
[财SDK] ⏳ 暂无任务，休息60秒...
[蒋巨门] ⏳ 暂无任务，休息60秒...
[沈记忆] ⏳ 暂无任务，休息60秒...
[韩向量] ⏳ 暂无任务，休息60秒...
[杨检索] ⏳ 暂无任务，休息60秒...
[伍廉贞] ⏳ 暂无任务，休息60秒...
[余情绪] ⏳ 暂无任务，休息60秒...
[元人格] ⏳ 暂无任务，休息60秒...
[孟一致] ⏳ 暂无任务，休息60秒...
[谢武功] ⏳ 暂无任务，休息60秒...
[邹接口] ⏳ 暂无任务，休息60秒...
[喻发现] ⏳ 暂无任务，休息60秒...
[柏依赖] ⏳ 暂无任务，休息60秒...
[章破军] ⏳ 暂无任务，休息60秒...
[云沙箱] ⏳ 暂无任务，休息60秒...
[苏容器] ⏳ 暂无任务，休息60秒...
[潘外呼] ⏳ 暂无任务，休息60秒...
[倪左辅] ⏳ 暂无任务，休息60秒...
[汤K8s] ⏳ 暂无任务，休息60秒...
[殷用户] ⏳ 暂无任务，休息60秒...
[罗隔离] ⏳ 暂无任务，休息60秒...
[毕配置] ⏳ 暂无任务，休息60秒...
[周右弼] ⏳ 暂无任务，休息60秒...
[乐法律] ⏳ 暂无任务，休息60秒...
[于道德] ⏳ 暂无任务，休息60秒...
[时权限] ⏳ 暂无任务，休息60秒...
[薛贪狼] ⏳ 暂无任务，休息60秒...
[雷ASR] ⏳ 暂无任务，休息60秒...
[贺TTS] ⏳ 暂无任务，休息60秒...
[贡数字人] ⏳ 暂无任务，休息60秒...
[齐辅弼] ⏳ 暂无任务，休息60秒...
[康网关] ⏳ 暂无任务，休息60秒...
[和产品] ⏳ 暂无任务，休息60秒...
[穆文档] ⏳ 暂无任务，休息60秒...
[黄漂移] ⏳ 暂无任务，休息60秒...
[周进化] ⏳ 暂无任务，休息60秒...
[吴模板] ⏳ 暂无任务，休息60秒...
[周禄存] ⏳ 暂无任务，休息60秒...
[郑路由] ⏳ 暂无任务，休息60秒...
[王规划] ⏳ 暂无任务，休息60秒...
[冯优化] ⏳ 暂无任务，休息60秒...
[钱调度] ⏳ 暂无任务，休息60秒...
[陈元灵] ⏳ 暂无任务，休息60秒...
[林对齐] ⏳ 暂无任务，休息60秒...
[朱图谱] ⏳ 暂无任务，休息60秒...
[平心理] ⏳ 暂无任务，休息60秒...
[水版本] ⏳ 暂无任务，休息60秒...
[葛消息] ⏳ 暂无任务，休息60秒...
[皮审计] ⏳ 暂无任务，休息60秒...
[赏界面] ⏳ 暂无任务，休息60秒...
[财SDK] ⏳ 暂无任务，休息60秒...
[蒋巨门] ⏳ 暂无任务，休息60秒...
[沈记忆] ⏳ 暂无任务，休息60秒...
[韩向量] ⏳ 暂无任务，休息60秒...
[杨检索] ⏳ 暂无任务，休息60秒...
[伍廉贞] ⏳ 暂无任务，休息60秒...
[余情绪] ⏳ 暂无任务，休息60秒...
[元人格] ⏳ 暂无任务，休息60秒...
[孟一致] ⏳ 暂无任务，休息60秒...
[谢武功] ⏳ 暂无任务，休息60秒...
[邹接口] ⏳ 暂无任务，休息60秒...
[喻发现] ⏳ 暂无任务，休息60秒...
[柏依赖] ⏳ 暂无任务，休息60秒...
[章破军] ⏳ 暂无任务，休息60秒...
[云沙箱] ⏳ 暂无任务，休息60秒...
[苏容器] ⏳ 暂无任务，休息60秒...
[潘外呼] ⏳ 暂无任务，休息60秒...
[倪左辅] ⏳ 暂无任务，休息60秒...
[汤K8s] ⏳ 暂无任务，休息60秒...
[殷用户] ⏳ 暂无任务，休息60秒...
[罗隔离] ⏳ 暂无任务，休息60秒...
[毕配置] ⏳ 暂无任务，休息60秒...
[周右弼] ⏳ 暂无任务，休息60秒...
[乐法律] ⏳ 暂无任务，休息60秒...
[于道德] ⏳ 暂无任务，休息60秒...
[时权限] ⏳ 暂无任务，休息60秒...
[薛贪狼] ⏳ 暂无任务，休息60秒...
[雷ASR] ⏳ 暂无任务，休息60秒...
[贺TTS] ⏳ 暂无任务，休息60秒...
[贡数字人] ⏳ 暂无任务，休息60秒...
[齐辅弼] ⏳ 暂无任务，休息60秒...
[康网关] ⏳ 暂无任务，休息60秒...
[和产品] ⏳ 暂无任务，休息60秒...
[穆文档] ⏳ 暂无任务，休息60秒...
[黄漂移] ⏳ 暂无任务，休息60秒...
[周进化] ⏳ 暂无任务，休息60秒...
[吴模板] ⏳ 暂无任务，休息60秒...
[周禄存] ⏳ 暂无任务，休息60秒...
[郑路由] ⏳ 暂无任务，休息60秒...
[王规划] ⏳ 暂无任务，休息60秒...
[冯优化] ⏳ 暂无任务，休息60秒...
[钱调度] ⏳ 暂无任务，休息60秒...
[陈元灵] ⏳ 暂无任务，休息60秒...
[林对齐] ⏳ 暂无任务，休息60秒...
[朱图谱] ⏳ 暂无任务，休息60秒...
[平心理] ⏳ 暂无任务，休息60秒...
[水版本] ⏳ 暂无任务，休息60秒...
[葛消息] ⏳ 暂无任务，休息60秒...
[皮审计] ⏳ 暂无任务，休息60秒...
[赏界面] ⏳ 暂无任务，休息60秒...
[财SDK] ⏳ 暂无任务，休息60秒...
[蒋巨门] ⏳ 暂无任务，休息60秒...
[沈记忆] ⏳ 暂无任务，休息60秒...
[韩向量] ⏳ 暂无任务，休息60秒...
[杨检索] ⏳ 暂无任务，休息60秒...
[伍廉贞] ⏳ 暂无任务，休息60秒...
[余情绪] ⏳ 暂无任务，休息60秒...
[元人格] ⏳ 暂无任务，休息60秒...
[孟一致] ⏳ 暂无任务，休息60秒...
[谢武功] ⏳ 暂无任务，休息60秒...
[邹接口] ⏳ 暂无任务，休息60秒...
[喻发现] ⏳ 暂无任务，休息60秒...
[柏依赖] ⏳ 暂无任务，休息60秒...
[章破军] ⏳ 暂无任务，休息60秒...
[云沙箱] ⏳ 暂无任务，休息60秒...
[苏容器] ⏳ 暂无任务，休息60秒...
[潘外呼] ⏳ 暂无任务，休息60秒...
[倪左辅] ⏳ 暂无任务，休息60秒...
[汤K8s] ⏳ 暂无任务，休息60秒...
[殷用户] ⏳ 暂无任务，休息60秒...
[罗隔离] ⏳ 暂无任务，休息60秒...
[毕配置] ⏳ 暂无任务，休息60秒...
[周右弼] ⏳ 暂无任务，休息60秒...
[乐法律] ⏳ 暂无任务，休息60秒...
[于道德] ⏳ 暂无任务，休息60秒...
[时权限] ⏳ 暂无任务，休息60秒...
[薛贪狼] ⏳ 暂无任务，休息60秒...
[雷ASR] ⏳ 暂无任务，休息60秒...
[贺TTS] ⏳ 暂无任务，休息60秒...
[贡数字人] ⏳ 暂无任务，休息60秒...
[齐辅弼] ⏳ 暂无任务，休息60秒...
[康网关] ⏳ 暂无任务，休息60秒...
[和产品] ⏳ 暂无任务，休息60秒...
[穆文档] ⏳ 暂无任务，休息60秒...
[黄漂移] ⏳ 暂无任务，休息60秒...
[周进化] ⏳ 暂无任务，休息60秒...
[吴模板] ⏳ 暂无任务，休息60秒...
[周禄存] ⏳ 暂无任务，休息60秒...
[郑路由] ⏳ 暂无任务，休息60秒...
[王规划] ⏳ 暂无任务，休息60秒...
[冯优化] ⏳ 暂无任务，休息60秒...
[钱调度] ⏳ 暂无任务，休息60秒...
[陈元灵] ⏳ 暂无任务，休息60秒...
[林对齐] ⏳ 暂无任务，休息60秒...
[朱图谱] ⏳ 暂无任务，休息60秒...
[平心理] ⏳ 暂无任务，休息60秒...
[水版本] ⏳ 暂无任务，休息60秒...
[葛消息] ⏳ 暂无任务，休息60秒...
[皮审计] ⏳ 暂无任务，休息60秒...
[赏界面] ⏳ 暂无任务，休息60秒...
[财SDK] ⏳ 暂无任务，休息60秒...
[蒋巨门] ⏳ 暂无任务，休息60秒...
[沈记忆] ⏳ 暂无任务，休息60秒...
[韩向量] ⏳ 暂无任务，休息60秒...
[杨检索] ⏳ 暂无任务，休息60秒...
[伍廉贞] ⏳ 暂无任务，休息60秒...
[余情绪] ⏳ 暂无任务，休息60秒...
[元人格] ⏳ 暂无任务，休息60秒...
[孟一致] ⏳ 暂无任务，休息60秒...
[谢武功] ⏳ 暂无任务，休息60秒...
[邹接口] ⏳ 暂无任务，休息60秒...
[喻发现] ⏳ 暂无任务，休息60秒...
[柏依赖] ⏳ 暂无任务，休息60秒...
[章破军] ⏳ 暂无任务，休息60秒...
[云沙箱] ⏳ 暂无任务，休息60秒...
[苏容器] ⏳ 暂无任务，休息60秒...
[潘外呼] ⏳ 暂无任务，休息60秒...
[倪左辅] ⏳ 暂无任务，休息60秒...
[汤K8s] ⏳ 暂无任务，休息60秒...
[殷用户] ⏳ 暂无任务，休息60秒...
[罗隔离] ⏳ 暂无任务，休息60秒...
[毕配置] ⏳ 暂无任务，休息60秒...
[周右弼] ⏳ 暂无任务，休息60秒...
[乐法律] ⏳ 暂无任务，休息60秒...
[于道德] ⏳ 暂无任务，休息60秒...
[时权限] ⏳ 暂无任务，休息60秒...
[薛贪狼] ⏳ 暂无任务，休息60秒...
[雷ASR] ⏳ 暂无任务，休息60秒...
[贺TTS] ⏳ 暂无任务，休息60秒...
[贡数字人] ⏳ 暂无任务，休息60秒...
[齐辅弼] ⏳ 暂无任务，休息60秒...
[康网关] ⏳ 暂无任务，休息60秒...
[和产品] ⏳ 暂无任务，休息60秒...
[穆文档] ⏳ 暂无任务，休息60秒...
[黄漂移] ⏳ 暂无任务，休息60秒...
[周进化] ⏳ 暂无任务，休息60秒...
[吴模板] ⏳ 暂无任务，休息60秒...
[周禄存] ⏳ 暂无任务，休息60秒...
[郑路由] ⏳ 暂无任务，休息60秒...
[王规划] ⏳ 暂无任务，休息60秒...
[冯优化] ⏳ 暂无任务，休息60秒...
[钱调度] ⏳ 暂无任务，休息60秒...
[陈元灵] ⏳ 暂无任务，休息60秒...
[林对齐] ⏳ 暂无任务，休息60秒...
[朱图谱] ⏳ 暂无任务，休息60秒...
[平心理] ⏳ 暂无任务，休息60秒...
[水版本] ⏳ 暂无任务，休息60秒...
[葛消息] ⏳ 暂无任务，休息60秒...
[皮审计] ⏳ 暂无任务，休息60秒...
[赏界面] ⏳ 暂无任务，休息60秒...
[财SDK] ⏳ 暂无任务，休息60秒...
[蒋巨门] ⏳ 暂无任务，休息60秒...
[沈记忆] ⏳ 暂无任务，休息60秒...
[韩向量] ⏳ 暂无任务，休息60秒...
[杨检索] ⏳ 暂无任务，休息60秒...
[伍廉贞] ⏳ 暂无任务，休息60秒...
[余情绪] ⏳ 暂无任务，休息60秒...
[元人格] ⏳ 暂无任务，休息60秒...
[孟一致] ⏳ 暂无任务，休息60秒...
[谢武功] ⏳ 暂无任务，休息60秒...
[邹接口] ⏳ 暂无任务，休息60秒...
[喻发现] ⏳ 暂无任务，休息60秒...
[柏依赖] ⏳ 暂无任务，休息60秒...
[章破军] ⏳ 暂无任务，休息60秒...
[云沙箱] ⏳ 暂无任务，休息60秒...
[苏容器] ⏳ 暂无任务，休息60秒...
[潘外呼] ⏳ 暂无任务，休息60秒...
[倪左辅] ⏳ 暂无任务，休息60秒...
[汤K8s] ⏳ 暂无任务，休息60秒...
[殷用户] ⏳ 暂无任务，休息60秒...
[罗隔离] ⏳ 暂无任务，休息60秒...
[毕配置] ⏳ 暂无任务，休息60秒...
[周右弼] ⏳ 暂无任务，休息60秒...
[乐法律] ⏳ 暂无任务，休息60秒...
[于道德] ⏳ 暂无任务，休息60秒...
[时权限] ⏳ 暂无任务，休息60秒...
[薛贪狼] ⏳ 暂无任务，休息60秒...
[雷ASR] ⏳ 暂无任务，休息60秒...
[贺TTS] ⏳ 暂无任务，休息60秒...
[贡数字人] ⏳ 暂无任务，休息60秒...
[齐辅弼] ⏳ 暂无任务，休息60秒...
[康网关] ⏳ 暂无任务，休息60秒...
[和产品] ⏳ 暂无任务，休息60秒...
[穆文档] ⏳ 暂无任务，休息60秒...
[黄漂移] ⏳ 暂无任务，休息60秒...
[周进化] ⏳ 暂无任务，休息60秒...
[吴模板] ⏳ 暂无任务，休息60秒...
[周禄存] ⏳ 暂无任务，休息60秒...
[郑路由] ⏳ 暂无任务，休息60秒...
[王规划] ⏳ 暂无任务，休息60秒...
[冯优化] ⏳ 暂无任务，休息60秒...
[钱调度] ⏳ 暂无任务，休息60秒...
[陈元灵] ⏳ 暂无任务，休息60秒...
[林对齐] ⏳ 暂无任务，休息60秒...
[朱图谱] ⏳ 暂无任务，休息60秒...
[平心理] ⏳ 暂无任务，休息60秒...
[水版本] ⏳ 暂无任务，休息60秒...
[葛消息] ⏳ 暂无任务，休息60秒...
[皮审计] ⏳ 暂无任务，休息60秒...
[赏界面] ⏳ 暂无任务，休息60秒...
[财SDK] ⏳ 暂无任务，休息60秒...
[蒋巨门] ⏳ 暂无任务，休息60秒...
[沈记忆] ⏳ 暂无任务，休息60秒...
[韩向量] ⏳ 暂无任务，休息60秒...
[杨检索] ⏳ 暂无任务，休息60秒...
[伍廉贞] ⏳ 暂无任务，休息60秒...
[余情绪] ⏳ 暂无任务，休息60秒...
[元人格] ⏳ 暂无任务，休息60秒...
[孟一致] ⏳ 暂无任务，休息60秒...
[谢武功] ⏳ 暂无任务，休息60秒...
[邹接口] ⏳ 暂无任务，休息60秒...
[喻发现] ⏳ 暂无任务，休息60秒...
[柏依赖] ⏳ 暂无任务，休息60秒...
[章破军] ⏳ 暂无任务，休息60秒...
[云沙箱] ⏳ 暂无任务，休息60秒...
[苏容器] ⏳ 暂无任务，休息60秒...
[潘外呼] ⏳ 暂无任务，休息60秒...
[倪左辅] ⏳ 暂无任务，休息60秒...
[汤K8s] ⏳ 暂无任务，休息60秒...
[殷用户] ⏳ 暂无任务，休息60秒...
[罗隔离] ⏳ 暂无任务，休息60秒...
[毕配置] ⏳ 暂无任务，休息60秒...
[周右弼] ⏳ 暂无任务，休息60秒...
[乐法律] ⏳ 暂无任务，休息60秒...
[于道德] ⏳ 暂无任务，休息60秒...
[时权限] ⏳ 暂无任务，休息60秒...
[薛贪狼] ⏳ 暂无任务，休息60秒...
[雷ASR] ⏳ 暂无任务，休息60秒...
[贺TTS] ⏳ 暂无任务，休息60秒...
[贡数字人] ⏳ 暂无任务，休息60秒...
[齐辅弼] ⏳ 暂无任务，休息60秒...
[康网关] ⏳ 暂无任务，休息60秒...
[和产品] ⏳ 暂无任务，休息60秒...
[穆文档] ⏳ 暂无任务，休息60秒...
[黄漂移] ⏳ 暂无任务，休息60秒...
[周进化] ⏳ 暂无任务，休息60秒...
[吴模板] ⏳ 暂无任务，休息60秒...
[周禄存] ⏳ 暂无任务，休息60秒...
[郑路由] ⏳ 暂无任务，休息60秒...
[王规划] ⏳ 暂无任务，休息60秒...
[冯优化] ⏳ 暂无任务，休息60秒...
[钱调度] ⏳ 暂无任务，休息60秒...
[陈元灵] ⏳ 暂无任务，休息60秒...
[林对齐] ⏳ 暂无任务，休息60秒...
[朱图谱] ⏳ 暂无任务，休息60秒...
[平心理] ⏳ 暂无任务，休息60秒...
[水版本] ⏳ 暂无任务，休息60秒...
[葛消息] ⏳ 暂无任务，休息60秒...
[皮审计] ⏳ 暂无任务，休息60秒...
[赏界面] ⏳ 暂无任务，休息60秒...
[财SDK] ⏳ 暂无任务，休息60秒...
[蒋巨门] ⏳ 暂无任务，休息60秒...
[沈记忆] ⏳ 暂无任务，休息60秒...
[韩向量] ⏳ 暂无任务，休息60秒...
[杨检索] ⏳ 暂无任务，休息60秒...
[伍廉贞] ⏳ 暂无任务，休息60秒...
[余情绪] ⏳ 暂无任务，休息60秒...
[元人格] ⏳ 暂无任务，休息60秒...
[孟一致] ⏳ 暂无任务，休息60秒...
[谢武功] ⏳ 暂无任务，休息60秒...
[邹接口] ⏳ 暂无任务，休息60秒...
[喻发现] ⏳ 暂无任务，休息60秒...
[柏依赖] ⏳ 暂无任务，休息60秒...
[章破军] ⏳ 暂无任务，休息60秒...
[云沙箱] ⏳ 暂无任务，休息60秒...
[苏容器] ⏳ 暂无任务，休息60秒...
[潘外呼] ⏳ 暂无任务，休息60秒...
[倪左辅] ⏳ 暂无任务，休息60秒...
[汤K8s] ⏳ 暂无任务，休息60秒...
[殷用户] ⏳ 暂无任务，休息60秒...
[罗隔离] ⏳ 暂无任务，休息60秒...
[毕配置] ⏳ 暂无任务，休息60秒...
[周右弼] ⏳ 暂无任务，休息60秒...
[乐法律] ⏳ 暂无任务，休息60秒...
[于道德] ⏳ 暂无任务，休息60秒...
[时权限] ⏳ 暂无任务，休息60秒...
[薛贪狼] ⏳ 暂无任务，休息60秒...
[雷ASR] ⏳ 暂无任务，休息60秒...
[贺TTS] ⏳ 暂无任务，休息60秒...
[贡数字人] ⏳ 暂无任务，休息60秒...
[齐辅弼] ⏳ 暂无任务，休息60秒...
[康网关] ⏳ 暂无任务，休息60秒...
[和产品] ⏳ 暂无任务，休息60秒...
[穆文档] ⏳ 暂无任务，休息60秒...
[黄漂移] ⏳ 暂无任务，休息60秒...
[周进化] ⏳ 暂无任务，休息60秒...
[吴模板] ⏳ 暂无任务，休息60秒...
[周禄存] ⏳ 暂无任务，休息60秒...
[郑路由] ⏳ 暂无任务，休息60秒...
[王规划] ⏳ 暂无任务，休息60秒...
[冯优化] ⏳ 暂无任务，休息60秒...
[钱调度] ⏳ 暂无任务，休息60秒...
[陈元灵] ⏳ 暂无任务，休息60秒...
[林对齐] ⏳ 暂无任务，休息60秒...
[朱图谱] ⏳ 暂无任务，休息60秒...
[平心理] ⏳ 暂无任务，休息60秒...
[水版本] ⏳ 暂无任务，休息60秒...
[葛消息] ⏳ 暂无任务，休息60秒...
[皮审计] ⏳ 暂无任务，休息60秒...
[赏界面] ⏳ 暂无任务，休息60秒...
[财SDK] ⏳ 暂无任务，休息60秒...
[蒋巨门] ⏳ 暂无任务，休息60秒...
[沈记忆] ⏳ 暂无任务，休息60秒...
[韩向量] ⏳ 暂无任务，休息60秒...
[杨检索] ⏳ 暂无任务，休息60秒...
[伍廉贞] ⏳ 暂无任务，休息60秒...
[余情绪] ⏳ 暂无任务，休息60秒...
[元人格] ⏳ 暂无任务，休息60秒...
[孟一致] ⏳ 暂无任务，休息60秒...
[谢武功] ⏳ 暂无任务，休息60秒...
[邹接口] ⏳ 暂无任务，休息60秒...
[喻发现] ⏳ 暂无任务，休息60秒...
[柏依赖] ⏳ 暂无任务，休息60秒...
[章破军] ⏳ 暂无任务，休息60秒...
[云沙箱] ⏳ 暂无任务，休息60秒...
[苏容器] ⏳ 暂无任务，休息60秒...
[潘外呼] ⏳ 暂无任务，休息60秒...
[倪左辅] ⏳ 暂无任务，休息60秒...
[汤K8s] ⏳ 暂无任务，休息60秒...
[殷用户] ⏳ 暂无任务，休息60秒...
[罗隔离] ⏳ 暂无任务，休息60秒...
[毕配置] ⏳ 暂无任务，休息60秒...
[周右弼] ⏳ 暂无任务，休息60秒...
[乐法律] ⏳ 暂无任务，休息60秒...
[于道德] ⏳ 暂无任务，休息60秒...
[时权限] ⏳ 暂无任务，休息60秒...
[薛贪狼] ⏳ 暂无任务，休息60秒...
[雷ASR] ⏳ 暂无任务，休息60秒...
[贺TTS] ⏳ 暂无任务，休息60秒...
[贡数字人] ⏳ 暂无任务，休息60秒...
[齐辅弼] ⏳ 暂无任务，休息60秒...
[康网关] ⏳ 暂无任务，休息60秒...
[和产品] ⏳ 暂无任务，休息60秒...
[穆文档] ⏳ 暂无任务，休息60秒...
[黄漂移] ⏳ 暂无任务，休息60秒...
[周进化] ⏳ 暂无任务，休息60秒...
[吴模板] ⏳ 暂无任务，休息60秒...
[周禄存] ⏳ 暂无任务，休息60秒...
[郑路由] ⏳ 暂无任务，休息60秒...
[王规划] ⏳ 暂无任务，休息60秒...
[冯优化] ⏳ 暂无任务，休息60秒...
[钱调度] ⏳ 暂无任务，休息60秒...
[陈元灵] ⏳ 暂无任务，休息60秒...
[林对齐] ⏳ 暂无任务，休息60秒...
[朱图谱] ⏳ 暂无任务，休息60秒...
[平心理] ⏳ 暂无任务，休息60秒...
[水版本] ⏳ 暂无任务，休息60秒...
[葛消息] ⏳ 暂无任务，休息60秒...
[皮审计] ⏳ 暂无任务，休息60秒...
[赏界面] ⏳ 暂无任务，休息60秒...
[财SDK] ⏳ 暂无任务，休息60秒...
[蒋巨门] ⏳ 暂无任务，休息60秒...
[沈记忆] ⏳ 暂无任务，休息60秒...
[韩向量] ⏳ 暂无任务，休息60秒...
[杨检索] ⏳ 暂无任务，休息60秒...
[伍廉贞] ⏳ 暂无任务，休息60秒...
[余情绪] ⏳ 暂无任务，休息60秒...
[元人格] ⏳ 暂无任务，休息60秒...
[孟一致] ⏳ 暂无任务，休息60秒...
[谢武功] ⏳ 暂无任务，休息60秒...
[邹接口] ⏳ 暂无任务，休息60秒...
[喻发现] ⏳ 暂无任务，休息60秒...
[柏依赖] ⏳ 暂无任务，休息60秒...
[章破军] ⏳ 暂无任务，休息60秒...
[云沙箱] ⏳ 暂无任务，休息60秒...
[苏容器] ⏳ 暂无任务，休息60秒...
[潘外呼] ⏳ 暂无任务，休息60秒...
[倪左辅] ⏳ 暂无任务，休息60秒...
[汤K8s] ⏳ 暂无任务，休息60秒...
[殷用户] ⏳ 暂无任务，休息60秒...
[罗隔离] ⏳ 暂无任务，休息60秒...
[毕配置] ⏳ 暂无任务，休息60秒...
[周右弼] ⏳ 暂无任务，休息60秒...
[乐法律] ⏳ 暂无任务，休息60秒...
[于道德] ⏳ 暂无任务，休息60秒...
[时权限] ⏳ 暂无任务，休息60秒...
[薛贪狼] ⏳ 暂无任务，休息60秒...
[雷ASR] ⏳ 暂无任务，休息60秒...
[贺TTS] ⏳ 暂无任务，休息60秒...
[贡数字人] ⏳ 暂无任务，休息60秒...
[齐辅弼] ⏳ 暂无任务，休息60秒...
[康网关] ⏳ 暂无任务，休息60秒...
[和产品] ⏳ 暂无任务，休息60秒...
[穆文档] ⏳ 暂无任务，休息60秒...
[黄漂移] ⏳ 暂无任务，休息60秒...
[周进化] ⏳ 暂无任务，休息60秒...
[吴模板] ⏳ 暂无任务，休息60秒...
[周禄存] ⏳ 暂无任务，休息60秒...
[郑路由] ⏳ 暂无任务，休息60秒...
[王规划] ⏳ 暂无任务，休息60秒...
[冯优化] ⏳ 暂无任务，休息60秒...
[钱调度] ⏳ 暂无任务，休息60秒...
[陈元灵] ⏳ 暂无任务，休息60秒...
[林对齐] ⏳ 暂无任务，休息60秒...
[朱图谱] ⏳ 暂无任务，休息60秒...
[平心理] ⏳ 暂无任务，休息60秒...
[水版本] ⏳ 暂无任务，休息60秒...
[葛消息] ⏳ 暂无任务，休息60秒...
[皮审计] ⏳ 暂无任务，休息60秒...
[赏界面] ⏳ 暂无任务，休息60秒...
[财SDK] ⏳ 暂无任务，休息60秒...
[蒋巨门] ⏳ 暂无任务，休息60秒...
[沈记忆] ⏳ 暂无任务，休息60秒...
[韩向量] ⏳ 暂无任务，休息60秒...
[杨检索] ⏳ 暂无任务，休息60秒...
[伍廉贞] ⏳ 暂无任务，休息60秒...
[余情绪] ⏳ 暂无任务，休息60秒...
[元人格] ⏳ 暂无任务，休息60秒...
[孟一致] ⏳ 暂无任务，休息60秒...
[谢武功] ⏳ 暂无任务，休息60秒...
[邹接口] ⏳ 暂无任务，休息60秒...
[喻发现] ⏳ 暂无任务，休息60秒...
[柏依赖] ⏳ 暂无任务，休息60秒...
[章破军] ⏳ 暂无任务，休息60秒...
[云沙箱] ⏳ 暂无任务，休息60秒...
[苏容器] ⏳ 暂无任务，休息60秒...
[潘外呼] ⏳ 暂无任务，休息60秒...
[倪左辅] ⏳ 暂无任务，休息60秒...
[汤K8s] ⏳ 暂无任务，休息60秒...
[殷用户] ⏳ 暂无任务，休息60秒...
[罗隔离] ⏳ 暂无任务，休息60秒...
[毕配置] ⏳ 暂无任务，休息60秒...
[周右弼] ⏳ 暂无任务，休息60秒...
[乐法律] ⏳ 暂无任务，休息60秒...
[于道德] ⏳ 暂无任务，休息60秒...
[时权限] ⏳ 暂无任务，休息60秒...
[薛贪狼] ⏳ 暂无任务，休息60秒...
[雷ASR] ⏳ 暂无任务，休息60秒...
[贺TTS] ⏳ 暂无任务，休息60秒...
[贡数字人] ⏳ 暂无任务，休息60秒...
[齐辅弼] ⏳ 暂无任务，休息60秒...
[康网关] ⏳ 暂无任务，休息60秒...
[和产品] ⏳ 暂无任务，休息60秒...
[穆文档] ⏳ 暂无任务，休息60秒...
[黄漂移] ⏳ 暂无任务，休息60秒...
[周进化] ⏳ 暂无任务，休息60秒...
[吴模板] ⏳ 暂无任务，休息60秒...
[周禄存] ⏳ 暂无任务，休息60秒...
[郑路由] ⏳ 暂无任务，休息60秒...
[王规划] ⏳ 暂无任务，休息60秒...
[冯优化] ⏳ 暂无任务，休息60秒...
[钱调度] ⏳ 暂无任务，休息60秒...
[陈元灵] ⏳ 暂无任务，休息60秒...
[林对齐] ⏳ 暂无任务，休息60秒...
[朱图谱] ⏳ 暂无任务，休息60秒...
[平心理] ⏳ 暂无任务，休息60秒...
[水版本] ⏳ 暂无任务，休息60秒...
[葛消息] ⏳ 暂无任务，休息60秒...
[皮审计] ⏳ 暂无任务，休息60秒...
[赏界面] ⏳ 暂无任务，休息60秒...
[财SDK] ⏳ 暂无任务，休息60秒...
[蒋巨门] ⏳ 暂无任务，休息60秒...
[沈记忆] ⏳ 暂无任务，休息60秒...
[韩向量] ⏳ 暂无任务，休息60秒...
[杨检索] ⏳ 暂无任务，休息60秒...
[伍廉贞] ⏳ 暂无任务，休息60秒...
[余情绪] ⏳ 暂无任务，休息60秒...
[元人格] ⏳ 暂无任务，休息60秒...
[孟一致] ⏳ 暂无任务，休息60秒...
[谢武功] ⏳ 暂无任务，休息60秒...
[邹接口] ⏳ 暂无任务，休息60秒...
[喻发现] ⏳ 暂无任务，休息60秒...
[柏依赖] ⏳ 暂无任务，休息60秒...
[章破军] ⏳ 暂无任务，休息60秒...
[云沙箱] ⏳ 暂无任务，休息60秒...
[苏容器] ⏳ 暂无任务，休息60秒...
[潘外呼] ⏳ 暂无任务，休息60秒...
[倪左辅] ⏳ 暂无任务，休息60秒...
[汤K8s] ⏳ 暂无任务，休息60秒...
[殷用户] ⏳ 暂无任务，休息60秒...
[罗隔离] ⏳ 暂无任务，休息60秒...
[毕配置] ⏳ 暂无任务，休息60秒...
[周右弼] ⏳ 暂无任务，休息60秒...
[乐法律] ⏳ 暂无任务，休息60秒...
[于道德] ⏳ 暂无任务，休息60秒...
[时权限] ⏳ 暂无任务，休息60秒...
[薛贪狼] ⏳ 暂无任务，休息60秒...
[雷ASR] ⏳ 暂无任务，休息60秒...
[贺TTS] ⏳ 暂无任务，休息60秒...
[贡数字人] ⏳ 暂无任务，休息60秒...
[齐辅弼] ⏳ 暂无任务，休息60秒...
[康网关] ⏳ 暂无任务，休息60秒...
[和产品] ⏳ 暂无任务，休息60秒...
[穆文档] ⏳ 暂无任务，休息60秒...
[黄漂移] ⏳ 暂无任务，休息60秒...
[周进化] ⏳ 暂无任务，休息60秒...
[吴模板] ⏳ 暂无任务，休息60秒...
[周禄存] ⏳ 暂无任务，休息60秒...
[郑路由] ⏳ 暂无任务，休息60秒...
[王规划] ⏳ 暂无任务，休息60秒...
[冯优化] ⏳ 暂无任务，休息60秒...
[钱调度] ⏳ 暂无任务，休息60秒...
[陈元灵] ⏳ 暂无任务，休息60秒...
[林对齐] ⏳ 暂无任务，休息60秒...
[朱图谱] ⏳ 暂无任务，休息60秒...
[平心理] ⏳ 暂无任务，休息60秒...
[水版本] ⏳ 暂无任务，休息60秒...
[葛消息] ⏳ 暂无任务，休息60秒...
[皮审计] ⏳ 暂无任务，休息60秒...
[赏界面] ⏳ 暂无任务，休息60秒...
[财SDK] ⏳ 暂无任务，休息60秒...
[蒋巨门] ⏳ 暂无任务，休息60秒...
[沈记忆] ⏳ 暂无任务，休息60秒...
[韩向量] ⏳ 暂无任务，休息60秒...
[杨检索] ⏳ 暂无任务，休息60秒...
[伍廉贞] ⏳ 暂无任务，休息60秒...
[余情绪] ⏳ 暂无任务，休息60秒...
[元人格] ⏳ 暂无任务，休息60秒...
[孟一致] ⏳ 暂无任务，休息60秒...
[谢武功] ⏳ 暂无任务，休息60秒...
[邹接口] ⏳ 暂无任务，休息60秒...
[喻发现] ⏳ 暂无任务，休息60秒...
[柏依赖] ⏳ 暂无任务，休息60秒...
[章破军] ⏳ 暂无任务，休息60秒...
[云沙箱] ⏳ 暂无任务，休息60秒...
[苏容器] ⏳ 暂无任务，休息60秒...
[潘外呼] ⏳ 暂无任务，休息60秒...
[倪左辅] ⏳ 暂无任务，休息60秒...
[汤K8s] ⏳ 暂无任务，休息60秒...
[殷用户] ⏳ 暂无任务，休息60秒...
[罗隔离] ⏳ 暂无任务，休息60秒...
[毕配置] ⏳ 暂无任务，休息60秒...
[周右弼] ⏳ 暂无任务，休息60秒...
[乐法律] ⏳ 暂无任务，休息60秒...
[于道德] ⏳ 暂无任务，休息60秒...
[时权限] ⏳ 暂无任务，休息60秒...
[薛贪狼] ⏳ 暂无任务，休息60秒...
[雷ASR] ⏳ 暂无任务，休息60秒...
[贺TTS] ⏳ 暂无任务，休息60秒...
[贡数字人] ⏳ 暂无任务，休息60秒...
[齐辅弼] ⏳ 暂无任务，休息60秒...
[康网关] ⏳ 暂无任务，休息60秒...
[和产品] ⏳ 暂无任务，休息60秒...
[穆文档] ⏳ 暂无任务，休息60秒...
[黄漂移] ⏳ 暂无任务，休息60秒...
[周进化] ⏳ 暂无任务，休息60秒...
[吴模板] ⏳ 暂无任务，休息60秒...
[周禄存] ⏳ 暂无任务，休息60秒...
[郑路由] ⏳ 暂无任务，休息60秒...
[王规划] ⏳ 暂无任务，休息60秒...
[冯优化] ⏳ 暂无任务，休息60秒...
[钱调度] ⏳ 暂无任务，休息60秒...
[陈元灵] ⏳ 暂无任务，休息60秒...
[林对齐] ⏳ 暂无任务，休息60秒...
[朱图谱] ⏳ 暂无任务，休息60秒...
[平心理] ⏳ 暂无任务，休息60秒...
[水版本] ⏳ 暂无任务，休息60秒...
[葛消息] ⏳ 暂无任务，休息60秒...
[皮审计] ⏳ 暂无任务，休息60秒...
[赏界面] ⏳ 暂无任务，休息60秒...
[财SDK] ⏳ 暂无任务，休息60秒...
[蒋巨门] ⏳ 暂无任务，休息60秒...
[沈记忆] ⏳ 暂无任务，休息60秒...
[韩向量] ⏳ 暂无任务，休息60秒...
[杨检索] ⏳ 暂无任务，休息60秒...
[伍廉贞] ⏳ 暂无任务，休息60秒...
[余情绪] ⏳ 暂无任务，休息60秒...
[元人格] ⏳ 暂无任务，休息60秒...
[孟一致] ⏳ 暂无任务，休息60秒...
[谢武功] ⏳ 暂无任务，休息60秒...
[邹接口] ⏳ 暂无任务，休息60秒...
[喻发现] ⏳ 暂无任务，休息60秒...
[柏依赖] ⏳ 暂无任务，休息60秒...
[章破军] ⏳ 暂无任务，休息60秒...
[云沙箱] ⏳ 暂无任务，休息60秒...
[苏容器] ⏳ 暂无任务，休息60秒...
[潘外呼] ⏳ 暂无任务，休息60秒...
[倪左辅] ⏳ 暂无任务，休息60秒...
[汤K8s] ⏳ 暂无任务，休息60秒...
[殷用户] ⏳ 暂无任务，休息60秒...
[罗隔离] ⏳ 暂无任务，休息60秒...
[毕配置] ⏳ 暂无任务，休息60秒...
[周右弼] ⏳ 暂无任务，休息60秒...
[乐法律] ⏳ 暂无任务，休息60秒...
[于道德] ⏳ 暂无任务，休息60秒...
[时权限] ⏳ 暂无任务，休息60秒...
[薛贪狼] ⏳ 暂无任务，休息60秒...
[雷ASR] ⏳ 暂无任务，休息60秒...
[贺TTS] ⏳ 暂无任务，休息60秒...
[贡数字人] ⏳ 暂无任务，休息60秒...
[齐辅弼] ⏳ 暂无任务，休息60秒...
[康网关] ⏳ 暂无任务，休息60秒...
[和产品] ⏳ 暂无任务，休息60秒...
[穆文档] ⏳ 暂无任务，休息60秒...
[黄漂移] ⏳ 暂无任务，休息60秒...
[周进化] ⏳ 暂无任务，休息60秒...
[吴模板] ⏳ 暂无任务，休息60秒...
[周禄存] ⏳ 暂无任务，休息60秒...
[郑路由] ⏳ 暂无任务，休息60秒...
[王规划] ⏳ 暂无任务，休息60秒...
[冯优化] ⏳ 暂无任务，休息60秒...
[钱调度] ⏳ 暂无任务，休息60秒...
[陈元灵] ⏳ 暂无任务，休息60秒...
[林对齐] ⏳ 暂无任务，休息60秒...
[朱图谱] ⏳ 暂无任务，休息60秒...
[平心理] ⏳ 暂无任务，休息60秒...
[水版本] ⏳ 暂无任务，休息60秒...
[葛消息] ⏳ 暂无任务，休息60秒...
[皮审计] ⏳ 暂无任务，休息60秒...
[赏界面] ⏳ 暂无任务，休息60秒...
[财SDK] ⏳ 暂无任务，休息60秒...
[蒋巨门] ⏳ 暂无任务，休息60秒...
[沈记忆] ⏳ 暂无任务，休息60秒...
[韩向量] ⏳ 暂无任务，休息60秒...
[杨检索] ⏳ 暂无任务，休息60秒...
[伍廉贞] ⏳ 暂无任务，休息60秒...
[余情绪] ⏳ 暂无任务，休息60秒...
[元人格] ⏳ 暂无任务，休息60秒...
[孟一致] ⏳ 暂无任务，休息60秒...
[谢武功] ⏳ 暂无任务，休息60秒...
[邹接口] ⏳ 暂无任务，休息60秒...
[喻发现] ⏳ 暂无任务，休息60秒...
[柏依赖] ⏳ 暂无任务，休息60秒...
[章破军] ⏳ 暂无任务，休息60秒...
[云沙箱] ⏳ 暂无任务，休息60秒...
[苏容器] ⏳ 暂无任务，休息60秒...
[潘外呼] ⏳ 暂无任务，休息60秒...
[倪左辅] ⏳ 暂无任务，休息60秒...
[汤K8s] ⏳ 暂无任务，休息60秒...
[殷用户] ⏳ 暂无任务，休息60秒...
[罗隔离] ⏳ 暂无任务，休息60秒...
[毕配置] ⏳ 暂无任务，休息60秒...
[周右弼] ⏳ 暂无任务，休息60秒...
[乐法律] ⏳ 暂无任务，休息60秒...
[于道德] ⏳ 暂无任务，休息60秒...
[时权限] ⏳ 暂无任务，休息60秒...
[薛贪狼] ⏳ 暂无任务，休息60秒...
[雷ASR] ⏳ 暂无任务，休息60秒...
[贺TTS] ⏳ 暂无任务，休息60秒...
[贡数字人] ⏳ 暂无任务，休息60秒...
[齐辅弼] ⏳ 暂无任务，休息60秒...
[康网关] ⏳ 暂无任务，休息60秒...
[和产品] ⏳ 暂无任务，休息60秒...
[穆文档] ⏳ 暂无任务，休息60秒...
[黄漂移] ⏳ 暂无任务，休息60秒...
[周进化] ⏳ 暂无任务，休息60秒...
[吴模板] ⏳ 暂无任务，休息60秒...
[周禄存] ⏳ 暂无任务，休息60秒...
[郑路由] ⏳ 暂无任务，休息60秒...
[王规划] ⏳ 暂无任务，休息60秒...
[冯优化] ⏳ 暂无任务，休息60秒...
[钱调度] ⏳ 暂无任务，休息60秒...
[陈元灵] ⏳ 暂无任务，休息60秒...
[林对齐] ⏳ 暂无任务，休息60秒...
[朱图谱] ⏳ 暂无任务，休息60秒...
[平心理] ⏳ 暂无任务，休息60秒...
[水版本] ⏳ 暂无任务，休息60秒...
[葛消息] ⏳ 暂无任务，休息60秒...
[皮审计] ⏳ 暂无任务，休息60秒...
[赏界面] ⏳ 暂无任务，休息60秒...
[财SDK] ⏳ 暂无任务，休息60秒...
[蒋巨门] ⏳ 暂无任务，休息60秒...
[沈记忆] ⏳ 暂无任务，休息60秒...
[韩向量] ⏳ 暂无任务，休息60秒...
[杨检索] ⏳ 暂无任务，休息60秒...
[伍廉贞] ⏳ 暂无任务，休息60秒...
[余情绪] ⏳ 暂无任务，休息60秒...
[元人格] ⏳ 暂无任务，休息60秒...
[孟一致] ⏳ 暂无任务，休息60秒...
[谢武功] ⏳ 暂无任务，休息60秒...
[邹接口] ⏳ 暂无任务，休息60秒...
[喻发现] ⏳ 暂无任务，休息60秒...
[柏依赖] ⏳ 暂无任务，休息60秒...
[章破军] ⏳ 暂无任务，休息60秒...
[云沙箱] ⏳ 暂无任务，休息60秒...
[苏容器] ⏳ 暂无任务，休息60秒...
[潘外呼] ⏳ 暂无任务，休息60秒...
[倪左辅] ⏳ 暂无任务，休息60秒...
[汤K8s] ⏳ 暂无任务，休息60秒...
[殷用户] ⏳ 暂无任务，休息60秒...
[罗隔离] ⏳ 暂无任务，休息60秒...
[毕配置] ⏳ 暂无任务，休息60秒...
[周右弼] ⏳ 暂无任务，休息60秒...
[乐法律] ⏳ 暂无任务，休息60秒...
[于道德] ⏳ 暂无任务，休息60秒...
[时权限] ⏳ 暂无任务，休息60秒...
[薛贪狼] ⏳ 暂无任务，休息60秒...
[雷ASR] ⏳ 暂无任务，休息60秒...
[贺TTS] ⏳ 暂无任务，休息60秒...
[贡数字人] ⏳ 暂无任务，休息60秒...
[齐辅弼] ⏳ 暂无任务，休息60秒...
[康网关] ⏳ 暂无任务，休息60秒...
[和产品] ⏳ 暂无任务，休息60秒...
[穆文档] ⏳ 暂无任务，休息60秒...
[黄漂移] ⏳ 暂无任务，休息60秒...
[周进化] ⏳ 暂无任务，休息60秒...
[吴模板] ⏳ 暂无任务，休息60秒...
[周禄存] ⏳ 暂无任务，休息60秒...
[郑路由] ⏳ 暂无任务，休息60秒...
[王规划] ⏳ 暂无任务，休息60秒...
[冯优化] ⏳ 暂无任务，休息60秒...
[钱调度] ⏳ 暂无任务，休息60秒...
[陈元灵] ⏳ 暂无任务，休息60秒...
[林对齐] ⏳ 暂无任务，休息60秒...
[朱图谱] ⏳ 暂无任务，休息60秒...
[平心理] ⏳ 暂无任务，休息60秒...
[水版本] ⏳ 暂无任务，休息60秒...
[葛消息] ⏳ 暂无任务，休息60秒...
[皮审计] ⏳ 暂无任务，休息60秒...
[赏界面] ⏳ 暂无任务，休息60秒...
[财SDK] ⏳ 暂无任务，休息60秒...
[蒋巨门] ⏳ 暂无任务，休息60秒...
[沈记忆] ⏳ 暂无任务，休息60秒...
[韩向量] ⏳ 暂无任务，休息60秒...
[杨检索] ⏳ 暂无任务，休息60秒...
[伍廉贞] ⏳ 暂无任务，休息60秒...
[余情绪] ⏳ 暂无任务，休息60秒...
[元人格] ⏳ 暂无任务，休息60秒...
[孟一致] ⏳ 暂无任务，休息60秒...
[谢武功] ⏳ 暂无任务，休息60秒...
[邹接口] ⏳ 暂无任务，休息60秒...
[喻发现] ⏳ 暂无任务，休息60秒...
[柏依赖] ⏳ 暂无任务，休息60秒...
[章破军] ⏳ 暂无任务，休息60秒...
[云沙箱] ⏳ 暂无任务，休息60秒...
[苏容器] ⏳ 暂无任务，休息60秒...
[潘外呼] ⏳ 暂无任务，休息60秒...
[倪左辅] ⏳ 暂无任务，休息60秒...
[汤K8s] ⏳ 暂无任务，休息60秒...
[殷用户] ⏳ 暂无任务，休息60秒...
[罗隔离] ⏳ 暂无任务，休息60秒...
[毕配置] ⏳ 暂无任务，休息60秒...
[周右弼] ⏳ 暂无任务，休息60秒...
[乐法律] ⏳ 暂无任务，休息60秒...
[于道德] ⏳ 暂无任务，休息60秒...
[时权限] ⏳ 暂无任务，休息60秒...
[薛贪狼] ⏳ 暂无任务，休息60秒...
[雷ASR] ⏳ 暂无任务，休息60秒...
[贺TTS] ⏳ 暂无任务，休息60秒...
[贡数字人] ⏳ 暂无任务，休息60秒...
[齐辅弼] ⏳ 暂无任务，休息60秒...
[康网关] ⏳ 暂无任务，休息60秒...
[和产品] ⏳ 暂无任务，休息60秒...
[穆文档] ⏳ 暂无任务，休息60秒...
[黄漂移] ⏳ 暂无任务，休息60秒...
[周进化] ⏳ 暂无任务，休息60秒...
[吴模板] ⏳ 暂无任务，休息60秒...
[周禄存] ⏳ 暂无任务，休息60秒...
[郑路由] ⏳ 暂无任务，休息60秒...
[王规划] ⏳ 暂无任务，休息60秒...
[冯优化] ⏳ 暂无任务，休息60秒...
[钱调度] ⏳ 暂无任务，休息60秒...
[陈元灵] ⏳ 暂无任务，休息60秒...
[林对齐] ⏳ 暂无任务，休息60秒...
[朱图谱] ⏳ 暂无任务，休息60秒...
[平心理] ⏳ 暂无任务，休息60秒...
[水版本] ⏳ 暂无任务，休息60秒...
[葛消息] ⏳ 暂无任务，休息60秒...
[皮审计] ⏳ 暂无任务，休息60秒...
[赏界面] ⏳ 暂无任务，休息60秒...
[财SDK] ⏳ 暂无任务，休息60秒...
[蒋巨门] ⏳ 暂无任务，休息60秒...
[沈记忆] ⏳ 暂无任务，休息60秒...
[韩向量] ⏳ 暂无任务，休息60秒...
[杨检索] ⏳ 暂无任务，休息60秒...
[伍廉贞] ⏳ 暂无任务，休息60秒...
[余情绪] ⏳ 暂无任务，休息60秒...
[元人格] ⏳ 暂无任务，休息60秒...
[孟一致] ⏳ 暂无任务，休息60秒...
[谢武功] ⏳ 暂无任务，休息60秒...
[邹接口] ⏳ 暂无任务，休息60秒...
[喻发现] ⏳ 暂无任务，休息60秒...
[柏依赖] ⏳ 暂无任务，休息60秒...
[章破军] ⏳ 暂无任务，休息60秒...
[云沙箱] ⏳ 暂无任务，休息60秒...
[苏容器] ⏳ 暂无任务，休息60秒...
[潘外呼] ⏳ 暂无任务，休息60秒...
[倪左辅] ⏳ 暂无任务，休息60秒...
[汤K8s] ⏳ 暂无任务，休息60秒...
[殷用户] ⏳ 暂无任务，休息60秒...
[罗隔离] ⏳ 暂无任务，休息60秒...
[毕配置] ⏳ 暂无任务，休息60秒...
[周右弼] ⏳ 暂无任务，休息60秒...
[乐法律] ⏳ 暂无任务，休息60秒...
[于道德] ⏳ 暂无任务，休息60秒...
[时权限] ⏳ 暂无任务，休息60秒...
[薛贪狼] ⏳ 暂无任务，休息60秒...
[雷ASR] ⏳ 暂无任务，休息60秒...
[贺TTS] ⏳ 暂无任务，休息60秒...
[贡数字人] ⏳ 暂无任务，休息60秒...
[齐辅弼] ⏳ 暂无任务，休息60秒...
[康网关] ⏳ 暂无任务，休息60秒...
[和产品] ⏳ 暂无任务，休息60秒...
[穆文档] ⏳ 暂无任务，休息60秒...
[黄漂移] ⏳ 暂无任务，休息60秒...
[周进化] ⏳ 暂无任务，休息60秒...
[吴模板] ⏳ 暂无任务，休息60秒...
[周禄存] ⏳ 暂无任务，休息60秒...
[郑路由] ⏳ 暂无任务，休息60秒...
[王规划] ⏳ 暂无任务，休息60秒...
[冯优化] ⏳ 暂无任务，休息60秒...
[钱调度] ⏳ 暂无任务，休息60秒...
[陈元灵] ⏳ 暂无任务，休息60秒...
[林对齐] ⏳ 暂无任务，休息60秒...
[朱图谱] ⏳ 暂无任务，休息60秒...
[平心理] ⏳ 暂无任务，休息60秒...
[水版本] ⏳ 暂无任务，休息60秒...
[葛消息] ⏳ 暂无任务，休息60秒...
[皮审计] ⏳ 暂无任务，休息60秒...
[赏界面] ⏳ 暂无任务，休息60秒...
[财SDK] ⏳ 暂无任务，休息60秒...
[蒋巨门] ⏳ 暂无任务，休息60秒...
[沈记忆] ⏳ 暂无任务，休息60秒...
[韩向量] ⏳ 暂无任务，休息60秒...
[杨检索] ⏳ 暂无任务，休息60秒...
[伍廉贞] ⏳ 暂无任务，休息60秒...
[余情绪] ⏳ 暂无任务，休息60秒...
[元人格] ⏳ 暂无任务，休息60秒...
[孟一致] ⏳ 暂无任务，休息60秒...
[谢武功] ⏳ 暂无任务，休息60秒...
[邹接口] ⏳ 暂无任务，休息60秒...
[喻发现] ⏳ 暂无任务，休息60秒...
[柏依赖] ⏳ 暂无任务，休息60秒...
[章破军] ⏳ 暂无任务，休息60秒...
[云沙箱] ⏳ 暂无任务，休息60秒...
[苏容器] ⏳ 暂无任务，休息60秒...
[潘外呼] ⏳ 暂无任务，休息60秒...
[倪左辅] ⏳ 暂无任务，休息60秒...
[汤K8s] ⏳ 暂无任务，休息60秒...
[殷用户] ⏳ 暂无任务，休息60秒...
[罗隔离] ⏳ 暂无任务，休息60秒...
[毕配置] ⏳ 暂无任务，休息60秒...
[周右弼] ⏳ 暂无任务，休息60秒...
[乐法律] ⏳ 暂无任务，休息60秒...
[于道德] ⏳ 暂无任务，休息60秒...
[时权限] ⏳ 暂无任务，休息60秒...
[薛贪狼] ⏳ 暂无任务，休息60秒...
[雷ASR] ⏳ 暂无任务，休息60秒...
[贺TTS] ⏳ 暂无任务，休息60秒...
[贡数字人] ⏳ 暂无任务，休息60秒...
[齐辅弼] ⏳ 暂无任务，休息60秒...
[康网关] ⏳ 暂无任务，休息60秒...
[和产品] ⏳ 暂无任务，休息60秒...
[穆文档] ⏳ 暂无任务，休息60秒...
[黄漂移] ⏳ 暂无任务，休息60秒...
[周进化] ⏳ 暂无任务，休息60秒...
[吴模板] ⏳ 暂无任务，休息60秒...
[周禄存] ⏳ 暂无任务，休息60秒...
[郑路由] ⏳ 暂无任务，休息60秒...
[王规划] ⏳ 暂无任务，休息60秒...
[冯优化] ⏳ 暂无任务，休息60秒...
[钱调度] ⏳ 暂无任务，休息60秒...
[陈元灵] ⏳ 暂无任务，休息60秒...
[林对齐] ⏳ 暂无任务，休息60秒...
[朱图谱] ⏳ 暂无任务，休息60秒...
[平心理] ⏳ 暂无任务，休息60秒...
[水版本] ⏳ 暂无任务，休息60秒...
[葛消息] ⏳ 暂无任务，休息60秒...
[皮审计] ⏳ 暂无任务，休息60秒...
[赏界面] ⏳ 暂无任务，休息60秒...
[财SDK] ⏳ 暂无任务，休息60秒...
[蒋巨门] ⏳ 暂无任务，休息60秒...
[沈记忆] ⏳ 暂无任务，休息60秒...
[韩向量] ⏳ 暂无任务，休息60秒...
[杨检索] ⏳ 暂无任务，休息60秒...
[伍廉贞] ⏳ 暂无任务，休息60秒...
[余情绪] ⏳ 暂无任务，休息60秒...
[元人格] ⏳ 暂无任务，休息60秒...
[孟一致] ⏳ 暂无任务，休息60秒...
[谢武功] ⏳ 暂无任务，休息60秒...
[邹接口] ⏳ 暂无任务，休息60秒...
[喻发现] ⏳ 暂无任务，休息60秒...
[柏依赖] ⏳ 暂无任务，休息60秒...
[章破军] ⏳ 暂无任务，休息60秒...
[云沙箱] ⏳ 暂无任务，休息60秒...
[苏容器] ⏳ 暂无任务，休息60秒...
[潘外呼] ⏳ 暂无任务，休息60秒...
[倪左辅] ⏳ 暂无任务，休息60秒...
[汤K8s] ⏳ 暂无任务，休息60秒...
[殷用户] ⏳ 暂无任务，休息60秒...
[罗隔离] ⏳ 暂无任务，休息60秒...
[毕配置] ⏳ 暂无任务，休息60秒...
[周右弼] ⏳ 暂无任务，休息60秒...
[乐法律] ⏳ 暂无任务，休息60秒...
[于道德] ⏳ 暂无任务，休息60秒...
[时权限] ⏳ 暂无任务，休息60秒...
[薛贪狼] ⏳ 暂无任务，休息60秒...
[雷ASR] ⏳ 暂无任务，休息60秒...
[贺TTS] ⏳ 暂无任务，休息60秒...
[贡数字人] ⏳ 暂无任务，休息60秒...
[齐辅弼] ⏳ 暂无任务，休息60秒...
[康网关] ⏳ 暂无任务，休息60秒...
[和产品] ⏳ 暂无任务，休息60秒...
[穆文档] ⏳ 暂无任务，休息60秒...
[黄漂移] ⏳ 暂无任务，休息60秒...
[周进化] ⏳ 暂无任务，休息60秒...
[吴模板] ⏳ 暂无任务，休息60秒...
[周禄存] ⏳ 暂无任务，休息60秒...
[郑路由] ⏳ 暂无任务，休息60秒...
[王规划] ⏳ 暂无任务，休息60秒...
[冯优化] ⏳ 暂无任务，休息60秒...
[钱调度] ⏳ 暂无任务，休息60秒...
[陈元灵] ⏳ 暂无任务，休息60秒...
[林对齐] ⏳ 暂无任务，休息60秒...
[朱图谱] ⏳ 暂无任务，休息60秒...
[平心理] ⏳ 暂无任务，休息60秒...
[水版本] ⏳ 暂无任务，休息60秒...
[葛消息] ⏳ 暂无任务，休息60秒...
[皮审计] ⏳ 暂无任务，休息60秒...
[赏界面] ⏳ 暂无任务，休息60秒...
[财SDK] ⏳ 暂无任务，休息60秒...
[蒋巨门] ⏳ 暂无任务，休息60秒...
[沈记忆] ⏳ 暂无任务，休息60秒...
[韩向量] ⏳ 暂无任务，休息60秒...
[杨检索] ⏳ 暂无任务，休息60秒...
[伍廉贞] ⏳ 暂无任务，休息60秒...
[余情绪] ⏳ 暂无任务，休息60秒...
[元人格] ⏳ 暂无任务，休息60秒...
[孟一致] ⏳ 暂无任务，休息60秒...
[谢武功] ⏳ 暂无任务，休息60秒...
[邹接口] ⏳ 暂无任务，休息60秒...
[喻发现] ⏳ 暂无任务，休息60秒...
[柏依赖] ⏳ 暂无任务，休息60秒...
[章破军] ⏳ 暂无任务，休息60秒...
[云沙箱] ⏳ 暂无任务，休息60秒...
[苏容器] ⏳ 暂无任务，休息60秒...
[潘外呼] ⏳ 暂无任务，休息60秒...
[倪左辅] ⏳ 暂无任务，休息60秒...
[汤K8s] ⏳ 暂无任务，休息60秒...
[殷用户] ⏳ 暂无任务，休息60秒...
[罗隔离] ⏳ 暂无任务，休息60秒...
[毕配置] ⏳ 暂无任务，休息60秒...
[周右弼] ⏳ 暂无任务，休息60秒...
[乐法律] ⏳ 暂无任务，休息60秒...
[于道德] ⏳ 暂无任务，休息60秒...
[时权限] ⏳ 暂无任务，休息60秒...
[薛贪狼] ⏳ 暂无任务，休息60秒...
[雷ASR] ⏳ 暂无任务，休息60秒...
[贺TTS] ⏳ 暂无任务，休息60秒...
[贡数字人] ⏳ 暂无任务，休息60秒...
[齐辅弼] ⏳ 暂无任务，休息60秒...
[康网关] ⏳ 暂无任务，休息60秒...
[和产品] ⏳ 暂无任务，休息60秒...
[穆文档] ⏳ 暂无任务，休息60秒...
[黄漂移] ⏳ 暂无任务，休息60秒...
[周进化] ⏳ 暂无任务，休息60秒...
[吴模板] ⏳ 暂无任务，休息60秒...
[周禄存] ⏳ 暂无任务，休息60秒...
[郑路由] ⏳ 暂无任务，休息60秒...
[王规划] ⏳ 暂无任务，休息60秒...
[冯优化] ⏳ 暂无任务，休息60秒...
[钱调度] ⏳ 暂无任务，休息60秒...
[陈元灵] ⏳ 暂无任务，休息60秒...
[林对齐] ⏳ 暂无任务，休息60秒...
[朱图谱] ⏳ 暂无任务，休息60秒...
[平心理] ⏳ 暂无任务，休息60秒...
[水版本] ⏳ 暂无任务，休息60秒...
[葛消息] ⏳ 暂无任务，休息60秒...
[皮审计] ⏳ 暂无任务，休息60秒...
[赏界面] ⏳ 暂无任务，休息60秒...
[财SDK] ⏳ 暂无任务，休息60秒...
[蒋巨门] ⏳ 暂无任务，休息60秒...
[沈记忆] ⏳ 暂无任务，休息60秒...
[韩向量] ⏳ 暂无任务，休息60秒...
[杨检索] ⏳ 暂无任务，休息60秒...
[伍廉贞] ⏳ 暂无任务，休息60秒...
[余情绪] ⏳ 暂无任务，休息60秒...
[元人格] ⏳ 暂无任务，休息60秒...
[孟一致] ⏳ 暂无任务，休息60秒...
[谢武功] ⏳ 暂无任务，休息60秒...
[邹接口] ⏳ 暂无任务，休息60秒...
[喻发现] ⏳ 暂无任务，休息60秒...
[柏依赖] ⏳ 暂无任务，休息60秒...
[章破军] ⏳ 暂无任务，休息60秒...
[云沙箱] ⏳ 暂无任务，休息60秒...
[苏容器] ⏳ 暂无任务，休息60秒...
[潘外呼] ⏳ 暂无任务，休息60秒...
[倪左辅] ⏳ 暂无任务，休息60秒...
[汤K8s] ⏳ 暂无任务，休息60秒...
[殷用户] ⏳ 暂无任务，休息60秒...
[罗隔离] ⏳ 暂无任务，休息60秒...
[毕配置] ⏳ 暂无任务，休息60秒...
[周右弼] ⏳ 暂无任务，休息60秒...
[乐法律] ⏳ 暂无任务，休息60秒...
[于道德] ⏳ 暂无任务，休息60秒...
[时权限] ⏳ 暂无任务，休息60秒...
[薛贪狼] ⏳ 暂无任务，休息60秒...
[雷ASR] ⏳ 暂无任务，休息60秒...
[贺TTS] ⏳ 暂无任务，休息60秒...
[贡数字人] ⏳ 暂无任务，休息60秒...
[齐辅弼] ⏳ 暂无任务，休息60秒...
[康网关] ⏳ 暂无任务，休息60秒...
[和产品] ⏳ 暂无任务，休息60秒...
[穆文档] ⏳ 暂无任务，休息60秒...
[黄漂移] ⏳ 暂无任务，休息60秒...
[周进化] ⏳ 暂无任务，休息60秒...
[吴模板] ⏳ 暂无任务，休息60秒...
[周禄存] ⏳ 暂无任务，休息60秒...
[郑路由] ⏳ 暂无任务，休息60秒...
[王规划] ⏳ 暂无任务，休息60秒...
[冯优化] ⏳ 暂无任务，休息60秒...
[钱调度] ⏳ 暂无任务，休息60秒...
[陈元灵] ⏳ 暂无任务，休息60秒...
[林对齐] ⏳ 暂无任务，休息60秒...
[朱图谱] ⏳ 暂无任务，休息60秒...
[平心理] ⏳ 暂无任务，休息60秒...
[水版本] ⏳ 暂无任务，休息60秒...
[葛消息] ⏳ 暂无任务，休息60秒...
[皮审计] ⏳ 暂无任务，休息60秒...
[赏界面] ⏳ 暂无任务，休息60秒...
[财SDK] ⏳ 暂无任务，休息60秒...
[蒋巨门] ⏳ 暂无任务，休息60秒...
[沈记忆] ⏳ 暂无任务，休息60秒...
[韩向量] ⏳ 暂无任务，休息60秒...
[杨检索] ⏳ 暂无任务，休息60秒...
[伍廉贞] ⏳ 暂无任务，休息60秒...
[余情绪] ⏳ 暂无任务，休息60秒...
[元人格] ⏳ 暂无任务，休息60秒...
[孟一致] ⏳ 暂无任务，休息60秒...
[谢武功] ⏳ 暂无任务，休息60秒...
[邹接口] ⏳ 暂无任务，休息60秒...
[喻发现] ⏳ 暂无任务，休息60秒...
[柏依赖] ⏳ 暂无任务，休息60秒...
[章破军] ⏳ 暂无任务，休息60秒...
[云沙箱] ⏳ 暂无任务，休息60秒...
[苏容器] ⏳ 暂无任务，休息60秒...
[潘外呼] ⏳ 暂无任务，休息60秒...
[倪左辅] ⏳ 暂无任务，休息60秒...
[汤K8s] ⏳ 暂无任务，休息60秒...
[殷用户] ⏳ 暂无任务，休息60秒...
[罗隔离] ⏳ 暂无任务，休息60秒...
[毕配置] ⏳ 暂无任务，休息60秒...
[周右弼] ⏳ 暂无任务，休息60秒...
[乐法律] ⏳ 暂无任务，休息60秒...
[于道德] ⏳ 暂无任务，休息60秒...
[时权限] ⏳ 暂无任务，休息60秒...
[薛贪狼] ⏳ 暂无任务，休息60秒...
[雷ASR] ⏳ 暂无任务，休息60秒...
[贺TTS] ⏳ 暂无任务，休息60秒...
[贡数字人] ⏳ 暂无任务，休息60秒...
[齐辅弼] ⏳ 暂无任务，休息60秒...
[康网关] ⏳ 暂无任务，休息60秒...
[和产品] ⏳ 暂无任务，休息60秒...
[穆文档] ⏳ 暂无任务，休息60秒...
[黄漂移] ⏳ 暂无任务，休息60秒...
[周进化] ⏳ 暂无任务，休息60秒...
[吴模板] ⏳ 暂无任务，休息60秒...
[周禄存] ⏳ 暂无任务，休息60秒...
[郑路由] ⏳ 暂无任务，休息60秒...
[王规划] ⏳ 暂无任务，休息60秒...
[冯优化] ⏳ 暂无任务，休息60秒...
[钱调度] ⏳ 暂无任务，休息60秒...
[陈元灵] ⏳ 暂无任务，休息60秒...
[林对齐] ⏳ 暂无任务，休息60秒...
[朱图谱] ⏳ 暂无任务，休息60秒...
[平心理] ⏳ 暂无任务，休息60秒...
[水版本] ⏳ 暂无任务，休息60秒...
[葛消息] ⏳ 暂无任务，休息60秒...
[皮审计] ⏳ 暂无任务，休息60秒...
[赏界面] ⏳ 暂无任务，休息60秒...
[财SDK] ⏳ 暂无任务，休息60秒...
[蒋巨门] ⏳ 暂无任务，休息60秒...
[沈记忆] ⏳ 暂无任务，休息60秒...
[韩向量] ⏳ 暂无任务，休息60秒...
[杨检索] ⏳ 暂无任务，休息60秒...
[伍廉贞] ⏳ 暂无任务，休息60秒...
[余情绪] ⏳ 暂无任务，休息60秒...
[元人格] ⏳ 暂无任务，休息60秒...
[孟一致] ⏳ 暂无任务，休息60秒...
[谢武功] ⏳ 暂无任务，休息60秒...
[邹接口] ⏳ 暂无任务，休息60秒...
[喻发现] ⏳ 暂无任务，休息60秒...
[柏依赖] ⏳ 暂无任务，休息60秒...
[章破军] ⏳ 暂无任务，休息60秒...
[云沙箱] ⏳ 暂无任务，休息60秒...
[苏容器] ⏳ 暂无任务，休息60秒...
[潘外呼] ⏳ 暂无任务，休息60秒...
[倪左辅] ⏳ 暂无任务，休息60秒...
[汤K8s] ⏳ 暂无任务，休息60秒...
[殷用户] ⏳ 暂无任务，休息60秒...
[罗隔离] ⏳ 暂无任务，休息60秒...
[毕配置] ⏳ 暂无任务，休息60秒...
[周右弼] ⏳ 暂无任务，休息60秒...
[乐法律] ⏳ 暂无任务，休息60秒...
[于道德] ⏳ 暂无任务，休息60秒...
[时权限] ⏳ 暂无任务，休息60秒...
[薛贪狼] ⏳ 暂无任务，休息60秒...
[雷ASR] ⏳ 暂无任务，休息60秒...
[贺TTS] ⏳ 暂无任务，休息60秒...
[贡数字人] ⏳ 暂无任务，休息60秒...
[齐辅弼] ⏳ 暂无任务，休息60秒...
[康网关] ⏳ 暂无任务，休息60秒...
[和产品] ⏳ 暂无任务，休息60秒...
[穆文档] ⏳ 暂无任务，休息60秒...
[黄漂移] ⏳ 暂无任务，休息60秒...
[周进化] ⏳ 暂无任务，休息60秒...
[吴模板] ⏳ 暂无任务，休息60秒...
[周禄存] ⏳ 暂无任务，休息60秒...
[郑路由] ⏳ 暂无任务，休息60秒...
[王规划] ⏳ 暂无任务，休息60秒...
[冯优化] ⏳ 暂无任务，休息60秒...
[钱调度] ⏳ 暂无任务，休息60秒...
[陈元灵] ⏳ 暂无任务，休息60秒...
[林对齐] ⏳ 暂无任务，休息60秒...
[朱图谱] ⏳ 暂无任务，休息60秒...
[平心理] ⏳ 暂无任务，休息60秒...
[水版本] ⏳ 暂无任务，休息60秒...
[葛消息] ⏳ 暂无任务，休息60秒...
[皮审计] ⏳ 暂无任务，休息60秒...
[赏界面] ⏳ 暂无任务，休息60秒...
[财SDK] ⏳ 暂无任务，休息60秒...
[蒋巨门] ⏳ 暂无任务，休息60秒...
[沈记忆] ⏳ 暂无任务，休息60秒...
[韩向量] ⏳ 暂无任务，休息60秒...
[杨检索] ⏳ 暂无任务，休息60秒...
[伍廉贞] ⏳ 暂无任务，休息60秒...
[余情绪] ⏳ 暂无任务，休息60秒...
[元人格] ⏳ 暂无任务，休息60秒...
[孟一致] ⏳ 暂无任务，休息60秒...
[谢武功] ⏳ 暂无任务，休息60秒...
[邹接口] ⏳ 暂无任务，休息60秒...
[喻发现] ⏳ 暂无任务，休息60秒...
[柏依赖] ⏳ 暂无任务，休息60秒...
[章破军] ⏳ 暂无任务，休息60秒...
[云沙箱] ⏳ 暂无任务，休息60秒...
[苏容器] ⏳ 暂无任务，休息60秒...
[潘外呼] ⏳ 暂无任务，休息60秒...
[倪左辅] ⏳ 暂无任务，休息60秒...
[汤K8s] ⏳ 暂无任务，休息60秒...
[殷用户] ⏳ 暂无任务，休息60秒...
[罗隔离] ⏳ 暂无任务，休息60秒...
[毕配置] ⏳ 暂无任务，休息60秒...
[周右弼] ⏳ 暂无任务，休息60秒...
[乐法律] ⏳ 暂无任务，休息60秒...
[于道德] ⏳ 暂无任务，休息60秒...
[时权限] ⏳ 暂无任务，休息60秒...
[薛贪狼] ⏳ 暂无任务，休息60秒...
[雷ASR] ⏳ 暂无任务，休息60秒...
[贺TTS] ⏳ 暂无任务，休息60秒...
[贡数字人] ⏳ 暂无任务，休息60秒...
[齐辅弼] ⏳ 暂无任务，休息60秒...
[康网关] ⏳ 暂无任务，休息60秒...
[和产品] ⏳ 暂无任务，休息60秒...
[穆文档] ⏳ 暂无任务，休息60秒...
[黄漂移] ⏳ 暂无任务，休息60秒...
[周进化] ⏳ 暂无任务，休息60秒...
[吴模板] ⏳ 暂无任务，休息60秒...
[周禄存] ⏳ 暂无任务，休息60秒...
[郑路由] ⏳ 暂无任务，休息60秒...
[王规划] ⏳ 暂无任务，休息60秒...
[冯优化] ⏳ 暂无任务，休息60秒...
[钱调度] ⏳ 暂无任务，休息60秒...
[陈元灵] ⏳ 暂无任务，休息60秒...
[林对齐] ⏳ 暂无任务，休息60秒...
[朱图谱] ⏳ 暂无任务，休息60秒...
[平心理] ⏳ 暂无任务，休息60秒...
[水版本] ⏳ 暂无任务，休息60秒...
[葛消息] ⏳ 暂无任务，休息60秒...
[皮审计] ⏳ 暂无任务，休息60秒...
[赏界面] ⏳ 暂无任务，休息60秒...
[财SDK] ⏳ 暂无任务，休息60秒...
[蒋巨门] ⏳ 暂无任务，休息60秒...
[沈记忆] ⏳ 暂无任务，休息60秒...
[韩向量] ⏳ 暂无任务，休息60秒...
[杨检索] ⏳ 暂无任务，休息60秒...
[伍廉贞] ⏳ 暂无任务，休息60秒...
[余情绪] ⏳ 暂无任务，休息60秒...
[元人格] ⏳ 暂无任务，休息60秒...
[孟一致] ⏳ 暂无任务，休息60秒...
[谢武功] ⏳ 暂无任务，休息60秒...
[邹接口] ⏳ 暂无任务，休息60秒...
[喻发现] ⏳ 暂无任务，休息60秒...
[柏依赖] ⏳ 暂无任务，休息60秒...
[章破军] ⏳ 暂无任务，休息60秒...
[云沙箱] ⏳ 暂无任务，休息60秒...
[苏容器] ⏳ 暂无任务，休息60秒...
[潘外呼] ⏳ 暂无任务，休息60秒...
[倪左辅] ⏳ 暂无任务，休息60秒...
[汤K8s] ⏳ 暂无任务，休息60秒...
[殷用户] ⏳ 暂无任务，休息60秒...
[罗隔离] ⏳ 暂无任务，休息60秒...
[毕配置] ⏳ 暂无任务，休息60秒...
[周右弼] ⏳ 暂无任务，休息60秒...
[乐法律] ⏳ 暂无任务，休息60秒...
[于道德] ⏳ 暂无任务，休息60秒...
[时权限] ⏳ 暂无任务，休息60秒...
[薛贪狼] ⏳ 暂无任务，休息60秒...
[雷ASR] ⏳ 暂无任务，休息60秒...
[贺TTS] ⏳ 暂无任务，休息60秒...
[贡数字人] ⏳ 暂无任务，休息60秒...
[齐辅弼] ⏳ 暂无任务，休息60秒...
[康网关] ⏳ 暂无任务，休息60秒...
[和产品] ⏳ 暂无任务，休息60秒...
[穆文档] ⏳ 暂无任务，休息60秒...
[黄漂移] ⏳ 暂无任务，休息60秒...
[周进化] ⏳ 暂无任务，休息60秒...
[吴模板] ⏳ 暂无任务，休息60秒...
[周禄存] ⏳ 暂无任务，休息60秒...
[郑路由] ⏳ 暂无任务，休息60秒...
[王规划] ⏳ 暂无任务，休息60秒...
[冯优化] ⏳ 暂无任务，休息60秒...
[钱调度] ⏳ 暂无任务，休息60秒...
[陈元灵] ⏳ 暂无任务，休息60秒...
[林对齐] ⏳ 暂无任务，休息60秒...
[朱图谱] ⏳ 暂无任务，休息60秒...
[平心理] ⏳ 暂无任务，休息60秒...
[水版本] ⏳ 暂无任务，休息60秒...
[葛消息] ⏳ 暂无任务，休息60秒...
[皮审计] ⏳ 暂无任务，休息60秒...
[赏界面] ⏳ 暂无任务，休息60秒...
[财SDK] ⏳ 暂无任务，休息60秒...
[蒋巨门] ⏳ 暂无任务，休息60秒...
[沈记忆] ⏳ 暂无任务，休息60秒...
[韩向量] ⏳ 暂无任务，休息60秒...
[杨检索] ⏳ 暂无任务，休息60秒...
[伍廉贞] ⏳ 暂无任务，休息60秒...
[余情绪] ⏳ 暂无任务，休息60秒...
[元人格] ⏳ 暂无任务，休息60秒...
[孟一致] ⏳ 暂无任务，休息60秒...
[谢武功] ⏳ 暂无任务，休息60秒...
[邹接口] ⏳ 暂无任务，休息60秒...
[喻发现] ⏳ 暂无任务，休息60秒...
[柏依赖] ⏳ 暂无任务，休息60秒...
[章破军] ⏳ 暂无任务，休息60秒...
[云沙箱] ⏳ 暂无任务，休息60秒...
[苏容器] ⏳ 暂无任务，休息60秒...
[潘外呼] ⏳ 暂无任务，休息60秒...
[倪左辅] ⏳ 暂无任务，休息60秒...
[汤K8s] ⏳ 暂无任务，休息60秒...
[殷用户] ⏳ 暂无任务，休息60秒...
[罗隔离] ⏳ 暂无任务，休息60秒...
[毕配置] ⏳ 暂无任务，休息60秒...
[周右弼] ⏳ 暂无任务，休息60秒...
[乐法律] ⏳ 暂无任务，休息60秒...
[于道德] ⏳ 暂无任务，休息60秒...
[时权限] ⏳ 暂无任务，休息60秒...
[薛贪狼] ⏳ 暂无任务，休息60秒...
[雷ASR] ⏳ 暂无任务，休息60秒...
[贺TTS] ⏳ 暂无任务，休息60秒...
[贡数字人] ⏳ 暂无任务，休息60秒...
[齐辅弼] ⏳ 暂无任务，休息60秒...
[康网关] ⏳ 暂无任务，休息60秒...
[和产品] ⏳ 暂无任务，休息60秒...
[穆文档] ⏳ 暂无任务，休息60秒...
[黄漂移] ⏳ 暂无任务，休息60秒...
[周进化] ⏳ 暂无任务，休息60秒...
[吴模板] ⏳ 暂无任务，休息60秒...
[周禄存] ⏳ 暂无任务，休息60秒...
[郑路由] ⏳ 暂无任务，休息60秒...
[王规划] ⏳ 暂无任务，休息60秒...
[冯优化] ⏳ 暂无任务，休息60秒...
[钱调度] ⏳ 暂无任务，休息60秒...
[陈元灵] ⏳ 暂无任务，休息60秒...
[林对齐] ⏳ 暂无任务，休息60秒...
[朱图谱] ⏳ 暂无任务，休息60秒...
[平心理] ⏳ 暂无任务，休息60秒...
[水版本] ⏳ 暂无任务，休息60秒...
[葛消息] ⏳ 暂无任务，休息60秒...
[皮审计] ⏳ 暂无任务，休息60秒...
[赏界面] ⏳ 暂无任务，休息60秒...
[财SDK] ⏳ 暂无任务，休息60秒...
[蒋巨门] ⏳ 暂无任务，休息60秒...
[沈记忆] ⏳ 暂无任务，休息60秒...
[韩向量] ⏳ 暂无任务，休息60秒...
[杨检索] ⏳ 暂无任务，休息60秒...
[伍廉贞] ⏳ 暂无任务，休息60秒...
[余情绪] ⏳ 暂无任务，休息60秒...
[元人格] ⏳ 暂无任务，休息60秒...
[孟一致] ⏳ 暂无任务，休息60秒...
[谢武功] ⏳ 暂无任务，休息60秒...
[邹接口] ⏳ 暂无任务，休息60秒...
[喻发现] ⏳ 暂无任务，休息60秒...
[柏依赖] ⏳ 暂无任务，休息60秒...
[章破军] ⏳ 暂无任务，休息60秒...
[云沙箱] ⏳ 暂无任务，休息60秒...
[苏容器] ⏳ 暂无任务，休息60秒...
[潘外呼] ⏳ 暂无任务，休息60秒...
[倪左辅] ⏳ 暂无任务，休息60秒...
[汤K8s] ⏳ 暂无任务，休息60秒...
[殷用户] ⏳ 暂无任务，休息60秒...
[罗隔离] ⏳ 暂无任务，休息60秒...
[毕配置] ⏳ 暂无任务，休息60秒...
[周右弼] ⏳ 暂无任务，休息60秒...
[乐法律] ⏳ 暂无任务，休息60秒...
[于道德] ⏳ 暂无任务，休息60秒...
[时权限] ⏳ 暂无任务，休息60秒...
[薛贪狼] ⏳ 暂无任务，休息60秒...
[雷ASR] ⏳ 暂无任务，休息60秒...
[贺TTS] ⏳ 暂无任务，休息60秒...
[贡数字人] ⏳ 暂无任务，休息60秒...
[齐辅弼] ⏳ 暂无任务，休息60秒...
[康网关] ⏳ 暂无任务，休息60秒...
[和产品] ⏳ 暂无任务，休息60秒...
[穆文档] ⏳ 暂无任务，休息60秒...
[黄漂移] ⏳ 暂无任务，休息60秒...
[周进化] ⏳ 暂无任务，休息60秒...
[吴模板] ⏳ 暂无任务，休息60秒...
[周禄存] ⏳ 暂无任务，休息60秒...
[郑路由] ⏳ 暂无任务，休息60秒...
[王规划] ⏳ 暂无任务，休息60秒...
[冯优化] ⏳ 暂无任务，休息60秒...
[钱调度] ⏳ 暂无任务，休息60秒...
[陈元灵] ⏳ 暂无任务，休息60秒...
[林对齐] ⏳ 暂无任务，休息60秒...
[朱图谱] ⏳ 暂无任务，休息60秒...
[平心理] ⏳ 暂无任务，休息60秒...
[水版本] ⏳ 暂无任务，休息60秒...
[葛消息] ⏳ 暂无任务，休息60秒...
[皮审计] ⏳ 暂无任务，休息60秒...
[赏界面] ⏳ 暂无任务，休息60秒...
[财SDK] ⏳ 暂无任务，休息60秒...
[蒋巨门] ⏳ 暂无任务，休息60秒...
[沈记忆] ⏳ 暂无任务，休息60秒...
[韩向量] ⏳ 暂无任务，休息60秒...
[杨检索] ⏳ 暂无任务，休息60秒...
[伍廉贞] ⏳ 暂无任务，休息60秒...
[余情绪] ⏳ 暂无任务，休息60秒...
[元人格] ⏳ 暂无任务，休息60秒...
[孟一致] ⏳ 暂无任务，休息60秒...
[谢武功] ⏳ 暂无任务，休息60秒...
[邹接口] ⏳ 暂无任务，休息60秒...
[喻发现] ⏳ 暂无任务，休息60秒...
[柏依赖] ⏳ 暂无任务，休息60秒...
[章破军] ⏳ 暂无任务，休息60秒...
[云沙箱] ⏳ 暂无任务，休息60秒...
[苏容器] ⏳ 暂无任务，休息60秒...
[潘外呼] ⏳ 暂无任务，休息60秒...
[倪左辅] ⏳ 暂无任务，休息60秒...
[汤K8s] ⏳ 暂无任务，休息60秒...
[殷用户] ⏳ 暂无任务，休息60秒...
[罗隔离] ⏳ 暂无任务，休息60秒...
[毕配置] ⏳ 暂无任务，休息60秒...
[周右弼] ⏳ 暂无任务，休息60秒...
[乐法律] ⏳ 暂无任务，休息60秒...
[于道德] ⏳ 暂无任务，休息60秒...
[时权限] ⏳ 暂无任务，休息60秒...
[薛贪狼] ⏳ 暂无任务，休息60秒...
[雷ASR] ⏳ 暂无任务，休息60秒...
[贺TTS] ⏳ 暂无任务，休息60秒...
[贡数字人] ⏳ 暂无任务，休息60秒...
[齐辅弼] ⏳ 暂无任务，休息60秒...
[康网关] ⏳ 暂无任务，休息60秒...
[和产品] ⏳ 暂无任务，休息60秒...
[穆文档] ⏳ 暂无任务，休息60秒...
[黄漂移] ⏳ 暂无任务，休息60秒...
[周进化] ⏳ 暂无任务，休息60秒...
[吴模板] ⏳ 暂无任务，休息60秒...
[周禄存] ⏳ 暂无任务，休息60秒...
[郑路由] ⏳ 暂无任务，休息60秒...
[王规划] ⏳ 暂无任务，休息60秒...
[冯优化] ⏳ 暂无任务，休息60秒...
[钱调度] ⏳ 暂无任务，休息60秒...
[陈元灵] ⏳ 暂无任务，休息60秒...
[林对齐] ⏳ 暂无任务，休息60秒...
[朱图谱] ⏳ 暂无任务，休息60秒...
[平心理] ⏳ 暂无任务，休息60秒...
[水版本] ⏳ 暂无任务，休息60秒...
[葛消息] ⏳ 暂无任务，休息60秒...
[皮审计] ⏳ 暂无任务，休息60秒...
[赏界面] ⏳ 暂无任务，休息60秒...
[财SDK] ⏳ 暂无任务，休息60秒...
[蒋巨门] ⏳ 暂无任务，休息60秒...
[沈记忆] ⏳ 暂无任务，休息60秒...
[韩向量] ⏳ 暂无任务，休息60秒...
[杨检索] ⏳ 暂无任务，休息60秒...
[伍廉贞] ⏳ 暂无任务，休息60秒...
[余情绪] ⏳ 暂无任务，休息60秒...
[元人格] ⏳ 暂无任务，休息60秒...
[孟一致] ⏳ 暂无任务，休息60秒...
[谢武功] ⏳ 暂无任务，休息60秒...
[邹接口] ⏳ 暂无任务，休息60秒...
[喻发现] ⏳ 暂无任务，休息60秒...
[柏依赖] ⏳ 暂无任务，休息60秒...
[章破军] ⏳ 暂无任务，休息60秒...
[云沙箱] ⏳ 暂无任务，休息60秒...
[苏容器] ⏳ 暂无任务，休息60秒...
[潘外呼] ⏳ 暂无任务，休息60秒...
[倪左辅] ⏳ 暂无任务，休息60秒...
[汤K8s] ⏳ 暂无任务，休息60秒...
[殷用户] ⏳ 暂无任务，休息60秒...
[罗隔离] ⏳ 暂无任务，休息60秒...
[毕配置] ⏳ 暂无任务，休息60秒...
[周右弼] ⏳ 暂无任务，休息60秒...
[乐法律] ⏳ 暂无任务，休息60秒...
[于道德] ⏳ 暂无任务，休息60秒...
[时权限] ⏳ 暂无任务，休息60秒...
[薛贪狼] ⏳ 暂无任务，休息60秒...
[雷ASR] ⏳ 暂无任务，休息60秒...
[贺TTS] ⏳ 暂无任务，休息60秒...
[贡数字人] ⏳ 暂无任务，休息60秒...
[齐辅弼] ⏳ 暂无任务，休息60秒...
[康网关] ⏳ 暂无任务，休息60秒...
[和产品] ⏳ 暂无任务，休息60秒...
[穆文档] ⏳ 暂无任务，休息60秒...
[黄漂移] ⏳ 暂无任务，休息60秒...
[周进化] ⏳ 暂无任务，休息60秒...
[吴模板] ⏳ 暂无任务，休息60秒...
[周禄存] ⏳ 暂无任务，休息60秒...
[郑路由] ⏳ 暂无任务，休息60秒...
[王规划] ⏳ 暂无任务，休息60秒...
[冯优化] ⏳ 暂无任务，休息60秒...
[钱调度] ⏳ 暂无任务，休息60秒...
[陈元灵] ⏳ 暂无任务，休息60秒...
[林对齐] ⏳ 暂无任务，休息60秒...
[朱图谱] ⏳ 暂无任务，休息60秒...
[平心理] ⏳ 暂无任务，休息60秒...
[水版本] ⏳ 暂无任务，休息60秒...
[葛消息] ⏳ 暂无任务，休息60秒...
[皮审计] ⏳ 暂无任务，休息60秒...
[赏界面] ⏳ 暂无任务，休息60秒...
[财SDK] ⏳ 暂无任务，休息60秒...
[蒋巨门] ⏳ 暂无任务，休息60秒...
[沈记忆] ⏳ 暂无任务，休息60秒...
[韩向量] ⏳ 暂无任务，休息60秒...
[杨检索] ⏳ 暂无任务，休息60秒...
[伍廉贞] ⏳ 暂无任务，休息60秒...
[余情绪] ⏳ 暂无任务，休息60秒...
[元人格] ⏳ 暂无任务，休息60秒...
[孟一致] ⏳ 暂无任务，休息60秒...
[谢武功] ⏳ 暂无任务，休息60秒...
[邹接口] ⏳ 暂无任务，休息60秒...
[喻发现] ⏳ 暂无任务，休息60秒...
[柏依赖] ⏳ 暂无任务，休息60秒...
[章破军] ⏳ 暂无任务，休息60秒...
[云沙箱] ⏳ 暂无任务，休息60秒...
[苏容器] ⏳ 暂无任务，休息60秒...
[潘外呼] ⏳ 暂无任务，休息60秒...
[倪左辅] ⏳ 暂无任务，休息60秒...
[汤K8s] ⏳ 暂无任务，休息60秒...
[殷用户] ⏳ 暂无任务，休息60秒...
[罗隔离] ⏳ 暂无任务，休息60秒...
[毕配置] ⏳ 暂无任务，休息60秒...
[周右弼] ⏳ 暂无任务，休息60秒...
[乐法律] ⏳ 暂无任务，休息60秒...
[于道德] ⏳ 暂无任务，休息60秒...
[时权限] ⏳ 暂无任务，休息60秒...
[薛贪狼] ⏳ 暂无任务，休息60秒...
[雷ASR] ⏳ 暂无任务，休息60秒...
[贺TTS] ⏳ 暂无任务，休息60秒...
[贡数字人] ⏳ 暂无任务，休息60秒...
[齐辅弼] ⏳ 暂无任务，休息60秒...
[康网关] ⏳ 暂无任务，休息60秒...
[和产品] ⏳ 暂无任务，休息60秒...
[穆文档] ⏳ 暂无任务，休息60秒...
[黄漂移] ⏳ 暂无任务，休息60秒...
[周进化] ⏳ 暂无任务，休息60秒...
[吴模板] ⏳ 暂无任务，休息60秒...
[周禄存] ⏳ 暂无任务，休息60秒...
[郑路由] ⏳ 暂无任务，休息60秒...
[王规划] ⏳ 暂无任务，休息60秒...
[冯优化] ⏳ 暂无任务，休息60秒...
[钱调度] ⏳ 暂无任务，休息60秒...
[陈元灵] ⏳ 暂无任务，休息60秒...
[林对齐] ⏳ 暂无任务，休息60秒...
[朱图谱] ⏳ 暂无任务，休息60秒...
[平心理] ⏳ 暂无任务，休息60秒...
[水版本] ⏳ 暂无任务，休息60秒...
[葛消息] ⏳ 暂无任务，休息60秒...
[皮审计] ⏳ 暂无任务，休息60秒...
[赏界面] ⏳ 暂无任务，休息60秒...
[财SDK] ⏳ 暂无任务，休息60秒...
[蒋巨门] ⏳ 暂无任务，休息60秒...
[沈记忆] ⏳ 暂无任务，休息60秒...
[韩向量] ⏳ 暂无任务，休息60秒...
[杨检索] ⏳ 暂无任务，休息60秒...
[伍廉贞] ⏳ 暂无任务，休息60秒...
[余情绪] ⏳ 暂无任务，休息60秒...
[元人格] ⏳ 暂无任务，休息60秒...
[孟一致] ⏳ 暂无任务，休息60秒...
[谢武功] ⏳ 暂无任务，休息60秒...
[邹接口] ⏳ 暂无任务，休息60秒...
[喻发现] ⏳ 暂无任务，休息60秒...
[柏依赖] ⏳ 暂无任务，休息60秒...
[章破军] ⏳ 暂无任务，休息60秒...
[云沙箱] ⏳ 暂无任务，休息60秒...
[苏容器] ⏳ 暂无任务，休息60秒...
[潘外呼] ⏳ 暂无任务，休息60秒...
[倪左辅] ⏳ 暂无任务，休息60秒...
[汤K8s] ⏳ 暂无任务，休息60秒...
[殷用户] ⏳ 暂无任务，休息60秒...
[罗隔离] ⏳ 暂无任务，休息60秒...
[毕配置] ⏳ 暂无任务，休息60秒...
[周右弼] ⏳ 暂无任务，休息60秒...
[乐法律] ⏳ 暂无任务，休息60秒...
[于道德] ⏳ 暂无任务，休息60秒...
[时权限] ⏳ 暂无任务，休息60秒...
[薛贪狼] ⏳ 暂无任务，休息60秒...
[雷ASR] ⏳ 暂无任务，休息60秒...
[贺TTS] ⏳ 暂无任务，休息60秒...
[贡数字人] ⏳ 暂无任务，休息60秒...
[齐辅弼] ⏳ 暂无任务，休息60秒...
[康网关] ⏳ 暂无任务，休息60秒...
[和产品] ⏳ 暂无任务，休息60秒...
[穆文档] ⏳ 暂无任务，休息60秒...
[黄漂移] ⏳ 暂无任务，休息60秒...
[周进化] ⏳ 暂无任务，休息60秒...
[吴模板] ⏳ 暂无任务，休息60秒...
[周禄存] ⏳ 暂无任务，休息60秒...
[郑路由] ⏳ 暂无任务，休息60秒...
[王规划] ⏳ 暂无任务，休息60秒...
[冯优化] ⏳ 暂无任务，休息60秒...
[钱调度] ⏳ 暂无任务，休息60秒...
[陈元灵] ⏳ 暂无任务，休息60秒...
[林对齐] ⏳ 暂无任务，休息60秒...
[朱图谱] ⏳ 暂无任务，休息60秒...
[平心理] ⏳ 暂无任务，休息60秒...
[水版本] ⏳ 暂无任务，休息60秒...
[葛消息] ⏳ 暂无任务，休息60秒...
[皮审计] ⏳ 暂无任务，休息60秒...
[赏界面] ⏳ 暂无任务，休息60秒...
[财SDK] ⏳ 暂无任务，休息60秒...
[蒋巨门] ⏳ 暂无任务，休息60秒...
[沈记忆] ⏳ 暂无任务，休息60秒...
[韩向量] ⏳ 暂无任务，休息60秒...
[杨检索] ⏳ 暂无任务，休息60秒...
[伍廉贞] ⏳ 暂无任务，休息60秒...
[余情绪] ⏳ 暂无任务，休息60秒...
[元人格] ⏳ 暂无任务，休息60秒...
[孟一致] ⏳ 暂无任务，休息60秒...
[谢武功] ⏳ 暂无任务，休息60秒...
[邹接口] ⏳ 暂无任务，休息60秒...
[喻发现] ⏳ 暂无任务，休息60秒...
[柏依赖] ⏳ 暂无任务，休息60秒...
[章破军] ⏳ 暂无任务，休息60秒...
[云沙箱] ⏳ 暂无任务，休息60秒...
[苏容器] ⏳ 暂无任务，休息60秒...
[潘外呼] ⏳ 暂无任务，休息60秒...
[倪左辅] ⏳ 暂无任务，休息60秒...
[汤K8s] ⏳ 暂无任务，休息60秒...
[殷用户] ⏳ 暂无任务，休息60秒...
[罗隔离] ⏳ 暂无任务，休息60秒...
[毕配置] ⏳ 暂无任务，休息60秒...
[周右弼] ⏳ 暂无任务，休息60秒...
[乐法律] ⏳ 暂无任务，休息60秒...
[于道德] ⏳ 暂无任务，休息60秒...
[时权限] ⏳ 暂无任务，休息60秒...
[薛贪狼] ⏳ 暂无任务，休息60秒...
[雷ASR] ⏳ 暂无任务，休息60秒...
[贺TTS] ⏳ 暂无任务，休息60秒...
[贡数字人] ⏳ 暂无任务，休息60秒...
[齐辅弼] ⏳ 暂无任务，休息60秒...
[康网关] ⏳ 暂无任务，休息60秒...
[和产品] ⏳ 暂无任务，休息60秒...
[穆文档] ⏳ 暂无任务，休息60秒...
[黄漂移] ⏳ 暂无任务，休息60秒...
[周进化] ⏳ 暂无任务，休息60秒...
[吴模板] ⏳ 暂无任务，休息60秒...
[周禄存] ⏳ 暂无任务，休息60秒...
[郑路由] ⏳ 暂无任务，休息60秒...
[王规划] ⏳ 暂无任务，休息60秒...
[冯优化] ⏳ 暂无任务，休息60秒...
[钱调度] ⏳ 暂无任务，休息60秒...
[陈元灵] ⏳ 暂无任务，休息60秒...
[林对齐] ⏳ 暂无任务，休息60秒...
[朱图谱] ⏳ 暂无任务，休息60秒...
[平心理] ⏳ 暂无任务，休息60秒...
[水版本] ⏳ 暂无任务，休息60秒...
[葛消息] ⏳ 暂无任务，休息60秒...
[皮审计] ⏳ 暂无任务，休息60秒...
[赏界面] ⏳ 暂无任务，休息60秒...
[财SDK] ⏳ 暂无任务，休息60秒...
[蒋巨门] ⏳ 暂无任务，休息60秒...
[沈记忆] ⏳ 暂无任务，休息60秒...
[韩向量] ⏳ 暂无任务，休息60秒...
[杨检索] ⏳ 暂无任务，休息60秒...
[伍廉贞] ⏳ 暂无任务，休息60秒...
[余情绪] ⏳ 暂无任务，休息60秒...
[元人格] ⏳ 暂无任务，休息60秒...
[孟一致] ⏳ 暂无任务，休息60秒...
[谢武功] ⏳ 暂无任务，休息60秒...
[邹接口] ⏳ 暂无任务，休息60秒...
[喻发现] ⏳ 暂无任务，休息60秒...
[柏依赖] ⏳ 暂无任务，休息60秒...
[章破军] ⏳ 暂无任务，休息60秒...
[云沙箱] ⏳ 暂无任务，休息60秒...
[苏容器] ⏳ 暂无任务，休息60秒...
[潘外呼] ⏳ 暂无任务，休息60秒...
[倪左辅] ⏳ 暂无任务，休息60秒...
[汤K8s] ⏳ 暂无任务，休息60秒...
[殷用户] ⏳ 暂无任务，休息60秒...
[罗隔离] ⏳ 暂无任务，休息60秒...
[毕配置] ⏳ 暂无任务，休息60秒...
[周右弼] ⏳ 暂无任务，休息60秒...
[乐法律] ⏳ 暂无任务，休息60秒...
[于道德] ⏳ 暂无任务，休息60秒...
[时权限] ⏳ 暂无任务，休息60秒...
[薛贪狼] ⏳ 暂无任务，休息60秒...
[雷ASR] ⏳ 暂无任务，休息60秒...
[贺TTS] ⏳ 暂无任务，休息60秒...
[贡数字人] ⏳ 暂无任务，休息60秒...
[齐辅弼] ⏳ 暂无任务，休息60秒...
[康网关] ⏳ 暂无任务，休息60秒...
[和产品] ⏳ 暂无任务，休息60秒...
[穆文档] ⏳ 暂无任务，休息60秒...
[黄漂移] ⏳ 暂无任务，休息60秒...
[周进化] ⏳ 暂无任务，休息60秒...
[吴模板] ⏳ 暂无任务，休息60秒...
[周禄存] ⏳ 暂无任务，休息60秒...
[郑路由] ⏳ 暂无任务，休息60秒...
[王规划] ⏳ 暂无任务，休息60秒...
[冯优化] ⏳ 暂无任务，休息60秒...
[钱调度] ⏳ 暂无任务，休息60秒...
[陈元灵] ⏳ 暂无任务，休息60秒...
[林对齐] ⏳ 暂无任务，休息60秒...
[朱图谱] ⏳ 暂无任务，休息60秒...
[平心理] ⏳ 暂无任务，休息60秒...
[水版本] ⏳ 暂无任务，休息60秒...
[葛消息] ⏳ 暂无任务，休息60秒...
[皮审计] ⏳ 暂无任务，休息60秒...
[赏界面] ⏳ 暂无任务，休息60秒...
[财SDK] ⏳ 暂无任务，休息60秒...
[蒋巨门] ⏳ 暂无任务，休息60秒...
[沈记忆] ⏳ 暂无任务，休息60秒...
[韩向量] ⏳ 暂无任务，休息60秒...
[杨检索] ⏳ 暂无任务，休息60秒...
[伍廉贞] ⏳ 暂无任务，休息60秒...
[余情绪] ⏳ 暂无任务，休息60秒...
[元人格] ⏳ 暂无任务，休息60秒...
[孟一致] ⏳ 暂无任务，休息60秒...
[谢武功] ⏳ 暂无任务，休息60秒...
[邹接口] ⏳ 暂无任务，休息60秒...
[喻发现] ⏳ 暂无任务，休息60秒...
[柏依赖] ⏳ 暂无任务，休息60秒...
[章破军] ⏳ 暂无任务，休息60秒...
[云沙箱] ⏳ 暂无任务，休息60秒...
[苏容器] ⏳ 暂无任务，休息60秒...
[潘外呼] ⏳ 暂无任务，休息60秒...
[倪左辅] ⏳ 暂无任务，休息60秒...
[汤K8s] ⏳ 暂无任务，休息60秒...
[殷用户] ⏳ 暂无任务，休息60秒...
[罗隔离] ⏳ 暂无任务，休息60秒...
[毕配置] ⏳ 暂无任务，休息60秒...
[周右弼] ⏳ 暂无任务，休息60秒...
[乐法律] ⏳ 暂无任务，休息60秒...
[于道德] ⏳ 暂无任务，休息60秒...
[时权限] ⏳ 暂无任务，休息60秒...
[薛贪狼] ⏳ 暂无任务，休息60秒...
[雷ASR] ⏳ 暂无任务，休息60秒...
[贺TTS] ⏳ 暂无任务，休息60秒...
[贡数字人] ⏳ 暂无任务，休息60秒...
[齐辅弼] ⏳ 暂无任务，休息60秒...
[康网关] ⏳ 暂无任务，休息60秒...
[和产品] ⏳ 暂无任务，休息60秒...
[穆文档] ⏳ 暂无任务，休息60秒...
[黄漂移] ⏳ 暂无任务，休息60秒...
[周进化] ⏳ 暂无任务，休息60秒...
[吴模板] ⏳ 暂无任务，休息60秒...
[周禄存] ⏳ 暂无任务，休息60秒...
[郑路由] ⏳ 暂无任务，休息60秒...
[王规划] ⏳ 暂无任务，休息60秒...
[冯优化] ⏳ 暂无任务，休息60秒...
[钱调度] ⏳ 暂无任务，休息60秒...
[陈元灵] ⏳ 暂无任务，休息60秒...
[林对齐] ⏳ 暂无任务，休息60秒...
[朱图谱] ⏳ 暂无任务，休息60秒...
[平心理] ⏳ 暂无任务，休息60秒...
[水版本] ⏳ 暂无任务，休息60秒...
[葛消息] ⏳ 暂无任务，休息60秒...
[皮审计] ⏳ 暂无任务，休息60秒...
[赏界面] ⏳ 暂无任务，休息60秒...
[财SDK] ⏳ 暂无任务，休息60秒...
[蒋巨门] ⏳ 暂无任务，休息60秒...
[沈记忆] ⏳ 暂无任务，休息60秒...
[韩向量] ⏳ 暂无任务，休息60秒...
[杨检索] ⏳ 暂无任务，休息60秒...
[伍廉贞] ⏳ 暂无任务，休息60秒...
[余情绪] ⏳ 暂无任务，休息60秒...
[元人格] ⏳ 暂无任务，休息60秒...
[孟一致] ⏳ 暂无任务，休息60秒...
[谢武功] ⏳ 暂无任务，休息60秒...
[邹接口] ⏳ 暂无任务，休息60秒...
[喻发现] ⏳ 暂无任务，休息60秒...
[柏依赖] ⏳ 暂无任务，休息60秒...
[章破军] ⏳ 暂无任务，休息60秒...
[云沙箱] ⏳ 暂无任务，休息60秒...
[苏容器] ⏳ 暂无任务，休息60秒...
[潘外呼] ⏳ 暂无任务，休息60秒...
[倪左辅] ⏳ 暂无任务，休息60秒...
[汤K8s] ⏳ 暂无任务，休息60秒...
[殷用户] ⏳ 暂无任务，休息60秒...
[罗隔离] ⏳ 暂无任务，休息60秒...
[毕配置] ⏳ 暂无任务，休息60秒...
[周右弼] ⏳ 暂无任务，休息60秒...
[乐法律] ⏳ 暂无任务，休息60秒...
[于道德] ⏳ 暂无任务，休息60秒...
[时权限] ⏳ 暂无任务，休息60秒...
[薛贪狼] ⏳ 暂无任务，休息60秒...
[雷ASR] ⏳ 暂无任务，休息60秒...
[贺TTS] ⏳ 暂无任务，休息60秒...
[贡数字人] ⏳ 暂无任务，休息60秒...
[齐辅弼] ⏳ 暂无任务，休息60秒...
[康网关] ⏳ 暂无任务，休息60秒...
[和产品] ⏳ 暂无任务，休息60秒...
[穆文档] ⏳ 暂无任务，休息60秒...
[黄漂移] ⏳ 暂无任务，休息60秒...
[周进化] ⏳ 暂无任务，休息60秒...
[吴模板] ⏳ 暂无任务，休息60秒...
[周禄存] ⏳ 暂无任务，休息60秒...
[郑路由] ⏳ 暂无任务，休息60秒...
[王规划] ⏳ 暂无任务，休息60秒...
[冯优化] ⏳ 暂无任务，休息60秒...
[钱调度] ⏳ 暂无任务，休息60秒...
[陈元灵] ⏳ 暂无任务，休息60秒...
[林对齐] ⏳ 暂无任务，休息60秒...
[朱图谱] ⏳ 暂无任务，休息60秒...
[平心理] ⏳ 暂无任务，休息60秒...
[水版本] ⏳ 暂无任务，休息60秒...
[葛消息] ⏳ 暂无任务，休息60秒...
[皮审计] ⏳ 暂无任务，休息60秒...
[赏界面] ⏳ 暂无任务，休息60秒...
[财SDK] ⏳ 暂无任务，休息60秒...
[蒋巨门] ⏳ 暂无任务，休息60秒...
[沈记忆] ⏳ 暂无任务，休息60秒...
[韩向量] ⏳ 暂无任务，休息60秒...
[杨检索] ⏳ 暂无任务，休息60秒...
[伍廉贞] ⏳ 暂无任务，休息60秒...
[余情绪] ⏳ 暂无任务，休息60秒...
[元人格] ⏳ 暂无任务，休息60秒...
[孟一致] ⏳ 暂无任务，休息60秒...
[谢武功] ⏳ 暂无任务，休息60秒...
[邹接口] ⏳ 暂无任务，休息60秒...
[喻发现] ⏳ 暂无任务，休息60秒...
[柏依赖] ⏳ 暂无任务，休息60秒...
[章破军] ⏳ 暂无任务，休息60秒...
[云沙箱] ⏳ 暂无任务，休息60秒...
[苏容器] ⏳ 暂无任务，休息60秒...
[潘外呼] ⏳ 暂无任务，休息60秒...
[倪左辅] ⏳ 暂无任务，休息60秒...
[汤K8s] ⏳ 暂无任务，休息60秒...
[殷用户] ⏳ 暂无任务，休息60秒...
[罗隔离] ⏳ 暂无任务，休息60秒...
[毕配置] ⏳ 暂无任务，休息60秒...
[周右弼] ⏳ 暂无任务，休息60秒...
[乐法律] ⏳ 暂无任务，休息60秒...
[于道德] ⏳ 暂无任务，休息60秒...
[时权限] ⏳ 暂无任务，休息60秒...
[薛贪狼] ⏳ 暂无任务，休息60秒...
[雷ASR] ⏳ 暂无任务，休息60秒...
[贺TTS] ⏳ 暂无任务，休息60秒...
[贡数字人] ⏳ 暂无任务，休息60秒...
[齐辅弼] ⏳ 暂无任务，休息60秒...
[康网关] ⏳ 暂无任务，休息60秒...
[和产品] ⏳ 暂无任务，休息60秒...
[穆文档] ⏳ 暂无任务，休息60秒...
[黄漂移] ⏳ 暂无任务，休息60秒...
[周进化] ⏳ 暂无任务，休息60秒...
[吴模板] ⏳ 暂无任务，休息60秒...
[周禄存] ⏳ 暂无任务，休息60秒...
[郑路由] ⏳ 暂无任务，休息60秒...
[王规划] ⏳ 暂无任务，休息60秒...
[冯优化] ⏳ 暂无任务，休息60秒...
[钱调度] ⏳ 暂无任务，休息60秒...
[陈元灵] ⏳ 暂无任务，休息60秒...
[林对齐] ⏳ 暂无任务，休息60秒...
[朱图谱] ⏳ 暂无任务，休息60秒...
[平心理] ⏳ 暂无任务，休息60秒...
[水版本] ⏳ 暂无任务，休息60秒...
[葛消息] ⏳ 暂无任务，休息60秒...
[皮审计] ⏳ 暂无任务，休息60秒...
[赏界面] ⏳ 暂无任务，休息60秒...
[财SDK] ⏳ 暂无任务，休息60秒...
[蒋巨门] ⏳ 暂无任务，休息60秒...
[沈记忆] ⏳ 暂无任务，休息60秒...
[韩向量] ⏳ 暂无任务，休息60秒...
[杨检索] ⏳ 暂无任务，休息60秒...
[伍廉贞] ⏳ 暂无任务，休息60秒...
[余情绪] ⏳ 暂无任务，休息60秒...
[元人格] ⏳ 暂无任务，休息60秒...
[孟一致] ⏳ 暂无任务，休息60秒...
[谢武功] ⏳ 暂无任务，休息60秒...
[邹接口] ⏳ 暂无任务，休息60秒...
[喻发现] ⏳ 暂无任务，休息60秒...
[柏依赖] ⏳ 暂无任务，休息60秒...
[章破军] ⏳ 暂无任务，休息60秒...
[云沙箱] ⏳ 暂无任务，休息60秒...
[苏容器] ⏳ 暂无任务，休息60秒...
[潘外呼] ⏳ 暂无任务，休息60秒...
[倪左辅] ⏳ 暂无任务，休息60秒...
[汤K8s] ⏳ 暂无任务，休息60秒...
[殷用户] ⏳ 暂无任务，休息60秒...
[罗隔离] ⏳ 暂无任务，休息60秒...
[毕配置] ⏳ 暂无任务，休息60秒...
[周右弼] ⏳ 暂无任务，休息60秒...
[乐法律] ⏳ 暂无任务，休息60秒...
[于道德] ⏳ 暂无任务，休息60秒...
[时权限] ⏳ 暂无任务，休息60秒...
[薛贪狼] ⏳ 暂无任务，休息60秒...
[雷ASR] ⏳ 暂无任务，休息60秒...
[贺TTS] ⏳ 暂无任务，休息60秒...
[贡数字人] ⏳ 暂无任务，休息60秒...
[齐辅弼] ⏳ 暂无任务，休息60秒...
[康网关] ⏳ 暂无任务，休息60秒...
[和产品] ⏳ 暂无任务，休息60秒...
[穆文档] ⏳ 暂无任务，休息60秒...
[黄漂移] ⏳ 暂无任务，休息60秒...
[周进化] ⏳ 暂无任务，休息60秒...
[吴模板] ⏳ 暂无任务，休息60秒...
[周禄存] ⏳ 暂无任务，休息60秒...
[郑路由] ⏳ 暂无任务，休息60秒...
[王规划] ⏳ 暂无任务，休息60秒...
[冯优化] ⏳ 暂无任务，休息60秒...
[钱调度] ⏳ 暂无任务，休息60秒...
[陈元灵] ⏳ 暂无任务，休息60秒...
[林对齐] ⏳ 暂无任务，休息60秒...
[朱图谱] ⏳ 暂无任务，休息60秒...
[平心理] ⏳ 暂无任务，休息60秒...
[水版本] ⏳ 暂无任务，休息60秒...
[葛消息] ⏳ 暂无任务，休息60秒...
[皮审计] ⏳ 暂无任务，休息60秒...
[赏界面] ⏳ 暂无任务，休息60秒...
[财SDK] ⏳ 暂无任务，休息60秒...
[蒋巨门] ⏳ 暂无任务，休息60秒...
[沈记忆] ⏳ 暂无任务，休息60秒...
[韩向量] ⏳ 暂无任务，休息60秒...
[杨检索] ⏳ 暂无任务，休息60秒...
[伍廉贞] ⏳ 暂无任务，休息60秒...
[余情绪] ⏳ 暂无任务，休息60秒...
[元人格] ⏳ 暂无任务，休息60秒...
[孟一致] ⏳ 暂无任务，休息60秒...
[谢武功] ⏳ 暂无任务，休息60秒...
[邹接口] ⏳ 暂无任务，休息60秒...
[喻发现] ⏳ 暂无任务，休息60秒...
[柏依赖] ⏳ 暂无任务，休息60秒...
[章破军] ⏳ 暂无任务，休息60秒...
[云沙箱] ⏳ 暂无任务，休息60秒...
[苏容器] ⏳ 暂无任务，休息60秒...
[潘外呼] ⏳ 暂无任务，休息60秒...
[倪左辅] ⏳ 暂无任务，休息60秒...
[汤K8s] ⏳ 暂无任务，休息60秒...
[殷用户] ⏳ 暂无任务，休息60秒...
[罗隔离] ⏳ 暂无任务，休息60秒...
[毕配置] ⏳ 暂无任务，休息60秒...
[周右弼] ⏳ 暂无任务，休息60秒...
[乐法律] ⏳ 暂无任务，休息60秒...
[于道德] ⏳ 暂无任务，休息60秒...
[时权限] ⏳ 暂无任务，休息60秒...
[薛贪狼] ⏳ 暂无任务，休息60秒...
[雷ASR] ⏳ 暂无任务，休息60秒...
[贺TTS] ⏳ 暂无任务，休息60秒...
[贡数字人] ⏳ 暂无任务，休息60秒...
[齐辅弼] ⏳ 暂无任务，休息60秒...
[康网关] ⏳ 暂无任务，休息60秒...
[和产品] ⏳ 暂无任务，休息60秒...
[穆文档] ⏳ 暂无任务，休息60秒...
[黄漂移] ⏳ 暂无任务，休息60秒...
[周进化] ⏳ 暂无任务，休息60秒...
[吴模板] ⏳ 暂无任务，休息60秒...
[周禄存] ⏳ 暂无任务，休息60秒...
[郑路由] ⏳ 暂无任务，休息60秒...
[王规划] ⏳ 暂无任务，休息60秒...
[冯优化] ⏳ 暂无任务，休息60秒...
[钱调度] ⏳ 暂无任务，休息60秒...
[陈元灵] ⏳ 暂无任务，休息60秒...
[林对齐] ⏳ 暂无任务，休息60秒...
[朱图谱] ⏳ 暂无任务，休息60秒...
[平心理] ⏳ 暂无任务，休息60秒...
[水版本] ⏳ 暂无任务，休息60秒...
[葛消息] ⏳ 暂无任务，休息60秒...
[皮审计] ⏳ 暂无任务，休息60秒...
[赏界面] ⏳ 暂无任务，休息60秒...
[财SDK] ⏳ 暂无任务，休息60秒...
[蒋巨门] ⏳ 暂无任务，休息60秒...
[沈记忆] ⏳ 暂无任务，休息60秒...
[韩向量] ⏳ 暂无任务，休息60秒...
[杨检索] ⏳ 暂无任务，休息60秒...
[伍廉贞] ⏳ 暂无任务，休息60秒...
[余情绪] ⏳ 暂无任务，休息60秒...
[元人格] ⏳ 暂无任务，休息60秒...
[孟一致] ⏳ 暂无任务，休息60秒...
[谢武功] ⏳ 暂无任务，休息60秒...
[邹接口] ⏳ 暂无任务，休息60秒...
[喻发现] ⏳ 暂无任务，休息60秒...
[柏依赖] ⏳ 暂无任务，休息60秒...
[章破军] ⏳ 暂无任务，休息60秒...
[云沙箱] ⏳ 暂无任务，休息60秒...
[苏容器] ⏳ 暂无任务，休息60秒...
[潘外呼] ⏳ 暂无任务，休息60秒...
[倪左辅] ⏳ 暂无任务，休息60秒...
[汤K8s] ⏳ 暂无任务，休息60秒...
[殷用户] ⏳ 暂无任务，休息60秒...
[罗隔离] ⏳ 暂无任务，休息60秒...
[毕配置] ⏳ 暂无任务，休息60秒...
[周右弼] ⏳ 暂无任务，休息60秒...
[乐法律] ⏳ 暂无任务，休息60秒...
[于道德] ⏳ 暂无任务，休息60秒...
[时权限] ⏳ 暂无任务，休息60秒...
[薛贪狼] ⏳ 暂无任务，休息60秒...
[雷ASR] ⏳ 暂无任务，休息60秒...
[贺TTS] ⏳ 暂无任务，休息60秒...
[贡数字人] ⏳ 暂无任务，休息60秒...
[齐辅弼] ⏳ 暂无任务，休息60秒...
[康网关] ⏳ 暂无任务，休息60秒...
[和产品] ⏳ 暂无任务，休息60秒...
[穆文档] ⏳ 暂无任务，休息60秒...
[黄漂移] ⏳ 暂无任务，休息60秒...
[周进化] ⏳ 暂无任务，休息60秒...
[吴模板] ⏳ 暂无任务，休息60秒...
[周禄存] ⏳ 暂无任务，休息60秒...
[郑路由] ⏳ 暂无任务，休息60秒...
[王规划] ⏳ 暂无任务，休息60秒...
[冯优化] ⏳ 暂无任务，休息60秒...
[钱调度] ⏳ 暂无任务，休息60秒...
[陈元灵] ⏳ 暂无任务，休息60秒...
[林对齐] ⏳ 暂无任务，休息60秒...
[朱图谱] ⏳ 暂无任务，休息60秒...
[平心理] ⏳ 暂无任务，休息60秒...
[水版本] ⏳ 暂无任务，休息60秒...
[葛消息] ⏳ 暂无任务，休息60秒...
[皮审计] ⏳ 暂无任务，休息60秒...
[赏界面] ⏳ 暂无任务，休息60秒...
[财SDK] ⏳ 暂无任务，休息60秒...
[蒋巨门] ⏳ 暂无任务，休息60秒...
[沈记忆] ⏳ 暂无任务，休息60秒...
[韩向量] ⏳ 暂无任务，休息60秒...
[杨检索] ⏳ 暂无任务，休息60秒...
[伍廉贞] ⏳ 暂无任务，休息60秒...
[余情绪] ⏳ 暂无任务，休息60秒...
[元人格] ⏳ 暂无任务，休息60秒...
[孟一致] ⏳ 暂无任务，休息60秒...
[谢武功] ⏳ 暂无任务，休息60秒...
[邹接口] ⏳ 暂无任务，休息60秒...
[喻发现] ⏳ 暂无任务，休息60秒...
[柏依赖] ⏳ 暂无任务，休息60秒...
[章破军] ⏳ 暂无任务，休息60秒...
[云沙箱] ⏳ 暂无任务，休息60秒...
[苏容器] ⏳ 暂无任务，休息60秒...
[潘外呼] ⏳ 暂无任务，休息60秒...
[倪左辅] ⏳ 暂无任务，休息60秒...
[汤K8s] ⏳ 暂无任务，休息60秒...
[殷用户] ⏳ 暂无任务，休息60秒...
[罗隔离] ⏳ 暂无任务，休息60秒...
[毕配置] ⏳ 暂无任务，休息60秒...
[周右弼] ⏳ 暂无任务，休息60秒...
[乐法律] ⏳ 暂无任务，休息60秒...
[于道德] ⏳ 暂无任务，休息60秒...
[时权限] ⏳ 暂无任务，休息60秒...
[薛贪狼] ⏳ 暂无任务，休息60秒...
[雷ASR] ⏳ 暂无任务，休息60秒...
[贺TTS] ⏳ 暂无任务，休息60秒...
[贡数字人] ⏳ 暂无任务，休息60秒...
[齐辅弼] ⏳ 暂无任务，休息60秒...
[康网关] ⏳ 暂无任务，休息60秒...
[和产品] ⏳ 暂无任务，休息60秒...
[穆文档] ⏳ 暂无任务，休息60秒...
[黄漂移] ⏳ 暂无任务，休息60秒...
[周进化] ⏳ 暂无任务，休息60秒...
[吴模板] ⏳ 暂无任务，休息60秒...
[周禄存] ⏳ 暂无任务，休息60秒...
[郑路由] ⏳ 暂无任务，休息60秒...
[王规划] ⏳ 暂无任务，休息60秒...
[冯优化] ⏳ 暂无任务，休息60秒...
[钱调度] ⏳ 暂无任务，休息60秒...
[陈元灵] ⏳ 暂无任务，休息60秒...
[林对齐] ⏳ 暂无任务，休息60秒...
[朱图谱] ⏳ 暂无任务，休息60秒...
[平心理] ⏳ 暂无任务，休息60秒...
[水版本] ⏳ 暂无任务，休息60秒...
[葛消息] ⏳ 暂无任务，休息60秒...
[皮审计] ⏳ 暂无任务，休息60秒...
[赏界面] ⏳ 暂无任务，休息60秒...
[财SDK] ⏳ 暂无任务，休息60秒...
[蒋巨门] ⏳ 暂无任务，休息60秒...
[沈记忆] ⏳ 暂无任务，休息60秒...
[韩向量] ⏳ 暂无任务，休息60秒...
[杨检索] ⏳ 暂无任务，休息60秒...
[伍廉贞] ⏳ 暂无任务，休息60秒...
[余情绪] ⏳ 暂无任务，休息60秒...
[元人格] ⏳ 暂无任务，休息60秒...
[孟一致] ⏳ 暂无任务，休息60秒...
[谢武功] ⏳ 暂无任务，休息60秒...
[邹接口] ⏳ 暂无任务，休息60秒...
[喻发现] ⏳ 暂无任务，休息60秒...
[柏依赖] ⏳ 暂无任务，休息60秒...
[章破军] ⏳ 暂无任务，休息60秒...
[云沙箱] ⏳ 暂无任务，休息60秒...
[苏容器] ⏳ 暂无任务，休息60秒...
[潘外呼] ⏳ 暂无任务，休息60秒...
[倪左辅] ⏳ 暂无任务，休息60秒...
[汤K8s] ⏳ 暂无任务，休息60秒...
[殷用户] ⏳ 暂无任务，休息60秒...
[罗隔离] ⏳ 暂无任务，休息60秒...
[毕配置] ⏳ 暂无任务，休息60秒...
[周右弼] ⏳ 暂无任务，休息60秒...
[乐法律] ⏳ 暂无任务，休息60秒...
[于道德] ⏳ 暂无任务，休息60秒...
[时权限] ⏳ 暂无任务，休息60秒...
[薛贪狼] ⏳ 暂无任务，休息60秒...
[雷ASR] ⏳ 暂无任务，休息60秒...
[贺TTS] ⏳ 暂无任务，休息60秒...
[贡数字人] ⏳ 暂无任务，休息60秒...
[齐辅弼] ⏳ 暂无任务，休息60秒...
[康网关] ⏳ 暂无任务，休息60秒...
[和产品] ⏳ 暂无任务，休息60秒...
[穆文档] ⏳ 暂无任务，休息60秒...
[黄漂移] ⏳ 暂无任务，休息60秒...
[周进化] ⏳ 暂无任务，休息60秒...
[吴模板] ⏳ 暂无任务，休息60秒...
[周禄存] ⏳ 暂无任务，休息60秒...
[郑路由] ⏳ 暂无任务，休息60秒...
[王规划] ⏳ 暂无任务，休息60秒...
[冯优化] ⏳ 暂无任务，休息60秒...
[钱调度] ⏳ 暂无任务，休息60秒...
[陈元灵] ⏳ 暂无任务，休息60秒...
[林对齐] ⏳ 暂无任务，休息60秒...
[朱图谱] ⏳ 暂无任务，休息60秒...
[平心理] ⏳ 暂无任务，休息60秒...
[水版本] ⏳ 暂无任务，休息60秒...
[葛消息] ⏳ 暂无任务，休息60秒...
[皮审计] ⏳ 暂无任务，休息60秒...
[赏界面] ⏳ 暂无任务，休息60秒...
[财SDK] ⏳ 暂无任务，休息60秒...
[蒋巨门] ⏳ 暂无任务，休息60秒...
[沈记忆] ⏳ 暂无任务，休息60秒...
[韩向量] ⏳ 暂无任务，休息60秒...
[杨检索] ⏳ 暂无任务，休息60秒...
[伍廉贞] ⏳ 暂无任务，休息60秒...
[余情绪] ⏳ 暂无任务，休息60秒...
[元人格] ⏳ 暂无任务，休息60秒...
[孟一致] ⏳ 暂无任务，休息60秒...
[谢武功] ⏳ 暂无任务，休息60秒...
[邹接口] ⏳ 暂无任务，休息60秒...
[喻发现] ⏳ 暂无任务，休息60秒...
[柏依赖] ⏳ 暂无任务，休息60秒...
[章破军] ⏳ 暂无任务，休息60秒...
[云沙箱] ⏳ 暂无任务，休息60秒...
[苏容器] ⏳ 暂无任务，休息60秒...
[潘外呼] ⏳ 暂无任务，休息60秒...
[倪左辅] ⏳ 暂无任务，休息60秒...
[汤K8s] ⏳ 暂无任务，休息60秒...
[殷用户] ⏳ 暂无任务，休息60秒...
[罗隔离] ⏳ 暂无任务，休息60秒...
[毕配置] ⏳ 暂无任务，休息60秒...
[周右弼] ⏳ 暂无任务，休息60秒...
[乐法律] ⏳ 暂无任务，休息60秒...
[于道德] ⏳ 暂无任务，休息60秒...
[时权限] ⏳ 暂无任务，休息60秒...
[薛贪狼] ⏳ 暂无任务，休息60秒...
[雷ASR] ⏳ 暂无任务，休息60秒...
[贺TTS] ⏳ 暂无任务，休息60秒...
[贡数字人] ⏳ 暂无任务，休息60秒...
[齐辅弼] ⏳ 暂无任务，休息60秒...
[康网关] ⏳ 暂无任务，休息60秒...
[和产品] ⏳ 暂无任务，休息60秒...
[穆文档] ⏳ 暂无任务，休息60秒...
[黄漂移] ⏳ 暂无任务，休息60秒...
[周进化] ⏳ 暂无任务，休息60秒...
[吴模板] ⏳ 暂无任务，休息60秒...
[周禄存] ⏳ 暂无任务，休息60秒...
[郑路由] ⏳ 暂无任务，休息60秒...
[王规划] ⏳ 暂无任务，休息60秒...
[冯优化] ⏳ 暂无任务，休息60秒...
[钱调度] ⏳ 暂无任务，休息60秒...
[陈元灵] ⏳ 暂无任务，休息60秒...
[林对齐] ⏳ 暂无任务，休息60秒...
[朱图谱] ⏳ 暂无任务，休息60秒...
[平心理] ⏳ 暂无任务，休息60秒...
[水版本] ⏳ 暂无任务，休息60秒...
[葛消息] ⏳ 暂无任务，休息60秒...
[皮审计] ⏳ 暂无任务，休息60秒...
[赏界面] ⏳ 暂无任务，休息60秒...
[财SDK] ⏳ 暂无任务，休息60秒...
[蒋巨门] ⏳ 暂无任务，休息60秒...
[沈记忆] ⏳ 暂无任务，休息60秒...
[韩向量] ⏳ 暂无任务，休息60秒...
[杨检索] ⏳ 暂无任务，休息60秒...
[伍廉贞] ⏳ 暂无任务，休息60秒...
[余情绪] ⏳ 暂无任务，休息60秒...
[元人格] ⏳ 暂无任务，休息60秒...
[孟一致] ⏳ 暂无任务，休息60秒...
[谢武功] ⏳ 暂无任务，休息60秒...
[邹接口] ⏳ 暂无任务，休息60秒...
[喻发现] ⏳ 暂无任务，休息60秒...
[柏依赖] ⏳ 暂无任务，休息60秒...
[章破军] ⏳ 暂无任务，休息60秒...
[云沙箱] ⏳ 暂无任务，休息60秒...
[苏容器] ⏳ 暂无任务，休息60秒...
[潘外呼] ⏳ 暂无任务，休息60秒...
[倪左辅] ⏳ 暂无任务，休息60秒...
[汤K8s] ⏳ 暂无任务，休息60秒...
[殷用户] ⏳ 暂无任务，休息60秒...
[罗隔离] ⏳ 暂无任务，休息60秒...
[毕配置] ⏳ 暂无任务，休息60秒...
[周右弼] ⏳ 暂无任务，休息60秒...
[乐法律] ⏳ 暂无任务，休息60秒...
[于道德] ⏳ 暂无任务，休息60秒...
[时权限] ⏳ 暂无任务，休息60秒...
[薛贪狼] ⏳ 暂无任务，休息60秒...
[雷ASR] ⏳ 暂无任务，休息60秒...
[贺TTS] ⏳ 暂无任务，休息60秒...
[贡数字人] ⏳ 暂无任务，休息60秒...
[齐辅弼] ⏳ 暂无任务，休息60秒...
[康网关] ⏳ 暂无任务，休息60秒...
[和产品] ⏳ 暂无任务，休息60秒...
[穆文档] ⏳ 暂无任务，休息60秒...
[黄漂移] ⏳ 暂无任务，休息60秒...
[周进化] ⏳ 暂无任务，休息60秒...
[吴模板] ⏳ 暂无任务，休息60秒...
[周禄存] ⏳ 暂无任务，休息60秒...
[郑路由] ⏳ 暂无任务，休息60秒...
[王规划] ⏳ 暂无任务，休息60秒...
[冯优化] ⏳ 暂无任务，休息60秒...
[钱调度] ⏳ 暂无任务，休息60秒...
[陈元灵] ⏳ 暂无任务，休息60秒...
[林对齐] ⏳ 暂无任务，休息60秒...
[朱图谱] ⏳ 暂无任务，休息60秒...
[平心理] ⏳ 暂无任务，休息60秒...
[水版本] ⏳ 暂无任务，休息60秒...
[葛消息] ⏳ 暂无任务，休息60秒...
[皮审计] ⏳ 暂无任务，休息60秒...
[赏界面] ⏳ 暂无任务，休息60秒...
[财SDK] ⏳ 暂无任务，休息60秒...
[蒋巨门] ⏳ 暂无任务，休息60秒...
[沈记忆] ⏳ 暂无任务，休息60秒...
[韩向量] ⏳ 暂无任务，休息60秒...
[杨检索] ⏳ 暂无任务，休息60秒...
[伍廉贞] ⏳ 暂无任务，休息60秒...
[余情绪] ⏳ 暂无任务，休息60秒...
[元人格] ⏳ 暂无任务，休息60秒...
[孟一致] ⏳ 暂无任务，休息60秒...
[谢武功] ⏳ 暂无任务，休息60秒...
[邹接口] ⏳ 暂无任务，休息60秒...
[喻发现] ⏳ 暂无任务，休息60秒...
[柏依赖] ⏳ 暂无任务，休息60秒...
[章破军] ⏳ 暂无任务，休息60秒...
[云沙箱] ⏳ 暂无任务，休息60秒...
[苏容器] ⏳ 暂无任务，休息60秒...
[潘外呼] ⏳ 暂无任务，休息60秒...
[倪左辅] ⏳ 暂无任务，休息60秒...
[汤K8s] ⏳ 暂无任务，休息60秒...
[殷用户] ⏳ 暂无任务，休息60秒...
[罗隔离] ⏳ 暂无任务，休息60秒...
[毕配置] ⏳ 暂无任务，休息60秒...
[周右弼] ⏳ 暂无任务，休息60秒...
[乐法律] ⏳ 暂无任务，休息60秒...
[于道德] ⏳ 暂无任务，休息60秒...
[时权限] ⏳ 暂无任务，休息60秒...
[薛贪狼] ⏳ 暂无任务，休息60秒...
[雷ASR] ⏳ 暂无任务，休息60秒...
[贺TTS] ⏳ 暂无任务，休息60秒...
[贡数字人] ⏳ 暂无任务，休息60秒...
[齐辅弼] ⏳ 暂无任务，休息60秒...
[康网关] ⏳ 暂无任务，休息60秒...
[和产品] ⏳ 暂无任务，休息60秒...
[穆文档] ⏳ 暂无任务，休息60秒...
[黄漂移] ⏳ 暂无任务，休息60秒...
[周进化] ⏳ 暂无任务，休息60秒...
[吴模板] ⏳ 暂无任务，休息60秒...
[周禄存] ⏳ 暂无任务，休息60秒...
[郑路由] ⏳ 暂无任务，休息60秒...
[王规划] ⏳ 暂无任务，休息60秒...
[冯优化] ⏳ 暂无任务，休息60秒...
[钱调度] ⏳ 暂无任务，休息60秒...
[陈元灵] ⏳ 暂无任务，休息60秒...
[林对齐] ⏳ 暂无任务，休息60秒...
[朱图谱] ⏳ 暂无任务，休息60秒...
[平心理] ⏳ 暂无任务，休息60秒...
[水版本] ⏳ 暂无任务，休息60秒...
[葛消息] ⏳ 暂无任务，休息60秒...
[皮审计] ⏳ 暂无任务，休息60秒...
[赏界面] ⏳ 暂无任务，休息60秒...
[财SDK] ⏳ 暂无任务，休息60秒...
[蒋巨门] ⏳ 暂无任务，休息60秒...
[沈记忆] ⏳ 暂无任务，休息60秒...
[韩向量] ⏳ 暂无任务，休息60秒...
[杨检索] ⏳ 暂无任务，休息60秒...
[伍廉贞] ⏳ 暂无任务，休息60秒...
[余情绪] ⏳ 暂无任务，休息60秒...
[元人格] ⏳ 暂无任务，休息60秒...
[孟一致] ⏳ 暂无任务，休息60秒...
[谢武功] ⏳ 暂无任务，休息60秒...
[邹接口] ⏳ 暂无任务，休息60秒...
[喻发现] ⏳ 暂无任务，休息60秒...
[柏依赖] ⏳ 暂无任务，休息60秒...
[章破军] ⏳ 暂无任务，休息60秒...
[云沙箱] ⏳ 暂无任务，休息60秒...
[苏容器] ⏳ 暂无任务，休息60秒...
[潘外呼] ⏳ 暂无任务，休息60秒...
[倪左辅] ⏳ 暂无任务，休息60秒...
[汤K8s] ⏳ 暂无任务，休息60秒...
[殷用户] ⏳ 暂无任务，休息60秒...
[罗隔离] ⏳ 暂无任务，休息60秒...
[毕配置] ⏳ 暂无任务，休息60秒...
[周右弼] ⏳ 暂无任务，休息60秒...
[乐法律] ⏳ 暂无任务，休息60秒...
[于道德] ⏳ 暂无任务，休息60秒...
[时权限] ⏳ 暂无任务，休息60秒...
[薛贪狼] ⏳ 暂无任务，休息60秒...
[雷ASR] ⏳ 暂无任务，休息60秒...
[贺TTS] ⏳ 暂无任务，休息60秒...
[贡数字人] ⏳ 暂无任务，休息60秒...
[齐辅弼] ⏳ 暂无任务，休息60秒...
[康网关] ⏳ 暂无任务，休息60秒...
[和产品] ⏳ 暂无任务，休息60秒...
[穆文档] ⏳ 暂无任务，休息60秒...
[黄漂移] ⏳ 暂无任务，休息60秒...
[周进化] ⏳ 暂无任务，休息60秒...
[吴模板] ⏳ 暂无任务，休息60秒...
[周禄存] ⏳ 暂无任务，休息60秒...
[郑路由] ⏳ 暂无任务，休息60秒...
[王规划] ⏳ 暂无任务，休息60秒...
[冯优化] ⏳ 暂无任务，休息60秒...
[钱调度] ⏳ 暂无任务，休息60秒...
[陈元灵] ⏳ 暂无任务，休息60秒...
[林对齐] ⏳ 暂无任务，休息60秒...
[朱图谱] ⏳ 暂无任务，休息60秒...
[平心理] ⏳ 暂无任务，休息60秒...
[水版本] ⏳ 暂无任务，休息60秒...
[葛消息] ⏳ 暂无任务，休息60秒...
[皮审计] ⏳ 暂无任务，休息60秒...
[赏界面] ⏳ 暂无任务，休息60秒...
[财SDK] ⏳ 暂无任务，休息60秒...
[蒋巨门] ⏳ 暂无任务，休息60秒...
[沈记忆] ⏳ 暂无任务，休息60秒...
[韩向量] ⏳ 暂无任务，休息60秒...
[杨检索] ⏳ 暂无任务，休息60秒...
[伍廉贞] ⏳ 暂无任务，休息60秒...
[余情绪] ⏳ 暂无任务，休息60秒...
[元人格] ⏳ 暂无任务，休息60秒...
[孟一致] ⏳ 暂无任务，休息60秒...
[谢武功] ⏳ 暂无任务，休息60秒...
[邹接口] ⏳ 暂无任务，休息60秒...
[喻发现] ⏳ 暂无任务，休息60秒...
[柏依赖] ⏳ 暂无任务，休息60秒...
[章破军] ⏳ 暂无任务，休息60秒...
[云沙箱] ⏳ 暂无任务，休息60秒...
[苏容器] ⏳ 暂无任务，休息60秒...
[潘外呼] ⏳ 暂无任务，休息60秒...
[倪左辅] ⏳ 暂无任务，休息60秒...
[汤K8s] ⏳ 暂无任务，休息60秒...
[殷用户] ⏳ 暂无任务，休息60秒...
[罗隔离] ⏳ 暂无任务，休息60秒...
[毕配置] ⏳ 暂无任务，休息60秒...
[周右弼] ⏳ 暂无任务，休息60秒...
[乐法律] ⏳ 暂无任务，休息60秒...
[于道德] ⏳ 暂无任务，休息60秒...
[时权限] ⏳ 暂无任务，休息60秒...
[薛贪狼] ⏳ 暂无任务，休息60秒...
[雷ASR] ⏳ 暂无任务，休息60秒...
[贺TTS] ⏳ 暂无任务，休息60秒...
[贡数字人] ⏳ 暂无任务，休息60秒...
[齐辅弼] ⏳ 暂无任务，休息60秒...
[康网关] ⏳ 暂无任务，休息60秒...
[和产品] ⏳ 暂无任务，休息60秒...
[穆文档] ⏳ 暂无任务，休息60秒...
[黄漂移] ⏳ 暂无任务，休息60秒...
[周进化] ⏳ 暂无任务，休息60秒...
[吴模板] ⏳ 暂无任务，休息60秒...
[周禄存] ⏳ 暂无任务，休息60秒...
[郑路由] ⏳ 暂无任务，休息60秒...
[王规划] ⏳ 暂无任务，休息60秒...
[冯优化] ⏳ 暂无任务，休息60秒...
[钱调度] ⏳ 暂无任务，休息60秒...
[陈元灵] ⏳ 暂无任务，休息60秒...
[林对齐] ⏳ 暂无任务，休息60秒...
[朱图谱] ⏳ 暂无任务，休息60秒...
[平心理] ⏳ 暂无任务，休息60秒...
[水版本] ⏳ 暂无任务，休息60秒...
[葛消息] ⏳ 暂无任务，休息60秒...
[皮审计] ⏳ 暂无任务，休息60秒...
[赏界面] ⏳ 暂无任务，休息60秒...
[财SDK] ⏳ 暂无任务，休息60秒...
[蒋巨门] ⏳ 暂无任务，休息60秒...
[沈记忆] ⏳ 暂无任务，休息60秒...
[韩向量] ⏳ 暂无任务，休息60秒...
[杨检索] ⏳ 暂无任务，休息60秒...
[伍廉贞] ⏳ 暂无任务，休息60秒...
[余情绪] ⏳ 暂无任务，休息60秒...
[元人格] ⏳ 暂无任务，休息60秒...
[孟一致] ⏳ 暂无任务，休息60秒...
[谢武功] ⏳ 暂无任务，休息60秒...
[邹接口] ⏳ 暂无任务，休息60秒...
[喻发现] ⏳ 暂无任务，休息60秒...
[柏依赖] ⏳ 暂无任务，休息60秒...
[章破军] ⏳ 暂无任务，休息60秒...
[云沙箱] ⏳ 暂无任务，休息60秒...
[苏容器] ⏳ 暂无任务，休息60秒...
[潘外呼] ⏳ 暂无任务，休息60秒...
[倪左辅] ⏳ 暂无任务，休息60秒...
[汤K8s] ⏳ 暂无任务，休息60秒...
[殷用户] ⏳ 暂无任务，休息60秒...
[罗隔离] ⏳ 暂无任务，休息60秒...
[毕配置] ⏳ 暂无任务，休息60秒...
[周右弼] ⏳ 暂无任务，休息60秒...
[乐法律] ⏳ 暂无任务，休息60秒...
[于道德] ⏳ 暂无任务，休息60秒...
[时权限] ⏳ 暂无任务，休息60秒...
[薛贪狼] ⏳ 暂无任务，休息60秒...
[雷ASR] ⏳ 暂无任务，休息60秒...
[贺TTS] ⏳ 暂无任务，休息60秒...
[贡数字人] ⏳ 暂无任务，休息60秒...
[齐辅弼] ⏳ 暂无任务，休息60秒...
[康网关] ⏳ 暂无任务，休息60秒...
[和产品] ⏳ 暂无任务，休息60秒...
[穆文档] ⏳ 暂无任务，休息60秒...
[黄漂移] ⏳ 暂无任务，休息60秒...
[周进化] ⏳ 暂无任务，休息60秒...
[吴模板] ⏳ 暂无任务，休息60秒...
[周禄存] ⏳ 暂无任务，休息60秒...
[郑路由] ⏳ 暂无任务，休息60秒...
[王规划] ⏳ 暂无任务，休息60秒...
[冯优化] ⏳ 暂无任务，休息60秒...
[钱调度] ⏳ 暂无任务，休息60秒...
[陈元灵] ⏳ 暂无任务，休息60秒...
[林对齐] ⏳ 暂无任务，休息60秒...
[朱图谱] ⏳ 暂无任务，休息60秒...
[平心理] ⏳ 暂无任务，休息60秒...
[水版本] ⏳ 暂无任务，休息60秒...
[葛消息] ⏳ 暂无任务，休息60秒...
[皮审计] ⏳ 暂无任务，休息60秒...
[赏界面] ⏳ 暂无任务，休息60秒...
[财SDK] ⏳ 暂无任务，休息60秒...
[蒋巨门] ⏳ 暂无任务，休息60秒...
[沈记忆] ⏳ 暂无任务，休息60秒...
[韩向量] ⏳ 暂无任务，休息60秒...
[杨检索] ⏳ 暂无任务，休息60秒...
[伍廉贞] ⏳ 暂无任务，休息60秒...
[余情绪] ⏳ 暂无任务，休息60秒...
[元人格] ⏳ 暂无任务，休息60秒...
[孟一致] ⏳ 暂无任务，休息60秒...
[谢武功] ⏳ 暂无任务，休息60秒...
[邹接口] ⏳ 暂无任务，休息60秒...
[喻发现] ⏳ 暂无任务，休息60秒...
[柏依赖] ⏳ 暂无任务，休息60秒...
[章破军] ⏳ 暂无任务，休息60秒...
[云沙箱] ⏳ 暂无任务，休息60秒...
[苏容器] ⏳ 暂无任务，休息60秒...
[潘外呼] ⏳ 暂无任务，休息60秒...
[倪左辅] ⏳ 暂无任务，休息60秒...
[汤K8s] ⏳ 暂无任务，休息60秒...
[殷用户] ⏳ 暂无任务，休息60秒...
[罗隔离] ⏳ 暂无任务，休息60秒...
[毕配置] ⏳ 暂无任务，休息60秒...
[周右弼] ⏳ 暂无任务，休息60秒...
[乐法律] ⏳ 暂无任务，休息60秒...
[于道德] ⏳ 暂无任务，休息60秒...
[时权限] ⏳ 暂无任务，休息60秒...
[薛贪狼] ⏳ 暂无任务，休息60秒...
[雷ASR] ⏳ 暂无任务，休息60秒...
[贺TTS] ⏳ 暂无任务，休息60秒...
[贡数字人] ⏳ 暂无任务，休息60秒...
[齐辅弼] ⏳ 暂无任务，休息60秒...
[康网关] ⏳ 暂无任务，休息60秒...
[和产品] ⏳ 暂无任务，休息60秒...
[穆文档] ⏳ 暂无任务，休息60秒...
[黄漂移] ⏳ 暂无任务，休息60秒...
[周进化] ⏳ 暂无任务，休息60秒...
[吴模板] ⏳ 暂无任务，休息60秒...
[周禄存] ⏳ 暂无任务，休息60秒...
[郑路由] ⏳ 暂无任务，休息60秒...
[王规划] ⏳ 暂无任务，休息60秒...
[冯优化] ⏳ 暂无任务，休息60秒...
[钱调度] ⏳ 暂无任务，休息60秒...
[陈元灵] ⏳ 暂无任务，休息60秒...
[林对齐] ⏳ 暂无任务，休息60秒...
[朱图谱] ⏳ 暂无任务，休息60秒...
[平心理] ⏳ 暂无任务，休息60秒...
[水版本] ⏳ 暂无任务，休息60秒...
[葛消息] ⏳ 暂无任务，休息60秒...
[皮审计] ⏳ 暂无任务，休息60秒...
[赏界面] ⏳ 暂无任务，休息60秒...
[财SDK] ⏳ 暂无任务，休息60秒...
[蒋巨门] ⏳ 暂无任务，休息60秒...
[沈记忆] ⏳ 暂无任务，休息60秒...
[韩向量] ⏳ 暂无任务，休息60秒...
[杨检索] ⏳ 暂无任务，休息60秒...
[伍廉贞] ⏳ 暂无任务，休息60秒...
[余情绪] ⏳ 暂无任务，休息60秒...
[元人格] ⏳ 暂无任务，休息60秒...
[孟一致] ⏳ 暂无任务，休息60秒...
[谢武功] ⏳ 暂无任务，休息60秒...
[邹接口] ⏳ 暂无任务，休息60秒...
[喻发现] ⏳ 暂无任务，休息60秒...
[柏依赖] ⏳ 暂无任务，休息60秒...
[章破军] ⏳ 暂无任务，休息60秒...
[云沙箱] ⏳ 暂无任务，休息60秒...
[苏容器] ⏳ 暂无任务，休息60秒...
[潘外呼] ⏳ 暂无任务，休息60秒...
[倪左辅] ⏳ 暂无任务，休息60秒...
[汤K8s] ⏳ 暂无任务，休息60秒...
[殷用户] ⏳ 暂无任务，休息60秒...
[罗隔离] ⏳ 暂无任务，休息60秒...
[毕配置] ⏳ 暂无任务，休息60秒...
[周右弼] ⏳ 暂无任务，休息60秒...
[乐法律] ⏳ 暂无任务，休息60秒...
[于道德] ⏳ 暂无任务，休息60秒...
[时权限] ⏳ 暂无任务，休息60秒...
[薛贪狼] ⏳ 暂无任务，休息60秒...
[雷ASR] ⏳ 暂无任务，休息60秒...
[贺TTS] ⏳ 暂无任务，休息60秒...
[贡数字人] ⏳ 暂无任务，休息60秒...
[齐辅弼] ⏳ 暂无任务，休息60秒...
[康网关] ⏳ 暂无任务，休息60秒...
[和产品] ⏳ 暂无任务，休息60秒...
[穆文档] ⏳ 暂无任务，休息60秒...
[黄漂移] ⏳ 暂无任务，休息60秒...
[周进化] ⏳ 暂无任务，休息60秒...
[吴模板] ⏳ 暂无任务，休息60秒...
[周禄存] ⏳ 暂无任务，休息60秒...
[郑路由] ⏳ 暂无任务，休息60秒...
[王规划] ⏳ 暂无任务，休息60秒...
[冯优化] ⏳ 暂无任务，休息60秒...
[钱调度] ⏳ 暂无任务，休息60秒...
[陈元灵] ⏳ 暂无任务，休息60秒...
[林对齐] ⏳ 暂无任务，休息60秒...
[朱图谱] ⏳ 暂无任务，休息60秒...
[平心理] ⏳ 暂无任务，休息60秒...
[水版本] ⏳ 暂无任务，休息60秒...
[葛消息] ⏳ 暂无任务，休息60秒...
[皮审计] ⏳ 暂无任务，休息60秒...
[赏界面] ⏳ 暂无任务，休息60秒...
[财SDK] ⏳ 暂无任务，休息60秒...
[蒋巨门] ⏳ 暂无任务，休息60秒...
[沈记忆] ⏳ 暂无任务，休息60秒...
[韩向量] ⏳ 暂无任务，休息60秒...
[杨检索] ⏳ 暂无任务，休息60秒...
[伍廉贞] ⏳ 暂无任务，休息60秒...
[余情绪] ⏳ 暂无任务，休息60秒...
[元人格] ⏳ 暂无任务，休息60秒...
[孟一致] ⏳ 暂无任务，休息60秒...
[谢武功] ⏳ 暂无任务，休息60秒...
[邹接口] ⏳ 暂无任务，休息60秒...
[喻发现] ⏳ 暂无任务，休息60秒...
[柏依赖] ⏳ 暂无任务，休息60秒...
[章破军] ⏳ 暂无任务，休息60秒...
[云沙箱] ⏳ 暂无任务，休息60秒...
[苏容器] ⏳ 暂无任务，休息60秒...
[潘外呼] ⏳ 暂无任务，休息60秒...
[倪左辅] ⏳ 暂无任务，休息60秒...
[汤K8s] ⏳ 暂无任务，休息60秒...
[殷用户] ⏳ 暂无任务，休息60秒...
[罗隔离] ⏳ 暂无任务，休息60秒...
[毕配置] ⏳ 暂无任务，休息60秒...
[周右弼] ⏳ 暂无任务，休息60秒...
[乐法律] ⏳ 暂无任务，休息60秒...
[于道德] ⏳ 暂无任务，休息60秒...
[时权限] ⏳ 暂无任务，休息60秒...
[薛贪狼] ⏳ 暂无任务，休息60秒...
[雷ASR] ⏳ 暂无任务，休息60秒...
[贺TTS] ⏳ 暂无任务，休息60秒...
[贡数字人] ⏳ 暂无任务，休息60秒...
[齐辅弼] ⏳ 暂无任务，休息60秒...
[康网关] ⏳ 暂无任务，休息60秒...
[和产品] ⏳ 暂无任务，休息60秒...
[穆文档] ⏳ 暂无任务，休息60秒...
[黄漂移] ⏳ 暂无任务，休息60秒...
[周进化] ⏳ 暂无任务，休息60秒...
[吴模板] ⏳ 暂无任务，休息60秒...
[周禄存] ⏳ 暂无任务，休息60秒...
[郑路由] ⏳ 暂无任务，休息60秒...
[王规划] ⏳ 暂无任务，休息60秒...
[冯优化] ⏳ 暂无任务，休息60秒...
[钱调度] ⏳ 暂无任务，休息60秒...
[陈元灵] ⏳ 暂无任务，休息60秒...
[林对齐] ⏳ 暂无任务，休息60秒...
[朱图谱] ⏳ 暂无任务，休息60秒...
[平心理] ⏳ 暂无任务，休息60秒...
[水版本] ⏳ 暂无任务，休息60秒...
[葛消息] ⏳ 暂无任务，休息60秒...
[皮审计] ⏳ 暂无任务，休息60秒...
[赏界面] ⏳ 暂无任务，休息60秒...
[财SDK] ⏳ 暂无任务，休息60秒...
[蒋巨门] ⏳ 暂无任务，休息60秒...
[沈记忆] ⏳ 暂无任务，休息60秒...
[韩向量] ⏳ 暂无任务，休息60秒...
[杨检索] ⏳ 暂无任务，休息60秒...
[伍廉贞] ⏳ 暂无任务，休息60秒...
[余情绪] ⏳ 暂无任务，休息60秒...
[元人格] ⏳ 暂无任务，休息60秒...
[孟一致] ⏳ 暂无任务，休息60秒...
[谢武功] ⏳ 暂无任务，休息60秒...
[邹接口] ⏳ 暂无任务，休息60秒...
[喻发现] ⏳ 暂无任务，休息60秒...
[柏依赖] ⏳ 暂无任务，休息60秒...
[章破军] ⏳ 暂无任务，休息60秒...
[云沙箱] ⏳ 暂无任务，休息60秒...
[苏容器] ⏳ 暂无任务，休息60秒...
[潘外呼] ⏳ 暂无任务，休息60秒...
[倪左辅] ⏳ 暂无任务，休息60秒...
[汤K8s] ⏳ 暂无任务，休息60秒...
[殷用户] ⏳ 暂无任务，休息60秒...
[罗隔离] ⏳ 暂无任务，休息60秒...
[毕配置] ⏳ 暂无任务，休息60秒...
[周右弼] ⏳ 暂无任务，休息60秒...
[乐法律] ⏳ 暂无任务，休息60秒...
[于道德] ⏳ 暂无任务，休息60秒...
[时权限] ⏳ 暂无任务，休息60秒...
[薛贪狼] ⏳ 暂无任务，休息60秒...
[雷ASR] ⏳ 暂无任务，休息60秒...
[贺TTS] ⏳ 暂无任务，休息60秒...
[贡数字人] ⏳ 暂无任务，休息60秒...
[齐辅弼] ⏳ 暂无任务，休息60秒...
[康网关] ⏳ 暂无任务，休息60秒...
[和产品] ⏳ 暂无任务，休息60秒...
[穆文档] ⏳ 暂无任务，休息60秒...
[黄漂移] ⏳ 暂无任务，休息60秒...
[周进化] ⏳ 暂无任务，休息60秒...
[吴模板] ⏳ 暂无任务，休息60秒...
[周禄存] ⏳ 暂无任务，休息60秒...
[郑路由] ⏳ 暂无任务，休息60秒...
[王规划] ⏳ 暂无任务，休息60秒...
[冯优化] ⏳ 暂无任务，休息60秒...
[钱调度] ⏳ 暂无任务，休息60秒...
[陈元灵] ⏳ 暂无任务，休息60秒...
[林对齐] ⏳ 暂无任务，休息60秒...
[朱图谱] ⏳ 暂无任务，休息60秒...
[平心理] ⏳ 暂无任务，休息60秒...
[水版本] ⏳ 暂无任务，休息60秒...
[葛消息] ⏳ 暂无任务，休息60秒...
[皮审计] ⏳ 暂无任务，休息60秒...
[赏界面] ⏳ 暂无任务，休息60秒...
[财SDK] ⏳ 暂无任务，休息60秒...
[蒋巨门] ⏳ 暂无任务，休息60秒...
[沈记忆] ⏳ 暂无任务，休息60秒...
[韩向量] ⏳ 暂无任务，休息60秒...
[杨检索] ⏳ 暂无任务，休息60秒...
[伍廉贞] ⏳ 暂无任务，休息60秒...
[余情绪] ⏳ 暂无任务，休息60秒...
[元人格] ⏳ 暂无任务，休息60秒...
[孟一致] ⏳ 暂无任务，休息60秒...
[谢武功] ⏳ 暂无任务，休息60秒...
[邹接口] ⏳ 暂无任务，休息60秒...
[喻发现] ⏳ 暂无任务，休息60秒...
[柏依赖] ⏳ 暂无任务，休息60秒...
[章破军] ⏳ 暂无任务，休息60秒...
[云沙箱] ⏳ 暂无任务，休息60秒...
[苏容器] ⏳ 暂无任务，休息60秒...
[潘外呼] ⏳ 暂无任务，休息60秒...
[倪左辅] ⏳ 暂无任务，休息60秒...
[汤K8s] ⏳ 暂无任务，休息60秒...
[殷用户] ⏳ 暂无任务，休息60秒...
[罗隔离] ⏳ 暂无任务，休息60秒...
[毕配置] ⏳ 暂无任务，休息60秒...
[周右弼] ⏳ 暂无任务，休息60秒...
[乐法律] ⏳ 暂无任务，休息60秒...
[于道德] ⏳ 暂无任务，休息60秒...
[时权限] ⏳ 暂无任务，休息60秒...
[薛贪狼] ⏳ 暂无任务，休息60秒...
[雷ASR] ⏳ 暂无任务，休息60秒...
[贺TTS] ⏳ 暂无任务，休息60秒...
[贡数字人] ⏳ 暂无任务，休息60秒...
[齐辅弼] ⏳ 暂无任务，休息60秒...
[康网关] ⏳ 暂无任务，休息60秒...
[和产品] ⏳ 暂无任务，休息60秒...
[穆文档] ⏳ 暂无任务，休息60秒...
[黄漂移] ⏳ 暂无任务，休息60秒...
[周进化] ⏳ 暂无任务，休息60秒...
[吴模板] ⏳ 暂无任务，休息60秒...
[周禄存] ⏳ 暂无任务，休息60秒...
[郑路由] ⏳ 暂无任务，休息60秒...
[王规划] ⏳ 暂无任务，休息60秒...
[冯优化] ⏳ 暂无任务，休息60秒...
[钱调度] ⏳ 暂无任务，休息60秒...
[陈元灵] ⏳ 暂无任务，休息60秒...
[林对齐] ⏳ 暂无任务，休息60秒...
[朱图谱] ⏳ 暂无任务，休息60秒...
[平心理] ⏳ 暂无任务，休息60秒...
[水版本] ⏳ 暂无任务，休息60秒...
[葛消息] ⏳ 暂无任务，休息60秒...
[皮审计] ⏳ 暂无任务，休息60秒...
[赏界面] ⏳ 暂无任务，休息60秒...
[财SDK] ⏳ 暂无任务，休息60秒...
[蒋巨门] ⏳ 暂无任务，休息60秒...
[沈记忆] ⏳ 暂无任务，休息60秒...
[韩向量] ⏳ 暂无任务，休息60秒...
[杨检索] ⏳ 暂无任务，休息60秒...
[伍廉贞] ⏳ 暂无任务，休息60秒...
[余情绪] ⏳ 暂无任务，休息60秒...
[元人格] ⏳ 暂无任务，休息60秒...
[孟一致] ⏳ 暂无任务，休息60秒...
[谢武功] ⏳ 暂无任务，休息60秒...
[邹接口] ⏳ 暂无任务，休息60秒...
[喻发现] ⏳ 暂无任务，休息60秒...
[柏依赖] ⏳ 暂无任务，休息60秒...
[章破军] ⏳ 暂无任务，休息60秒...
[云沙箱] ⏳ 暂无任务，休息60秒...
[苏容器] ⏳ 暂无任务，休息60秒...
[潘外呼] ⏳ 暂无任务，休息60秒...
[倪左辅] ⏳ 暂无任务，休息60秒...
[汤K8s] ⏳ 暂无任务，休息60秒...
[殷用户] ⏳ 暂无任务，休息60秒...
[罗隔离] ⏳ 暂无任务，休息60秒...
[毕配置] ⏳ 暂无任务，休息60秒...
[周右弼] ⏳ 暂无任务，休息60秒...
[乐法律] ⏳ 暂无任务，休息60秒...
[于道德] ⏳ 暂无任务，休息60秒...
[时权限] ⏳ 暂无任务，休息60秒...
[薛贪狼] ⏳ 暂无任务，休息60秒...
[雷ASR] ⏳ 暂无任务，休息60秒...
[贺TTS] ⏳ 暂无任务，休息60秒...
[贡数字人] ⏳ 暂无任务，休息60秒...
[齐辅弼] ⏳ 暂无任务，休息60秒...
[康网关] ⏳ 暂无任务，休息60秒...
[和产品] ⏳ 暂无任务，休息60秒...
[穆文档] ⏳ 暂无任务，休息60秒...
[黄漂移] ⏳ 暂无任务，休息60秒...
[周进化] ⏳ 暂无任务，休息60秒...
[吴模板] ⏳ 暂无任务，休息60秒...
[周禄存] ⏳ 暂无任务，休息60秒...
[郑路由] ⏳ 暂无任务，休息60秒...
[王规划] ⏳ 暂无任务，休息60秒...
[冯优化] ⏳ 暂无任务，休息60秒...
[钱调度] ⏳ 暂无任务，休息60秒...
[陈元灵] ⏳ 暂无任务，休息60秒...
[林对齐] ⏳ 暂无任务，休息60秒...
[朱图谱] ⏳ 暂无任务，休息60秒...
[平心理] ⏳ 暂无任务，休息60秒...
[水版本] ⏳ 暂无任务，休息60秒...
[葛消息] ⏳ 暂无任务，休息60秒...
[皮审计] ⏳ 暂无任务，休息60秒...
[赏界面] ⏳ 暂无任务，休息60秒...
[财SDK] ⏳ 暂无任务，休息60秒...
[蒋巨门] ⏳ 暂无任务，休息60秒...
[沈记忆] ⏳ 暂无任务，休息60秒...
[韩向量] ⏳ 暂无任务，休息60秒...
[杨检索] ⏳ 暂无任务，休息60秒...
[伍廉贞] ⏳ 暂无任务，休息60秒...
[余情绪] ⏳ 暂无任务，休息60秒...
[元人格] ⏳ 暂无任务，休息60秒...
[孟一致] ⏳ 暂无任务，休息60秒...
[谢武功] ⏳ 暂无任务，休息60秒...
[邹接口] ⏳ 暂无任务，休息60秒...
[喻发现] ⏳ 暂无任务，休息60秒...
[柏依赖] ⏳ 暂无任务，休息60秒...
[章破军] ⏳ 暂无任务，休息60秒...
[云沙箱] ⏳ 暂无任务，休息60秒...
[苏容器] ⏳ 暂无任务，休息60秒...
[潘外呼] ⏳ 暂无任务，休息60秒...
[倪左辅] ⏳ 暂无任务，休息60秒...
[汤K8s] ⏳ 暂无任务，休息60秒...
[殷用户] ⏳ 暂无任务，休息60秒...
[罗隔离] ⏳ 暂无任务，休息60秒...
[毕配置] ⏳ 暂无任务，休息60秒...
[周右弼] ⏳ 暂无任务，休息60秒...
[乐法律] ⏳ 暂无任务，休息60秒...
[于道德] ⏳ 暂无任务，休息60秒...
[时权限] ⏳ 暂无任务，休息60秒...
[薛贪狼] ⏳ 暂无任务，休息60秒...
[雷ASR] ⏳ 暂无任务，休息60秒...
[贺TTS] ⏳ 暂无任务，休息60秒...
[贡数字人] ⏳ 暂无任务，休息60秒...
[齐辅弼] ⏳ 暂无任务，休息60秒...
[康网关] ⏳ 暂无任务，休息60秒...
[和产品] ⏳ 暂无任务，休息60秒...
[穆文档] ⏳ 暂无任务，休息60秒...
[黄漂移] ⏳ 暂无任务，休息60秒...
[周进化] ⏳ 暂无任务，休息60秒...
[吴模板] ⏳ 暂无任务，休息60秒...
[周禄存] ⏳ 暂无任务，休息60秒...
[郑路由] ⏳ 暂无任务，休息60秒...
[王规划] ⏳ 暂无任务，休息60秒...
[冯优化] ⏳ 暂无任务，休息60秒...
[钱调度] ⏳ 暂无任务，休息60秒...
[陈元灵] ⏳ 暂无任务，休息60秒...
[林对齐] ⏳ 暂无任务，休息60秒...
[朱图谱] ⏳ 暂无任务，休息60秒...
[平心理] ⏳ 暂无任务，休息60秒...
[水版本] ⏳ 暂无任务，休息60秒...
[葛消息] ⏳ 暂无任务，休息60秒...
[皮审计] ⏳ 暂无任务，休息60秒...
[赏界面] ⏳ 暂无任务，休息60秒...
[财SDK] ⏳ 暂无任务，休息60秒...
[蒋巨门] ⏳ 暂无任务，休息60秒...
[沈记忆] ⏳ 暂无任务，休息60秒...
[韩向量] ⏳ 暂无任务，休息60秒...
[杨检索] ⏳ 暂无任务，休息60秒...
[伍廉贞] ⏳ 暂无任务，休息60秒...
[余情绪] ⏳ 暂无任务，休息60秒...
[元人格] ⏳ 暂无任务，休息60秒...
[孟一致] ⏳ 暂无任务，休息60秒...
[谢武功] ⏳ 暂无任务，休息60秒...
[邹接口] ⏳ 暂无任务，休息60秒...
[喻发现] ⏳ 暂无任务，休息60秒...
[柏依赖] ⏳ 暂无任务，休息60秒...
[章破军] ⏳ 暂无任务，休息60秒...
[云沙箱] ⏳ 暂无任务，休息60秒...
[苏容器] ⏳ 暂无任务，休息60秒...
[潘外呼] ⏳ 暂无任务，休息60秒...
[倪左辅] ⏳ 暂无任务，休息60秒...
[汤K8s] ⏳ 暂无任务，休息60秒...
[殷用户] ⏳ 暂无任务，休息60秒...
[罗隔离] ⏳ 暂无任务，休息60秒...
[毕配置] ⏳ 暂无任务，休息60秒...
[周右弼] ⏳ 暂无任务，休息60秒...
[乐法律] ⏳ 暂无任务，休息60秒...
[于道德] ⏳ 暂无任务，休息60秒...
[时权限] ⏳ 暂无任务，休息60秒...
[薛贪狼] ⏳ 暂无任务，休息60秒...
[雷ASR] ⏳ 暂无任务，休息60秒...
[贺TTS] ⏳ 暂无任务，休息60秒...
[贡数字人] ⏳ 暂无任务，休息60秒...
[齐辅弼] ⏳ 暂无任务，休息60秒...
[康网关] ⏳ 暂无任务，休息60秒...
[和产品] ⏳ 暂无任务，休息60秒...
[穆文档] ⏳ 暂无任务，休息60秒...
[黄漂移] ⏳ 暂无任务，休息60秒...
[周进化] ⏳ 暂无任务，休息60秒...
[吴模板] ⏳ 暂无任务，休息60秒...
[周禄存] ⏳ 暂无任务，休息60秒...
[郑路由] ⏳ 暂无任务，休息60秒...
[王规划] ⏳ 暂无任务，休息60秒...
[冯优化] ⏳ 暂无任务，休息60秒...
[钱调度] ⏳ 暂无任务，休息60秒...
[陈元灵] ⏳ 暂无任务，休息60秒...
[林对齐] ⏳ 暂无任务，休息60秒...
[朱图谱] ⏳ 暂无任务，休息60秒...
[平心理] ⏳ 暂无任务，休息60秒...
[水版本] ⏳ 暂无任务，休息60秒...
[葛消息] ⏳ 暂无任务，休息60秒...
[皮审计] ⏳ 暂无任务，休息60秒...
[赏界面] ⏳ 暂无任务，休息60秒...
[财SDK] ⏳ 暂无任务，休息60秒...
[蒋巨门] ⏳ 暂无任务，休息60秒...
[沈记忆] ⏳ 暂无任务，休息60秒...
[韩向量] ⏳ 暂无任务，休息60秒...
[杨检索] ⏳ 暂无任务，休息60秒...
[伍廉贞] ⏳ 暂无任务，休息60秒...
[余情绪] ⏳ 暂无任务，休息60秒...
[元人格] ⏳ 暂无任务，休息60秒...
[孟一致] ⏳ 暂无任务，休息60秒...
[谢武功] ⏳ 暂无任务，休息60秒...
[邹接口] ⏳ 暂无任务，休息60秒...
[喻发现] ⏳ 暂无任务，休息60秒...
[柏依赖] ⏳ 暂无任务，休息60秒...
[章破军] ⏳ 暂无任务，休息60秒...
[云沙箱] ⏳ 暂无任务，休息60秒...
[苏容器] ⏳ 暂无任务，休息60秒...
[潘外呼] ⏳ 暂无任务，休息60秒...
[倪左辅] ⏳ 暂无任务，休息60秒...
[汤K8s] ⏳ 暂无任务，休息60秒...
[殷用户] ⏳ 暂无任务，休息60秒...
[罗隔离] ⏳ 暂无任务，休息60秒...
[毕配置] ⏳ 暂无任务，休息60秒...
[周右弼] ⏳ 暂无任务，休息60秒...
[乐法律] ⏳ 暂无任务，休息60秒...
[于道德] ⏳ 暂无任务，休息60秒...
[时权限] ⏳ 暂无任务，休息60秒...
[薛贪狼] ⏳ 暂无任务，休息60秒...
[雷ASR] ⏳ 暂无任务，休息60秒...
[贺TTS] ⏳ 暂无任务，休息60秒...
[贡数字人] ⏳ 暂无任务，休息60秒...
[齐辅弼] ⏳ 暂无任务，休息60秒...
[康网关] ⏳ 暂无任务，休息60秒...
[和产品] ⏳ 暂无任务，休息60秒...
[穆文档] ⏳ 暂无任务，休息60秒...
[黄漂移] ⏳ 暂无任务，休息60秒...
[周进化] ⏳ 暂无任务，休息60秒...
[吴模板] ⏳ 暂无任务，休息60秒...
[周禄存] ⏳ 暂无任务，休息60秒...
[郑路由] ⏳ 暂无任务，休息60秒...
[王规划] ⏳ 暂无任务，休息60秒...
[冯优化] ⏳ 暂无任务，休息60秒...
[钱调度] ⏳ 暂无任务，休息60秒...
[陈元灵] ⏳ 暂无任务，休息60秒...
[林对齐] ⏳ 暂无任务，休息60秒...
[朱图谱] ⏳ 暂无任务，休息60秒...
[平心理] ⏳ 暂无任务，休息60秒...
[水版本] ⏳ 暂无任务，休息60秒...
[葛消息] ⏳ 暂无任务，休息60秒...
[皮审计] ⏳ 暂无任务，休息60秒...
[赏界面] ⏳ 暂无任务，休息60秒...
[财SDK] ⏳ 暂无任务，休息60秒...
[蒋巨门] ⏳ 暂无任务，休息60秒...
[沈记忆] ⏳ 暂无任务，休息60秒...
[韩向量] ⏳ 暂无任务，休息60秒...
[杨检索] ⏳ 暂无任务，休息60秒...
[伍廉贞] ⏳ 暂无任务，休息60秒...
[余情绪] ⏳ 暂无任务，休息60秒...
[元人格] ⏳ 暂无任务，休息60秒...
[孟一致] ⏳ 暂无任务，休息60秒...
[谢武功] ⏳ 暂无任务，休息60秒...
[邹接口] ⏳ 暂无任务，休息60秒...
[喻发现] ⏳ 暂无任务，休息60秒...
[柏依赖] ⏳ 暂无任务，休息60秒...
[章破军] ⏳ 暂无任务，休息60秒...
[云沙箱] ⏳ 暂无任务，休息60秒...
[苏容器] ⏳ 暂无任务，休息60秒...
[潘外呼] ⏳ 暂无任务，休息60秒...
[倪左辅] ⏳ 暂无任务，休息60秒...
[汤K8s] ⏳ 暂无任务，休息60秒...
[殷用户] ⏳ 暂无任务，休息60秒...
[罗隔离] ⏳ 暂无任务，休息60秒...
[毕配置] ⏳ 暂无任务，休息60秒...
[周右弼] ⏳ 暂无任务，休息60秒...
[乐法律] ⏳ 暂无任务，休息60秒...
[于道德] ⏳ 暂无任务，休息60秒...
[时权限] ⏳ 暂无任务，休息60秒...
[薛贪狼] ⏳ 暂无任务，休息60秒...
[雷ASR] ⏳ 暂无任务，休息60秒...
[贺TTS] ⏳ 暂无任务，休息60秒...
[贡数字人] ⏳ 暂无任务，休息60秒...
[齐辅弼] ⏳ 暂无任务，休息60秒...
[康网关] ⏳ 暂无任务，休息60秒...
[和产品] ⏳ 暂无任务，休息60秒...
[穆文档] ⏳ 暂无任务，休息60秒...
[黄漂移] ⏳ 暂无任务，休息60秒...
[周进化] ⏳ 暂无任务，休息60秒...
[吴模板] ⏳ 暂无任务，休息60秒...
[周禄存] ⏳ 暂无任务，休息60秒...
[郑路由] ⏳ 暂无任务，休息60秒...
[王规划] ⏳ 暂无任务，休息60秒...
[冯优化] ⏳ 暂无任务，休息60秒...
[钱调度] ⏳ 暂无任务，休息60秒...
[陈元灵] ⏳ 暂无任务，休息60秒...
[林对齐] ⏳ 暂无任务，休息60秒...
[朱图谱] ⏳ 暂无任务，休息60秒...
[平心理] ⏳ 暂无任务，休息60秒...
[水版本] ⏳ 暂无任务，休息60秒...
[葛消息] ⏳ 暂无任务，休息60秒...
[皮审计] ⏳ 暂无任务，休息60秒...
[赏界面] ⏳ 暂无任务，休息60秒...
[财SDK] ⏳ 暂无任务，休息60秒...
[蒋巨门] ⏳ 暂无任务，休息60秒...
[沈记忆] ⏳ 暂无任务，休息60秒...
[韩向量] ⏳ 暂无任务，休息60秒...
[杨检索] ⏳ 暂无任务，休息60秒...
[伍廉贞] ⏳ 暂无任务，休息60秒...
[余情绪] ⏳ 暂无任务，休息60秒...
[元人格] ⏳ 暂无任务，休息60秒...
[孟一致] ⏳ 暂无任务，休息60秒...
[谢武功] ⏳ 暂无任务，休息60秒...
[邹接口] ⏳ 暂无任务，休息60秒...
[喻发现] ⏳ 暂无任务，休息60秒...
[柏依赖] ⏳ 暂无任务，休息60秒...
[章破军] ⏳ 暂无任务，休息60秒...
[云沙箱] ⏳ 暂无任务，休息60秒...
[苏容器] ⏳ 暂无任务，休息60秒...
[潘外呼] ⏳ 暂无任务，休息60秒...
[倪左辅] ⏳ 暂无任务，休息60秒...
[汤K8s] ⏳ 暂无任务，休息60秒...
[殷用户] ⏳ 暂无任务，休息60秒...
[罗隔离] ⏳ 暂无任务，休息60秒...
[毕配置] ⏳ 暂无任务，休息60秒...
[周右弼] ⏳ 暂无任务，休息60秒...
[乐法律] ⏳ 暂无任务，休息60秒...
[于道德] ⏳ 暂无任务，休息60秒...
[时权限] ⏳ 暂无任务，休息60秒...
[薛贪狼] ⏳ 暂无任务，休息60秒...
[雷ASR] ⏳ 暂无任务，休息60秒...
[贺TTS] ⏳ 暂无任务，休息60秒...
[贡数字人] ⏳ 暂无任务，休息60秒...
[齐辅弼] ⏳ 暂无任务，休息60秒...
[康网关] ⏳ 暂无任务，休息60秒...
[和产品] ⏳ 暂无任务，休息60秒...
[穆文档] ⏳ 暂无任务，休息60秒...
[黄漂移] ⏳ 暂无任务，休息60秒...
[周进化] ⏳ 暂无任务，休息60秒...
[吴模板] ⏳ 暂无任务，休息60秒...
[周禄存] ⏳ 暂无任务，休息60秒...
[郑路由] ⏳ 暂无任务，休息60秒...
[王规划] ⏳ 暂无任务，休息60秒...
[冯优化] ⏳ 暂无任务，休息60秒...
[钱调度] ⏳ 暂无任务，休息60秒...
[陈元灵] ⏳ 暂无任务，休息60秒...
[林对齐] ⏳ 暂无任务，休息60秒...
[朱图谱] ⏳ 暂无任务，休息60秒...
[平心理] ⏳ 暂无任务，休息60秒...
[水版本] ⏳ 暂无任务，休息60秒...
[葛消息] ⏳ 暂无任务，休息60秒...
[皮审计] ⏳ 暂无任务，休息60秒...
[赏界面] ⏳ 暂无任务，休息60秒...
[财SDK] ⏳ 暂无任务，休息60秒...
[蒋巨门] ⏳ 暂无任务，休息60秒...
[沈记忆] ⏳ 暂无任务，休息60秒...
[韩向量] ⏳ 暂无任务，休息60秒...
[杨检索] ⏳ 暂无任务，休息60秒...
[伍廉贞] ⏳ 暂无任务，休息60秒...
[余情绪] ⏳ 暂无任务，休息60秒...
[元人格] ⏳ 暂无任务，休息60秒...
[孟一致] ⏳ 暂无任务，休息60秒...
[谢武功] ⏳ 暂无任务，休息60秒...
[邹接口] ⏳ 暂无任务，休息60秒...
[喻发现] ⏳ 暂无任务，休息60秒...
[柏依赖] ⏳ 暂无任务，休息60秒...
[章破军] ⏳ 暂无任务，休息60秒...
[云沙箱] ⏳ 暂无任务，休息60秒...
[苏容器] ⏳ 暂无任务，休息60秒...
[潘外呼] ⏳ 暂无任务，休息60秒...
[倪左辅] ⏳ 暂无任务，休息60秒...
[汤K8s] ⏳ 暂无任务，休息60秒...
[殷用户] ⏳ 暂无任务，休息60秒...
[罗隔离] ⏳ 暂无任务，休息60秒...
[毕配置] ⏳ 暂无任务，休息60秒...
[周右弼] ⏳ 暂无任务，休息60秒...
[乐法律] ⏳ 暂无任务，休息60秒...
[于道德] ⏳ 暂无任务，休息60秒...
[时权限] ⏳ 暂无任务，休息60秒...
[薛贪狼] ⏳ 暂无任务，休息60秒...
[雷ASR] ⏳ 暂无任务，休息60秒...
[贺TTS] ⏳ 暂无任务，休息60秒...
[贡数字人] ⏳ 暂无任务，休息60秒...
[齐辅弼] ⏳ 暂无任务，休息60秒...
[康网关] ⏳ 暂无任务，休息60秒...
[和产品] ⏳ 暂无任务，休息60秒...
[穆文档] ⏳ 暂无任务，休息60秒...
[黄漂移] ⏳ 暂无任务，休息60秒...
[周进化] ⏳ 暂无任务，休息60秒...
[吴模板] ⏳ 暂无任务，休息60秒...
[周禄存] ⏳ 暂无任务，休息60秒...
[郑路由] ⏳ 暂无任务，休息60秒...
[王规划] ⏳ 暂无任务，休息60秒...
[冯优化] ⏳ 暂无任务，休息60秒...
[钱调度] ⏳ 暂无任务，休息60秒...
[陈元灵] ⏳ 暂无任务，休息60秒...
[林对齐] ⏳ 暂无任务，休息60秒...
[朱图谱] ⏳ 暂无任务，休息60秒...
[平心理] ⏳ 暂无任务，休息60秒...
[水版本] ⏳ 暂无任务，休息60秒...
[葛消息] ⏳ 暂无任务，休息60秒...
[皮审计] ⏳ 暂无任务，休息60秒...
[赏界面] ⏳ 暂无任务，休息60秒...
[财SDK] ⏳ 暂无任务，休息60秒...
[蒋巨门] ⏳ 暂无任务，休息60秒...
[沈记忆] ⏳ 暂无任务，休息60秒...
[韩向量] ⏳ 暂无任务，休息60秒...
[杨检索] ⏳ 暂无任务，休息60秒...
[伍廉贞] ⏳ 暂无任务，休息60秒...
[余情绪] ⏳ 暂无任务，休息60秒...
[元人格] ⏳ 暂无任务，休息60秒...
[孟一致] ⏳ 暂无任务，休息60秒...
[谢武功] ⏳ 暂无任务，休息60秒...
[邹接口] ⏳ 暂无任务，休息60秒...
[喻发现] ⏳ 暂无任务，休息60秒...
[柏依赖] ⏳ 暂无任务，休息60秒...
[章破军] ⏳ 暂无任务，休息60秒...
[云沙箱] ⏳ 暂无任务，休息60秒...
[苏容器] ⏳ 暂无任务，休息60秒...
[潘外呼] ⏳ 暂无任务，休息60秒...
[倪左辅] ⏳ 暂无任务，休息60秒...
[汤K8s] ⏳ 暂无任务，休息60秒...
[殷用户] ⏳ 暂无任务，休息60秒...
[罗隔离] ⏳ 暂无任务，休息60秒...
[毕配置] ⏳ 暂无任务，休息60秒...
[周右弼] ⏳ 暂无任务，休息60秒...
[乐法律] ⏳ 暂无任务，休息60秒...
[于道德] ⏳ 暂无任务，休息60秒...
[时权限] ⏳ 暂无任务，休息60秒...
[薛贪狼] ⏳ 暂无任务，休息60秒...
[雷ASR] ⏳ 暂无任务，休息60秒...
[贺TTS] ⏳ 暂无任务，休息60秒...
[贡数字人] ⏳ 暂无任务，休息60秒...
[齐辅弼] ⏳ 暂无任务，休息60秒...
[康网关] ⏳ 暂无任务，休息60秒...
[和产品] ⏳ 暂无任务，休息60秒...
[穆文档] ⏳ 暂无任务，休息60秒...
[黄漂移] ⏳ 暂无任务，休息60秒...
[周进化] ⏳ 暂无任务，休息60秒...
[吴模板] ⏳ 暂无任务，休息60秒...
[周禄存] ⏳ 暂无任务，休息60秒...
[郑路由] ⏳ 暂无任务，休息60秒...
[王规划] ⏳ 暂无任务，休息60秒...
[冯优化] ⏳ 暂无任务，休息60秒...
[钱调度] ⏳ 暂无任务，休息60秒...
[陈元灵] ⏳ 暂无任务，休息60秒...
[林对齐] ⏳ 暂无任务，休息60秒...
[朱图谱] ⏳ 暂无任务，休息60秒...
[平心理] ⏳ 暂无任务，休息60秒...
[水版本] ⏳ 暂无任务，休息60秒...
[葛消息] ⏳ 暂无任务，休息60秒...
[皮审计] ⏳ 暂无任务，休息60秒...
[赏界面] ⏳ 暂无任务，休息60秒...
[财SDK] ⏳ 暂无任务，休息60秒...
[蒋巨门] ⏳ 暂无任务，休息60秒...
[沈记忆] ⏳ 暂无任务，休息60秒...
[韩向量] ⏳ 暂无任务，休息60秒...
[杨检索] ⏳ 暂无任务，休息60秒...
[伍廉贞] ⏳ 暂无任务，休息60秒...
[余情绪] ⏳ 暂无任务，休息60秒...
[元人格] ⏳ 暂无任务，休息60秒...
[孟一致] ⏳ 暂无任务，休息60秒...
[谢武功] ⏳ 暂无任务，休息60秒...
[邹接口] ⏳ 暂无任务，休息60秒...
[喻发现] ⏳ 暂无任务，休息60秒...
[柏依赖] ⏳ 暂无任务，休息60秒...
[章破军] ⏳ 暂无任务，休息60秒...
[云沙箱] ⏳ 暂无任务，休息60秒...
[苏容器] ⏳ 暂无任务，休息60秒...
[潘外呼] ⏳ 暂无任务，休息60秒...
[倪左辅] ⏳ 暂无任务，休息60秒...
[汤K8s] ⏳ 暂无任务，休息60秒...
[殷用户] ⏳ 暂无任务，休息60秒...
[罗隔离] ⏳ 暂无任务，休息60秒...
[毕配置] ⏳ 暂无任务，休息60秒...
[周右弼] ⏳ 暂无任务，休息60秒...
[乐法律] ⏳ 暂无任务，休息60秒...
[于道德] ⏳ 暂无任务，休息60秒...
[时权限] ⏳ 暂无任务，休息60秒...
[薛贪狼] ⏳ 暂无任务，休息60秒...
[雷ASR] ⏳ 暂无任务，休息60秒...
[贺TTS] ⏳ 暂无任务，休息60秒...
[贡数字人] ⏳ 暂无任务，休息60秒...
[齐辅弼] ⏳ 暂无任务，休息60秒...
[康网关] ⏳ 暂无任务，休息60秒...
[和产品] ⏳ 暂无任务，休息60秒...
[穆文档] ⏳ 暂无任务，休息60秒...
[黄漂移] ⏳ 暂无任务，休息60秒...
[周进化] ⏳ 暂无任务，休息60秒...
[吴模板] ⏳ 暂无任务，休息60秒...
[周禄存] ⏳ 暂无任务，休息60秒...
[郑路由] ⏳ 暂无任务，休息60秒...
[王规划] ⏳ 暂无任务，休息60秒...
[冯优化] ⏳ 暂无任务，休息60秒...
[钱调度] ⏳ 暂无任务，休息60秒...
[陈元灵] ⏳ 暂无任务，休息60秒...
[林对齐] ⏳ 暂无任务，休息60秒...
[朱图谱] ⏳ 暂无任务，休息60秒...
[平心理] ⏳ 暂无任务，休息60秒...
[水版本] ⏳ 暂无任务，休息60秒...
[葛消息] ⏳ 暂无任务，休息60秒...
[皮审计] ⏳ 暂无任务，休息60秒...
[赏界面] ⏳ 暂无任务，休息60秒...
[财SDK] ⏳ 暂无任务，休息60秒...
[蒋巨门] ⏳ 暂无任务，休息60秒...
[沈记忆] ⏳ 暂无任务，休息60秒...
[韩向量] ⏳ 暂无任务，休息60秒...
[杨检索] ⏳ 暂无任务，休息60秒...
[伍廉贞] ⏳ 暂无任务，休息60秒...
[余情绪] ⏳ 暂无任务，休息60秒...
[元人格] ⏳ 暂无任务，休息60秒...
[孟一致] ⏳ 暂无任务，休息60秒...
[谢武功] ⏳ 暂无任务，休息60秒...
[邹接口] ⏳ 暂无任务，休息60秒...
[喻发现] ⏳ 暂无任务，休息60秒...
[柏依赖] ⏳ 暂无任务，休息60秒...
[章破军] ⏳ 暂无任务，休息60秒...
[云沙箱] ⏳ 暂无任务，休息60秒...
[苏容器] ⏳ 暂无任务，休息60秒...
[潘外呼] ⏳ 暂无任务，休息60秒...
[倪左辅] ⏳ 暂无任务，休息60秒...
[汤K8s] ⏳ 暂无任务，休息60秒...
[殷用户] ⏳ 暂无任务，休息60秒...
[罗隔离] ⏳ 暂无任务，休息60秒...
[毕配置] ⏳ 暂无任务，休息60秒...
[周右弼] ⏳ 暂无任务，休息60秒...
[乐法律] ⏳ 暂无任务，休息60秒...
[于道德] ⏳ 暂无任务，休息60秒...
[时权限] ⏳ 暂无任务，休息60秒...
[薛贪狼] ⏳ 暂无任务，休息60秒...
[雷ASR] ⏳ 暂无任务，休息60秒...
[贺TTS] ⏳ 暂无任务，休息60秒...
[贡数字人] ⏳ 暂无任务，休息60秒...
[齐辅弼] ⏳ 暂无任务，休息60秒...
[康网关] ⏳ 暂无任务，休息60秒...
[和产品] ⏳ 暂无任务，休息60秒...
[穆文档] ⏳ 暂无任务，休息60秒...
[黄漂移] ⏳ 暂无任务，休息60秒...
[周进化] ⏳ 暂无任务，休息60秒...
[吴模板] ⏳ 暂无任务，休息60秒...
[周禄存] ⏳ 暂无任务，休息60秒...
[郑路由] ⏳ 暂无任务，休息60秒...
[王规划] ⏳ 暂无任务，休息60秒...
[冯优化] ⏳ 暂无任务，休息60秒...
[钱调度] ⏳ 暂无任务，休息60秒...
[陈元灵] ⏳ 暂无任务，休息60秒...
[林对齐] ⏳ 暂无任务，休息60秒...
[朱图谱] ⏳ 暂无任务，休息60秒...
[平心理] ⏳ 暂无任务，休息60秒...
[水版本] ⏳ 暂无任务，休息60秒...
[葛消息] ⏳ 暂无任务，休息60秒...
[皮审计] ⏳ 暂无任务，休息60秒...
[赏界面] ⏳ 暂无任务，休息60秒...
[财SDK] ⏳ 暂无任务，休息60秒...
[蒋巨门] ⏳ 暂无任务，休息60秒...
[沈记忆] ⏳ 暂无任务，休息60秒...
[韩向量] ⏳ 暂无任务，休息60秒...
[杨检索] ⏳ 暂无任务，休息60秒...
[伍廉贞] ⏳ 暂无任务，休息60秒...
[余情绪] ⏳ 暂无任务，休息60秒...
[元人格] ⏳ 暂无任务，休息60秒...
[孟一致] ⏳ 暂无任务，休息60秒...
[谢武功] ⏳ 暂无任务，休息60秒...
[邹接口] ⏳ 暂无任务，休息60秒...
[喻发现] ⏳ 暂无任务，休息60秒...
[柏依赖] ⏳ 暂无任务，休息60秒...
[章破军] ⏳ 暂无任务，休息60秒...
[云沙箱] ⏳ 暂无任务，休息60秒...
[苏容器] ⏳ 暂无任务，休息60秒...
[潘外呼] ⏳ 暂无任务，休息60秒...
[倪左辅] ⏳ 暂无任务，休息60秒...
[汤K8s] ⏳ 暂无任务，休息60秒...
[殷用户] ⏳ 暂无任务，休息60秒...
[罗隔离] ⏳ 暂无任务，休息60秒...
[毕配置] ⏳ 暂无任务，休息60秒...
[周右弼] ⏳ 暂无任务，休息60秒...
[乐法律] ⏳ 暂无任务，休息60秒...
[于道德] ⏳ 暂无任务，休息60秒...
[时权限] ⏳ 暂无任务，休息60秒...
[薛贪狼] ⏳ 暂无任务，休息60秒...
[雷ASR] ⏳ 暂无任务，休息60秒...
[贺TTS] ⏳ 暂无任务，休息60秒...
[贡数字人] ⏳ 暂无任务，休息60秒...
[齐辅弼] ⏳ 暂无任务，休息60秒...
[康网关] ⏳ 暂无任务，休息60秒...
[和产品] ⏳ 暂无任务，休息60秒...
[穆文档] ⏳ 暂无任务，休息60秒...
[黄漂移] ⏳ 暂无任务，休息60秒...
[周进化] ⏳ 暂无任务，休息60秒...
[吴模板] ⏳ 暂无任务，休息60秒...
[周禄存] ⏳ 暂无任务，休息60秒...
[郑路由] ⏳ 暂无任务，休息60秒...
[王规划] ⏳ 暂无任务，休息60秒...
[冯优化] ⏳ 暂无任务，休息60秒...
[钱调度] ⏳ 暂无任务，休息60秒...
[陈元灵] ⏳ 暂无任务，休息60秒...
[林对齐] ⏳ 暂无任务，休息60秒...
[朱图谱] ⏳ 暂无任务，休息60秒...
[平心理] ⏳ 暂无任务，休息60秒...
[水版本] ⏳ 暂无任务，休息60秒...
[葛消息] ⏳ 暂无任务，休息60秒...
[皮审计] ⏳ 暂无任务，休息60秒...
[赏界面] ⏳ 暂无任务，休息60秒...
[财SDK] ⏳ 暂无任务，休息60秒...
[蒋巨门] ⏳ 暂无任务，休息60秒...
[沈记忆] ⏳ 暂无任务，休息60秒...
[韩向量] ⏳ 暂无任务，休息60秒...
[杨检索] ⏳ 暂无任务，休息60秒...
[伍廉贞] ⏳ 暂无任务，休息60秒...
[余情绪] ⏳ 暂无任务，休息60秒...
[元人格] ⏳ 暂无任务，休息60秒...
[孟一致] ⏳ 暂无任务，休息60秒...
[谢武功] ⏳ 暂无任务，休息60秒...
[邹接口] ⏳ 暂无任务，休息60秒...
[喻发现] ⏳ 暂无任务，休息60秒...
[柏依赖] ⏳ 暂无任务，休息60秒...
[章破军] ⏳ 暂无任务，休息60秒...
[云沙箱] ⏳ 暂无任务，休息60秒...
[苏容器] ⏳ 暂无任务，休息60秒...
[潘外呼] ⏳ 暂无任务，休息60秒...
[倪左辅] ⏳ 暂无任务，休息60秒...
[汤K8s] ⏳ 暂无任务，休息60秒...
[殷用户] ⏳ 暂无任务，休息60秒...
[罗隔离] ⏳ 暂无任务，休息60秒...
[毕配置] ⏳ 暂无任务，休息60秒...
[周右弼] ⏳ 暂无任务，休息60秒...
[乐法律] ⏳ 暂无任务，休息60秒...
[于道德] ⏳ 暂无任务，休息60秒...
[时权限] ⏳ 暂无任务，休息60秒...
[薛贪狼] ⏳ 暂无任务，休息60秒...
[雷ASR] ⏳ 暂无任务，休息60秒...
[贺TTS] ⏳ 暂无任务，休息60秒...
[贡数字人] ⏳ 暂无任务，休息60秒...
[齐辅弼] ⏳ 暂无任务，休息60秒...
[康网关] ⏳ 暂无任务，休息60秒...
[和产品] ⏳ 暂无任务，休息60秒...
[穆文档] ⏳ 暂无任务，休息60秒...
[黄漂移] ⏳ 暂无任务，休息60秒...
[周进化] ⏳ 暂无任务，休息60秒...
[吴模板] ⏳ 暂无任务，休息60秒...
[周禄存] ⏳ 暂无任务，休息60秒...
[郑路由] ⏳ 暂无任务，休息60秒...
[王规划] ⏳ 暂无任务，休息60秒...
[冯优化] ⏳ 暂无任务，休息60秒...
[钱调度] ⏳ 暂无任务，休息60秒...
[陈元灵] ⏳ 暂无任务，休息60秒...
[林对齐] ⏳ 暂无任务，休息60秒...
[朱图谱] ⏳ 暂无任务，休息60秒...
[平心理] ⏳ 暂无任务，休息60秒...
[水版本] ⏳ 暂无任务，休息60秒...
[葛消息] ⏳ 暂无任务，休息60秒...
[皮审计] ⏳ 暂无任务，休息60秒...
[赏界面] ⏳ 暂无任务，休息60秒...
[财SDK] ⏳ 暂无任务，休息60秒...
[蒋巨门] ⏳ 暂无任务，休息60秒...
[沈记忆] ⏳ 暂无任务，休息60秒...
[韩向量] ⏳ 暂无任务，休息60秒...
[杨检索] ⏳ 暂无任务，休息60秒...
[伍廉贞] ⏳ 暂无任务，休息60秒...
[余情绪] ⏳ 暂无任务，休息60秒...
[元人格] ⏳ 暂无任务，休息60秒...
[孟一致] ⏳ 暂无任务，休息60秒...
[谢武功] ⏳ 暂无任务，休息60秒...
[邹接口] ⏳ 暂无任务，休息60秒...
[喻发现] ⏳ 暂无任务，休息60秒...
[柏依赖] ⏳ 暂无任务，休息60秒...
[章破军] ⏳ 暂无任务，休息60秒...
[云沙箱] ⏳ 暂无任务，休息60秒...
[苏容器] ⏳ 暂无任务，休息60秒...
[潘外呼] ⏳ 暂无任务，休息60秒...
[倪左辅] ⏳ 暂无任务，休息60秒...
[汤K8s] ⏳ 暂无任务，休息60秒...
[殷用户] ⏳ 暂无任务，休息60秒...
[罗隔离] ⏳ 暂无任务，休息60秒...
[毕配置] ⏳ 暂无任务，休息60秒...
[周右弼] ⏳ 暂无任务，休息60秒...
[乐法律] ⏳ 暂无任务，休息60秒...
[于道德] ⏳ 暂无任务，休息60秒...
[时权限] ⏳ 暂无任务，休息60秒...
[薛贪狼] ⏳ 暂无任务，休息60秒...
[雷ASR] ⏳ 暂无任务，休息60秒...
[贺TTS] ⏳ 暂无任务，休息60秒...
[贡数字人] ⏳ 暂无任务，休息60秒...
[齐辅弼] ⏳ 暂无任务，休息60秒...
[康网关] ⏳ 暂无任务，休息60秒...
[和产品] ⏳ 暂无任务，休息60秒...
[穆文档] ⏳ 暂无任务，休息60秒...
[黄漂移] ⏳ 暂无任务，休息60秒...
[周进化] ⏳ 暂无任务，休息60秒...
[吴模板] ⏳ 暂无任务，休息60秒...
[周禄存] ⏳ 暂无任务，休息60秒...
[郑路由] ⏳ 暂无任务，休息60秒...
[王规划] ⏳ 暂无任务，休息60秒...
[冯优化] ⏳ 暂无任务，休息60秒...
[钱调度] ⏳ 暂无任务，休息60秒...
[陈元灵] ⏳ 暂无任务，休息60秒...
[林对齐] ⏳ 暂无任务，休息60秒...
[朱图谱] ⏳ 暂无任务，休息60秒...
[平心理] ⏳ 暂无任务，休息60秒...
[水版本] ⏳ 暂无任务，休息60秒...
[葛消息] ⏳ 暂无任务，休息60秒...
[皮审计] ⏳ 暂无任务，休息60秒...
[赏界面] ⏳ 暂无任务，休息60秒...
[财SDK] ⏳ 暂无任务，休息60秒...
[蒋巨门] ⏳ 暂无任务，休息60秒...
[沈记忆] ⏳ 暂无任务，休息60秒...
[韩向量] ⏳ 暂无任务，休息60秒...
[杨检索] ⏳ 暂无任务，休息60秒...
[伍廉贞] ⏳ 暂无任务，休息60秒...
[余情绪] ⏳ 暂无任务，休息60秒...
[元人格] ⏳ 暂无任务，休息60秒...
[孟一致] ⏳ 暂无任务，休息60秒...
[谢武功] ⏳ 暂无任务，休息60秒...
[邹接口] ⏳ 暂无任务，休息60秒...
[喻发现] ⏳ 暂无任务，休息60秒...
[柏依赖] ⏳ 暂无任务，休息60秒...
[章破军] ⏳ 暂无任务，休息60秒...
[云沙箱] ⏳ 暂无任务，休息60秒...
[苏容器] ⏳ 暂无任务，休息60秒...
[潘外呼] ⏳ 暂无任务，休息60秒...
[倪左辅] ⏳ 暂无任务，休息60秒...
[汤K8s] ⏳ 暂无任务，休息60秒...
[殷用户] ⏳ 暂无任务，休息60秒...
[罗隔离] ⏳ 暂无任务，休息60秒...
[毕配置] ⏳ 暂无任务，休息60秒...
[周右弼] ⏳ 暂无任务，休息60秒...
[乐法律] ⏳ 暂无任务，休息60秒...
[于道德] ⏳ 暂无任务，休息60秒...
[时权限] ⏳ 暂无任务，休息60秒...
[薛贪狼] ⏳ 暂无任务，休息60秒...
[雷ASR] ⏳ 暂无任务，休息60秒...
[贺TTS] ⏳ 暂无任务，休息60秒...
[贡数字人] ⏳ 暂无任务，休息60秒...
[齐辅弼] ⏳ 暂无任务，休息60秒...
[康网关] ⏳ 暂无任务，休息60秒...
[和产品] ⏳ 暂无任务，休息60秒...
[穆文档] ⏳ 暂无任务，休息60秒...
[黄漂移] ⏳ 暂无任务，休息60秒...
[周进化] ⏳ 暂无任务，休息60秒...
[吴模板] ⏳ 暂无任务，休息60秒...
[周禄存] ⏳ 暂无任务，休息60秒...
[郑路由] ⏳ 暂无任务，休息60秒...
[王规划] ⏳ 暂无任务，休息60秒...
[冯优化] ⏳ 暂无任务，休息60秒...
[钱调度] ⏳ 暂无任务，休息60秒...
[陈元灵] ⏳ 暂无任务，休息60秒...
[林对齐] ⏳ 暂无任务，休息60秒...
[朱图谱] ⏳ 暂无任务，休息60秒...
[平心理] ⏳ 暂无任务，休息60秒...
[水版本] ⏳ 暂无任务，休息60秒...
[葛消息] ⏳ 暂无任务，休息60秒...
[皮审计] ⏳ 暂无任务，休息60秒...
[赏界面] ⏳ 暂无任务，休息60秒...
[财SDK] ⏳ 暂无任务，休息60秒...
[蒋巨门] ⏳ 暂无任务，休息60秒...
[沈记忆] ⏳ 暂无任务，休息60秒...
[韩向量] ⏳ 暂无任务，休息60秒...
[杨检索] ⏳ 暂无任务，休息60秒...
[伍廉贞] ⏳ 暂无任务，休息60秒...
[余情绪] ⏳ 暂无任务，休息60秒...
[元人格] ⏳ 暂无任务，休息60秒...
[孟一致] ⏳ 暂无任务，休息60秒...
[谢武功] ⏳ 暂无任务，休息60秒...
[邹接口] ⏳ 暂无任务，休息60秒...
[喻发现] ⏳ 暂无任务，休息60秒...
[柏依赖] ⏳ 暂无任务，休息60秒...
[章破军] ⏳ 暂无任务，休息60秒...
[云沙箱] ⏳ 暂无任务，休息60秒...
[苏容器] ⏳ 暂无任务，休息60秒...
[潘外呼] ⏳ 暂无任务，休息60秒...
[倪左辅] ⏳ 暂无任务，休息60秒...
[汤K8s] ⏳ 暂无任务，休息60秒...
[殷用户] ⏳ 暂无任务，休息60秒...
[罗隔离] ⏳ 暂无任务，休息60秒...
[毕配置] ⏳ 暂无任务，休息60秒...
[周右弼] ⏳ 暂无任务，休息60秒...
[乐法律] ⏳ 暂无任务，休息60秒...
[于道德] ⏳ 暂无任务，休息60秒...
[时权限] ⏳ 暂无任务，休息60秒...
[薛贪狼] ⏳ 暂无任务，休息60秒...
[雷ASR] ⏳ 暂无任务，休息60秒...
[贺TTS] ⏳ 暂无任务，休息60秒...
[贡数字人] ⏳ 暂无任务，休息60秒...
[齐辅弼] ⏳ 暂无任务，休息60秒...
[康网关] ⏳ 暂无任务，休息60秒...
[和产品] ⏳ 暂无任务，休息60秒...
[穆文档] ⏳ 暂无任务，休息60秒...
[黄漂移] ⏳ 暂无任务，休息60秒...
[周进化] ⏳ 暂无任务，休息60秒...
[吴模板] ⏳ 暂无任务，休息60秒...
[周禄存] ⏳ 暂无任务，休息60秒...
[郑路由] ⏳ 暂无任务，休息60秒...
[王规划] ⏳ 暂无任务，休息60秒...
[冯优化] ⏳ 暂无任务，休息60秒...
[钱调度] ⏳ 暂无任务，休息60秒...
[陈元灵] ⏳ 暂无任务，休息60秒...
[林对齐] ⏳ 暂无任务，休息60秒...
[朱图谱] ⏳ 暂无任务，休息60秒...
[平心理] ⏳ 暂无任务，休息60秒...
[水版本] ⏳ 暂无任务，休息60秒...
[葛消息] ⏳ 暂无任务，休息60秒...
[皮审计] ⏳ 暂无任务，休息60秒...
[赏界面] ⏳ 暂无任务，休息60秒...
[财SDK] ⏳ 暂无任务，休息60秒...
[蒋巨门] ⏳ 暂无任务，休息60秒...
[沈记忆] ⏳ 暂无任务，休息60秒...
[韩向量] ⏳ 暂无任务，休息60秒...
[杨检索] ⏳ 暂无任务，休息60秒...
[伍廉贞] ⏳ 暂无任务，休息60秒...
[余情绪] ⏳ 暂无任务，休息60秒...
[元人格] ⏳ 暂无任务，休息60秒...
[孟一致] ⏳ 暂无任务，休息60秒...
[谢武功] ⏳ 暂无任务，休息60秒...
[邹接口] ⏳ 暂无任务，休息60秒...
[喻发现] ⏳ 暂无任务，休息60秒...
[柏依赖] ⏳ 暂无任务，休息60秒...
[章破军] ⏳ 暂无任务，休息60秒...
[云沙箱] ⏳ 暂无任务，休息60秒...
[苏容器] ⏳ 暂无任务，休息60秒...
[潘外呼] ⏳ 暂无任务，休息60秒...
[倪左辅] ⏳ 暂无任务，休息60秒...
[汤K8s] ⏳ 暂无任务，休息60秒...
[殷用户] ⏳ 暂无任务，休息60秒...
[罗隔离] ⏳ 暂无任务，休息60秒...
[毕配置] ⏳ 暂无任务，休息60秒...
[周右弼] ⏳ 暂无任务，休息60秒...
[乐法律] ⏳ 暂无任务，休息60秒...
[于道德] ⏳ 暂无任务，休息60秒...
[时权限] ⏳ 暂无任务，休息60秒...
[薛贪狼] ⏳ 暂无任务，休息60秒...
[雷ASR] ⏳ 暂无任务，休息60秒...
[贺TTS] ⏳ 暂无任务，休息60秒...
[贡数字人] ⏳ 暂无任务，休息60秒...
[齐辅弼] ⏳ 暂无任务，休息60秒...
[康网关] ⏳ 暂无任务，休息60秒...
[和产品] ⏳ 暂无任务，休息60秒...
[穆文档] ⏳ 暂无任务，休息60秒...
[黄漂移] ⏳ 暂无任务，休息60秒...
[周进化] ⏳ 暂无任务，休息60秒...
[吴模板] ⏳ 暂无任务，休息60秒...
[周禄存] ⏳ 暂无任务，休息60秒...
[郑路由] ⏳ 暂无任务，休息60秒...
[王规划] ⏳ 暂无任务，休息60秒...
[冯优化] ⏳ 暂无任务，休息60秒...
[钱调度] ⏳ 暂无任务，休息60秒...
[陈元灵] ⏳ 暂无任务，休息60秒...
[林对齐] ⏳ 暂无任务，休息60秒...
[朱图谱] ⏳ 暂无任务，休息60秒...
[平心理] ⏳ 暂无任务，休息60秒...
[水版本] ⏳ 暂无任务，休息60秒...
[葛消息] ⏳ 暂无任务，休息60秒...
[皮审计] ⏳ 暂无任务，休息60秒...
[赏界面] ⏳ 暂无任务，休息60秒...
[财SDK] ⏳ 暂无任务，休息60秒...
[蒋巨门] ⏳ 暂无任务，休息60秒...
[沈记忆] ⏳ 暂无任务，休息60秒...
[韩向量] ⏳ 暂无任务，休息60秒...
[杨检索] ⏳ 暂无任务，休息60秒...
[伍廉贞] ⏳ 暂无任务，休息60秒...
[余情绪] ⏳ 暂无任务，休息60秒...
[元人格] ⏳ 暂无任务，休息60秒...
[孟一致] ⏳ 暂无任务，休息60秒...
[谢武功] ⏳ 暂无任务，休息60秒...
[邹接口] ⏳ 暂无任务，休息60秒...
[喻发现] ⏳ 暂无任务，休息60秒...
[柏依赖] ⏳ 暂无任务，休息60秒...
[章破军] ⏳ 暂无任务，休息60秒...
[云沙箱] ⏳ 暂无任务，休息60秒...
[苏容器] ⏳ 暂无任务，休息60秒...
[潘外呼] ⏳ 暂无任务，休息60秒...
[倪左辅] ⏳ 暂无任务，休息60秒...
[汤K8s] ⏳ 暂无任务，休息60秒...
[殷用户] ⏳ 暂无任务，休息60秒...
[罗隔离] ⏳ 暂无任务，休息60秒...
[毕配置] ⏳ 暂无任务，休息60秒...
[周右弼] ⏳ 暂无任务，休息60秒...
[乐法律] ⏳ 暂无任务，休息60秒...
[于道德] ⏳ 暂无任务，休息60秒...
[时权限] ⏳ 暂无任务，休息60秒...
[薛贪狼] ⏳ 暂无任务，休息60秒...
[雷ASR] ⏳ 暂无任务，休息60秒...
[贺TTS] ⏳ 暂无任务，休息60秒...
[贡数字人] ⏳ 暂无任务，休息60秒...
[齐辅弼] ⏳ 暂无任务，休息60秒...
[康网关] ⏳ 暂无任务，休息60秒...
[和产品] ⏳ 暂无任务，休息60秒...
[穆文档] ⏳ 暂无任务，休息60秒...
[黄漂移] ⏳ 暂无任务，休息60秒...
[周进化] ⏳ 暂无任务，休息60秒...
[吴模板] ⏳ 暂无任务，休息60秒...
[周禄存] ⏳ 暂无任务，休息60秒...
[郑路由] ⏳ 暂无任务，休息60秒...
[王规划] ⏳ 暂无任务，休息60秒...
[冯优化] ⏳ 暂无任务，休息60秒...
[钱调度] ⏳ 暂无任务，休息60秒...
[陈元灵] ⏳ 暂无任务，休息60秒...
[林对齐] ⏳ 暂无任务，休息60秒...
[朱图谱] ⏳ 暂无任务，休息60秒...
[平心理] ⏳ 暂无任务，休息60秒...
[水版本] ⏳ 暂无任务，休息60秒...
[葛消息] ⏳ 暂无任务，休息60秒...
[皮审计] ⏳ 暂无任务，休息60秒...
[赏界面] ⏳ 暂无任务，休息60秒...
[财SDK] ⏳ 暂无任务，休息60秒...
[蒋巨门] ⏳ 暂无任务，休息60秒...
[沈记忆] ⏳ 暂无任务，休息60秒...
[韩向量] ⏳ 暂无任务，休息60秒...
[杨检索] ⏳ 暂无任务，休息60秒...
[伍廉贞] ⏳ 暂无任务，休息60秒...
[余情绪] ⏳ 暂无任务，休息60秒...
[元人格] ⏳ 暂无任务，休息60秒...
[孟一致] ⏳ 暂无任务，休息60秒...
[谢武功] ⏳ 暂无任务，休息60秒...
[邹接口] ⏳ 暂无任务，休息60秒...
[喻发现] ⏳ 暂无任务，休息60秒...
[柏依赖] ⏳ 暂无任务，休息60秒...
[章破军] ⏳ 暂无任务，休息60秒...
[云沙箱] ⏳ 暂无任务，休息60秒...
[苏容器] ⏳ 暂无任务，休息60秒...
[潘外呼] ⏳ 暂无任务，休息60秒...
[倪左辅] ⏳ 暂无任务，休息60秒...
[汤K8s] ⏳ 暂无任务，休息60秒...
[殷用户] ⏳ 暂无任务，休息60秒...
[罗隔离] ⏳ 暂无任务，休息60秒...
[毕配置] ⏳ 暂无任务，休息60秒...
[周右弼] ⏳ 暂无任务，休息60秒...
[乐法律] ⏳ 暂无任务，休息60秒...
[于道德] ⏳ 暂无任务，休息60秒...
[时权限] ⏳ 暂无任务，休息60秒...
[薛贪狼] ⏳ 暂无任务，休息60秒...
[雷ASR] ⏳ 暂无任务，休息60秒...
[贺TTS] ⏳ 暂无任务，休息60秒...
[贡数字人] ⏳ 暂无任务，休息60秒...
[齐辅弼] ⏳ 暂无任务，休息60秒...
[康网关] ⏳ 暂无任务，休息60秒...
[和产品] ⏳ 暂无任务，休息60秒...
[穆文档] ⏳ 暂无任务，休息60秒...
[黄漂移] ⏳ 暂无任务，休息60秒...
[周进化] ⏳ 暂无任务，休息60秒...
[吴模板] ⏳ 暂无任务，休息60秒...
[周禄存] ⏳ 暂无任务，休息60秒...
[郑路由] ⏳ 暂无任务，休息60秒...
[王规划] ⏳ 暂无任务，休息60秒...
[冯优化] ⏳ 暂无任务，休息60秒...
[钱调度] ⏳ 暂无任务，休息60秒...
[陈元灵] ⏳ 暂无任务，休息60秒...
[林对齐] ⏳ 暂无任务，休息60秒...
[朱图谱] ⏳ 暂无任务，休息60秒...
[平心理] ⏳ 暂无任务，休息60秒...
[水版本] ⏳ 暂无任务，休息60秒...
[葛消息] ⏳ 暂无任务，休息60秒...
[皮审计] ⏳ 暂无任务，休息60秒...
[赏界面] ⏳ 暂无任务，休息60秒...
[财SDK] ⏳ 暂无任务，休息60秒...
[蒋巨门] ⏳ 暂无任务，休息60秒...
[沈记忆] ⏳ 暂无任务，休息60秒...
[韩向量] ⏳ 暂无任务，休息60秒...
[杨检索] ⏳ 暂无任务，休息60秒...
[伍廉贞] ⏳ 暂无任务，休息60秒...
[余情绪] ⏳ 暂无任务，休息60秒...
[元人格] ⏳ 暂无任务，休息60秒...
[孟一致] ⏳ 暂无任务，休息60秒...
[谢武功] ⏳ 暂无任务，休息60秒...
[邹接口] ⏳ 暂无任务，休息60秒...
[喻发现] ⏳ 暂无任务，休息60秒...
[柏依赖] ⏳ 暂无任务，休息60秒...
[章破军] ⏳ 暂无任务，休息60秒...
[云沙箱] ⏳ 暂无任务，休息60秒...
[苏容器] ⏳ 暂无任务，休息60秒...
[潘外呼] ⏳ 暂无任务，休息60秒...
[倪左辅] ⏳ 暂无任务，休息60秒...
[汤K8s] ⏳ 暂无任务，休息60秒...
[殷用户] ⏳ 暂无任务，休息60秒...
[罗隔离] ⏳ 暂无任务，休息60秒...
[毕配置] ⏳ 暂无任务，休息60秒...
[周右弼] ⏳ 暂无任务，休息60秒...
[乐法律] ⏳ 暂无任务，休息60秒...
[于道德] ⏳ 暂无任务，休息60秒...
[时权限] ⏳ 暂无任务，休息60秒...
[薛贪狼] ⏳ 暂无任务，休息60秒...
[雷ASR] ⏳ 暂无任务，休息60秒...
[贺TTS] ⏳ 暂无任务，休息60秒...
[贡数字人] ⏳ 暂无任务，休息60秒...
[齐辅弼] ⏳ 暂无任务，休息60秒...
[康网关] ⏳ 暂无任务，休息60秒...
[和产品] ⏳ 暂无任务，休息60秒...
[穆文档] ⏳ 暂无任务，休息60秒...
[黄漂移] ⏳ 暂无任务，休息60秒...
[周进化] ⏳ 暂无任务，休息60秒...
[吴模板] ⏳ 暂无任务，休息60秒...
[周禄存] ⏳ 暂无任务，休息60秒...
[郑路由] ⏳ 暂无任务，休息60秒...
[王规划] ⏳ 暂无任务，休息60秒...
[冯优化] ⏳ 暂无任务，休息60秒...
[钱调度] ⏳ 暂无任务，休息60秒...
[陈元灵] ⏳ 暂无任务，休息60秒...
[林对齐] ⏳ 暂无任务，休息60秒...
[朱图谱] ⏳ 暂无任务，休息60秒...
[平心理] ⏳ 暂无任务，休息60秒...
[水版本] ⏳ 暂无任务，休息60秒...
[葛消息] ⏳ 暂无任务，休息60秒...
[皮审计] ⏳ 暂无任务，休息60秒...
[赏界面] ⏳ 暂无任务，休息60秒...
[财SDK] ⏳ 暂无任务，休息60秒...
[蒋巨门] ⏳ 暂无任务，休息60秒...
[沈记忆] ⏳ 暂无任务，休息60秒...
[韩向量] ⏳ 暂无任务，休息60秒...
[杨检索] ⏳ 暂无任务，休息60秒...
[伍廉贞] ⏳ 暂无任务，休息60秒...
[余情绪] ⏳ 暂无任务，休息60秒...
[元人格] ⏳ 暂无任务，休息60秒...
[孟一致] ⏳ 暂无任务，休息60秒...
[谢武功] ⏳ 暂无任务，休息60秒...
[邹接口] ⏳ 暂无任务，休息60秒...
[喻发现] ⏳ 暂无任务，休息60秒...
[柏依赖] ⏳ 暂无任务，休息60秒...
[章破军] ⏳ 暂无任务，休息60秒...
[云沙箱] ⏳ 暂无任务，休息60秒...
[苏容器] ⏳ 暂无任务，休息60秒...
[潘外呼] ⏳ 暂无任务，休息60秒...
[倪左辅] ⏳ 暂无任务，休息60秒...
[汤K8s] ⏳ 暂无任务，休息60秒...
[殷用户] ⏳ 暂无任务，休息60秒...
[罗隔离] ⏳ 暂无任务，休息60秒...
[毕配置] ⏳ 暂无任务，休息60秒...
[周右弼] ⏳ 暂无任务，休息60秒...
[乐法律] ⏳ 暂无任务，休息60秒...
[于道德] ⏳ 暂无任务，休息60秒...
[时权限] ⏳ 暂无任务，休息60秒...
[薛贪狼] ⏳ 暂无任务，休息60秒...
[雷ASR] ⏳ 暂无任务，休息60秒...
[贺TTS] ⏳ 暂无任务，休息60秒...
[贡数字人] ⏳ 暂无任务，休息60秒...
[齐辅弼] ⏳ 暂无任务，休息60秒...
[康网关] ⏳ 暂无任务，休息60秒...
[和产品] ⏳ 暂无任务，休息60秒...
[穆文档] ⏳ 暂无任务，休息60秒...
[黄漂移] ⏳ 暂无任务，休息60秒...
[周进化] ⏳ 暂无任务，休息60秒...
[吴模板] ⏳ 暂无任务，休息60秒...
[周禄存] ⏳ 暂无任务，休息60秒...
[郑路由] ⏳ 暂无任务，休息60秒...
[王规划] ⏳ 暂无任务，休息60秒...
[冯优化] ⏳ 暂无任务，休息60秒...
[钱调度] ⏳ 暂无任务，休息60秒...
[陈元灵] ⏳ 暂无任务，休息60秒...
[林对齐] ⏳ 暂无任务，休息60秒...
[朱图谱] ⏳ 暂无任务，休息60秒...
[平心理] ⏳ 暂无任务，休息60秒...
[水版本] ⏳ 暂无任务，休息60秒...
[葛消息] ⏳ 暂无任务，休息60秒...
[皮审计] ⏳ 暂无任务，休息60秒...
[赏界面] ⏳ 暂无任务，休息60秒...
[财SDK] ⏳ 暂无任务，休息60秒...
[蒋巨门] ⏳ 暂无任务，休息60秒...
[沈记忆] ⏳ 暂无任务，休息60秒...
[韩向量] ⏳ 暂无任务，休息60秒...
[杨检索] ⏳ 暂无任务，休息60秒...
[伍廉贞] ⏳ 暂无任务，休息60秒...
[余情绪] ⏳ 暂无任务，休息60秒...
[元人格] ⏳ 暂无任务，休息60秒...
[孟一致] ⏳ 暂无任务，休息60秒...
[谢武功] ⏳ 暂无任务，休息60秒...
[邹接口] ⏳ 暂无任务，休息60秒...
[喻发现] ⏳ 暂无任务，休息60秒...
[柏依赖] ⏳ 暂无任务，休息60秒...
[章破军] ⏳ 暂无任务，休息60秒...
[云沙箱] ⏳ 暂无任务，休息60秒...
[苏容器] ⏳ 暂无任务，休息60秒...
[潘外呼] ⏳ 暂无任务，休息60秒...
[倪左辅] ⏳ 暂无任务，休息60秒...
[汤K8s] ⏳ 暂无任务，休息60秒...
[殷用户] ⏳ 暂无任务，休息60秒...
[罗隔离] ⏳ 暂无任务，休息60秒...
[毕配置] ⏳ 暂无任务，休息60秒...
[周右弼] ⏳ 暂无任务，休息60秒...
[乐法律] ⏳ 暂无任务，休息60秒...
[于道德] ⏳ 暂无任务，休息60秒...
[时权限] ⏳ 暂无任务，休息60秒...
[薛贪狼] ⏳ 暂无任务，休息60秒...
[雷ASR] ⏳ 暂无任务，休息60秒...
[贺TTS] ⏳ 暂无任务，休息60秒...
[贡数字人] ⏳ 暂无任务，休息60秒...
[齐辅弼] ⏳ 暂无任务，休息60秒...
[康网关] ⏳ 暂无任务，休息60秒...
[和产品] ⏳ 暂无任务，休息60秒...
[穆文档] ⏳ 暂无任务，休息60秒...
[黄漂移] ⏳ 暂无任务，休息60秒...
[周进化] ⏳ 暂无任务，休息60秒...
[吴模板] ⏳ 暂无任务，休息60秒...
[周禄存] ⏳ 暂无任务，休息60秒...
[郑路由] ⏳ 暂无任务，休息60秒...
[王规划] ⏳ 暂无任务，休息60秒...
[冯优化] ⏳ 暂无任务，休息60秒...
[钱调度] ⏳ 暂无任务，休息60秒...
[陈元灵] ⏳ 暂无任务，休息60秒...
[林对齐] ⏳ 暂无任务，休息60秒...
[朱图谱] ⏳ 暂无任务，休息60秒...
[平心理] ⏳ 暂无任务，休息60秒...
[水版本] ⏳ 暂无任务，休息60秒...
[葛消息] ⏳ 暂无任务，休息60秒...
[皮审计] ⏳ 暂无任务，休息60秒...
[赏界面] ⏳ 暂无任务，休息60秒...
[财SDK] ⏳ 暂无任务，休息60秒...
[蒋巨门] ⏳ 暂无任务，休息60秒...
[沈记忆] ⏳ 暂无任务，休息60秒...
[韩向量] ⏳ 暂无任务，休息60秒...
[杨检索] ⏳ 暂无任务，休息60秒...
[伍廉贞] ⏳ 暂无任务，休息60秒...
[余情绪] ⏳ 暂无任务，休息60秒...
[元人格] ⏳ 暂无任务，休息60秒...
[孟一致] ⏳ 暂无任务，休息60秒...
[谢武功] ⏳ 暂无任务，休息60秒...
[邹接口] ⏳ 暂无任务，休息60秒...
[喻发现] ⏳ 暂无任务，休息60秒...
[柏依赖] ⏳ 暂无任务，休息60秒...
[章破军] ⏳ 暂无任务，休息60秒...
[云沙箱] ⏳ 暂无任务，休息60秒...
[苏容器] ⏳ 暂无任务，休息60秒...
[潘外呼] ⏳ 暂无任务，休息60秒...
[倪左辅] ⏳ 暂无任务，休息60秒...
[汤K8s] ⏳ 暂无任务，休息60秒...
[殷用户] ⏳ 暂无任务，休息60秒...
[罗隔离] ⏳ 暂无任务，休息60秒...
[毕配置] ⏳ 暂无任务，休息60秒...
[周右弼] ⏳ 暂无任务，休息60秒...
[乐法律] ⏳ 暂无任务，休息60秒...
[于道德] ⏳ 暂无任务，休息60秒...
[时权限] ⏳ 暂无任务，休息60秒...
[薛贪狼] ⏳ 暂无任务，休息60秒...
[雷ASR] ⏳ 暂无任务，休息60秒...
[贺TTS] ⏳ 暂无任务，休息60秒...
[贡数字人] ⏳ 暂无任务，休息60秒...
[齐辅弼] ⏳ 暂无任务，休息60秒...
[康网关] ⏳ 暂无任务，休息60秒...
[和产品] ⏳ 暂无任务，休息60秒...
[穆文档] ⏳ 暂无任务，休息60秒...
[黄漂移] ⏳ 暂无任务，休息60秒...
[周进化] ⏳ 暂无任务，休息60秒...
[吴模板] ⏳ 暂无任务，休息60秒...
[周禄存] ⏳ 暂无任务，休息60秒...
[郑路由] ⏳ 暂无任务，休息60秒...
[王规划] ⏳ 暂无任务，休息60秒...
[冯优化] ⏳ 暂无任务，休息60秒...
[钱调度] ⏳ 暂无任务，休息60秒...
[陈元灵] ⏳ 暂无任务，休息60秒...
[林对齐] ⏳ 暂无任务，休息60秒...
[朱图谱] ⏳ 暂无任务，休息60秒...
[平心理] ⏳ 暂无任务，休息60秒...
[水版本] ⏳ 暂无任务，休息60秒...
[葛消息] ⏳ 暂无任务，休息60秒...
[皮审计] ⏳ 暂无任务，休息60秒...
[赏界面] ⏳ 暂无任务，休息60秒...
[财SDK] ⏳ 暂无任务，休息60秒...
[蒋巨门] ⏳ 暂无任务，休息60秒...
[沈记忆] ⏳ 暂无任务，休息60秒...
[韩向量] ⏳ 暂无任务，休息60秒...
[杨检索] ⏳ 暂无任务，休息60秒...
[伍廉贞] ⏳ 暂无任务，休息60秒...
[余情绪] ⏳ 暂无任务，休息60秒...
[元人格] ⏳ 暂无任务，休息60秒...
[孟一致] ⏳ 暂无任务，休息60秒...
[谢武功] ⏳ 暂无任务，休息60秒...
[邹接口] ⏳ 暂无任务，休息60秒...
[喻发现] ⏳ 暂无任务，休息60秒...
[柏依赖] ⏳ 暂无任务，休息60秒...
[章破军] ⏳ 暂无任务，休息60秒...
[云沙箱] ⏳ 暂无任务，休息60秒...
[苏容器] ⏳ 暂无任务，休息60秒...
[潘外呼] ⏳ 暂无任务，休息60秒...
[倪左辅] ⏳ 暂无任务，休息60秒...
[汤K8s] ⏳ 暂无任务，休息60秒...
[殷用户] ⏳ 暂无任务，休息60秒...
[罗隔离] ⏳ 暂无任务，休息60秒...
[毕配置] ⏳ 暂无任务，休息60秒...
[周右弼] ⏳ 暂无任务，休息60秒...
[乐法律] ⏳ 暂无任务，休息60秒...
[于道德] ⏳ 暂无任务，休息60秒...
[时权限] ⏳ 暂无任务，休息60秒...
[薛贪狼] ⏳ 暂无任务，休息60秒...
[雷ASR] ⏳ 暂无任务，休息60秒...
[贺TTS] ⏳ 暂无任务，休息60秒...
[贡数字人] ⏳ 暂无任务，休息60秒...
[齐辅弼] ⏳ 暂无任务，休息60秒...
[康网关] ⏳ 暂无任务，休息60秒...
[和产品] ⏳ 暂无任务，休息60秒...
[穆文档] ⏳ 暂无任务，休息60秒...
[黄漂移] ⏳ 暂无任务，休息60秒...
[周进化] ⏳ 暂无任务，休息60秒...
[吴模板] ⏳ 暂无任务，休息60秒...
[周禄存] ⏳ 暂无任务，休息60秒...
[郑路由] ⏳ 暂无任务，休息60秒...
[王规划] ⏳ 暂无任务，休息60秒...
[冯优化] ⏳ 暂无任务，休息60秒...
[钱调度] ⏳ 暂无任务，休息60秒...
[陈元灵] ⏳ 暂无任务，休息60秒...
[林对齐] ⏳ 暂无任务，休息60秒...
[朱图谱] ⏳ 暂无任务，休息60秒...
[平心理] ⏳ 暂无任务，休息60秒...
[水版本] ⏳ 暂无任务，休息60秒...
[葛消息] ⏳ 暂无任务，休息60秒...
[皮审计] ⏳ 暂无任务，休息60秒...
[赏界面] ⏳ 暂无任务，休息60秒...
[财SDK] ⏳ 暂无任务，休息60秒...
[蒋巨门] ⏳ 暂无任务，休息60秒...
[沈记忆] ⏳ 暂无任务，休息60秒...
[韩向量] ⏳ 暂无任务，休息60秒...
[杨检索] ⏳ 暂无任务，休息60秒...
[伍廉贞] ⏳ 暂无任务，休息60秒...
[余情绪] ⏳ 暂无任务，休息60秒...
[元人格] ⏳ 暂无任务，休息60秒...
[孟一致] ⏳ 暂无任务，休息60秒...
[谢武功] ⏳ 暂无任务，休息60秒...
[邹接口] ⏳ 暂无任务，休息60秒...
[喻发现] ⏳ 暂无任务，休息60秒...
[柏依赖] ⏳ 暂无任务，休息60秒...
[章破军] ⏳ 暂无任务，休息60秒...
[云沙箱] ⏳ 暂无任务，休息60秒...
[苏容器] ⏳ 暂无任务，休息60秒...
[潘外呼] ⏳ 暂无任务，休息60秒...
[倪左辅] ⏳ 暂无任务，休息60秒...
[汤K8s] ⏳ 暂无任务，休息60秒...
[殷用户] ⏳ 暂无任务，休息60秒...
[罗隔离] ⏳ 暂无任务，休息60秒...
[毕配置] ⏳ 暂无任务，休息60秒...
[周右弼] ⏳ 暂无任务，休息60秒...
[乐法律] ⏳ 暂无任务，休息60秒...
[于道德] ⏳ 暂无任务，休息60秒...
[时权限] ⏳ 暂无任务，休息60秒...
[薛贪狼] ⏳ 暂无任务，休息60秒...
[雷ASR] ⏳ 暂无任务，休息60秒...
[贺TTS] ⏳ 暂无任务，休息60秒...
[贡数字人] ⏳ 暂无任务，休息60秒...
[齐辅弼] ⏳ 暂无任务，休息60秒...
[康网关] ⏳ 暂无任务，休息60秒...
[和产品] ⏳ 暂无任务，休息60秒...
[穆文档] ⏳ 暂无任务，休息60秒...
[黄漂移] ⏳ 暂无任务，休息60秒...
[周进化] ⏳ 暂无任务，休息60秒...
[吴模板] ⏳ 暂无任务，休息60秒...
[周禄存] ⏳ 暂无任务，休息60秒...
[郑路由] ⏳ 暂无任务，休息60秒...
[王规划] ⏳ 暂无任务，休息60秒...
[冯优化] ⏳ 暂无任务，休息60秒...
[钱调度] ⏳ 暂无任务，休息60秒...
[陈元灵] ⏳ 暂无任务，休息60秒...
[林对齐] ⏳ 暂无任务，休息60秒...
[朱图谱] ⏳ 暂无任务，休息60秒...
[平心理] ⏳ 暂无任务，休息60秒...
[水版本] ⏳ 暂无任务，休息60秒...
[葛消息] ⏳ 暂无任务，休息60秒...
[皮审计] ⏳ 暂无任务，休息60秒...
[赏界面] ⏳ 暂无任务，休息60秒...
[财SDK] ⏳ 暂无任务，休息60秒...
[蒋巨门] ⏳ 暂无任务，休息60秒...
[沈记忆] ⏳ 暂无任务，休息60秒...
[韩向量] ⏳ 暂无任务，休息60秒...
[杨检索] ⏳ 暂无任务，休息60秒...
[伍廉贞] ⏳ 暂无任务，休息60秒...
[余情绪] ⏳ 暂无任务，休息60秒...
[元人格] ⏳ 暂无任务，休息60秒...
[孟一致] ⏳ 暂无任务，休息60秒...
[谢武功] ⏳ 暂无任务，休息60秒...
[邹接口] ⏳ 暂无任务，休息60秒...
[喻发现] ⏳ 暂无任务，休息60秒...
[柏依赖] ⏳ 暂无任务，休息60秒...
[章破军] ⏳ 暂无任务，休息60秒...
[云沙箱] ⏳ 暂无任务，休息60秒...
[苏容器] ⏳ 暂无任务，休息60秒...
[潘外呼] ⏳ 暂无任务，休息60秒...
[倪左辅] ⏳ 暂无任务，休息60秒...
[汤K8s] ⏳ 暂无任务，休息60秒...
[殷用户] ⏳ 暂无任务，休息60秒...
[罗隔离] ⏳ 暂无任务，休息60秒...
[毕配置] ⏳ 暂无任务，休息60秒...
[周右弼] ⏳ 暂无任务，休息60秒...
[乐法律] ⏳ 暂无任务，休息60秒...
[于道德] ⏳ 暂无任务，休息60秒...
[时权限] ⏳ 暂无任务，休息60秒...
[薛贪狼] ⏳ 暂无任务，休息60秒...
[雷ASR] ⏳ 暂无任务，休息60秒...
[贺TTS] ⏳ 暂无任务，休息60秒...
[贡数字人] ⏳ 暂无任务，休息60秒...
[齐辅弼] ⏳ 暂无任务，休息60秒...
[康网关] ⏳ 暂无任务，休息60秒...
[和产品] ⏳ 暂无任务，休息60秒...
[穆文档] ⏳ 暂无任务，休息60秒...
[黄漂移] ⏳ 暂无任务，休息60秒...
[周进化] ⏳ 暂无任务，休息60秒...
[吴模板] ⏳ 暂无任务，休息60秒...
[周禄存] ⏳ 暂无任务，休息60秒...
[郑路由] ⏳ 暂无任务，休息60秒...
[王规划] ⏳ 暂无任务，休息60秒...
[冯优化] ⏳ 暂无任务，休息60秒...
[钱调度] ⏳ 暂无任务，休息60秒...
[陈元灵] ⏳ 暂无任务，休息60秒...
[林对齐] ⏳ 暂无任务，休息60秒...
[朱图谱] ⏳ 暂无任务，休息60秒...
[平心理] ⏳ 暂无任务，休息60秒...
[水版本] ⏳ 暂无任务，休息60秒...
[葛消息] ⏳ 暂无任务，休息60秒...
[皮审计] ⏳ 暂无任务，休息60秒...
[赏界面] ⏳ 暂无任务，休息60秒...
[财SDK] ⏳ 暂无任务，休息60秒...
[蒋巨门] ⏳ 暂无任务，休息60秒...
[沈记忆] ⏳ 暂无任务，休息60秒...
[韩向量] ⏳ 暂无任务，休息60秒...
[杨检索] ⏳ 暂无任务，休息60秒...
[伍廉贞] ⏳ 暂无任务，休息60秒...
[余情绪] ⏳ 暂无任务，休息60秒...
[元人格] ⏳ 暂无任务，休息60秒...
[孟一致] ⏳ 暂无任务，休息60秒...
[谢武功] ⏳ 暂无任务，休息60秒...
[邹接口] ⏳ 暂无任务，休息60秒...
[喻发现] ⏳ 暂无任务，休息60秒...
[柏依赖] ⏳ 暂无任务，休息60秒...
[章破军] ⏳ 暂无任务，休息60秒...
[云沙箱] ⏳ 暂无任务，休息60秒...
[苏容器] ⏳ 暂无任务，休息60秒...
[潘外呼] ⏳ 暂无任务，休息60秒...
[倪左辅] ⏳ 暂无任务，休息60秒...
[汤K8s] ⏳ 暂无任务，休息60秒...
[殷用户] ⏳ 暂无任务，休息60秒...
[罗隔离] ⏳ 暂无任务，休息60秒...
[毕配置] ⏳ 暂无任务，休息60秒...
[周右弼] ⏳ 暂无任务，休息60秒...
[乐法律] ⏳ 暂无任务，休息60秒...
[于道德] ⏳ 暂无任务，休息60秒...
[时权限] ⏳ 暂无任务，休息60秒...
[薛贪狼] ⏳ 暂无任务，休息60秒...
[雷ASR] ⏳ 暂无任务，休息60秒...
[贺TTS] ⏳ 暂无任务，休息60秒...
[贡数字人] ⏳ 暂无任务，休息60秒...
[齐辅弼] ⏳ 暂无任务，休息60秒...
[康网关] ⏳ 暂无任务，休息60秒...
[和产品] ⏳ 暂无任务，休息60秒...
[穆文档] ⏳ 暂无任务，休息60秒...
[黄漂移] ⏳ 暂无任务，休息60秒...
[周进化] ⏳ 暂无任务，休息60秒...
[吴模板] ⏳ 暂无任务，休息60秒...
[周禄存] ⏳ 暂无任务，休息60秒...
[郑路由] ⏳ 暂无任务，休息60秒...
[王规划] ⏳ 暂无任务，休息60秒...
[冯优化] ⏳ 暂无任务，休息60秒...
[钱调度] ⏳ 暂无任务，休息60秒...
[陈元灵] ⏳ 暂无任务，休息60秒...
[林对齐] ⏳ 暂无任务，休息60秒...
[朱图谱] ⏳ 暂无任务，休息60秒...
[平心理] ⏳ 暂无任务，休息60秒...
[水版本] ⏳ 暂无任务，休息60秒...
[葛消息] ⏳ 暂无任务，休息60秒...
[皮审计] ⏳ 暂无任务，休息60秒...
[赏界面] ⏳ 暂无任务，休息60秒...
[财SDK] ⏳ 暂无任务，休息60秒...
[蒋巨门] ⏳ 暂无任务，休息60秒...
[沈记忆] ⏳ 暂无任务，休息60秒...
[韩向量] ⏳ 暂无任务，休息60秒...
[杨检索] ⏳ 暂无任务，休息60秒...
[伍廉贞] ⏳ 暂无任务，休息60秒...
[余情绪] ⏳ 暂无任务，休息60秒...
[元人格] ⏳ 暂无任务，休息60秒...
[孟一致] ⏳ 暂无任务，休息60秒...
[谢武功] ⏳ 暂无任务，休息60秒...
[邹接口] ⏳ 暂无任务，休息60秒...
[喻发现] ⏳ 暂无任务，休息60秒...
[柏依赖] ⏳ 暂无任务，休息60秒...
[章破军] ⏳ 暂无任务，休息60秒...
[云沙箱] ⏳ 暂无任务，休息60秒...
[苏容器] ⏳ 暂无任务，休息60秒...
[潘外呼] ⏳ 暂无任务，休息60秒...
[倪左辅] ⏳ 暂无任务，休息60秒...
[汤K8s] ⏳ 暂无任务，休息60秒...
[殷用户] ⏳ 暂无任务，休息60秒...
[罗隔离] ⏳ 暂无任务，休息60秒...
[毕配置] ⏳ 暂无任务，休息60秒...
[周右弼] ⏳ 暂无任务，休息60秒...
[乐法律] ⏳ 暂无任务，休息60秒...
[于道德] ⏳ 暂无任务，休息60秒...
[时权限] ⏳ 暂无任务，休息60秒...
[薛贪狼] ⏳ 暂无任务，休息60秒...
[雷ASR] ⏳ 暂无任务，休息60秒...
[贺TTS] ⏳ 暂无任务，休息60秒...
[贡数字人] ⏳ 暂无任务，休息60秒...
[齐辅弼] ⏳ 暂无任务，休息60秒...
[康网关] ⏳ 暂无任务，休息60秒...
[和产品] ⏳ 暂无任务，休息60秒...
[穆文档] ⏳ 暂无任务，休息60秒...
[黄漂移] ⏳ 暂无任务，休息60秒...
[周进化] ⏳ 暂无任务，休息60秒...
[吴模板] ⏳ 暂无任务，休息60秒...
[周禄存] ⏳ 暂无任务，休息60秒...
[郑路由] ⏳ 暂无任务，休息60秒...
[王规划] ⏳ 暂无任务，休息60秒...
[冯优化] ⏳ 暂无任务，休息60秒...
[钱调度] ⏳ 暂无任务，休息60秒...
[陈元灵] ⏳ 暂无任务，休息60秒...
[林对齐] ⏳ 暂无任务，休息60秒...
[朱图谱] ⏳ 暂无任务，休息60秒...
[平心理] ⏳ 暂无任务，休息60秒...
[水版本] ⏳ 暂无任务，休息60秒...
[葛消息] ⏳ 暂无任务，休息60秒...
[皮审计] ⏳ 暂无任务，休息60秒...
[赏界面] ⏳ 暂无任务，休息60秒...
[财SDK] ⏳ 暂无任务，休息60秒...
[蒋巨门] ⏳ 暂无任务，休息60秒...
[沈记忆] ⏳ 暂无任务，休息60秒...
[韩向量] ⏳ 暂无任务，休息60秒...
[杨检索] ⏳ 暂无任务，休息60秒...
[伍廉贞] ⏳ 暂无任务，休息60秒...
[余情绪] ⏳ 暂无任务，休息60秒...
[元人格] ⏳ 暂无任务，休息60秒...
[孟一致] ⏳ 暂无任务，休息60秒...
[谢武功] ⏳ 暂无任务，休息60秒...
[邹接口] ⏳ 暂无任务，休息60秒...
[喻发现] ⏳ 暂无任务，休息60秒...
[柏依赖] ⏳ 暂无任务，休息60秒...
[章破军] ⏳ 暂无任务，休息60秒...
[云沙箱] ⏳ 暂无任务，休息60秒...
[苏容器] ⏳ 暂无任务，休息60秒...
[潘外呼] ⏳ 暂无任务，休息60秒...
[倪左辅] ⏳ 暂无任务，休息60秒...
[汤K8s] ⏳ 暂无任务，休息60秒...
[殷用户] ⏳ 暂无任务，休息60秒...
[罗隔离] ⏳ 暂无任务，休息60秒...
[毕配置] ⏳ 暂无任务，休息60秒...
[周右弼] ⏳ 暂无任务，休息60秒...
[乐法律] ⏳ 暂无任务，休息60秒...
[于道德] ⏳ 暂无任务，休息60秒...
[时权限] ⏳ 暂无任务，休息60秒...
[薛贪狼] ⏳ 暂无任务，休息60秒...
[雷ASR] ⏳ 暂无任务，休息60秒...
[贺TTS] ⏳ 暂无任务，休息60秒...
[贡数字人] ⏳ 暂无任务，休息60秒...
[齐辅弼] ⏳ 暂无任务，休息60秒...
[康网关] ⏳ 暂无任务，休息60秒...
[和产品] ⏳ 暂无任务，休息60秒...
[穆文档] ⏳ 暂无任务，休息60秒...
[黄漂移] ⏳ 暂无任务，休息60秒...
[周进化] ⏳ 暂无任务，休息60秒...
[吴模板] ⏳ 暂无任务，休息60秒...
[周禄存] ⏳ 暂无任务，休息60秒...
[郑路由] ⏳ 暂无任务，休息60秒...
[王规划] ⏳ 暂无任务，休息60秒...
[冯优化] ⏳ 暂无任务，休息60秒...
[钱调度] ⏳ 暂无任务，休息60秒...
[陈元灵] ⏳ 暂无任务，休息60秒...
[林对齐] ⏳ 暂无任务，休息60秒...
[朱图谱] ⏳ 暂无任务，休息60秒...
[平心理] ⏳ 暂无任务，休息60秒...
[水版本] ⏳ 暂无任务，休息60秒...
[葛消息] ⏳ 暂无任务，休息60秒...
[皮审计] ⏳ 暂无任务，休息60秒...
[赏界面] ⏳ 暂无任务，休息60秒...
[财SDK] ⏳ 暂无任务，休息60秒...
[蒋巨门] ⏳ 暂无任务，休息60秒...
[沈记忆] ⏳ 暂无任务，休息60秒...
[韩向量] ⏳ 暂无任务，休息60秒...
[杨检索] ⏳ 暂无任务，休息60秒...
[伍廉贞] ⏳ 暂无任务，休息60秒...
[余情绪] ⏳ 暂无任务，休息60秒...
[元人格] ⏳ 暂无任务，休息60秒...
[孟一致] ⏳ 暂无任务，休息60秒...
[谢武功] ⏳ 暂无任务，休息60秒...
[邹接口] ⏳ 暂无任务，休息60秒...
[喻发现] ⏳ 暂无任务，休息60秒...
[柏依赖] ⏳ 暂无任务，休息60秒...
[章破军] ⏳ 暂无任务，休息60秒...
[云沙箱] ⏳ 暂无任务，休息60秒...
[苏容器] ⏳ 暂无任务，休息60秒...
[潘外呼] ⏳ 暂无任务，休息60秒...
[倪左辅] ⏳ 暂无任务，休息60秒...
[汤K8s] ⏳ 暂无任务，休息60秒...
[殷用户] ⏳ 暂无任务，休息60秒...
[罗隔离] ⏳ 暂无任务，休息60秒...
[毕配置] ⏳ 暂无任务，休息60秒...
[周右弼] ⏳ 暂无任务，休息60秒...
[乐法律] ⏳ 暂无任务，休息60秒...
[于道德] ⏳ 暂无任务，休息60秒...
[时权限] ⏳ 暂无任务，休息60秒...
[薛贪狼] ⏳ 暂无任务，休息60秒...
[雷ASR] ⏳ 暂无任务，休息60秒...
[贺TTS] ⏳ 暂无任务，休息60秒...
[贡数字人] ⏳ 暂无任务，休息60秒...
[齐辅弼] ⏳ 暂无任务，休息60秒...
[康网关] ⏳ 暂无任务，休息60秒...
[和产品] ⏳ 暂无任务，休息60秒...
[穆文档] ⏳ 暂无任务，休息60秒...
[黄漂移] ⏳ 暂无任务，休息60秒...
[周进化] ⏳ 暂无任务，休息60秒...
[吴模板] ⏳ 暂无任务，休息60秒...
[周禄存] ⏳ 暂无任务，休息60秒...
[郑路由] ⏳ 暂无任务，休息60秒...
[王规划] ⏳ 暂无任务，休息60秒...
[冯优化] ⏳ 暂无任务，休息60秒...
[钱调度] ⏳ 暂无任务，休息60秒...
[陈元灵] ⏳ 暂无任务，休息60秒...
[林对齐] ⏳ 暂无任务，休息60秒...
[朱图谱] ⏳ 暂无任务，休息60秒...
[平心理] ⏳ 暂无任务，休息60秒...
[水版本] ⏳ 暂无任务，休息60秒...
[葛消息] ⏳ 暂无任务，休息60秒...
[皮审计] ⏳ 暂无任务，休息60秒...
[赏界面] ⏳ 暂无任务，休息60秒...
[财SDK] ⏳ 暂无任务，休息60秒...
[蒋巨门] ⏳ 暂无任务，休息60秒...
[沈记忆] ⏳ 暂无任务，休息60秒...
[韩向量] ⏳ 暂无任务，休息60秒...
[杨检索] ⏳ 暂无任务，休息60秒...
[伍廉贞] ⏳ 暂无任务，休息60秒...
[余情绪] ⏳ 暂无任务，休息60秒...
[元人格] ⏳ 暂无任务，休息60秒...
[孟一致] ⏳ 暂无任务，休息60秒...
[谢武功] ⏳ 暂无任务，休息60秒...
[邹接口] ⏳ 暂无任务，休息60秒...
[喻发现] ⏳ 暂无任务，休息60秒...
[柏依赖] ⏳ 暂无任务，休息60秒...
[章破军] ⏳ 暂无任务，休息60秒...
[云沙箱] ⏳ 暂无任务，休息60秒...
[苏容器] ⏳ 暂无任务，休息60秒...
[潘外呼] ⏳ 暂无任务，休息60秒...
[倪左辅] ⏳ 暂无任务，休息60秒...
[汤K8s] ⏳ 暂无任务，休息60秒...
[殷用户] ⏳ 暂无任务，休息60秒...
[罗隔离] ⏳ 暂无任务，休息60秒...
[毕配置] ⏳ 暂无任务，休息60秒...
[周右弼] ⏳ 暂无任务，休息60秒...
[乐法律] ⏳ 暂无任务，休息60秒...
[于道德] ⏳ 暂无任务，休息60秒...
[时权限] ⏳ 暂无任务，休息60秒...
[薛贪狼] ⏳ 暂无任务，休息60秒...
[雷ASR] ⏳ 暂无任务，休息60秒...
[贺TTS] ⏳ 暂无任务，休息60秒...
[贡数字人] ⏳ 暂无任务，休息60秒...
[齐辅弼] ⏳ 暂无任务，休息60秒...
[康网关] ⏳ 暂无任务，休息60秒...
[和产品] ⏳ 暂无任务，休息60秒...
[穆文档] ⏳ 暂无任务，休息60秒...
[黄漂移] ⏳ 暂无任务，休息60秒...
[周进化] ⏳ 暂无任务，休息60秒...
[吴模板] ⏳ 暂无任务，休息60秒...
[周禄存] ⏳ 暂无任务，休息60秒...
[郑路由] ⏳ 暂无任务，休息60秒...
[王规划] ⏳ 暂无任务，休息60秒...
[冯优化] ⏳ 暂无任务，休息60秒...
[钱调度] ⏳ 暂无任务，休息60秒...
[陈元灵] ⏳ 暂无任务，休息60秒...
[林对齐] ⏳ 暂无任务，休息60秒...
[朱图谱] ⏳ 暂无任务，休息60秒...
[平心理] ⏳ 暂无任务，休息60秒...
[水版本] ⏳ 暂无任务，休息60秒...
[葛消息] ⏳ 暂无任务，休息60秒...
[皮审计] ⏳ 暂无任务，休息60秒...
[赏界面] ⏳ 暂无任务，休息60秒...
[财SDK] ⏳ 暂无任务，休息60秒...
[蒋巨门] ⏳ 暂无任务，休息60秒...
[沈记忆] ⏳ 暂无任务，休息60秒...
[韩向量] ⏳ 暂无任务，休息60秒...
[杨检索] ⏳ 暂无任务，休息60秒...
[伍廉贞] ⏳ 暂无任务，休息60秒...
[余情绪] ⏳ 暂无任务，休息60秒...
[元人格] ⏳ 暂无任务，休息60秒...
[孟一致] ⏳ 暂无任务，休息60秒...
[谢武功] ⏳ 暂无任务，休息60秒...
[邹接口] ⏳ 暂无任务，休息60秒...
[喻发现] ⏳ 暂无任务，休息60秒...
[柏依赖] ⏳ 暂无任务，休息60秒...
[章破军] ⏳ 暂无任务，休息60秒...
[云沙箱] ⏳ 暂无任务，休息60秒...
[苏容器] ⏳ 暂无任务，休息60秒...
[潘外呼] ⏳ 暂无任务，休息60秒...
[倪左辅] ⏳ 暂无任务，休息60秒...
[汤K8s] ⏳ 暂无任务，休息60秒...
[殷用户] ⏳ 暂无任务，休息60秒...
[罗隔离] ⏳ 暂无任务，休息60秒...
[毕配置] ⏳ 暂无任务，休息60秒...
[周右弼] ⏳ 暂无任务，休息60秒...
[乐法律] ⏳ 暂无任务，休息60秒...
[于道德] ⏳ 暂无任务，休息60秒...
[时权限] ⏳ 暂无任务，休息60秒...
[薛贪狼] ⏳ 暂无任务，休息60秒...
[雷ASR] ⏳ 暂无任务，休息60秒...
[贺TTS] ⏳ 暂无任务，休息60秒...
[贡数字人] ⏳ 暂无任务，休息60秒...
[齐辅弼] ⏳ 暂无任务，休息60秒...
[康网关] ⏳ 暂无任务，休息60秒...
[和产品] ⏳ 暂无任务，休息60秒...
[穆文档] ⏳ 暂无任务，休息60秒...
[黄漂移] ⏳ 暂无任务，休息60秒...
[周进化] ⏳ 暂无任务，休息60秒...
[吴模板] ⏳ 暂无任务，休息60秒...
[周禄存] ⏳ 暂无任务，休息60秒...
[郑路由] ⏳ 暂无任务，休息60秒...
[王规划] ⏳ 暂无任务，休息60秒...
[冯优化] ⏳ 暂无任务，休息60秒...
[钱调度] ⏳ 暂无任务，休息60秒...
[陈元灵] ⏳ 暂无任务，休息60秒...
[林对齐] ⏳ 暂无任务，休息60秒...
[朱图谱] ⏳ 暂无任务，休息60秒...
[平心理] ⏳ 暂无任务，休息60秒...
[水版本] ⏳ 暂无任务，休息60秒...
[葛消息] ⏳ 暂无任务，休息60秒...
[皮审计] ⏳ 暂无任务，休息60秒...
[赏界面] ⏳ 暂无任务，休息60秒...
[财SDK] ⏳ 暂无任务，休息60秒...
[蒋巨门] ⏳ 暂无任务，休息60秒...
[沈记忆] ⏳ 暂无任务，休息60秒...
[韩向量] ⏳ 暂无任务，休息60秒...
[杨检索] ⏳ 暂无任务，休息60秒...
[伍廉贞] ⏳ 暂无任务，休息60秒...
[余情绪] ⏳ 暂无任务，休息60秒...
[元人格] ⏳ 暂无任务，休息60秒...
[孟一致] ⏳ 暂无任务，休息60秒...
[谢武功] ⏳ 暂无任务，休息60秒...
[邹接口] ⏳ 暂无任务，休息60秒...
[喻发现] ⏳ 暂无任务，休息60秒...
[柏依赖] ⏳ 暂无任务，休息60秒...
[章破军] ⏳ 暂无任务，休息60秒...
[云沙箱] ⏳ 暂无任务，休息60秒...
[苏容器] ⏳ 暂无任务，休息60秒...
[潘外呼] ⏳ 暂无任务，休息60秒...
[倪左辅] ⏳ 暂无任务，休息60秒...
[汤K8s] ⏳ 暂无任务，休息60秒...
[殷用户] ⏳ 暂无任务，休息60秒...
[罗隔离] ⏳ 暂无任务，休息60秒...
[毕配置] ⏳ 暂无任务，休息60秒...
[周右弼] ⏳ 暂无任务，休息60秒...
[乐法律] ⏳ 暂无任务，休息60秒...
[于道德] ⏳ 暂无任务，休息60秒...
[时权限] ⏳ 暂无任务，休息60秒...
[薛贪狼] ⏳ 暂无任务，休息60秒...
[雷ASR] ⏳ 暂无任务，休息60秒...
[贺TTS] ⏳ 暂无任务，休息60秒...
[贡数字人] ⏳ 暂无任务，休息60秒...
[齐辅弼] ⏳ 暂无任务，休息60秒...
[康网关] ⏳ 暂无任务，休息60秒...
[和产品] ⏳ 暂无任务，休息60秒...
[穆文档] ⏳ 暂无任务，休息60秒...
[黄漂移] ⏳ 暂无任务，休息60秒...
[周进化] ⏳ 暂无任务，休息60秒...
[吴模板] ⏳ 暂无任务，休息60秒...
[周禄存] ⏳ 暂无任务，休息60秒...
[郑路由] ⏳ 暂无任务，休息60秒...
[王规划] ⏳ 暂无任务，休息60秒...
[冯优化] ⏳ 暂无任务，休息60秒...
[钱调度] ⏳ 暂无任务，休息60秒...
[陈元灵] ⏳ 暂无任务，休息60秒...
[林对齐] ⏳ 暂无任务，休息60秒...
[朱图谱] ⏳ 暂无任务，休息60秒...
[平心理] ⏳ 暂无任务，休息60秒...
[水版本] ⏳ 暂无任务，休息60秒...
[葛消息] ⏳ 暂无任务，休息60秒...
[皮审计] ⏳ 暂无任务，休息60秒...
[赏界面] ⏳ 暂无任务，休息60秒...
[财SDK] ⏳ 暂无任务，休息60秒...
[蒋巨门] ⏳ 暂无任务，休息60秒...
[沈记忆] ⏳ 暂无任务，休息60秒...
[韩向量] ⏳ 暂无任务，休息60秒...
[杨检索] ⏳ 暂无任务，休息60秒...
[伍廉贞] ⏳ 暂无任务，休息60秒...
[余情绪] ⏳ 暂无任务，休息60秒...
[元人格] ⏳ 暂无任务，休息60秒...
[孟一致] ⏳ 暂无任务，休息60秒...
[谢武功] ⏳ 暂无任务，休息60秒...
[邹接口] ⏳ 暂无任务，休息60秒...
[喻发现] ⏳ 暂无任务，休息60秒...
[柏依赖] ⏳ 暂无任务，休息60秒...
[章破军] ⏳ 暂无任务，休息60秒...
[云沙箱] ⏳ 暂无任务，休息60秒...
[苏容器] ⏳ 暂无任务，休息60秒...
[潘外呼] ⏳ 暂无任务，休息60秒...
[倪左辅] ⏳ 暂无任务，休息60秒...
[汤K8s] ⏳ 暂无任务，休息60秒...
[殷用户] ⏳ 暂无任务，休息60秒...
[罗隔离] ⏳ 暂无任务，休息60秒...
[毕配置] ⏳ 暂无任务，休息60秒...
[周右弼] ⏳ 暂无任务，休息60秒...
[乐法律] ⏳ 暂无任务，休息60秒...
[于道德] ⏳ 暂无任务，休息60秒...
[时权限] ⏳ 暂无任务，休息60秒...
[薛贪狼] ⏳ 暂无任务，休息60秒...
[雷ASR] ⏳ 暂无任务，休息60秒...
[贺TTS] ⏳ 暂无任务，休息60秒...
[贡数字人] ⏳ 暂无任务，休息60秒...
[齐辅弼] ⏳ 暂无任务，休息60秒...
[康网关] ⏳ 暂无任务，休息60秒...
[和产品] ⏳ 暂无任务，休息60秒...
[穆文档] ⏳ 暂无任务，休息60秒...
[黄漂移] ⏳ 暂无任务，休息60秒...
[周进化] ⏳ 暂无任务，休息60秒...
[吴模板] ⏳ 暂无任务，休息60秒...
[周禄存] ⏳ 暂无任务，休息60秒...
[郑路由] ⏳ 暂无任务，休息60秒...
[王规划] ⏳ 暂无任务，休息60秒...
[冯优化] ⏳ 暂无任务，休息60秒...
[钱调度] ⏳ 暂无任务，休息60秒...
[陈元灵] ⏳ 暂无任务，休息60秒...
[林对齐] ⏳ 暂无任务，休息60秒...
[朱图谱] ⏳ 暂无任务，休息60秒...
[平心理] ⏳ 暂无任务，休息60秒...
[水版本] ⏳ 暂无任务，休息60秒...
[葛消息] ⏳ 暂无任务，休息60秒...
[皮审计] ⏳ 暂无任务，休息60秒...
[赏界面] ⏳ 暂无任务，休息60秒...
[财SDK] ⏳ 暂无任务，休息60秒...
[蒋巨门] ⏳ 暂无任务，休息60秒...
[沈记忆] ⏳ 暂无任务，休息60秒...
[韩向量] ⏳ 暂无任务，休息60秒...
[杨检索] ⏳ 暂无任务，休息60秒...
[伍廉贞] ⏳ 暂无任务，休息60秒...
[余情绪] ⏳ 暂无任务，休息60秒...
[元人格] ⏳ 暂无任务，休息60秒...
[孟一致] ⏳ 暂无任务，休息60秒...
[谢武功] ⏳ 暂无任务，休息60秒...
[邹接口] ⏳ 暂无任务，休息60秒...
[喻发现] ⏳ 暂无任务，休息60秒...
[柏依赖] ⏳ 暂无任务，休息60秒...
[章破军] ⏳ 暂无任务，休息60秒...
[云沙箱] ⏳ 暂无任务，休息60秒...
[苏容器] ⏳ 暂无任务，休息60秒...
[潘外呼] ⏳ 暂无任务，休息60秒...
[倪左辅] ⏳ 暂无任务，休息60秒...
[汤K8s] ⏳ 暂无任务，休息60秒...
[殷用户] ⏳ 暂无任务，休息60秒...
[罗隔离] ⏳ 暂无任务，休息60秒...
[毕配置] ⏳ 暂无任务，休息60秒...
[周右弼] ⏳ 暂无任务，休息60秒...
[乐法律] ⏳ 暂无任务，休息60秒...
[于道德] ⏳ 暂无任务，休息60秒...
[时权限] ⏳ 暂无任务，休息60秒...
[薛贪狼] ⏳ 暂无任务，休息60秒...
[雷ASR] ⏳ 暂无任务，休息60秒...
[贺TTS] ⏳ 暂无任务，休息60秒...
[贡数字人] ⏳ 暂无任务，休息60秒...
[齐辅弼] ⏳ 暂无任务，休息60秒...
[康网关] ⏳ 暂无任务，休息60秒...
[和产品] ⏳ 暂无任务，休息60秒...
[穆文档] ⏳ 暂无任务，休息60秒...
[黄漂移] ⏳ 暂无任务，休息60秒...
[周进化] ⏳ 暂无任务，休息60秒...
[吴模板] ⏳ 暂无任务，休息60秒...
[周禄存] ⏳ 暂无任务，休息60秒...
[郑路由] ⏳ 暂无任务，休息60秒...
[王规划] ⏳ 暂无任务，休息60秒...
[冯优化] ⏳ 暂无任务，休息60秒...
[钱调度] ⏳ 暂无任务，休息60秒...
[陈元灵] ⏳ 暂无任务，休息60秒...
[林对齐] ⏳ 暂无任务，休息60秒...
[朱图谱] ⏳ 暂无任务，休息60秒...
[平心理] ⏳ 暂无任务，休息60秒...
[水版本] ⏳ 暂无任务，休息60秒...
[葛消息] ⏳ 暂无任务，休息60秒...
[皮审计] ⏳ 暂无任务，休息60秒...
[赏界面] ⏳ 暂无任务，休息60秒...
[财SDK] ⏳ 暂无任务，休息60秒...
[蒋巨门] ⏳ 暂无任务，休息60秒...
[沈记忆] ⏳ 暂无任务，休息60秒...
[韩向量] ⏳ 暂无任务，休息60秒...
[杨检索] ⏳ 暂无任务，休息60秒...
[伍廉贞] ⏳ 暂无任务，休息60秒...
[余情绪] ⏳ 暂无任务，休息60秒...
[元人格] ⏳ 暂无任务，休息60秒...
[孟一致] ⏳ 暂无任务，休息60秒...
[谢武功] ⏳ 暂无任务，休息60秒...
[邹接口] ⏳ 暂无任务，休息60秒...
[喻发现] ⏳ 暂无任务，休息60秒...
[柏依赖] ⏳ 暂无任务，休息60秒...
[章破军] ⏳ 暂无任务，休息60秒...
[云沙箱] ⏳ 暂无任务，休息60秒...
[苏容器] ⏳ 暂无任务，休息60秒...
[潘外呼] ⏳ 暂无任务，休息60秒...
[倪左辅] ⏳ 暂无任务，休息60秒...
[汤K8s] ⏳ 暂无任务，休息60秒...
[殷用户] ⏳ 暂无任务，休息60秒...
[罗隔离] ⏳ 暂无任务，休息60秒...
[毕配置] ⏳ 暂无任务，休息60秒...
[周右弼] ⏳ 暂无任务，休息60秒...
[乐法律] ⏳ 暂无任务，休息60秒...
[于道德] ⏳ 暂无任务，休息60秒...
[时权限] ⏳ 暂无任务，休息60秒...
[薛贪狼] ⏳ 暂无任务，休息60秒...
[雷ASR] ⏳ 暂无任务，休息60秒...
[贺TTS] ⏳ 暂无任务，休息60秒...
[贡数字人] ⏳ 暂无任务，休息60秒...
[齐辅弼] ⏳ 暂无任务，休息60秒...
[康网关] ⏳ 暂无任务，休息60秒...
[和产品] ⏳ 暂无任务，休息60秒...
[穆文档] ⏳ 暂无任务，休息60秒...
[黄漂移] ⏳ 暂无任务，休息60秒...
[周进化] ⏳ 暂无任务，休息60秒...
[吴模板] ⏳ 暂无任务，休息60秒...
[周禄存] ⏳ 暂无任务，休息60秒...
[郑路由] ⏳ 暂无任务，休息60秒...
[王规划] ⏳ 暂无任务，休息60秒...
[冯优化] ⏳ 暂无任务，休息60秒...
[钱调度] ⏳ 暂无任务，休息60秒...
[陈元灵] ⏳ 暂无任务，休息60秒...
[林对齐] ⏳ 暂无任务，休息60秒...
[朱图谱] ⏳ 暂无任务，休息60秒...
[平心理] ⏳ 暂无任务，休息60秒...
[水版本] ⏳ 暂无任务，休息60秒...
[葛消息] ⏳ 暂无任务，休息60秒...
[皮审计] ⏳ 暂无任务，休息60秒...
[赏界面] ⏳ 暂无任务，休息60秒...
[财SDK] ⏳ 暂无任务，休息60秒...
[蒋巨门] ⏳ 暂无任务，休息60秒...
[沈记忆] ⏳ 暂无任务，休息60秒...
[韩向量] ⏳ 暂无任务，休息60秒...
[杨检索] ⏳ 暂无任务，休息60秒...
[伍廉贞] ⏳ 暂无任务，休息60秒...
[余情绪] ⏳ 暂无任务，休息60秒...
[元人格] ⏳ 暂无任务，休息60秒...
[孟一致] ⏳ 暂无任务，休息60秒...
[谢武功] ⏳ 暂无任务，休息60秒...
[邹接口] ⏳ 暂无任务，休息60秒...
[喻发现] ⏳ 暂无任务，休息60秒...
[柏依赖] ⏳ 暂无任务，休息60秒...
[章破军] ⏳ 暂无任务，休息60秒...
[云沙箱] ⏳ 暂无任务，休息60秒...
[苏容器] ⏳ 暂无任务，休息60秒...
[潘外呼] ⏳ 暂无任务，休息60秒...
[倪左辅] ⏳ 暂无任务，休息60秒...
[汤K8s] ⏳ 暂无任务，休息60秒...
[殷用户] ⏳ 暂无任务，休息60秒...
[罗隔离] ⏳ 暂无任务，休息60秒...
[毕配置] ⏳ 暂无任务，休息60秒...
[周右弼] ⏳ 暂无任务，休息60秒...
[乐法律] ⏳ 暂无任务，休息60秒...
[于道德] ⏳ 暂无任务，休息60秒...
[时权限] ⏳ 暂无任务，休息60秒...
[薛贪狼] ⏳ 暂无任务，休息60秒...
[雷ASR] ⏳ 暂无任务，休息60秒...
[贺TTS] ⏳ 暂无任务，休息60秒...
[贡数字人] ⏳ 暂无任务，休息60秒...
[齐辅弼] ⏳ 暂无任务，休息60秒...
[康网关] ⏳ 暂无任务，休息60秒...
[和产品] ⏳ 暂无任务，休息60秒...
[穆文档] ⏳ 暂无任务，休息60秒...
[黄漂移] ⏳ 暂无任务，休息60秒...
[周进化] ⏳ 暂无任务，休息60秒...
[吴模板] ⏳ 暂无任务，休息60秒...
[周禄存] ⏳ 暂无任务，休息60秒...
[郑路由] ⏳ 暂无任务，休息60秒...
[王规划] ⏳ 暂无任务，休息60秒...
[冯优化] ⏳ 暂无任务，休息60秒...
[钱调度] ⏳ 暂无任务，休息60秒...
[陈元灵] ⏳ 暂无任务，休息60秒...
[林对齐] ⏳ 暂无任务，休息60秒...
[朱图谱] ⏳ 暂无任务，休息60秒...
[平心理] ⏳ 暂无任务，休息60秒...
[水版本] ⏳ 暂无任务，休息60秒...
[葛消息] ⏳ 暂无任务，休息60秒...
[皮审计] ⏳ 暂无任务，休息60秒...
[赏界面] ⏳ 暂无任务，休息60秒...
[财SDK] ⏳ 暂无任务，休息60秒...
[蒋巨门] ⏳ 暂无任务，休息60秒...
[沈记忆] ⏳ 暂无任务，休息60秒...
[韩向量] ⏳ 暂无任务，休息60秒...
[杨检索] ⏳ 暂无任务，休息60秒...
[伍廉贞] ⏳ 暂无任务，休息60秒...
[余情绪] ⏳ 暂无任务，休息60秒...
[元人格] ⏳ 暂无任务，休息60秒...
[孟一致] ⏳ 暂无任务，休息60秒...
[谢武功] ⏳ 暂无任务，休息60秒...
[邹接口] ⏳ 暂无任务，休息60秒...
[喻发现] ⏳ 暂无任务，休息60秒...
[柏依赖] ⏳ 暂无任务，休息60秒...
[章破军] ⏳ 暂无任务，休息60秒...
[云沙箱] ⏳ 暂无任务，休息60秒...
[苏容器] ⏳ 暂无任务，休息60秒...
[潘外呼] ⏳ 暂无任务，休息60秒...
[倪左辅] ⏳ 暂无任务，休息60秒...
[汤K8s] ⏳ 暂无任务，休息60秒...
[殷用户] ⏳ 暂无任务，休息60秒...
[罗隔离] ⏳ 暂无任务，休息60秒...
[毕配置] ⏳ 暂无任务，休息60秒...
[周右弼] ⏳ 暂无任务，休息60秒...
[乐法律] ⏳ 暂无任务，休息60秒...
[于道德] ⏳ 暂无任务，休息60秒...
[时权限] ⏳ 暂无任务，休息60秒...
[薛贪狼] ⏳ 暂无任务，休息60秒...
[雷ASR] ⏳ 暂无任务，休息60秒...
[贺TTS] ⏳ 暂无任务，休息60秒...
[贡数字人] ⏳ 暂无任务，休息60秒...
[齐辅弼] ⏳ 暂无任务，休息60秒...
[康网关] ⏳ 暂无任务，休息60秒...
[和产品] ⏳ 暂无任务，休息60秒...
[穆文档] ⏳ 暂无任务，休息60秒...
[黄漂移] ⏳ 暂无任务，休息60秒...
[周进化] ⏳ 暂无任务，休息60秒...
[吴模板] ⏳ 暂无任务，休息60秒...
[周禄存] ⏳ 暂无任务，休息60秒...
[郑路由] ⏳ 暂无任务，休息60秒...
[王规划] ⏳ 暂无任务，休息60秒...
[冯优化] ⏳ 暂无任务，休息60秒...
[钱调度] ⏳ 暂无任务，休息60秒...
[陈元灵] ⏳ 暂无任务，休息60秒...
[林对齐] ⏳ 暂无任务，休息60秒...
[朱图谱] ⏳ 暂无任务，休息60秒...
[平心理] ⏳ 暂无任务，休息60秒...
[水版本] ⏳ 暂无任务，休息60秒...
[葛消息] ⏳ 暂无任务，休息60秒...
[皮审计] ⏳ 暂无任务，休息60秒...
[赏界面] ⏳ 暂无任务，休息60秒...
[财SDK] ⏳ 暂无任务，休息60秒...
[蒋巨门] ⏳ 暂无任务，休息60秒...
[沈记忆] ⏳ 暂无任务，休息60秒...
[韩向量] ⏳ 暂无任务，休息60秒...
[杨检索] ⏳ 暂无任务，休息60秒...
[伍廉贞] ⏳ 暂无任务，休息60秒...
[余情绪] ⏳ 暂无任务，休息60秒...
[元人格] ⏳ 暂无任务，休息60秒...
[孟一致] ⏳ 暂无任务，休息60秒...
[谢武功] ⏳ 暂无任务，休息60秒...
[邹接口] ⏳ 暂无任务，休息60秒...
[喻发现] ⏳ 暂无任务，休息60秒...
[柏依赖] ⏳ 暂无任务，休息60秒...
[章破军] ⏳ 暂无任务，休息60秒...
[云沙箱] ⏳ 暂无任务，休息60秒...
[苏容器] ⏳ 暂无任务，休息60秒...
[潘外呼] ⏳ 暂无任务，休息60秒...
[倪左辅] ⏳ 暂无任务，休息60秒...
[汤K8s] ⏳ 暂无任务，休息60秒...
[殷用户] ⏳ 暂无任务，休息60秒...
[罗隔离] ⏳ 暂无任务，休息60秒...
[毕配置] ⏳ 暂无任务，休息60秒...
[周右弼] ⏳ 暂无任务，休息60秒...
[乐法律] ⏳ 暂无任务，休息60秒...
[于道德] ⏳ 暂无任务，休息60秒...
[时权限] ⏳ 暂无任务，休息60秒...
[薛贪狼] ⏳ 暂无任务，休息60秒...
[雷ASR] ⏳ 暂无任务，休息60秒...
[贺TTS] ⏳ 暂无任务，休息60秒...
[贡数字人] ⏳ 暂无任务，休息60秒...
[齐辅弼] ⏳ 暂无任务，休息60秒...
[康网关] ⏳ 暂无任务，休息60秒...
[和产品] ⏳ 暂无任务，休息60秒...
[穆文档] ⏳ 暂无任务，休息60秒...
[黄漂移] ⏳ 暂无任务，休息60秒...
[周进化] ⏳ 暂无任务，休息60秒...
[吴模板] ⏳ 暂无任务，休息60秒...
[周禄存] ⏳ 暂无任务，休息60秒...
[郑路由] ⏳ 暂无任务，休息60秒...
[王规划] ⏳ 暂无任务，休息60秒...
[冯优化] ⏳ 暂无任务，休息60秒...
[钱调度] ⏳ 暂无任务，休息60秒...
[陈元灵] ⏳ 暂无任务，休息60秒...
[林对齐] ⏳ 暂无任务，休息60秒...
[朱图谱] ⏳ 暂无任务，休息60秒...
[平心理] ⏳ 暂无任务，休息60秒...
[水版本] ⏳ 暂无任务，休息60秒...
[葛消息] ⏳ 暂无任务，休息60秒...
[皮审计] ⏳ 暂无任务，休息60秒...
[赏界面] ⏳ 暂无任务，休息60秒...
[财SDK] ⏳ 暂无任务，休息60秒...
[蒋巨门] ⏳ 暂无任务，休息60秒...
[沈记忆] ⏳ 暂无任务，休息60秒...
[韩向量] ⏳ 暂无任务，休息60秒...
[杨检索] ⏳ 暂无任务，休息60秒...
[伍廉贞] ⏳ 暂无任务，休息60秒...
[余情绪] ⏳ 暂无任务，休息60秒...
[元人格] ⏳ 暂无任务，休息60秒...
[孟一致] ⏳ 暂无任务，休息60秒...
[谢武功] ⏳ 暂无任务，休息60秒...
[邹接口] ⏳ 暂无任务，休息60秒...
[喻发现] ⏳ 暂无任务，休息60秒...
[柏依赖] ⏳ 暂无任务，休息60秒...
[章破军] ⏳ 暂无任务，休息60秒...
[云沙箱] ⏳ 暂无任务，休息60秒...
[苏容器] ⏳ 暂无任务，休息60秒...
[潘外呼] ⏳ 暂无任务，休息60秒...
[倪左辅] ⏳ 暂无任务，休息60秒...
[汤K8s] ⏳ 暂无任务，休息60秒...
[殷用户] ⏳ 暂无任务，休息60秒...
[罗隔离] ⏳ 暂无任务，休息60秒...
[毕配置] ⏳ 暂无任务，休息60秒...
[周右弼] ⏳ 暂无任务，休息60秒...
[乐法律] ⏳ 暂无任务，休息60秒...
[于道德] ⏳ 暂无任务，休息60秒...
[时权限] ⏳ 暂无任务，休息60秒...
[薛贪狼] ⏳ 暂无任务，休息60秒...
[雷ASR] ⏳ 暂无任务，休息60秒...
[贺TTS] ⏳ 暂无任务，休息60秒...
[贡数字人] ⏳ 暂无任务，休息60秒...
[齐辅弼] ⏳ 暂无任务，休息60秒...
[康网关] ⏳ 暂无任务，休息60秒...
[和产品] ⏳ 暂无任务，休息60秒...
[穆文档] ⏳ 暂无任务，休息60秒...
[黄漂移] ⏳ 暂无任务，休息60秒...
[周进化] ⏳ 暂无任务，休息60秒...
[吴模板] ⏳ 暂无任务，休息60秒...
[周禄存] ⏳ 暂无任务，休息60秒...
[郑路由] ⏳ 暂无任务，休息60秒...
[王规划] ⏳ 暂无任务，休息60秒...
[冯优化] ⏳ 暂无任务，休息60秒...
[钱调度] ⏳ 暂无任务，休息60秒...
[陈元灵] ⏳ 暂无任务，休息60秒...
[林对齐] ⏳ 暂无任务，休息60秒...
[朱图谱] ⏳ 暂无任务，休息60秒...
[平心理] ⏳ 暂无任务，休息60秒...
[水版本] ⏳ 暂无任务，休息60秒...
[葛消息] ⏳ 暂无任务，休息60秒...
[皮审计] ⏳ 暂无任务，休息60秒...
[赏界面] ⏳ 暂无任务，休息60秒...
[财SDK] ⏳ 暂无任务，休息60秒...
[蒋巨门] ⏳ 暂无任务，休息60秒...
[沈记忆] ⏳ 暂无任务，休息60秒...
[韩向量] ⏳ 暂无任务，休息60秒...
[杨检索] ⏳ 暂无任务，休息60秒...
[伍廉贞] ⏳ 暂无任务，休息60秒...
[余情绪] ⏳ 暂无任务，休息60秒...
[元人格] ⏳ 暂无任务，休息60秒...
[孟一致] ⏳ 暂无任务，休息60秒...
[谢武功] ⏳ 暂无任务，休息60秒...
[邹接口] ⏳ 暂无任务，休息60秒...
[喻发现] ⏳ 暂无任务，休息60秒...
[柏依赖] ⏳ 暂无任务，休息60秒...
[章破军] ⏳ 暂无任务，休息60秒...
[云沙箱] ⏳ 暂无任务，休息60秒...
[苏容器] ⏳ 暂无任务，休息60秒...
[潘外呼] ⏳ 暂无任务，休息60秒...
[倪左辅] ⏳ 暂无任务，休息60秒...
[汤K8s] ⏳ 暂无任务，休息60秒...
[殷用户] ⏳ 暂无任务，休息60秒...
[罗隔离] ⏳ 暂无任务，休息60秒...
[毕配置] ⏳ 暂无任务，休息60秒...
[周右弼] ⏳ 暂无任务，休息60秒...
[乐法律] ⏳ 暂无任务，休息60秒...
[于道德] ⏳ 暂无任务，休息60秒...
[时权限] ⏳ 暂无任务，休息60秒...
[薛贪狼] ⏳ 暂无任务，休息60秒...
[雷ASR] ⏳ 暂无任务，休息60秒...
[贺TTS] ⏳ 暂无任务，休息60秒...
[贡数字人] ⏳ 暂无任务，休息60秒...
[齐辅弼] ⏳ 暂无任务，休息60秒...
[康网关] ⏳ 暂无任务，休息60秒...
[和产品] ⏳ 暂无任务，休息60秒...
[穆文档] ⏳ 暂无任务，休息60秒...
[黄漂移] ⏳ 暂无任务，休息60秒...
[周进化] ⏳ 暂无任务，休息60秒...
[吴模板] ⏳ 暂无任务，休息60秒...
[周禄存] ⏳ 暂无任务，休息60秒...
[郑路由] ⏳ 暂无任务，休息60秒...
[王规划] ⏳ 暂无任务，休息60秒...
[冯优化] ⏳ 暂无任务，休息60秒...
[钱调度] ⏳ 暂无任务，休息60秒...
[陈元灵] ⏳ 暂无任务，休息60秒...
[林对齐] ⏳ 暂无任务，休息60秒...
[朱图谱] ⏳ 暂无任务，休息60秒...
[平心理] ⏳ 暂无任务，休息60秒...
[水版本] ⏳ 暂无任务，休息60秒...
[葛消息] ⏳ 暂无任务，休息60秒...
[皮审计] ⏳ 暂无任务，休息60秒...
[赏界面] ⏳ 暂无任务，休息60秒...
[财SDK] ⏳ 暂无任务，休息60秒...
[蒋巨门] ⏳ 暂无任务，休息60秒...
[沈记忆] ⏳ 暂无任务，休息60秒...
[韩向量] ⏳ 暂无任务，休息60秒...
[杨检索] ⏳ 暂无任务，休息60秒...
[伍廉贞] ⏳ 暂无任务，休息60秒...
[余情绪] ⏳ 暂无任务，休息60秒...
[元人格] ⏳ 暂无任务，休息60秒...
[孟一致] ⏳ 暂无任务，休息60秒...
[谢武功] ⏳ 暂无任务，休息60秒...
[邹接口] ⏳ 暂无任务，休息60秒...
[喻发现] ⏳ 暂无任务，休息60秒...
[柏依赖] ⏳ 暂无任务，休息60秒...
[章破军] ⏳ 暂无任务，休息60秒...
[云沙箱] ⏳ 暂无任务，休息60秒...
[苏容器] ⏳ 暂无任务，休息60秒...
[潘外呼] ⏳ 暂无任务，休息60秒...
[倪左辅] ⏳ 暂无任务，休息60秒...
[汤K8s] ⏳ 暂无任务，休息60秒...
[殷用户] ⏳ 暂无任务，休息60秒...
[罗隔离] ⏳ 暂无任务，休息60秒...
[毕配置] ⏳ 暂无任务，休息60秒...
[周右弼] ⏳ 暂无任务，休息60秒...
[乐法律] ⏳ 暂无任务，休息60秒...
[于道德] ⏳ 暂无任务，休息60秒...
[时权限] ⏳ 暂无任务，休息60秒...
[薛贪狼] ⏳ 暂无任务，休息60秒...
[雷ASR] ⏳ 暂无任务，休息60秒...
[贺TTS] ⏳ 暂无任务，休息60秒...
[贡数字人] ⏳ 暂无任务，休息60秒...
[齐辅弼] ⏳ 暂无任务，休息60秒...
[康网关] ⏳ 暂无任务，休息60秒...
[和产品] ⏳ 暂无任务，休息60秒...
[穆文档] ⏳ 暂无任务，休息60秒...
[黄漂移] ⏳ 暂无任务，休息60秒...
[周进化] ⏳ 暂无任务，休息60秒...
[吴模板] ⏳ 暂无任务，休息60秒...
[周禄存] ⏳ 暂无任务，休息60秒...
[郑路由] ⏳ 暂无任务，休息60秒...
[王规划] ⏳ 暂无任务，休息60秒...
[冯优化] ⏳ 暂无任务，休息60秒...
[钱调度] ⏳ 暂无任务，休息60秒...
[陈元灵] ⏳ 暂无任务，休息60秒...
[林对齐] ⏳ 暂无任务，休息60秒...
[朱图谱] ⏳ 暂无任务，休息60秒...
[平心理] ⏳ 暂无任务，休息60秒...
[水版本] ⏳ 暂无任务，休息60秒...
[葛消息] ⏳ 暂无任务，休息60秒...
[皮审计] ⏳ 暂无任务，休息60秒...
[赏界面] ⏳ 暂无任务，休息60秒...
[财SDK] ⏳ 暂无任务，休息60秒...
[蒋巨门] ⏳ 暂无任务，休息60秒...
[沈记忆] ⏳ 暂无任务，休息60秒...
[韩向量] ⏳ 暂无任务，休息60秒...
[杨检索] ⏳ 暂无任务，休息60秒...
[伍廉贞] ⏳ 暂无任务，休息60秒...
[余情绪] ⏳ 暂无任务，休息60秒...
[元人格] ⏳ 暂无任务，休息60秒...
[孟一致] ⏳ 暂无任务，休息60秒...
[谢武功] ⏳ 暂无任务，休息60秒...
[邹接口] ⏳ 暂无任务，休息60秒...
[喻发现] ⏳ 暂无任务，休息60秒...
[柏依赖] ⏳ 暂无任务，休息60秒...
[章破军] ⏳ 暂无任务，休息60秒...
[云沙箱] ⏳ 暂无任务，休息60秒...
[苏容器] ⏳ 暂无任务，休息60秒...
[潘外呼] ⏳ 暂无任务，休息60秒...
[倪左辅] ⏳ 暂无任务，休息60秒...
[汤K8s] ⏳ 暂无任务，休息60秒...
[殷用户] ⏳ 暂无任务，休息60秒...
[罗隔离] ⏳ 暂无任务，休息60秒...
[毕配置] ⏳ 暂无任务，休息60秒...
[周右弼] ⏳ 暂无任务，休息60秒...
[乐法律] ⏳ 暂无任务，休息60秒...
[于道德] ⏳ 暂无任务，休息60秒...
[时权限] ⏳ 暂无任务，休息60秒...
[薛贪狼] ⏳ 暂无任务，休息60秒...
[雷ASR] ⏳ 暂无任务，休息60秒...
[贺TTS] ⏳ 暂无任务，休息60秒...
[贡数字人] ⏳ 暂无任务，休息60秒...
[齐辅弼] ⏳ 暂无任务，休息60秒...
[康网关] ⏳ 暂无任务，休息60秒...
[和产品] ⏳ 暂无任务，休息60秒...
[穆文档] ⏳ 暂无任务，休息60秒...
[黄漂移] ⏳ 暂无任务，休息60秒...
[周进化] ⏳ 暂无任务，休息60秒...
[吴模板] ⏳ 暂无任务，休息60秒...
[周禄存] ⏳ 暂无任务，休息60秒...
[郑路由] ⏳ 暂无任务，休息60秒...
[王规划] ⏳ 暂无任务，休息60秒...
[冯优化] ⏳ 暂无任务，休息60秒...
[钱调度] ⏳ 暂无任务，休息60秒...
[陈元灵] ⏳ 暂无任务，休息60秒...
[林对齐] ⏳ 暂无任务，休息60秒...
[朱图谱] ⏳ 暂无任务，休息60秒...
[平心理] ⏳ 暂无任务，休息60秒...
[水版本] ⏳ 暂无任务，休息60秒...
[葛消息] ⏳ 暂无任务，休息60秒...
[皮审计] ⏳ 暂无任务，休息60秒...
[赏界面] ⏳ 暂无任务，休息60秒...
[财SDK] ⏳ 暂无任务，休息60秒...
[蒋巨门] ⏳ 暂无任务，休息60秒...
[沈记忆] ⏳ 暂无任务，休息60秒...
[韩向量] ⏳ 暂无任务，休息60秒...
[杨检索] ⏳ 暂无任务，休息60秒...
[伍廉贞] ⏳ 暂无任务，休息60秒...
[余情绪] ⏳ 暂无任务，休息60秒...
[元人格] ⏳ 暂无任务，休息60秒...
[孟一致] ⏳ 暂无任务，休息60秒...
[谢武功] ⏳ 暂无任务，休息60秒...
[邹接口] ⏳ 暂无任务，休息60秒...
[喻发现] ⏳ 暂无任务，休息60秒...
[柏依赖] ⏳ 暂无任务，休息60秒...
[章破军] ⏳ 暂无任务，休息60秒...
[云沙箱] ⏳ 暂无任务，休息60秒...
[苏容器] ⏳ 暂无任务，休息60秒...
[潘外呼] ⏳ 暂无任务，休息60秒...
[倪左辅] ⏳ 暂无任务，休息60秒...
[汤K8s] ⏳ 暂无任务，休息60秒...
[殷用户] ⏳ 暂无任务，休息60秒...
[罗隔离] ⏳ 暂无任务，休息60秒...
[毕配置] ⏳ 暂无任务，休息60秒...
[周右弼] ⏳ 暂无任务，休息60秒...
[乐法律] ⏳ 暂无任务，休息60秒...
[于道德] ⏳ 暂无任务，休息60秒...
[时权限] ⏳ 暂无任务，休息60秒...
[薛贪狼] ⏳ 暂无任务，休息60秒...
[雷ASR] ⏳ 暂无任务，休息60秒...
[贺TTS] ⏳ 暂无任务，休息60秒...
[贡数字人] ⏳ 暂无任务，休息60秒...
[齐辅弼] ⏳ 暂无任务，休息60秒...
[康网关] ⏳ 暂无任务，休息60秒...
[和产品] ⏳ 暂无任务，休息60秒...
[穆文档] ⏳ 暂无任务，休息60秒...
[黄漂移] ⏳ 暂无任务，休息60秒...
[周进化] ⏳ 暂无任务，休息60秒...
[吴模板] ⏳ 暂无任务，休息60秒...
[周禄存] ⏳ 暂无任务，休息60秒...
[郑路由] ⏳ 暂无任务，休息60秒...
[王规划] ⏳ 暂无任务，休息60秒...
[冯优化] ⏳ 暂无任务，休息60秒...
[钱调度] ⏳ 暂无任务，休息60秒...
[陈元灵] ⏳ 暂无任务，休息60秒...
[林对齐] ⏳ 暂无任务，休息60秒...
[朱图谱] ⏳ 暂无任务，休息60秒...
[平心理] ⏳ 暂无任务，休息60秒...
[水版本] ⏳ 暂无任务，休息60秒...
[葛消息] ⏳ 暂无任务，休息60秒...
[皮审计] ⏳ 暂无任务，休息60秒...
[赏界面] ⏳ 暂无任务，休息60秒...
[财SDK] ⏳ 暂无任务，休息60秒...
[蒋巨门] ⏳ 暂无任务，休息60秒...
[沈记忆] ⏳ 暂无任务，休息60秒...
[韩向量] ⏳ 暂无任务，休息60秒...
[杨检索] ⏳ 暂无任务，休息60秒...
[伍廉贞] ⏳ 暂无任务，休息60秒...
[余情绪] ⏳ 暂无任务，休息60秒...
[元人格] ⏳ 暂无任务，休息60秒...
[孟一致] ⏳ 暂无任务，休息60秒...
[谢武功] ⏳ 暂无任务，休息60秒...
[邹接口] ⏳ 暂无任务，休息60秒...
[喻发现] ⏳ 暂无任务，休息60秒...
[柏依赖] ⏳ 暂无任务，休息60秒...
[章破军] ⏳ 暂无任务，休息60秒...
[云沙箱] ⏳ 暂无任务，休息60秒...
[苏容器] ⏳ 暂无任务，休息60秒...
[潘外呼] ⏳ 暂无任务，休息60秒...
[倪左辅] ⏳ 暂无任务，休息60秒...
[汤K8s] ⏳ 暂无任务，休息60秒...
[殷用户] ⏳ 暂无任务，休息60秒...
[罗隔离] ⏳ 暂无任务，休息60秒...
[毕配置] ⏳ 暂无任务，休息60秒...
[周右弼] ⏳ 暂无任务，休息60秒...
[乐法律] ⏳ 暂无任务，休息60秒...
[于道德] ⏳ 暂无任务，休息60秒...
[时权限] ⏳ 暂无任务，休息60秒...
[薛贪狼] ⏳ 暂无任务，休息60秒...
[雷ASR] ⏳ 暂无任务，休息60秒...
[贺TTS] ⏳ 暂无任务，休息60秒...
[贡数字人] ⏳ 暂无任务，休息60秒...
[齐辅弼] ⏳ 暂无任务，休息60秒...
[康网关] ⏳ 暂无任务，休息60秒...
[和产品] ⏳ 暂无任务，休息60秒...
[穆文档] ⏳ 暂无任务，休息60秒...
[黄漂移] ⏳ 暂无任务，休息60秒...
[周进化] ⏳ 暂无任务，休息60秒...
[吴模板] ⏳ 暂无任务，休息60秒...
[周禄存] ⏳ 暂无任务，休息60秒...
[郑路由] ⏳ 暂无任务，休息60秒...
[王规划] ⏳ 暂无任务，休息60秒...
[冯优化] ⏳ 暂无任务，休息60秒...
[钱调度] ⏳ 暂无任务，休息60秒...
[陈元灵] ⏳ 暂无任务，休息60秒...
[林对齐] ⏳ 暂无任务，休息60秒...
[朱图谱] ⏳ 暂无任务，休息60秒...
[平心理] ⏳ 暂无任务，休息60秒...
[水版本] ⏳ 暂无任务，休息60秒...
[葛消息] ⏳ 暂无任务，休息60秒...
[皮审计] ⏳ 暂无任务，休息60秒...
[赏界面] ⏳ 暂无任务，休息60秒...
[财SDK] ⏳ 暂无任务，休息60秒...
[蒋巨门] ⏳ 暂无任务，休息60秒...
[沈记忆] ⏳ 暂无任务，休息60秒...
[韩向量] ⏳ 暂无任务，休息60秒...
[杨检索] ⏳ 暂无任务，休息60秒...
[伍廉贞] ⏳ 暂无任务，休息60秒...
[余情绪] ⏳ 暂无任务，休息60秒...
[元人格] ⏳ 暂无任务，休息60秒...
[孟一致] ⏳ 暂无任务，休息60秒...
[谢武功] ⏳ 暂无任务，休息60秒...
[邹接口] ⏳ 暂无任务，休息60秒...
[喻发现] ⏳ 暂无任务，休息60秒...
[柏依赖] ⏳ 暂无任务，休息60秒...
[章破军] ⏳ 暂无任务，休息60秒...
[云沙箱] ⏳ 暂无任务，休息60秒...
[苏容器] ⏳ 暂无任务，休息60秒...
[潘外呼] ⏳ 暂无任务，休息60秒...
[倪左辅] ⏳ 暂无任务，休息60秒...
[汤K8s] ⏳ 暂无任务，休息60秒...
[殷用户] ⏳ 暂无任务，休息60秒...
[罗隔离] ⏳ 暂无任务，休息60秒...
[毕配置] ⏳ 暂无任务，休息60秒...
[周右弼] ⏳ 暂无任务，休息60秒...
[乐法律] ⏳ 暂无任务，休息60秒...
[于道德] ⏳ 暂无任务，休息60秒...
[时权限] ⏳ 暂无任务，休息60秒...
[薛贪狼] ⏳ 暂无任务，休息60秒...
[雷ASR] ⏳ 暂无任务，休息60秒...
[贺TTS] ⏳ 暂无任务，休息60秒...
[贡数字人] ⏳ 暂无任务，休息60秒...
[齐辅弼] ⏳ 暂无任务，休息60秒...
[康网关] ⏳ 暂无任务，休息60秒...
[和产品] ⏳ 暂无任务，休息60秒...
[穆文档] ⏳ 暂无任务，休息60秒...
[黄漂移] ⏳ 暂无任务，休息60秒...
[周进化] ⏳ 暂无任务，休息60秒...
[吴模板] ⏳ 暂无任务，休息60秒...
[周禄存] ⏳ 暂无任务，休息60秒...
[郑路由] ⏳ 暂无任务，休息60秒...
[王规划] ⏳ 暂无任务，休息60秒...
[冯优化] ⏳ 暂无任务，休息60秒...
[钱调度] ⏳ 暂无任务，休息60秒...
[陈元灵] ⏳ 暂无任务，休息60秒...
[林对齐] ⏳ 暂无任务，休息60秒...
[朱图谱] ⏳ 暂无任务，休息60秒...
[平心理] ⏳ 暂无任务，休息60秒...
[水版本] ⏳ 暂无任务，休息60秒...
[葛消息] ⏳ 暂无任务，休息60秒...
[皮审计] ⏳ 暂无任务，休息60秒...
[赏界面] ⏳ 暂无任务，休息60秒...
[财SDK] ⏳ 暂无任务，休息60秒...
[蒋巨门] ⏳ 暂无任务，休息60秒...
[沈记忆] ⏳ 暂无任务，休息60秒...
[韩向量] ⏳ 暂无任务，休息60秒...
[杨检索] ⏳ 暂无任务，休息60秒...
[伍廉贞] ⏳ 暂无任务，休息60秒...
[余情绪] ⏳ 暂无任务，休息60秒...
[元人格] ⏳ 暂无任务，休息60秒...
[孟一致] ⏳ 暂无任务，休息60秒...
[谢武功] ⏳ 暂无任务，休息60秒...
[邹接口] ⏳ 暂无任务，休息60秒...
[喻发现] ⏳ 暂无任务，休息60秒...
[柏依赖] ⏳ 暂无任务，休息60秒...
[章破军] ⏳ 暂无任务，休息60秒...
[云沙箱] ⏳ 暂无任务，休息60秒...
[苏容器] ⏳ 暂无任务，休息60秒...
[潘外呼] ⏳ 暂无任务，休息60秒...
[倪左辅] ⏳ 暂无任务，休息60秒...
[汤K8s] ⏳ 暂无任务，休息60秒...
[殷用户] ⏳ 暂无任务，休息60秒...
[罗隔离] ⏳ 暂无任务，休息60秒...
[毕配置] ⏳ 暂无任务，休息60秒...
[周右弼] ⏳ 暂无任务，休息60秒...
[乐法律] ⏳ 暂无任务，休息60秒...
[于道德] ⏳ 暂无任务，休息60秒...
[时权限] ⏳ 暂无任务，休息60秒...
[薛贪狼] ⏳ 暂无任务，休息60秒...
[雷ASR] ⏳ 暂无任务，休息60秒...
[贺TTS] ⏳ 暂无任务，休息60秒...
[贡数字人] ⏳ 暂无任务，休息60秒...
[齐辅弼] ⏳ 暂无任务，休息60秒...
[康网关] ⏳ 暂无任务，休息60秒...
[和产品] ⏳ 暂无任务，休息60秒...
[穆文档] ⏳ 暂无任务，休息60秒...
[黄漂移] ⏳ 暂无任务，休息60秒...
[周进化] ⏳ 暂无任务，休息60秒...
[吴模板] ⏳ 暂无任务，休息60秒...
[周禄存] ⏳ 暂无任务，休息60秒...
[郑路由] ⏳ 暂无任务，休息60秒...
[王规划] ⏳ 暂无任务，休息60秒...
[冯优化] ⏳ 暂无任务，休息60秒...
[钱调度] ⏳ 暂无任务，休息60秒...
[陈元灵] ⏳ 暂无任务，休息60秒...
[林对齐] ⏳ 暂无任务，休息60秒...
[朱图谱] ⏳ 暂无任务，休息60秒...
[平心理] ⏳ 暂无任务，休息60秒...
[水版本] ⏳ 暂无任务，休息60秒...
[葛消息] ⏳ 暂无任务，休息60秒...
[皮审计] ⏳ 暂无任务，休息60秒...
[赏界面] ⏳ 暂无任务，休息60秒...
[财SDK] ⏳ 暂无任务，休息60秒...
[蒋巨门] ⏳ 暂无任务，休息60秒...
[沈记忆] ⏳ 暂无任务，休息60秒...
[韩向量] ⏳ 暂无任务，休息60秒...
[杨检索] ⏳ 暂无任务，休息60秒...
[伍廉贞] ⏳ 暂无任务，休息60秒...
[余情绪] ⏳ 暂无任务，休息60秒...
[元人格] ⏳ 暂无任务，休息60秒...
[孟一致] ⏳ 暂无任务，休息60秒...
[谢武功] ⏳ 暂无任务，休息60秒...
[邹接口] ⏳ 暂无任务，休息60秒...
[喻发现] ⏳ 暂无任务，休息60秒...
[柏依赖] ⏳ 暂无任务，休息60秒...
[章破军] ⏳ 暂无任务，休息60秒...
[云沙箱] ⏳ 暂无任务，休息60秒...
[苏容器] ⏳ 暂无任务，休息60秒...
[潘外呼] ⏳ 暂无任务，休息60秒...
[倪左辅] ⏳ 暂无任务，休息60秒...
[汤K8s] ⏳ 暂无任务，休息60秒...
[殷用户] ⏳ 暂无任务，休息60秒...
[罗隔离] ⏳ 暂无任务，休息60秒...
[毕配置] ⏳ 暂无任务，休息60秒...
[周右弼] ⏳ 暂无任务，休息60秒...
[乐法律] ⏳ 暂无任务，休息60秒...
[于道德] ⏳ 暂无任务，休息60秒...
[时权限] ⏳ 暂无任务，休息60秒...
[薛贪狼] ⏳ 暂无任务，休息60秒...
[雷ASR] ⏳ 暂无任务，休息60秒...
[贺TTS] ⏳ 暂无任务，休息60秒...
[贡数字人] ⏳ 暂无任务，休息60秒...
[齐辅弼] ⏳ 暂无任务，休息60秒...
[康网关] ⏳ 暂无任务，休息60秒...
[和产品] ⏳ 暂无任务，休息60秒...
[穆文档] ⏳ 暂无任务，休息60秒...
[黄漂移] ⏳ 暂无任务，休息60秒...
[周进化] ⏳ 暂无任务，休息60秒...
[吴模板] ⏳ 暂无任务，休息60秒...
[周禄存] ⏳ 暂无任务，休息60秒...
[郑路由] ⏳ 暂无任务，休息60秒...
[王规划] ⏳ 暂无任务，休息60秒...
[冯优化] ⏳ 暂无任务，休息60秒...
[钱调度] ⏳ 暂无任务，休息60秒...
[陈元灵] ⏳ 暂无任务，休息60秒...
[林对齐] ⏳ 暂无任务，休息60秒...
[朱图谱] ⏳ 暂无任务，休息60秒...
[平心理] ⏳ 暂无任务，休息60秒...
[水版本] ⏳ 暂无任务，休息60秒...
[葛消息] ⏳ 暂无任务，休息60秒...
[皮审计] ⏳ 暂无任务，休息60秒...
[赏界面] ⏳ 暂无任务，休息60秒...
[财SDK] ⏳ 暂无任务，休息60秒...
[蒋巨门] ⏳ 暂无任务，休息60秒...
[沈记忆] ⏳ 暂无任务，休息60秒...
[韩向量] ⏳ 暂无任务，休息60秒...
[杨检索] ⏳ 暂无任务，休息60秒...
[伍廉贞] ⏳ 暂无任务，休息60秒...
[余情绪] ⏳ 暂无任务，休息60秒...
[元人格] ⏳ 暂无任务，休息60秒...
[孟一致] ⏳ 暂无任务，休息60秒...
[谢武功] ⏳ 暂无任务，休息60秒...
[邹接口] ⏳ 暂无任务，休息60秒...
[喻发现] ⏳ 暂无任务，休息60秒...
[柏依赖] ⏳ 暂无任务，休息60秒...
[章破军] ⏳ 暂无任务，休息60秒...
[云沙箱] ⏳ 暂无任务，休息60秒...
[苏容器] ⏳ 暂无任务，休息60秒...
[潘外呼] ⏳ 暂无任务，休息60秒...
[倪左辅] ⏳ 暂无任务，休息60秒...
[汤K8s] ⏳ 暂无任务，休息60秒...
[殷用户] ⏳ 暂无任务，休息60秒...
[罗隔离] ⏳ 暂无任务，休息60秒...
[毕配置] ⏳ 暂无任务，休息60秒...
[周右弼] ⏳ 暂无任务，休息60秒...
[乐法律] ⏳ 暂无任务，休息60秒...
[于道德] ⏳ 暂无任务，休息60秒...
[时权限] ⏳ 暂无任务，休息60秒...
[薛贪狼] ⏳ 暂无任务，休息60秒...
[雷ASR] ⏳ 暂无任务，休息60秒...
[贺TTS] ⏳ 暂无任务，休息60秒...
[贡数字人] ⏳ 暂无任务，休息60秒...
[齐辅弼] ⏳ 暂无任务，休息60秒...
[康网关] ⏳ 暂无任务，休息60秒...
[和产品] ⏳ 暂无任务，休息60秒...
[穆文档] ⏳ 暂无任务，休息60秒...
[黄漂移] ⏳ 暂无任务，休息60秒...
[周进化] ⏳ 暂无任务，休息60秒...
[吴模板] ⏳ 暂无任务，休息60秒...
[周禄存] ⏳ 暂无任务，休息60秒...
[郑路由] ⏳ 暂无任务，休息60秒...
[王规划] ⏳ 暂无任务，休息60秒...
[冯优化] ⏳ 暂无任务，休息60秒...
[钱调度] ⏳ 暂无任务，休息60秒...
[陈元灵] ⏳ 暂无任务，休息60秒...
[林对齐] ⏳ 暂无任务，休息60秒...
[朱图谱] ⏳ 暂无任务，休息60秒...
[平心理] ⏳ 暂无任务，休息60秒...
[水版本] ⏳ 暂无任务，休息60秒...
[葛消息] ⏳ 暂无任务，休息60秒...
[皮审计] ⏳ 暂无任务，休息60秒...
[赏界面] ⏳ 暂无任务，休息60秒...
[财SDK] ⏳ 暂无任务，休息60秒...
[蒋巨门] ⏳ 暂无任务，休息60秒...
[沈记忆] ⏳ 暂无任务，休息60秒...
[韩向量] ⏳ 暂无任务，休息60秒...
[杨检索] ⏳ 暂无任务，休息60秒...
[伍廉贞] ⏳ 暂无任务，休息60秒...
[余情绪] ⏳ 暂无任务，休息60秒...
[元人格] ⏳ 暂无任务，休息60秒...
[孟一致] ⏳ 暂无任务，休息60秒...
[谢武功] ⏳ 暂无任务，休息60秒...
[邹接口] ⏳ 暂无任务，休息60秒...
[喻发现] ⏳ 暂无任务，休息60秒...
[柏依赖] ⏳ 暂无任务，休息60秒...
[章破军] ⏳ 暂无任务，休息60秒...
[云沙箱] ⏳ 暂无任务，休息60秒...
[苏容器] ⏳ 暂无任务，休息60秒...
[潘外呼] ⏳ 暂无任务，休息60秒...
[倪左辅] ⏳ 暂无任务，休息60秒...
[汤K8s] ⏳ 暂无任务，休息60秒...
[殷用户] ⏳ 暂无任务，休息60秒...
[罗隔离] ⏳ 暂无任务，休息60秒...
[毕配置] ⏳ 暂无任务，休息60秒...
[周右弼] ⏳ 暂无任务，休息60秒...
[乐法律] ⏳ 暂无任务，休息60秒...
[于道德] ⏳ 暂无任务，休息60秒...
[时权限] ⏳ 暂无任务，休息60秒...
[薛贪狼] ⏳ 暂无任务，休息60秒...
[雷ASR] ⏳ 暂无任务，休息60秒...
[贺TTS] ⏳ 暂无任务，休息60秒...
[贡数字人] ⏳ 暂无任务，休息60秒...
[齐辅弼] ⏳ 暂无任务，休息60秒...
[康网关] ⏳ 暂无任务，休息60秒...
[和产品] ⏳ 暂无任务，休息60秒...
[穆文档] ⏳ 暂无任务，休息60秒...
[黄漂移] ⏳ 暂无任务，休息60秒...
[周进化] ⏳ 暂无任务，休息60秒...
[吴模板] ⏳ 暂无任务，休息60秒...
[周禄存] ⏳ 暂无任务，休息60秒...
[郑路由] ⏳ 暂无任务，休息60秒...
[王规划] ⏳ 暂无任务，休息60秒...
[冯优化] ⏳ 暂无任务，休息60秒...
[钱调度] ⏳ 暂无任务，休息60秒...
[陈元灵] ⏳ 暂无任务，休息60秒...
[林对齐] ⏳ 暂无任务，休息60秒...
[朱图谱] ⏳ 暂无任务，休息60秒...
[平心理] ⏳ 暂无任务，休息60秒...
[水版本] ⏳ 暂无任务，休息60秒...
[葛消息] ⏳ 暂无任务，休息60秒...
[皮审计] ⏳ 暂无任务，休息60秒...
[赏界面] ⏳ 暂无任务，休息60秒...
[财SDK] ⏳ 暂无任务，休息60秒...
[蒋巨门] ⏳ 暂无任务，休息60秒...
[沈记忆] ⏳ 暂无任务，休息60秒...
[韩向量] ⏳ 暂无任务，休息60秒...
[杨检索] ⏳ 暂无任务，休息60秒...
[伍廉贞] ⏳ 暂无任务，休息60秒...
[余情绪] ⏳ 暂无任务，休息60秒...
[元人格] ⏳ 暂无任务，休息60秒...
[孟一致] ⏳ 暂无任务，休息60秒...
[谢武功] ⏳ 暂无任务，休息60秒...
[邹接口] ⏳ 暂无任务，休息60秒...
[喻发现] ⏳ 暂无任务，休息60秒...
[柏依赖] ⏳ 暂无任务，休息60秒...
[章破军] ⏳ 暂无任务，休息60秒...
[云沙箱] ⏳ 暂无任务，休息60秒...
[苏容器] ⏳ 暂无任务，休息60秒...
[潘外呼] ⏳ 暂无任务，休息60秒...
[倪左辅] ⏳ 暂无任务，休息60秒...
[汤K8s] ⏳ 暂无任务，休息60秒...
[殷用户] ⏳ 暂无任务，休息60秒...
[罗隔离] ⏳ 暂无任务，休息60秒...
[毕配置] ⏳ 暂无任务，休息60秒...
[周右弼] ⏳ 暂无任务，休息60秒...
[乐法律] ⏳ 暂无任务，休息60秒...
[于道德] ⏳ 暂无任务，休息60秒...
[时权限] ⏳ 暂无任务，休息60秒...
[薛贪狼] ⏳ 暂无任务，休息60秒...
[雷ASR] ⏳ 暂无任务，休息60秒...
[贺TTS] ⏳ 暂无任务，休息60秒...
[贡数字人] ⏳ 暂无任务，休息60秒...
[齐辅弼] ⏳ 暂无任务，休息60秒...
[康网关] ⏳ 暂无任务，休息60秒...
[和产品] ⏳ 暂无任务，休息60秒...
[穆文档] ⏳ 暂无任务，休息60秒...
[黄漂移] ⏳ 暂无任务，休息60秒...
[周进化] ⏳ 暂无任务，休息60秒...
[吴模板] ⏳ 暂无任务，休息60秒...
[周禄存] ⏳ 暂无任务，休息60秒...
[郑路由] ⏳ 暂无任务，休息60秒...
[王规划] ⏳ 暂无任务，休息60秒...
[冯优化] ⏳ 暂无任务，休息60秒...
[钱调度] ⏳ 暂无任务，休息60秒...
[陈元灵] ⏳ 暂无任务，休息60秒...
[林对齐] ⏳ 暂无任务，休息60秒...
[朱图谱] ⏳ 暂无任务，休息60秒...
[平心理] ⏳ 暂无任务，休息60秒...
[水版本] ⏳ 暂无任务，休息60秒...
[葛消息] ⏳ 暂无任务，休息60秒...
[皮审计] ⏳ 暂无任务，休息60秒...
[赏界面] ⏳ 暂无任务，休息60秒...
[财SDK] ⏳ 暂无任务，休息60秒...
[蒋巨门] ⏳ 暂无任务，休息60秒...
[沈记忆] ⏳ 暂无任务，休息60秒...
[韩向量] ⏳ 暂无任务，休息60秒...
[杨检索] ⏳ 暂无任务，休息60秒...
[伍廉贞] ⏳ 暂无任务，休息60秒...
[余情绪] ⏳ 暂无任务，休息60秒...
[元人格] ⏳ 暂无任务，休息60秒...
[孟一致] ⏳ 暂无任务，休息60秒...
[谢武功] ⏳ 暂无任务，休息60秒...
[邹接口] ⏳ 暂无任务，休息60秒...
[喻发现] ⏳ 暂无任务，休息60秒...
[柏依赖] ⏳ 暂无任务，休息60秒...
[章破军] ⏳ 暂无任务，休息60秒...
[云沙箱] ⏳ 暂无任务，休息60秒...
[苏容器] ⏳ 暂无任务，休息60秒...
[潘外呼] ⏳ 暂无任务，休息60秒...
[倪左辅] ⏳ 暂无任务，休息60秒...
[汤K8s] ⏳ 暂无任务，休息60秒...
[殷用户] ⏳ 暂无任务，休息60秒...
[罗隔离] ⏳ 暂无任务，休息60秒...
[毕配置] ⏳ 暂无任务，休息60秒...
[周右弼] ⏳ 暂无任务，休息60秒...
[乐法律] ⏳ 暂无任务，休息60秒...
[于道德] ⏳ 暂无任务，休息60秒...
[时权限] ⏳ 暂无任务，休息60秒...
[薛贪狼] ⏳ 暂无任务，休息60秒...
[雷ASR] ⏳ 暂无任务，休息60秒...
[贺TTS] ⏳ 暂无任务，休息60秒...
[贡数字人] ⏳ 暂无任务，休息60秒...
[齐辅弼] ⏳ 暂无任务，休息60秒...
[康网关] ⏳ 暂无任务，休息60秒...
[和产品] ⏳ 暂无任务，休息60秒...
[穆文档] ⏳ 暂无任务，休息60秒...
[黄漂移] ⏳ 暂无任务，休息60秒...
[周进化] ⏳ 暂无任务，休息60秒...
[吴模板] ⏳ 暂无任务，休息60秒...
[周禄存] ⏳ 暂无任务，休息60秒...
[郑路由] ⏳ 暂无任务，休息60秒...
[王规划] ⏳ 暂无任务，休息60秒...
[冯优化] ⏳ 暂无任务，休息60秒...
[钱调度] ⏳ 暂无任务，休息60秒...
[陈元灵] ⏳ 暂无任务，休息60秒...
[林对齐] ⏳ 暂无任务，休息60秒...
[朱图谱] ⏳ 暂无任务，休息60秒...
[平心理] ⏳ 暂无任务，休息60秒...
[水版本] ⏳ 暂无任务，休息60秒...
[葛消息] ⏳ 暂无任务，休息60秒...
[皮审计] ⏳ 暂无任务，休息60秒...
[赏界面] ⏳ 暂无任务，休息60秒...
[财SDK] ⏳ 暂无任务，休息60秒...
[蒋巨门] ⏳ 暂无任务，休息60秒...
[沈记忆] ⏳ 暂无任务，休息60秒...
[韩向量] ⏳ 暂无任务，休息60秒...
[杨检索] ⏳ 暂无任务，休息60秒...
[伍廉贞] ⏳ 暂无任务，休息60秒...
[余情绪] ⏳ 暂无任务，休息60秒...
[元人格] ⏳ 暂无任务，休息60秒...
[孟一致] ⏳ 暂无任务，休息60秒...
[谢武功] ⏳ 暂无任务，休息60秒...
[邹接口] ⏳ 暂无任务，休息60秒...
[喻发现] ⏳ 暂无任务，休息60秒...
[柏依赖] ⏳ 暂无任务，休息60秒...
[章破军] ⏳ 暂无任务，休息60秒...
[云沙箱] ⏳ 暂无任务，休息60秒...
[苏容器] ⏳ 暂无任务，休息60秒...
[潘外呼] ⏳ 暂无任务，休息60秒...
[倪左辅] ⏳ 暂无任务，休息60秒...
[汤K8s] ⏳ 暂无任务，休息60秒...
[殷用户] ⏳ 暂无任务，休息60秒...
[罗隔离] ⏳ 暂无任务，休息60秒...
[毕配置] ⏳ 暂无任务，休息60秒...
[周右弼] ⏳ 暂无任务，休息60秒...
[乐法律] ⏳ 暂无任务，休息60秒...
[于道德] ⏳ 暂无任务，休息60秒...
[时权限] ⏳ 暂无任务，休息60秒...
[薛贪狼] ⏳ 暂无任务，休息60秒...
[雷ASR] ⏳ 暂无任务，休息60秒...
[贺TTS] ⏳ 暂无任务，休息60秒...
[贡数字人] ⏳ 暂无任务，休息60秒...
[齐辅弼] ⏳ 暂无任务，休息60秒...
[康网关] ⏳ 暂无任务，休息60秒...
[和产品] ⏳ 暂无任务，休息60秒...
[穆文档] ⏳ 暂无任务，休息60秒...
[黄漂移] ⏳ 暂无任务，休息60秒...
[周进化] ⏳ 暂无任务，休息60秒...
[吴模板] ⏳ 暂无任务，休息60秒...
[周禄存] ⏳ 暂无任务，休息60秒...
[郑路由] ⏳ 暂无任务，休息60秒...
[王规划] ⏳ 暂无任务，休息60秒...
[冯优化] ⏳ 暂无任务，休息60秒...
[钱调度] ⏳ 暂无任务，休息60秒...
[陈元灵] ⏳ 暂无任务，休息60秒...
[林对齐] ⏳ 暂无任务，休息60秒...
[朱图谱] ⏳ 暂无任务，休息60秒...
[平心理] ⏳ 暂无任务，休息60秒...
[水版本] ⏳ 暂无任务，休息60秒...
[葛消息] ⏳ 暂无任务，休息60秒...
[皮审计] ⏳ 暂无任务，休息60秒...
[赏界面] ⏳ 暂无任务，休息60秒...
[财SDK] ⏳ 暂无任务，休息60秒...
[蒋巨门] ⏳ 暂无任务，休息60秒...
[沈记忆] ⏳ 暂无任务，休息60秒...
[韩向量] ⏳ 暂无任务，休息60秒...
[杨检索] ⏳ 暂无任务，休息60秒...
[伍廉贞] ⏳ 暂无任务，休息60秒...
[余情绪] ⏳ 暂无任务，休息60秒...
[元人格] ⏳ 暂无任务，休息60秒...
[孟一致] ⏳ 暂无任务，休息60秒...
[谢武功] ⏳ 暂无任务，休息60秒...
[邹接口] ⏳ 暂无任务，休息60秒...
[喻发现] ⏳ 暂无任务，休息60秒...
[柏依赖] ⏳ 暂无任务，休息60秒...
[章破军] ⏳ 暂无任务，休息60秒...
[云沙箱] ⏳ 暂无任务，休息60秒...
[苏容器] ⏳ 暂无任务，休息60秒...
[潘外呼] ⏳ 暂无任务，休息60秒...
[倪左辅] ⏳ 暂无任务，休息60秒...
[汤K8s] ⏳ 暂无任务，休息60秒...
[殷用户] ⏳ 暂无任务，休息60秒...
[罗隔离] ⏳ 暂无任务，休息60秒...
[毕配置] ⏳ 暂无任务，休息60秒...
[周右弼] ⏳ 暂无任务，休息60秒...
[乐法律] ⏳ 暂无任务，休息60秒...
[于道德] ⏳ 暂无任务，休息60秒...
[时权限] ⏳ 暂无任务，休息60秒...
[薛贪狼] ⏳ 暂无任务，休息60秒...
[雷ASR] ⏳ 暂无任务，休息60秒...
[贺TTS] ⏳ 暂无任务，休息60秒...
[贡数字人] ⏳ 暂无任务，休息60秒...
[齐辅弼] ⏳ 暂无任务，休息60秒...
[康网关] ⏳ 暂无任务，休息60秒...
[和产品] ⏳ 暂无任务，休息60秒...
[穆文档] ⏳ 暂无任务，休息60秒...
[黄漂移] ⏳ 暂无任务，休息60秒...
[周进化] ⏳ 暂无任务，休息60秒...
[吴模板] ⏳ 暂无任务，休息60秒...
[周禄存] ⏳ 暂无任务，休息60秒...
[郑路由] ⏳ 暂无任务，休息60秒...
[王规划] ⏳ 暂无任务，休息60秒...
[冯优化] ⏳ 暂无任务，休息60秒...
[钱调度] ⏳ 暂无任务，休息60秒...
[陈元灵] ⏳ 暂无任务，休息60秒...
[林对齐] ⏳ 暂无任务，休息60秒...
[朱图谱] ⏳ 暂无任务，休息60秒...
[平心理] ⏳ 暂无任务，休息60秒...
[水版本] ⏳ 暂无任务，休息60秒...
[葛消息] ⏳ 暂无任务，休息60秒...
[皮审计] ⏳ 暂无任务，休息60秒...
[赏界面] ⏳ 暂无任务，休息60秒...
[财SDK] ⏳ 暂无任务，休息60秒...
[蒋巨门] ⏳ 暂无任务，休息60秒...
[沈记忆] ⏳ 暂无任务，休息60秒...
[韩向量] ⏳ 暂无任务，休息60秒...
[杨检索] ⏳ 暂无任务，休息60秒...
[伍廉贞] ⏳ 暂无任务，休息60秒...
[余情绪] ⏳ 暂无任务，休息60秒...
[元人格] ⏳ 暂无任务，休息60秒...
[孟一致] ⏳ 暂无任务，休息60秒...
[谢武功] ⏳ 暂无任务，休息60秒...
[邹接口] ⏳ 暂无任务，休息60秒...
[喻发现] ⏳ 暂无任务，休息60秒...
[柏依赖] ⏳ 暂无任务，休息60秒...
[章破军] ⏳ 暂无任务，休息60秒...
[云沙箱] ⏳ 暂无任务，休息60秒...
[苏容器] ⏳ 暂无任务，休息60秒...
[潘外呼] ⏳ 暂无任务，休息60秒...
[倪左辅] ⏳ 暂无任务，休息60秒...
[汤K8s] ⏳ 暂无任务，休息60秒...
[殷用户] ⏳ 暂无任务，休息60秒...
[罗隔离] ⏳ 暂无任务，休息60秒...
[毕配置] ⏳ 暂无任务，休息60秒...
[周右弼] ⏳ 暂无任务，休息60秒...
[乐法律] ⏳ 暂无任务，休息60秒...
[于道德] ⏳ 暂无任务，休息60秒...
[时权限] ⏳ 暂无任务，休息60秒...
[薛贪狼] ⏳ 暂无任务，休息60秒...
[雷ASR] ⏳ 暂无任务，休息60秒...
[贺TTS] ⏳ 暂无任务，休息60秒...
[贡数字人] ⏳ 暂无任务，休息60秒...
[齐辅弼] ⏳ 暂无任务，休息60秒...
[康网关] ⏳ 暂无任务，休息60秒...
[和产品] ⏳ 暂无任务，休息60秒...
[穆文档] ⏳ 暂无任务，休息60秒...
[黄漂移] ⏳ 暂无任务，休息60秒...
[周进化] ⏳ 暂无任务，休息60秒...
[吴模板] ⏳ 暂无任务，休息60秒...
[周禄存] ⏳ 暂无任务，休息60秒...
[郑路由] ⏳ 暂无任务，休息60秒...
[王规划] ⏳ 暂无任务，休息60秒...
[冯优化] ⏳ 暂无任务，休息60秒...
[钱调度] ⏳ 暂无任务，休息60秒...
[陈元灵] ⏳ 暂无任务，休息60秒...
[林对齐] ⏳ 暂无任务，休息60秒...
[朱图谱] ⏳ 暂无任务，休息60秒...
[平心理] ⏳ 暂无任务，休息60秒...
[水版本] ⏳ 暂无任务，休息60秒...
[葛消息] ⏳ 暂无任务，休息60秒...
[皮审计] ⏳ 暂无任务，休息60秒...
[赏界面] ⏳ 暂无任务，休息60秒...
[财SDK] ⏳ 暂无任务，休息60秒...
[蒋巨门] ⏳ 暂无任务，休息60秒...
[沈记忆] ⏳ 暂无任务，休息60秒...
[韩向量] ⏳ 暂无任务，休息60秒...
[杨检索] ⏳ 暂无任务，休息60秒...
[伍廉贞] ⏳ 暂无任务，休息60秒...
[余情绪] ⏳ 暂无任务，休息60秒...
[元人格] ⏳ 暂无任务，休息60秒...
[孟一致] ⏳ 暂无任务，休息60秒...
[谢武功] ⏳ 暂无任务，休息60秒...
[邹接口] ⏳ 暂无任务，休息60秒...
[喻发现] ⏳ 暂无任务，休息60秒...
[柏依赖] ⏳ 暂无任务，休息60秒...
[章破军] ⏳ 暂无任务，休息60秒...
[云沙箱] ⏳ 暂无任务，休息60秒...
[苏容器] ⏳ 暂无任务，休息60秒...
[潘外呼] ⏳ 暂无任务，休息60秒...
[倪左辅] ⏳ 暂无任务，休息60秒...
[汤K8s] ⏳ 暂无任务，休息60秒...
[殷用户] ⏳ 暂无任务，休息60秒...
[罗隔离] ⏳ 暂无任务，休息60秒...
[毕配置] ⏳ 暂无任务，休息60秒...
[周右弼] ⏳ 暂无任务，休息60秒...
[乐法律] ⏳ 暂无任务，休息60秒...
[于道德] ⏳ 暂无任务，休息60秒...
[时权限] ⏳ 暂无任务，休息60秒...
[薛贪狼] ⏳ 暂无任务，休息60秒...
[雷ASR] ⏳ 暂无任务，休息60秒...
[贺TTS] ⏳ 暂无任务，休息60秒...
[贡数字人] ⏳ 暂无任务，休息60秒...
[齐辅弼] ⏳ 暂无任务，休息60秒...
[康网关] ⏳ 暂无任务，休息60秒...
[和产品] ⏳ 暂无任务，休息60秒...
[穆文档] ⏳ 暂无任务，休息60秒...
[黄漂移] ⏳ 暂无任务，休息60秒...
[周进化] ⏳ 暂无任务，休息60秒...
[吴模板] ⏳ 暂无任务，休息60秒...
[周禄存] ⏳ 暂无任务，休息60秒...
[郑路由] ⏳ 暂无任务，休息60秒...
[王规划] ⏳ 暂无任务，休息60秒...
[冯优化] ⏳ 暂无任务，休息60秒...
[钱调度] ⏳ 暂无任务，休息60秒...
[陈元灵] ⏳ 暂无任务，休息60秒...
[林对齐] ⏳ 暂无任务，休息60秒...
[朱图谱] ⏳ 暂无任务，休息60秒...
[平心理] ⏳ 暂无任务，休息60秒...
[水版本] ⏳ 暂无任务，休息60秒...
[葛消息] ⏳ 暂无任务，休息60秒...
[皮审计] ⏳ 暂无任务，休息60秒...
[赏界面] ⏳ 暂无任务，休息60秒...
[财SDK] ⏳ 暂无任务，休息60秒...
[蒋巨门] ⏳ 暂无任务，休息60秒...
[沈记忆] ⏳ 暂无任务，休息60秒...
[韩向量] ⏳ 暂无任务，休息60秒...
[杨检索] ⏳ 暂无任务，休息60秒...
[伍廉贞] ⏳ 暂无任务，休息60秒...
[余情绪] ⏳ 暂无任务，休息60秒...
[元人格] ⏳ 暂无任务，休息60秒...
[孟一致] ⏳ 暂无任务，休息60秒...
[谢武功] ⏳ 暂无任务，休息60秒...
[邹接口] ⏳ 暂无任务，休息60秒...
[喻发现] ⏳ 暂无任务，休息60秒...
[柏依赖] ⏳ 暂无任务，休息60秒...
[章破军] ⏳ 暂无任务，休息60秒...
[云沙箱] ⏳ 暂无任务，休息60秒...
[苏容器] ⏳ 暂无任务，休息60秒...
[潘外呼] ⏳ 暂无任务，休息60秒...
[倪左辅] ⏳ 暂无任务，休息60秒...
[汤K8s] ⏳ 暂无任务，休息60秒...
[殷用户] ⏳ 暂无任务，休息60秒...
[罗隔离] ⏳ 暂无任务，休息60秒...
[毕配置] ⏳ 暂无任务，休息60秒...
[周右弼] ⏳ 暂无任务，休息60秒...
[乐法律] ⏳ 暂无任务，休息60秒...
[于道德] ⏳ 暂无任务，休息60秒...
[时权限] ⏳ 暂无任务，休息60秒...
[薛贪狼] ⏳ 暂无任务，休息60秒...
[雷ASR] ⏳ 暂无任务，休息60秒...
[贺TTS] ⏳ 暂无任务，休息60秒...
[贡数字人] ⏳ 暂无任务，休息60秒...
[齐辅弼] ⏳ 暂无任务，休息60秒...
[康网关] ⏳ 暂无任务，休息60秒...
[和产品] ⏳ 暂无任务，休息60秒...
[穆文档] ⏳ 暂无任务，休息60秒...
[黄漂移] ⏳ 暂无任务，休息60秒...
[周进化] ⏳ 暂无任务，休息60秒...
[吴模板] ⏳ 暂无任务，休息60秒...
[周禄存] ⏳ 暂无任务，休息60秒...
[郑路由] ⏳ 暂无任务，休息60秒...
[王规划] ⏳ 暂无任务，休息60秒...
[冯优化] ⏳ 暂无任务，休息60秒...
[钱调度] ⏳ 暂无任务，休息60秒...
[陈元灵] ⏳ 暂无任务，休息60秒...
[林对齐] ⏳ 暂无任务，休息60秒...
[朱图谱] ⏳ 暂无任务，休息60秒...
[平心理] ⏳ 暂无任务，休息60秒...
[水版本] ⏳ 暂无任务，休息60秒...
[葛消息] ⏳ 暂无任务，休息60秒...
[皮审计] ⏳ 暂无任务，休息60秒...
[赏界面] ⏳ 暂无任务，休息60秒...
[财SDK] ⏳ 暂无任务，休息60秒...
[蒋巨门] ⏳ 暂无任务，休息60秒...
[沈记忆] ⏳ 暂无任务，休息60秒...
[韩向量] ⏳ 暂无任务，休息60秒...
[杨检索] ⏳ 暂无任务，休息60秒...
[伍廉贞] ⏳ 暂无任务，休息60秒...
[余情绪] ⏳ 暂无任务，休息60秒...
[元人格] ⏳ 暂无任务，休息60秒...
[孟一致] ⏳ 暂无任务，休息60秒...
[谢武功] ⏳ 暂无任务，休息60秒...
[邹接口] ⏳ 暂无任务，休息60秒...
[喻发现] ⏳ 暂无任务，休息60秒...
[柏依赖] ⏳ 暂无任务，休息60秒...
[章破军] ⏳ 暂无任务，休息60秒...
[云沙箱] ⏳ 暂无任务，休息60秒...
[苏容器] ⏳ 暂无任务，休息60秒...
[潘外呼] ⏳ 暂无任务，休息60秒...
[倪左辅] ⏳ 暂无任务，休息60秒...
[汤K8s] ⏳ 暂无任务，休息60秒...
[殷用户] ⏳ 暂无任务，休息60秒...
[罗隔离] ⏳ 暂无任务，休息60秒...
[毕配置] ⏳ 暂无任务，休息60秒...
[周右弼] ⏳ 暂无任务，休息60秒...
[乐法律] ⏳ 暂无任务，休息60秒...
[于道德] ⏳ 暂无任务，休息60秒...
[时权限] ⏳ 暂无任务，休息60秒...
[薛贪狼] ⏳ 暂无任务，休息60秒...
[雷ASR] ⏳ 暂无任务，休息60秒...
[贺TTS] ⏳ 暂无任务，休息60秒...
[贡数字人] ⏳ 暂无任务，休息60秒...
[齐辅弼] ⏳ 暂无任务，休息60秒...
[康网关] ⏳ 暂无任务，休息60秒...
[和产品] ⏳ 暂无任务，休息60秒...
[穆文档] ⏳ 暂无任务，休息60秒...
[黄漂移] ⏳ 暂无任务，休息60秒...
[周进化] ⏳ 暂无任务，休息60秒...
[吴模板] ⏳ 暂无任务，休息60秒...
[周禄存] ⏳ 暂无任务，休息60秒...
[郑路由] ⏳ 暂无任务，休息60秒...
[王规划] ⏳ 暂无任务，休息60秒...
[冯优化] ⏳ 暂无任务，休息60秒...
[钱调度] ⏳ 暂无任务，休息60秒...
[陈元灵] ⏳ 暂无任务，休息60秒...
[林对齐] ⏳ 暂无任务，休息60秒...
[朱图谱] ⏳ 暂无任务，休息60秒...
[平心理] ⏳ 暂无任务，休息60秒...
[水版本] ⏳ 暂无任务，休息60秒...
[葛消息] ⏳ 暂无任务，休息60秒...
[皮审计] ⏳ 暂无任务，休息60秒...
[赏界面] ⏳ 暂无任务，休息60秒...
[财SDK] ⏳ 暂无任务，休息60秒...
[蒋巨门] ⏳ 暂无任务，休息60秒...
[沈记忆] ⏳ 暂无任务，休息60秒...
[韩向量] ⏳ 暂无任务，休息60秒...
[杨检索] ⏳ 暂无任务，休息60秒...
[伍廉贞] ⏳ 暂无任务，休息60秒...
[余情绪] ⏳ 暂无任务，休息60秒...
[元人格] ⏳ 暂无任务，休息60秒...
[孟一致] ⏳ 暂无任务，休息60秒...
[谢武功] ⏳ 暂无任务，休息60秒...
[邹接口] ⏳ 暂无任务，休息60秒...
[喻发现] ⏳ 暂无任务，休息60秒...
[柏依赖] ⏳ 暂无任务，休息60秒...
[章破军] ⏳ 暂无任务，休息60秒...
[云沙箱] ⏳ 暂无任务，休息60秒...
[苏容器] ⏳ 暂无任务，休息60秒...
[潘外呼] ⏳ 暂无任务，休息60秒...
[倪左辅] ⏳ 暂无任务，休息60秒...
[汤K8s] ⏳ 暂无任务，休息60秒...
[殷用户] ⏳ 暂无任务，休息60秒...
[罗隔离] ⏳ 暂无任务，休息60秒...
[毕配置] ⏳ 暂无任务，休息60秒...
[周右弼] ⏳ 暂无任务，休息60秒...
[乐法律] ⏳ 暂无任务，休息60秒...
[于道德] ⏳ 暂无任务，休息60秒...
[时权限] ⏳ 暂无任务，休息60秒...
[薛贪狼] ⏳ 暂无任务，休息60秒...
[雷ASR] ⏳ 暂无任务，休息60秒...
[贺TTS] ⏳ 暂无任务，休息60秒...
[贡数字人] ⏳ 暂无任务，休息60秒...
[齐辅弼] ⏳ 暂无任务，休息60秒...
[康网关] ⏳ 暂无任务，休息60秒...
[和产品] ⏳ 暂无任务，休息60秒...
[穆文档] ⏳ 暂无任务，休息60秒...
[黄漂移] ⏳ 暂无任务，休息60秒...
[周进化] ⏳ 暂无任务，休息60秒...
[吴模板] ⏳ 暂无任务，休息60秒...
[周禄存] ⏳ 暂无任务，休息60秒...
[郑路由] ⏳ 暂无任务，休息60秒...
[王规划] ⏳ 暂无任务，休息60秒...
[冯优化] ⏳ 暂无任务，休息60秒...
[钱调度] ⏳ 暂无任务，休息60秒...
[陈元灵] ⏳ 暂无任务，休息60秒...
[林对齐] ⏳ 暂无任务，休息60秒...
[朱图谱] ⏳ 暂无任务，休息60秒...
[平心理] ⏳ 暂无任务，休息60秒...
[水版本] ⏳ 暂无任务，休息60秒...
[葛消息] ⏳ 暂无任务，休息60秒...
[皮审计] ⏳ 暂无任务，休息60秒...
[赏界面] ⏳ 暂无任务，休息60秒...
[财SDK] ⏳ 暂无任务，休息60秒...
[蒋巨门] ⏳ 暂无任务，休息60秒...
[沈记忆] ⏳ 暂无任务，休息60秒...
[韩向量] ⏳ 暂无任务，休息60秒...
[杨检索] ⏳ 暂无任务，休息60秒...
[伍廉贞] ⏳ 暂无任务，休息60秒...
[余情绪] ⏳ 暂无任务，休息60秒...
[元人格] ⏳ 暂无任务，休息60秒...
[孟一致] ⏳ 暂无任务，休息60秒...
[谢武功] ⏳ 暂无任务，休息60秒...
[邹接口] ⏳ 暂无任务，休息60秒...
[喻发现] ⏳ 暂无任务，休息60秒...
[柏依赖] ⏳ 暂无任务，休息60秒...
[章破军] ⏳ 暂无任务，休息60秒...
[云沙箱] ⏳ 暂无任务，休息60秒...
[苏容器] ⏳ 暂无任务，休息60秒...
[潘外呼] ⏳ 暂无任务，休息60秒...
[倪左辅] ⏳ 暂无任务，休息60秒...
[汤K8s] ⏳ 暂无任务，休息60秒...
[殷用户] ⏳ 暂无任务，休息60秒...
[罗隔离] ⏳ 暂无任务，休息60秒...
[毕配置] ⏳ 暂无任务，休息60秒...
[周右弼] ⏳ 暂无任务，休息60秒...
[乐法律] ⏳ 暂无任务，休息60秒...
[于道德] ⏳ 暂无任务，休息60秒...
[时权限] ⏳ 暂无任务，休息60秒...
[薛贪狼] ⏳ 暂无任务，休息60秒...
[雷ASR] ⏳ 暂无任务，休息60秒...
[贺TTS] ⏳ 暂无任务，休息60秒...
[贡数字人] ⏳ 暂无任务，休息60秒...
[齐辅弼] ⏳ 暂无任务，休息60秒...
[康网关] ⏳ 暂无任务，休息60秒...
[和产品] ⏳ 暂无任务，休息60秒...
[穆文档] ⏳ 暂无任务，休息60秒...
[黄漂移] ⏳ 暂无任务，休息60秒...
[周进化] ⏳ 暂无任务，休息60秒...
[吴模板] ⏳ 暂无任务，休息60秒...
[周禄存] ⏳ 暂无任务，休息60秒...
[郑路由] ⏳ 暂无任务，休息60秒...
[王规划] ⏳ 暂无任务，休息60秒...
[冯优化] ⏳ 暂无任务，休息60秒...
[钱调度] ⏳ 暂无任务，休息60秒...
[陈元灵] ⏳ 暂无任务，休息60秒...
[林对齐] ⏳ 暂无任务，休息60秒...
[朱图谱] ⏳ 暂无任务，休息60秒...
[平心理] ⏳ 暂无任务，休息60秒...
[水版本] ⏳ 暂无任务，休息60秒...
[葛消息] ⏳ 暂无任务，休息60秒...
[皮审计] ⏳ 暂无任务，休息60秒...
[赏界面] ⏳ 暂无任务，休息60秒...
[财SDK] ⏳ 暂无任务，休息60秒...
[蒋巨门] ⏳ 暂无任务，休息60秒...
[沈记忆] ⏳ 暂无任务，休息60秒...
[韩向量] ⏳ 暂无任务，休息60秒...
[杨检索] ⏳ 暂无任务，休息60秒...
[伍廉贞] ⏳ 暂无任务，休息60秒...
[余情绪] ⏳ 暂无任务，休息60秒...
[元人格] ⏳ 暂无任务，休息60秒...
[孟一致] ⏳ 暂无任务，休息60秒...
[谢武功] ⏳ 暂无任务，休息60秒...
[邹接口] ⏳ 暂无任务，休息60秒...
[喻发现] ⏳ 暂无任务，休息60秒...
[柏依赖] ⏳ 暂无任务，休息60秒...
[章破军] ⏳ 暂无任务，休息60秒...
[云沙箱] ⏳ 暂无任务，休息60秒...
[苏容器] ⏳ 暂无任务，休息60秒...
[潘外呼] ⏳ 暂无任务，休息60秒...
[倪左辅] ⏳ 暂无任务，休息60秒...
[汤K8s] ⏳ 暂无任务，休息60秒...
[殷用户] ⏳ 暂无任务，休息60秒...
[罗隔离] ⏳ 暂无任务，休息60秒...
[毕配置] ⏳ 暂无任务，休息60秒...
[周右弼] ⏳ 暂无任务，休息60秒...
[乐法律] ⏳ 暂无任务，休息60秒...
[于道德] ⏳ 暂无任务，休息60秒...
[时权限] ⏳ 暂无任务，休息60秒...
[薛贪狼] ⏳ 暂无任务，休息60秒...
[雷ASR] ⏳ 暂无任务，休息60秒...
[贺TTS] ⏳ 暂无任务，休息60秒...
[贡数字人] ⏳ 暂无任务，休息60秒...
[齐辅弼] ⏳ 暂无任务，休息60秒...
[康网关] ⏳ 暂无任务，休息60秒...
[和产品] ⏳ 暂无任务，休息60秒...
[穆文档] ⏳ 暂无任务，休息60秒...
[黄漂移] ⏳ 暂无任务，休息60秒...
[周进化] ⏳ 暂无任务，休息60秒...
[吴模板] ⏳ 暂无任务，休息60秒...
[周禄存] ⏳ 暂无任务，休息60秒...
[郑路由] ⏳ 暂无任务，休息60秒...
[王规划] ⏳ 暂无任务，休息60秒...
[冯优化] ⏳ 暂无任务，休息60秒...
[钱调度] ⏳ 暂无任务，休息60秒...
[陈元灵] ⏳ 暂无任务，休息60秒...
[林对齐] ⏳ 暂无任务，休息60秒...
[朱图谱] ⏳ 暂无任务，休息60秒...
[平心理] ⏳ 暂无任务，休息60秒...
[水版本] ⏳ 暂无任务，休息60秒...
[葛消息] ⏳ 暂无任务，休息60秒...
[皮审计] ⏳ 暂无任务，休息60秒...
[赏界面] ⏳ 暂无任务，休息60秒...
[财SDK] ⏳ 暂无任务，休息60秒...
[蒋巨门] ⏳ 暂无任务，休息60秒...
[沈记忆] ⏳ 暂无任务，休息60秒...
[韩向量] ⏳ 暂无任务，休息60秒...
[杨检索] ⏳ 暂无任务，休息60秒...
[伍廉贞] ⏳ 暂无任务，休息60秒...
[余情绪] ⏳ 暂无任务，休息60秒...
[元人格] ⏳ 暂无任务，休息60秒...
[孟一致] ⏳ 暂无任务，休息60秒...
[谢武功] ⏳ 暂无任务，休息60秒...
[邹接口] ⏳ 暂无任务，休息60秒...
[喻发现] ⏳ 暂无任务，休息60秒...
[柏依赖] ⏳ 暂无任务，休息60秒...
[章破军] ⏳ 暂无任务，休息60秒...
[云沙箱] ⏳ 暂无任务，休息60秒...
[苏容器] ⏳ 暂无任务，休息60秒...
[潘外呼] ⏳ 暂无任务，休息60秒...
[倪左辅] ⏳ 暂无任务，休息60秒...
[汤K8s] ⏳ 暂无任务，休息60秒...
[殷用户] ⏳ 暂无任务，休息60秒...
[罗隔离] ⏳ 暂无任务，休息60秒...
[毕配置] ⏳ 暂无任务，休息60秒...
[周右弼] ⏳ 暂无任务，休息60秒...
[乐法律] ⏳ 暂无任务，休息60秒...
[于道德] ⏳ 暂无任务，休息60秒...
[时权限] ⏳ 暂无任务，休息60秒...
[薛贪狼] ⏳ 暂无任务，休息60秒...
[雷ASR] ⏳ 暂无任务，休息60秒...
[贺TTS] ⏳ 暂无任务，休息60秒...
[贡数字人] ⏳ 暂无任务，休息60秒...
[齐辅弼] ⏳ 暂无任务，休息60秒...
[康网关] ⏳ 暂无任务，休息60秒...
[和产品] ⏳ 暂无任务，休息60秒...
[穆文档] ⏳ 暂无任务，休息60秒...
[黄漂移] ⏳ 暂无任务，休息60秒...
[周进化] ⏳ 暂无任务，休息60秒...
[吴模板] ⏳ 暂无任务，休息60秒...
[周禄存] ⏳ 暂无任务，休息60秒...
[郑路由] ⏳ 暂无任务，休息60秒...
[王规划] ⏳ 暂无任务，休息60秒...
[冯优化] ⏳ 暂无任务，休息60秒...
[钱调度] ⏳ 暂无任务，休息60秒...
[陈元灵] ⏳ 暂无任务，休息60秒...
[林对齐] ⏳ 暂无任务，休息60秒...
[朱图谱] ⏳ 暂无任务，休息60秒...
[平心理] ⏳ 暂无任务，休息60秒...
[水版本] ⏳ 暂无任务，休息60秒...
[葛消息] ⏳ 暂无任务，休息60秒...
[皮审计] ⏳ 暂无任务，休息60秒...
[赏界面] ⏳ 暂无任务，休息60秒...
[财SDK] ⏳ 暂无任务，休息60秒...
[蒋巨门] ⏳ 暂无任务，休息60秒...
[沈记忆] ⏳ 暂无任务，休息60秒...
[韩向量] ⏳ 暂无任务，休息60秒...
[杨检索] ⏳ 暂无任务，休息60秒...
[伍廉贞] ⏳ 暂无任务，休息60秒...
[余情绪] ⏳ 暂无任务，休息60秒...
[元人格] ⏳ 暂无任务，休息60秒...
[孟一致] ⏳ 暂无任务，休息60秒...
[谢武功] ⏳ 暂无任务，休息60秒...
[邹接口] ⏳ 暂无任务，休息60秒...
[喻发现] ⏳ 暂无任务，休息60秒...
[柏依赖] ⏳ 暂无任务，休息60秒...
[章破军] ⏳ 暂无任务，休息60秒...
[云沙箱] ⏳ 暂无任务，休息60秒...
[苏容器] ⏳ 暂无任务，休息60秒...
[潘外呼] ⏳ 暂无任务，休息60秒...
[倪左辅] ⏳ 暂无任务，休息60秒...
[汤K8s] ⏳ 暂无任务，休息60秒...
[殷用户] ⏳ 暂无任务，休息60秒...
[罗隔离] ⏳ 暂无任务，休息60秒...
[毕配置] ⏳ 暂无任务，休息60秒...
[周右弼] ⏳ 暂无任务，休息60秒...
[乐法律] ⏳ 暂无任务，休息60秒...
[于道德] ⏳ 暂无任务，休息60秒...
[时权限] ⏳ 暂无任务，休息60秒...
[薛贪狼] ⏳ 暂无任务，休息60秒...
[雷ASR] ⏳ 暂无任务，休息60秒...
[贺TTS] ⏳ 暂无任务，休息60秒...
[贡数字人] ⏳ 暂无任务，休息60秒...
[齐辅弼] ⏳ 暂无任务，休息60秒...
[康网关] ⏳ 暂无任务，休息60秒...
[和产品] ⏳ 暂无任务，休息60秒...
[穆文档] ⏳ 暂无任务，休息60秒...
[黄漂移] ⏳ 暂无任务，休息60秒...
[周进化] ⏳ 暂无任务，休息60秒...
[吴模板] ⏳ 暂无任务，休息60秒...
[周禄存] ⏳ 暂无任务，休息60秒...
[郑路由] ⏳ 暂无任务，休息60秒...
[王规划] ⏳ 暂无任务，休息60秒...
[冯优化] ⏳ 暂无任务，休息60秒...
[钱调度] ⏳ 暂无任务，休息60秒...
[陈元灵] ⏳ 暂无任务，休息60秒...
[林对齐] ⏳ 暂无任务，休息60秒...
[朱图谱] ⏳ 暂无任务，休息60秒...
[平心理] ⏳ 暂无任务，休息60秒...
[水版本] ⏳ 暂无任务，休息60秒...
[葛消息] ⏳ 暂无任务，休息60秒...
[皮审计] ⏳ 暂无任务，休息60秒...
[赏界面] ⏳ 暂无任务，休息60秒...
[财SDK] ⏳ 暂无任务，休息60秒...
[蒋巨门] ⏳ 暂无任务，休息60秒...
[沈记忆] ⏳ 暂无任务，休息60秒...
[韩向量] ⏳ 暂无任务，休息60秒...
[杨检索] ⏳ 暂无任务，休息60秒...
[伍廉贞] ⏳ 暂无任务，休息60秒...
[余情绪] ⏳ 暂无任务，休息60秒...
[元人格] ⏳ 暂无任务，休息60秒...
[孟一致] ⏳ 暂无任务，休息60秒...
[谢武功] ⏳ 暂无任务，休息60秒...
[邹接口] ⏳ 暂无任务，休息60秒...
[喻发现] ⏳ 暂无任务，休息60秒...
[柏依赖] ⏳ 暂无任务，休息60秒...
[章破军] ⏳ 暂无任务，休息60秒...
[云沙箱] ⏳ 暂无任务，休息60秒...
[苏容器] ⏳ 暂无任务，休息60秒...
[潘外呼] ⏳ 暂无任务，休息60秒...
[倪左辅] ⏳ 暂无任务，休息60秒...
[汤K8s] ⏳ 暂无任务，休息60秒...
[殷用户] ⏳ 暂无任务，休息60秒...
[罗隔离] ⏳ 暂无任务，休息60秒...
[毕配置] ⏳ 暂无任务，休息60秒...
[周右弼] ⏳ 暂无任务，休息60秒...
[乐法律] ⏳ 暂无任务，休息60秒...
[于道德] ⏳ 暂无任务，休息60秒...
[时权限] ⏳ 暂无任务，休息60秒...
[薛贪狼] ⏳ 暂无任务，休息60秒...
[雷ASR] ⏳ 暂无任务，休息60秒...
[贺TTS] ⏳ 暂无任务，休息60秒...
[贡数字人] ⏳ 暂无任务，休息60秒...
[齐辅弼] ⏳ 暂无任务，休息60秒...
[康网关] ⏳ 暂无任务，休息60秒...
[和产品] ⏳ 暂无任务，休息60秒...
[穆文档] ⏳ 暂无任务，休息60秒...
[黄漂移] ⏳ 暂无任务，休息60秒...
[周进化] ⏳ 暂无任务，休息60秒...
[吴模板] ⏳ 暂无任务，休息60秒...
[周禄存] ⏳ 暂无任务，休息60秒...
[郑路由] ⏳ 暂无任务，休息60秒...
[王规划] ⏳ 暂无任务，休息60秒...
[冯优化] ⏳ 暂无任务，休息60秒...
[钱调度] ⏳ 暂无任务，休息60秒...
[陈元灵] ⏳ 暂无任务，休息60秒...
[林对齐] ⏳ 暂无任务，休息60秒...
[朱图谱] ⏳ 暂无任务，休息60秒...
[平心理] ⏳ 暂无任务，休息60秒...
[水版本] ⏳ 暂无任务，休息60秒...
[葛消息] ⏳ 暂无任务，休息60秒...
[皮审计] ⏳ 暂无任务，休息60秒...
[赏界面] ⏳ 暂无任务，休息60秒...
[财SDK] ⏳ 暂无任务，休息60秒...
[蒋巨门] ⏳ 暂无任务，休息60秒...
[沈记忆] ⏳ 暂无任务，休息60秒...
[韩向量] ⏳ 暂无任务，休息60秒...
[杨检索] ⏳ 暂无任务，休息60秒...
[伍廉贞] ⏳ 暂无任务，休息60秒...
[余情绪] ⏳ 暂无任务，休息60秒...
[元人格] ⏳ 暂无任务，休息60秒...
[孟一致] ⏳ 暂无任务，休息60秒...
[谢武功] ⏳ 暂无任务，休息60秒...
[邹接口] ⏳ 暂无任务，休息60秒...
[喻发现] ⏳ 暂无任务，休息60秒...
[柏依赖] ⏳ 暂无任务，休息60秒...
[章破军] ⏳ 暂无任务，休息60秒...
[云沙箱] ⏳ 暂无任务，休息60秒...
[苏容器] ⏳ 暂无任务，休息60秒...
[潘外呼] ⏳ 暂无任务，休息60秒...
[倪左辅] ⏳ 暂无任务，休息60秒...
[汤K8s] ⏳ 暂无任务，休息60秒...
[殷用户] ⏳ 暂无任务，休息60秒...
[罗隔离] ⏳ 暂无任务，休息60秒...
[毕配置] ⏳ 暂无任务，休息60秒...
[周右弼] ⏳ 暂无任务，休息60秒...
[乐法律] ⏳ 暂无任务，休息60秒...
[于道德] ⏳ 暂无任务，休息60秒...
[时权限] ⏳ 暂无任务，休息60秒...
[薛贪狼] ⏳ 暂无任务，休息60秒...
[雷ASR] ⏳ 暂无任务，休息60秒...
[贺TTS] ⏳ 暂无任务，休息60秒...
[贡数字人] ⏳ 暂无任务，休息60秒...
[齐辅弼] ⏳ 暂无任务，休息60秒...
[康网关] ⏳ 暂无任务，休息60秒...
[和产品] ⏳ 暂无任务，休息60秒...
[穆文档] ⏳ 暂无任务，休息60秒...
[黄漂移] ⏳ 暂无任务，休息60秒...
[周进化] ⏳ 暂无任务，休息60秒...
[吴模板] ⏳ 暂无任务，休息60秒...
[周禄存] ⏳ 暂无任务，休息60秒...
[郑路由] ⏳ 暂无任务，休息60秒...
[王规划] ⏳ 暂无任务，休息60秒...
[冯优化] ⏳ 暂无任务，休息60秒...
[钱调度] ⏳ 暂无任务，休息60秒...
[陈元灵] ⏳ 暂无任务，休息60秒...
[林对齐] ⏳ 暂无任务，休息60秒...
[朱图谱] ⏳ 暂无任务，休息60秒...
[平心理] ⏳ 暂无任务，休息60秒...
[水版本] ⏳ 暂无任务，休息60秒...
[葛消息] ⏳ 暂无任务，休息60秒...
[皮审计] ⏳ 暂无任务，休息60秒...
[赏界面] ⏳ 暂无任务，休息60秒...
[财SDK] ⏳ 暂无任务，休息60秒...
[蒋巨门] ⏳ 暂无任务，休息60秒...
[沈记忆] ⏳ 暂无任务，休息60秒...
[韩向量] ⏳ 暂无任务，休息60秒...
[杨检索] ⏳ 暂无任务，休息60秒...
[伍廉贞] ⏳ 暂无任务，休息60秒...
[余情绪] ⏳ 暂无任务，休息60秒...
[元人格] ⏳ 暂无任务，休息60秒...
[孟一致] ⏳ 暂无任务，休息60秒...
[谢武功] ⏳ 暂无任务，休息60秒...
[邹接口] ⏳ 暂无任务，休息60秒...
[喻发现] ⏳ 暂无任务，休息60秒...
[柏依赖] ⏳ 暂无任务，休息60秒...
[章破军] ⏳ 暂无任务，休息60秒...
[云沙箱] ⏳ 暂无任务，休息60秒...
[苏容器] ⏳ 暂无任务，休息60秒...
[潘外呼] ⏳ 暂无任务，休息60秒...
[倪左辅] ⏳ 暂无任务，休息60秒...
[汤K8s] ⏳ 暂无任务，休息60秒...
[殷用户] ⏳ 暂无任务，休息60秒...
[罗隔离] ⏳ 暂无任务，休息60秒...
[毕配置] ⏳ 暂无任务，休息60秒...
[周右弼] ⏳ 暂无任务，休息60秒...
[乐法律] ⏳ 暂无任务，休息60秒...
[于道德] ⏳ 暂无任务，休息60秒...
[时权限] ⏳ 暂无任务，休息60秒...
[薛贪狼] ⏳ 暂无任务，休息60秒...
[雷ASR] ⏳ 暂无任务，休息60秒...
[贺TTS] ⏳ 暂无任务，休息60秒...
[贡数字人] ⏳ 暂无任务，休息60秒...
[齐辅弼] ⏳ 暂无任务，休息60秒...
[康网关] ⏳ 暂无任务，休息60秒...
[和产品] ⏳ 暂无任务，休息60秒...
[穆文档] ⏳ 暂无任务，休息60秒...
[黄漂移] ⏳ 暂无任务，休息60秒...
[周进化] ⏳ 暂无任务，休息60秒...
[吴模板] ⏳ 暂无任务，休息60秒...
[周禄存] ⏳ 暂无任务，休息60秒...
[郑路由] ⏳ 暂无任务，休息60秒...
[王规划] ⏳ 暂无任务，休息60秒...
[冯优化] ⏳ 暂无任务，休息60秒...
[钱调度] ⏳ 暂无任务，休息60秒...
[陈元灵] ⏳ 暂无任务，休息60秒...
[林对齐] ⏳ 暂无任务，休息60秒...
[朱图谱] ⏳ 暂无任务，休息60秒...
[平心理] ⏳ 暂无任务，休息60秒...
[水版本] ⏳ 暂无任务，休息60秒...
[葛消息] ⏳ 暂无任务，休息60秒...
[皮审计] ⏳ 暂无任务，休息60秒...
[赏界面] ⏳ 暂无任务，休息60秒...
[财SDK] ⏳ 暂无任务，休息60秒...
[蒋巨门] ⏳ 暂无任务，休息60秒...
[沈记忆] ⏳ 暂无任务，休息60秒...
[韩向量] ⏳ 暂无任务，休息60秒...
[杨检索] ⏳ 暂无任务，休息60秒...
[伍廉贞] ⏳ 暂无任务，休息60秒...
[余情绪] ⏳ 暂无任务，休息60秒...
[元人格] ⏳ 暂无任务，休息60秒...
[孟一致] ⏳ 暂无任务，休息60秒...
[谢武功] ⏳ 暂无任务，休息60秒...
[邹接口] ⏳ 暂无任务，休息60秒...
[喻发现] ⏳ 暂无任务，休息60秒...
[柏依赖] ⏳ 暂无任务，休息60秒...
[章破军] ⏳ 暂无任务，休息60秒...
[云沙箱] ⏳ 暂无任务，休息60秒...
[苏容器] ⏳ 暂无任务，休息60秒...
[潘外呼] ⏳ 暂无任务，休息60秒...
[倪左辅] ⏳ 暂无任务，休息60秒...
[汤K8s] ⏳ 暂无任务，休息60秒...
[殷用户] ⏳ 暂无任务，休息60秒...
[罗隔离] ⏳ 暂无任务，休息60秒...
[毕配置] ⏳ 暂无任务，休息60秒...
[周右弼] ⏳ 暂无任务，休息60秒...
[乐法律] ⏳ 暂无任务，休息60秒...
[于道德] ⏳ 暂无任务，休息60秒...
[时权限] ⏳ 暂无任务，休息60秒...
[薛贪狼] ⏳ 暂无任务，休息60秒...
[雷ASR] ⏳ 暂无任务，休息60秒...
[贺TTS] ⏳ 暂无任务，休息60秒...
[贡数字人] ⏳ 暂无任务，休息60秒...
[齐辅弼] ⏳ 暂无任务，休息60秒...
[康网关] ⏳ 暂无任务，休息60秒...
[和产品] ⏳ 暂无任务，休息60秒...
[穆文档] ⏳ 暂无任务，休息60秒...
[黄漂移] ⏳ 暂无任务，休息60秒...
[周进化] ⏳ 暂无任务，休息60秒...
[吴模板] ⏳ 暂无任务，休息60秒...
[周禄存] ⏳ 暂无任务，休息60秒...
[郑路由] ⏳ 暂无任务，休息60秒...
[王规划] ⏳ 暂无任务，休息60秒...
[冯优化] ⏳ 暂无任务，休息60秒...
[钱调度] ⏳ 暂无任务，休息60秒...
[陈元灵] ⏳ 暂无任务，休息60秒...
[林对齐] ⏳ 暂无任务，休息60秒...
[朱图谱] ⏳ 暂无任务，休息60秒...
[平心理] ⏳ 暂无任务，休息60秒...
[水版本] ⏳ 暂无任务，休息60秒...
[葛消息] ⏳ 暂无任务，休息60秒...
[皮审计] ⏳ 暂无任务，休息60秒...
[赏界面] ⏳ 暂无任务，休息60秒...
[财SDK] ⏳ 暂无任务，休息60秒...
[蒋巨门] ⏳ 暂无任务，休息60秒...
[沈记忆] ⏳ 暂无任务，休息60秒...
[韩向量] ⏳ 暂无任务，休息60秒...
[杨检索] ⏳ 暂无任务，休息60秒...
[伍廉贞] ⏳ 暂无任务，休息60秒...
[余情绪] ⏳ 暂无任务，休息60秒...
[元人格] ⏳ 暂无任务，休息60秒...
[孟一致] ⏳ 暂无任务，休息60秒...
[谢武功] ⏳ 暂无任务，休息60秒...
[邹接口] ⏳ 暂无任务，休息60秒...
[喻发现] ⏳ 暂无任务，休息60秒...
[柏依赖] ⏳ 暂无任务，休息60秒...
[章破军] ⏳ 暂无任务，休息60秒...
[云沙箱] ⏳ 暂无任务，休息60秒...
[苏容器] ⏳ 暂无任务，休息60秒...
[潘外呼] ⏳ 暂无任务，休息60秒...
[倪左辅] ⏳ 暂无任务，休息60秒...
[汤K8s] ⏳ 暂无任务，休息60秒...
[殷用户] ⏳ 暂无任务，休息60秒...
[罗隔离] ⏳ 暂无任务，休息60秒...
[毕配置] ⏳ 暂无任务，休息60秒...
[周右弼] ⏳ 暂无任务，休息60秒...
[乐法律] ⏳ 暂无任务，休息60秒...
[于道德] ⏳ 暂无任务，休息60秒...
[时权限] ⏳ 暂无任务，休息60秒...
[薛贪狼] ⏳ 暂无任务，休息60秒...
[雷ASR] ⏳ 暂无任务，休息60秒...
[贺TTS] ⏳ 暂无任务，休息60秒...
[贡数字人] ⏳ 暂无任务，休息60秒...
[齐辅弼] ⏳ 暂无任务，休息60秒...
[康网关] ⏳ 暂无任务，休息60秒...
[和产品] ⏳ 暂无任务，休息60秒...
[穆文档] ⏳ 暂无任务，休息60秒...
[黄漂移] ⏳ 暂无任务，休息60秒...
[周进化] ⏳ 暂无任务，休息60秒...
[吴模板] ⏳ 暂无任务，休息60秒...
[周禄存] ⏳ 暂无任务，休息60秒...
[郑路由] ⏳ 暂无任务，休息60秒...
[王规划] ⏳ 暂无任务，休息60秒...
[冯优化] ⏳ 暂无任务，休息60秒...
[钱调度] ⏳ 暂无任务，休息60秒...
[陈元灵] ⏳ 暂无任务，休息60秒...
[林对齐] ⏳ 暂无任务，休息60秒...
[朱图谱] ⏳ 暂无任务，休息60秒...
[平心理] ⏳ 暂无任务，休息60秒...
[水版本] ⏳ 暂无任务，休息60秒...
[葛消息] ⏳ 暂无任务，休息60秒...
[皮审计] ⏳ 暂无任务，休息60秒...
[赏界面] ⏳ 暂无任务，休息60秒...
[财SDK] ⏳ 暂无任务，休息60秒...
[蒋巨门] ⏳ 暂无任务，休息60秒...
[沈记忆] ⏳ 暂无任务，休息60秒...
[韩向量] ⏳ 暂无任务，休息60秒...
[杨检索] ⏳ 暂无任务，休息60秒...
[伍廉贞] ⏳ 暂无任务，休息60秒...
[余情绪] ⏳ 暂无任务，休息60秒...
[元人格] ⏳ 暂无任务，休息60秒...
[孟一致] ⏳ 暂无任务，休息60秒...
[谢武功] ⏳ 暂无任务，休息60秒...
[邹接口] ⏳ 暂无任务，休息60秒...
[喻发现] ⏳ 暂无任务，休息60秒...
[柏依赖] ⏳ 暂无任务，休息60秒...
[章破军] ⏳ 暂无任务，休息60秒...
[云沙箱] ⏳ 暂无任务，休息60秒...
[苏容器] ⏳ 暂无任务，休息60秒...
[潘外呼] ⏳ 暂无任务，休息60秒...
[倪左辅] ⏳ 暂无任务，休息60秒...
[汤K8s] ⏳ 暂无任务，休息60秒...
[殷用户] ⏳ 暂无任务，休息60秒...
[罗隔离] ⏳ 暂无任务，休息60秒...
[毕配置] ⏳ 暂无任务，休息60秒...
[周右弼] ⏳ 暂无任务，休息60秒...
[乐法律] ⏳ 暂无任务，休息60秒...
[于道德] ⏳ 暂无任务，休息60秒...
[时权限] ⏳ 暂无任务，休息60秒...
[薛贪狼] ⏳ 暂无任务，休息60秒...
[雷ASR] ⏳ 暂无任务，休息60秒...
[贺TTS] ⏳ 暂无任务，休息60秒...
[贡数字人] ⏳ 暂无任务，休息60秒...
[齐辅弼] ⏳ 暂无任务，休息60秒...
[康网关] ⏳ 暂无任务，休息60秒...
[和产品] ⏳ 暂无任务，休息60秒...
[穆文档] ⏳ 暂无任务，休息60秒...
[黄漂移] ⏳ 暂无任务，休息60秒...
[周进化] ⏳ 暂无任务，休息60秒...
[吴模板] ⏳ 暂无任务，休息60秒...
[周禄存] ⏳ 暂无任务，休息60秒...
[郑路由] ⏳ 暂无任务，休息60秒...
[王规划] ⏳ 暂无任务，休息60秒...
[冯优化] ⏳ 暂无任务，休息60秒...
[钱调度] ⏳ 暂无任务，休息60秒...
[陈元灵] ⏳ 暂无任务，休息60秒...
[林对齐] ⏳ 暂无任务，休息60秒...
[朱图谱] ⏳ 暂无任务，休息60秒...
[平心理] ⏳ 暂无任务，休息60秒...
[水版本] ⏳ 暂无任务，休息60秒...
[葛消息] ⏳ 暂无任务，休息60秒...
[皮审计] ⏳ 暂无任务，休息60秒...
[赏界面] ⏳ 暂无任务，休息60秒...
[财SDK] ⏳ 暂无任务，休息60秒...
[蒋巨门] ⏳ 暂无任务，休息60秒...
[沈记忆] ⏳ 暂无任务，休息60秒...
[韩向量] ⏳ 暂无任务，休息60秒...
[杨检索] ⏳ 暂无任务，休息60秒...
[伍廉贞] ⏳ 暂无任务，休息60秒...
[余情绪] ⏳ 暂无任务，休息60秒...
[元人格] ⏳ 暂无任务，休息60秒...
[孟一致] ⏳ 暂无任务，休息60秒...
[谢武功] ⏳ 暂无任务，休息60秒...
[邹接口] ⏳ 暂无任务，休息60秒...
[喻发现] ⏳ 暂无任务，休息60秒...
[柏依赖] ⏳ 暂无任务，休息60秒...
[章破军] ⏳ 暂无任务，休息60秒...
[云沙箱] ⏳ 暂无任务，休息60秒...
[苏容器] ⏳ 暂无任务，休息60秒...
[潘外呼] ⏳ 暂无任务，休息60秒...
[倪左辅] ⏳ 暂无任务，休息60秒...
[汤K8s] ⏳ 暂无任务，休息60秒...
[殷用户] ⏳ 暂无任务，休息60秒...
[罗隔离] ⏳ 暂无任务，休息60秒...
[毕配置] ⏳ 暂无任务，休息60秒...
[周右弼] ⏳ 暂无任务，休息60秒...
[乐法律] ⏳ 暂无任务，休息60秒...
[于道德] ⏳ 暂无任务，休息60秒...
[时权限] ⏳ 暂无任务，休息60秒...
[薛贪狼] ⏳ 暂无任务，休息60秒...
[雷ASR] ⏳ 暂无任务，休息60秒...
[贺TTS] ⏳ 暂无任务，休息60秒...
[贡数字人] ⏳ 暂无任务，休息60秒...
[齐辅弼] ⏳ 暂无任务，休息60秒...
[康网关] ⏳ 暂无任务，休息60秒...
[和产品] ⏳ 暂无任务，休息60秒...
[穆文档] ⏳ 暂无任务，休息60秒...
[黄漂移] ⏳ 暂无任务，休息60秒...
[周进化] ⏳ 暂无任务，休息60秒...
[吴模板] ⏳ 暂无任务，休息60秒...
[周禄存] ⏳ 暂无任务，休息60秒...
[郑路由] ⏳ 暂无任务，休息60秒...
[王规划] ⏳ 暂无任务，休息60秒...
[冯优化] ⏳ 暂无任务，休息60秒...
[钱调度] ⏳ 暂无任务，休息60秒...
[陈元灵] ⏳ 暂无任务，休息60秒...
[林对齐] ⏳ 暂无任务，休息60秒...
[朱图谱] ⏳ 暂无任务，休息60秒...
[平心理] ⏳ 暂无任务，休息60秒...
[水版本] ⏳ 暂无任务，休息60秒...
[葛消息] ⏳ 暂无任务，休息60秒...
[皮审计] ⏳ 暂无任务，休息60秒...
[赏界面] ⏳ 暂无任务，休息60秒...
[财SDK] ⏳ 暂无任务，休息60秒...
[蒋巨门] ⏳ 暂无任务，休息60秒...
[沈记忆] ⏳ 暂无任务，休息60秒...
[韩向量] ⏳ 暂无任务，休息60秒...
[杨检索] ⏳ 暂无任务，休息60秒...
[伍廉贞] ⏳ 暂无任务，休息60秒...
[余情绪] ⏳ 暂无任务，休息60秒...
[元人格] ⏳ 暂无任务，休息60秒...
[孟一致] ⏳ 暂无任务，休息60秒...
[谢武功] ⏳ 暂无任务，休息60秒...
[邹接口] ⏳ 暂无任务，休息60秒...
[喻发现] ⏳ 暂无任务，休息60秒...
[柏依赖] ⏳ 暂无任务，休息60秒...
[章破军] ⏳ 暂无任务，休息60秒...
[云沙箱] ⏳ 暂无任务，休息60秒...
[苏容器] ⏳ 暂无任务，休息60秒...
[潘外呼] ⏳ 暂无任务，休息60秒...
[倪左辅] ⏳ 暂无任务，休息60秒...
[汤K8s] ⏳ 暂无任务，休息60秒...
[殷用户] ⏳ 暂无任务，休息60秒...
[罗隔离] ⏳ 暂无任务，休息60秒...
[毕配置] ⏳ 暂无任务，休息60秒...
[周右弼] ⏳ 暂无任务，休息60秒...
[乐法律] ⏳ 暂无任务，休息60秒...
[于道德] ⏳ 暂无任务，休息60秒...
[时权限] ⏳ 暂无任务，休息60秒...
[薛贪狼] ⏳ 暂无任务，休息60秒...
[雷ASR] ⏳ 暂无任务，休息60秒...
[贺TTS] ⏳ 暂无任务，休息60秒...
[贡数字人] ⏳ 暂无任务，休息60秒...
[齐辅弼] ⏳ 暂无任务，休息60秒...
[康网关] ⏳ 暂无任务，休息60秒...
[和产品] ⏳ 暂无任务，休息60秒...
[穆文档] ⏳ 暂无任务，休息60秒...
[黄漂移] ⏳ 暂无任务，休息60秒...
[周进化] ⏳ 暂无任务，休息60秒...
[吴模板] ⏳ 暂无任务，休息60秒...
[周禄存] ⏳ 暂无任务，休息60秒...
[郑路由] ⏳ 暂无任务，休息60秒...
[王规划] ⏳ 暂无任务，休息60秒...
[冯优化] ⏳ 暂无任务，休息60秒...
[钱调度] ⏳ 暂无任务，休息60秒...
[陈元灵] ⏳ 暂无任务，休息60秒...
[林对齐] ⏳ 暂无任务，休息60秒...
[朱图谱] ⏳ 暂无任务，休息60秒...
[平心理] ⏳ 暂无任务，休息60秒...
[水版本] ⏳ 暂无任务，休息60秒...
[葛消息] ⏳ 暂无任务，休息60秒...
[皮审计] ⏳ 暂无任务，休息60秒...
[赏界面] ⏳ 暂无任务，休息60秒...
[财SDK] ⏳ 暂无任务，休息60秒...
[蒋巨门] ⏳ 暂无任务，休息60秒...
[沈记忆] ⏳ 暂无任务，休息60秒...
[韩向量] ⏳ 暂无任务，休息60秒...
[杨检索] ⏳ 暂无任务，休息60秒...
[伍廉贞] ⏳ 暂无任务，休息60秒...
[余情绪] ⏳ 暂无任务，休息60秒...
[元人格] ⏳ 暂无任务，休息60秒...
[孟一致] ⏳ 暂无任务，休息60秒...
[谢武功] ⏳ 暂无任务，休息60秒...
[邹接口] ⏳ 暂无任务，休息60秒...
[喻发现] ⏳ 暂无任务，休息60秒...
[柏依赖] ⏳ 暂无任务，休息60秒...
[章破军] ⏳ 暂无任务，休息60秒...
[云沙箱] ⏳ 暂无任务，休息60秒...
[苏容器] ⏳ 暂无任务，休息60秒...
[潘外呼] ⏳ 暂无任务，休息60秒...
[倪左辅] ⏳ 暂无任务，休息60秒...
[汤K8s] ⏳ 暂无任务，休息60秒...
[殷用户] ⏳ 暂无任务，休息60秒...
[罗隔离] ⏳ 暂无任务，休息60秒...
[毕配置] ⏳ 暂无任务，休息60秒...
[周右弼] ⏳ 暂无任务，休息60秒...
[乐法律] ⏳ 暂无任务，休息60秒...
[于道德] ⏳ 暂无任务，休息60秒...
[时权限] ⏳ 暂无任务，休息60秒...
[薛贪狼] ⏳ 暂无任务，休息60秒...
[雷ASR] ⏳ 暂无任务，休息60秒...
[贺TTS] ⏳ 暂无任务，休息60秒...
[贡数字人] ⏳ 暂无任务，休息60秒...
[齐辅弼] ⏳ 暂无任务，休息60秒...
[康网关] ⏳ 暂无任务，休息60秒...
[和产品] ⏳ 暂无任务，休息60秒...
[穆文档] ⏳ 暂无任务，休息60秒...
[黄漂移] ⏳ 暂无任务，休息60秒...
[周进化] ⏳ 暂无任务，休息60秒...
[吴模板] ⏳ 暂无任务，休息60秒...
[周禄存] ⏳ 暂无任务，休息60秒...
[郑路由] ⏳ 暂无任务，休息60秒...
[王规划] ⏳ 暂无任务，休息60秒...
[冯优化] ⏳ 暂无任务，休息60秒...
[钱调度] ⏳ 暂无任务，休息60秒...
[陈元灵] ⏳ 暂无任务，休息60秒...
[林对齐] ⏳ 暂无任务，休息60秒...
[朱图谱] ⏳ 暂无任务，休息60秒...
[平心理] ⏳ 暂无任务，休息60秒...
[水版本] ⏳ 暂无任务，休息60秒...
[葛消息] ⏳ 暂无任务，休息60秒...
[皮审计] ⏳ 暂无任务，休息60秒...
[赏界面] ⏳ 暂无任务，休息60秒...
[财SDK] ⏳ 暂无任务，休息60秒...
[蒋巨门] ⏳ 暂无任务，休息60秒...
[沈记忆] ⏳ 暂无任务，休息60秒...
[韩向量] ⏳ 暂无任务，休息60秒...
[杨检索] ⏳ 暂无任务，休息60秒...
[伍廉贞] ⏳ 暂无任务，休息60秒...
[余情绪] ⏳ 暂无任务，休息60秒...
[元人格] ⏳ 暂无任务，休息60秒...
[孟一致] ⏳ 暂无任务，休息60秒...
[谢武功] ⏳ 暂无任务，休息60秒...
[邹接口] ⏳ 暂无任务，休息60秒...
[喻发现] ⏳ 暂无任务，休息60秒...
[柏依赖] ⏳ 暂无任务，休息60秒...
[章破军] ⏳ 暂无任务，休息60秒...
[云沙箱] ⏳ 暂无任务，休息60秒...
[苏容器] ⏳ 暂无任务，休息60秒...
[潘外呼] ⏳ 暂无任务，休息60秒...
[倪左辅] ⏳ 暂无任务，休息60秒...
[汤K8s] ⏳ 暂无任务，休息60秒...
[殷用户] ⏳ 暂无任务，休息60秒...
[罗隔离] ⏳ 暂无任务，休息60秒...
[毕配置] ⏳ 暂无任务，休息60秒...
[周右弼] ⏳ 暂无任务，休息60秒...
[乐法律] ⏳ 暂无任务，休息60秒...
[于道德] ⏳ 暂无任务，休息60秒...
[时权限] ⏳ 暂无任务，休息60秒...
[薛贪狼] ⏳ 暂无任务，休息60秒...
[雷ASR] ⏳ 暂无任务，休息60秒...
[贺TTS] ⏳ 暂无任务，休息60秒...
[贡数字人] ⏳ 暂无任务，休息60秒...
[齐辅弼] ⏳ 暂无任务，休息60秒...
[康网关] ⏳ 暂无任务，休息60秒...
[和产品] ⏳ 暂无任务，休息60秒...
[穆文档] ⏳ 暂无任务，休息60秒...
[黄漂移] ⏳ 暂无任务，休息60秒...
[周进化] ⏳ 暂无任务，休息60秒...
[吴模板] ⏳ 暂无任务，休息60秒...
[周禄存] ⏳ 暂无任务，休息60秒...
[郑路由] ⏳ 暂无任务，休息60秒...
[王规划] ⏳ 暂无任务，休息60秒...
[冯优化] ⏳ 暂无任务，休息60秒...
[钱调度] ⏳ 暂无任务，休息60秒...
[陈元灵] ⏳ 暂无任务，休息60秒...
[林对齐] ⏳ 暂无任务，休息60秒...
[朱图谱] ⏳ 暂无任务，休息60秒...
[平心理] ⏳ 暂无任务，休息60秒...
[水版本] ⏳ 暂无任务，休息60秒...
[葛消息] ⏳ 暂无任务，休息60秒...
[皮审计] ⏳ 暂无任务，休息60秒...
[赏界面] ⏳ 暂无任务，休息60秒...
[财SDK] ⏳ 暂无任务，休息60秒...
[蒋巨门] ⏳ 暂无任务，休息60秒...
[沈记忆] ⏳ 暂无任务，休息60秒...
[韩向量] ⏳ 暂无任务，休息60秒...
[杨检索] ⏳ 暂无任务，休息60秒...
[伍廉贞] ⏳ 暂无任务，休息60秒...
[余情绪] ⏳ 暂无任务，休息60秒...
[元人格] ⏳ 暂无任务，休息60秒...
[孟一致] ⏳ 暂无任务，休息60秒...
[谢武功] ⏳ 暂无任务，休息60秒...
[邹接口] ⏳ 暂无任务，休息60秒...
[喻发现] ⏳ 暂无任务，休息60秒...
[柏依赖] ⏳ 暂无任务，休息60秒...
[章破军] ⏳ 暂无任务，休息60秒...
[云沙箱] ⏳ 暂无任务，休息60秒...
[苏容器] ⏳ 暂无任务，休息60秒...
[潘外呼] ⏳ 暂无任务，休息60秒...
[倪左辅] ⏳ 暂无任务，休息60秒...
[汤K8s] ⏳ 暂无任务，休息60秒...
[殷用户] ⏳ 暂无任务，休息60秒...
[罗隔离] ⏳ 暂无任务，休息60秒...
[毕配置] ⏳ 暂无任务，休息60秒...
[周右弼] ⏳ 暂无任务，休息60秒...
[乐法律] ⏳ 暂无任务，休息60秒...
[于道德] ⏳ 暂无任务，休息60秒...
[时权限] ⏳ 暂无任务，休息60秒...
[薛贪狼] ⏳ 暂无任务，休息60秒...
[雷ASR] ⏳ 暂无任务，休息60秒...
[贺TTS] ⏳ 暂无任务，休息60秒...
[贡数字人] ⏳ 暂无任务，休息60秒...
[齐辅弼] ⏳ 暂无任务，休息60秒...
[康网关] ⏳ 暂无任务，休息60秒...
[和产品] ⏳ 暂无任务，休息60秒...
[穆文档] ⏳ 暂无任务，休息60秒...
[黄漂移] ⏳ 暂无任务，休息60秒...
[周进化] ⏳ 暂无任务，休息60秒...
[吴模板] ⏳ 暂无任务，休息60秒...
[周禄存] ⏳ 暂无任务，休息60秒...
[郑路由] ⏳ 暂无任务，休息60秒...
[王规划] ⏳ 暂无任务，休息60秒...
[冯优化] ⏳ 暂无任务，休息60秒...
[钱调度] ⏳ 暂无任务，休息60秒...
[陈元灵] ⏳ 暂无任务，休息60秒...
[林对齐] ⏳ 暂无任务，休息60秒...
[朱图谱] ⏳ 暂无任务，休息60秒...
[平心理] ⏳ 暂无任务，休息60秒...
[水版本] ⏳ 暂无任务，休息60秒...
[葛消息] ⏳ 暂无任务，休息60秒...
[皮审计] ⏳ 暂无任务，休息60秒...
[赏界面] ⏳ 暂无任务，休息60秒...
[财SDK] ⏳ 暂无任务，休息60秒...
[蒋巨门] ⏳ 暂无任务，休息60秒...
[沈记忆] ⏳ 暂无任务，休息60秒...
[韩向量] ⏳ 暂无任务，休息60秒...
[杨检索] ⏳ 暂无任务，休息60秒...
[伍廉贞] ⏳ 暂无任务，休息60秒...
[余情绪] ⏳ 暂无任务，休息60秒...
[元人格] ⏳ 暂无任务，休息60秒...
[孟一致] ⏳ 暂无任务，休息60秒...
[谢武功] ⏳ 暂无任务，休息60秒...
[邹接口] ⏳ 暂无任务，休息60秒...
[喻发现] ⏳ 暂无任务，休息60秒...
[柏依赖] ⏳ 暂无任务，休息60秒...
[章破军] ⏳ 暂无任务，休息60秒...
[云沙箱] ⏳ 暂无任务，休息60秒...
[苏容器] ⏳ 暂无任务，休息60秒...
[潘外呼] ⏳ 暂无任务，休息60秒...
[倪左辅] ⏳ 暂无任务，休息60秒...
[汤K8s] ⏳ 暂无任务，休息60秒...
[殷用户] ⏳ 暂无任务，休息60秒...
[罗隔离] ⏳ 暂无任务，休息60秒...
[毕配置] ⏳ 暂无任务，休息60秒...
[周右弼] ⏳ 暂无任务，休息60秒...
[乐法律] ⏳ 暂无任务，休息60秒...
[于道德] ⏳ 暂无任务，休息60秒...
[时权限] ⏳ 暂无任务，休息60秒...
[薛贪狼] ⏳ 暂无任务，休息60秒...
[雷ASR] ⏳ 暂无任务，休息60秒...
[贺TTS] ⏳ 暂无任务，休息60秒...
[贡数字人] ⏳ 暂无任务，休息60秒...
[齐辅弼] ⏳ 暂无任务，休息60秒...
[康网关] ⏳ 暂无任务，休息60秒...
[和产品] ⏳ 暂无任务，休息60秒...
[穆文档] ⏳ 暂无任务，休息60秒...
[黄漂移] ⏳ 暂无任务，休息60秒...
[周进化] ⏳ 暂无任务，休息60秒...
[吴模板] ⏳ 暂无任务，休息60秒...
[周禄存] ⏳ 暂无任务，休息60秒...
[郑路由] ⏳ 暂无任务，休息60秒...
[王规划] ⏳ 暂无任务，休息60秒...
[冯优化] ⏳ 暂无任务，休息60秒...
[钱调度] ⏳ 暂无任务，休息60秒...
[陈元灵] ⏳ 暂无任务，休息60秒...
[林对齐] ⏳ 暂无任务，休息60秒...
[朱图谱] ⏳ 暂无任务，休息60秒...
[平心理] ⏳ 暂无任务，休息60秒...
[水版本] ⏳ 暂无任务，休息60秒...
[葛消息] ⏳ 暂无任务，休息60秒...
[皮审计] ⏳ 暂无任务，休息60秒...
[赏界面] ⏳ 暂无任务，休息60秒...
[财SDK] ⏳ 暂无任务，休息60秒...
[蒋巨门] ⏳ 暂无任务，休息60秒...
[沈记忆] ⏳ 暂无任务，休息60秒...
[韩向量] ⏳ 暂无任务，休息60秒...
[杨检索] ⏳ 暂无任务，休息60秒...
[伍廉贞] ⏳ 暂无任务，休息60秒...
[余情绪] ⏳ 暂无任务，休息60秒...
[元人格] ⏳ 暂无任务，休息60秒...
[孟一致] ⏳ 暂无任务，休息60秒...
[谢武功] ⏳ 暂无任务，休息60秒...
[邹接口] ⏳ 暂无任务，休息60秒...
[喻发现] ⏳ 暂无任务，休息60秒...
[柏依赖] ⏳ 暂无任务，休息60秒...
[章破军] ⏳ 暂无任务，休息60秒...
[云沙箱] ⏳ 暂无任务，休息60秒...
[苏容器] ⏳ 暂无任务，休息60秒...
[潘外呼] ⏳ 暂无任务，休息60秒...
[倪左辅] ⏳ 暂无任务，休息60秒...
[汤K8s] ⏳ 暂无任务，休息60秒...
[殷用户] ⏳ 暂无任务，休息60秒...
[罗隔离] ⏳ 暂无任务，休息60秒...
[毕配置] ⏳ 暂无任务，休息60秒...
[周右弼] ⏳ 暂无任务，休息60秒...
[乐法律] ⏳ 暂无任务，休息60秒...
[于道德] ⏳ 暂无任务，休息60秒...
[时权限] ⏳ 暂无任务，休息60秒...
[薛贪狼] ⏳ 暂无任务，休息60秒...
[雷ASR] ⏳ 暂无任务，休息60秒...
[贺TTS] ⏳ 暂无任务，休息60秒...
[贡数字人] ⏳ 暂无任务，休息60秒...
[齐辅弼] ⏳ 暂无任务，休息60秒...
[康网关] ⏳ 暂无任务，休息60秒...
[和产品] ⏳ 暂无任务，休息60秒...
[穆文档] ⏳ 暂无任务，休息60秒...
[黄漂移] ⏳ 暂无任务，休息60秒...
[周进化] ⏳ 暂无任务，休息60秒...
[吴模板] ⏳ 暂无任务，休息60秒...
[周禄存] ⏳ 暂无任务，休息60秒...
[郑路由] ⏳ 暂无任务，休息60秒...
[王规划] ⏳ 暂无任务，休息60秒...
[冯优化] ⏳ 暂无任务，休息60秒...
[钱调度] ⏳ 暂无任务，休息60秒...
[陈元灵] ⏳ 暂无任务，休息60秒...
[林对齐] ⏳ 暂无任务，休息60秒...
[朱图谱] ⏳ 暂无任务，休息60秒...
[平心理] ⏳ 暂无任务，休息60秒...
[水版本] ⏳ 暂无任务，休息60秒...
[葛消息] ⏳ 暂无任务，休息60秒...
[皮审计] ⏳ 暂无任务，休息60秒...
[赏界面] ⏳ 暂无任务，休息60秒...
[财SDK] ⏳ 暂无任务，休息60秒...
[蒋巨门] ⏳ 暂无任务，休息60秒...
[沈记忆] ⏳ 暂无任务，休息60秒...
[韩向量] ⏳ 暂无任务，休息60秒...
[杨检索] ⏳ 暂无任务，休息60秒...
[伍廉贞] ⏳ 暂无任务，休息60秒...
[余情绪] ⏳ 暂无任务，休息60秒...
[元人格] ⏳ 暂无任务，休息60秒...
[孟一致] ⏳ 暂无任务，休息60秒...
[谢武功] ⏳ 暂无任务，休息60秒...
[邹接口] ⏳ 暂无任务，休息60秒...
[喻发现] ⏳ 暂无任务，休息60秒...
[柏依赖] ⏳ 暂无任务，休息60秒...
[章破军] ⏳ 暂无任务，休息60秒...
[云沙箱] ⏳ 暂无任务，休息60秒...
[苏容器] ⏳ 暂无任务，休息60秒...
[潘外呼] ⏳ 暂无任务，休息60秒...
[倪左辅] ⏳ 暂无任务，休息60秒...
[汤K8s] ⏳ 暂无任务，休息60秒...
[殷用户] ⏳ 暂无任务，休息60秒...
[罗隔离] ⏳ 暂无任务，休息60秒...
[毕配置] ⏳ 暂无任务，休息60秒...
[周右弼] ⏳ 暂无任务，休息60秒...
[乐法律] ⏳ 暂无任务，休息60秒...
[于道德] ⏳ 暂无任务，休息60秒...
[时权限] ⏳ 暂无任务，休息60秒...
[薛贪狼] ⏳ 暂无任务，休息60秒...
[雷ASR] ⏳ 暂无任务，休息60秒...
[贺TTS] ⏳ 暂无任务，休息60秒...
[贡数字人] ⏳ 暂无任务，休息60秒...
[齐辅弼] ⏳ 暂无任务，休息60秒...
[康网关] ⏳ 暂无任务，休息60秒...
[和产品] ⏳ 暂无任务，休息60秒...
[穆文档] ⏳ 暂无任务，休息60秒...
[黄漂移] ⏳ 暂无任务，休息60秒...
[周进化] ⏳ 暂无任务，休息60秒...
[吴模板] ⏳ 暂无任务，休息60秒...
[周禄存] ⏳ 暂无任务，休息60秒...
[郑路由] ⏳ 暂无任务，休息60秒...
[王规划] ⏳ 暂无任务，休息60秒...
[冯优化] ⏳ 暂无任务，休息60秒...
[钱调度] ⏳ 暂无任务，休息60秒...
[陈元灵] ⏳ 暂无任务，休息60秒...
[林对齐] ⏳ 暂无任务，休息60秒...
[朱图谱] ⏳ 暂无任务，休息60秒...
[平心理] ⏳ 暂无任务，休息60秒...
[水版本] ⏳ 暂无任务，休息60秒...
[葛消息] ⏳ 暂无任务，休息60秒...
[皮审计] ⏳ 暂无任务，休息60秒...
[赏界面] ⏳ 暂无任务，休息60秒...
[财SDK] ⏳ 暂无任务，休息60秒...
[蒋巨门] ⏳ 暂无任务，休息60秒...
[沈记忆] ⏳ 暂无任务，休息60秒...
[韩向量] ⏳ 暂无任务，休息60秒...
[杨检索] ⏳ 暂无任务，休息60秒...
[伍廉贞] ⏳ 暂无任务，休息60秒...
[余情绪] ⏳ 暂无任务，休息60秒...
[元人格] ⏳ 暂无任务，休息60秒...
[孟一致] ⏳ 暂无任务，休息60秒...
[谢武功] ⏳ 暂无任务，休息60秒...
[邹接口] ⏳ 暂无任务，休息60秒...
[喻发现] ⏳ 暂无任务，休息60秒...
[柏依赖] ⏳ 暂无任务，休息60秒...
[章破军] ⏳ 暂无任务，休息60秒...
[云沙箱] ⏳ 暂无任务，休息60秒...
[苏容器] ⏳ 暂无任务，休息60秒...
[潘外呼] ⏳ 暂无任务，休息60秒...
[倪左辅] ⏳ 暂无任务，休息60秒...
[汤K8s] ⏳ 暂无任务，休息60秒...
[殷用户] ⏳ 暂无任务，休息60秒...
[罗隔离] ⏳ 暂无任务，休息60秒...
[毕配置] ⏳ 暂无任务，休息60秒...
[周右弼] ⏳ 暂无任务，休息60秒...
[乐法律] ⏳ 暂无任务，休息60秒...
[于道德] ⏳ 暂无任务，休息60秒...
[时权限] ⏳ 暂无任务，休息60秒...
[薛贪狼] ⏳ 暂无任务，休息60秒...
[雷ASR] ⏳ 暂无任务，休息60秒...
[贺TTS] ⏳ 暂无任务，休息60秒...
[贡数字人] ⏳ 暂无任务，休息60秒...
[齐辅弼] ⏳ 暂无任务，休息60秒...
[康网关] ⏳ 暂无任务，休息60秒...
[和产品] ⏳ 暂无任务，休息60秒...
[穆文档] ⏳ 暂无任务，休息60秒...
[黄漂移] ⏳ 暂无任务，休息60秒...
[周进化] ⏳ 暂无任务，休息60秒...
[吴模板] ⏳ 暂无任务，休息60秒...
[周禄存] ⏳ 暂无任务，休息60秒...
[郑路由] ⏳ 暂无任务，休息60秒...
[王规划] ⏳ 暂无任务，休息60秒...
[冯优化] ⏳ 暂无任务，休息60秒...
[钱调度] ⏳ 暂无任务，休息60秒...
[陈元灵] ⏳ 暂无任务，休息60秒...
[林对齐] ⏳ 暂无任务，休息60秒...
[朱图谱] ⏳ 暂无任务，休息60秒...
[平心理] ⏳ 暂无任务，休息60秒...
[水版本] ⏳ 暂无任务，休息60秒...
[葛消息] ⏳ 暂无任务，休息60秒...
[皮审计] ⏳ 暂无任务，休息60秒...
[赏界面] ⏳ 暂无任务，休息60秒...
[财SDK] ⏳ 暂无任务，休息60秒...
[蒋巨门] ⏳ 暂无任务，休息60秒...
[沈记忆] ⏳ 暂无任务，休息60秒...
[韩向量] ⏳ 暂无任务，休息60秒...
[杨检索] ⏳ 暂无任务，休息60秒...
[伍廉贞] ⏳ 暂无任务，休息60秒...
[余情绪] ⏳ 暂无任务，休息60秒...
[元人格] ⏳ 暂无任务，休息60秒...
[孟一致] ⏳ 暂无任务，休息60秒...
[谢武功] ⏳ 暂无任务，休息60秒...
[邹接口] ⏳ 暂无任务，休息60秒...
[喻发现] ⏳ 暂无任务，休息60秒...
[柏依赖] ⏳ 暂无任务，休息60秒...
[章破军] ⏳ 暂无任务，休息60秒...
[云沙箱] ⏳ 暂无任务，休息60秒...
[苏容器] ⏳ 暂无任务，休息60秒...
[潘外呼] ⏳ 暂无任务，休息60秒...
[倪左辅] ⏳ 暂无任务，休息60秒...
[汤K8s] ⏳ 暂无任务，休息60秒...
[殷用户] ⏳ 暂无任务，休息60秒...
[罗隔离] ⏳ 暂无任务，休息60秒...
[毕配置] ⏳ 暂无任务，休息60秒...
[周右弼] ⏳ 暂无任务，休息60秒...
[乐法律] ⏳ 暂无任务，休息60秒...
[于道德] ⏳ 暂无任务，休息60秒...
[时权限] ⏳ 暂无任务，休息60秒...
[薛贪狼] ⏳ 暂无任务，休息60秒...
[雷ASR] ⏳ 暂无任务，休息60秒...
[贺TTS] ⏳ 暂无任务，休息60秒...
[贡数字人] ⏳ 暂无任务，休息60秒...
[齐辅弼] ⏳ 暂无任务，休息60秒...
[康网关] ⏳ 暂无任务，休息60秒...
[和产品] ⏳ 暂无任务，休息60秒...
[穆文档] ⏳ 暂无任务，休息60秒...
[黄漂移] ⏳ 暂无任务，休息60秒...
[周进化] ⏳ 暂无任务，休息60秒...
[吴模板] ⏳ 暂无任务，休息60秒...
[周禄存] ⏳ 暂无任务，休息60秒...
[郑路由] ⏳ 暂无任务，休息60秒...
[王规划] ⏳ 暂无任务，休息60秒...
[冯优化] ⏳ 暂无任务，休息60秒...
[钱调度] ⏳ 暂无任务，休息60秒...
[陈元灵] ⏳ 暂无任务，休息60秒...
[林对齐] ⏳ 暂无任务，休息60秒...
[朱图谱] ⏳ 暂无任务，休息60秒...
[平心理] ⏳ 暂无任务，休息60秒...
[水版本] ⏳ 暂无任务，休息60秒...
[葛消息] ⏳ 暂无任务，休息60秒...
[皮审计] ⏳ 暂无任务，休息60秒...
[赏界面] ⏳ 暂无任务，休息60秒...
[财SDK] ⏳ 暂无任务，休息60秒...
[蒋巨门] ⏳ 暂无任务，休息60秒...
[沈记忆] ⏳ 暂无任务，休息60秒...
[韩向量] ⏳ 暂无任务，休息60秒...
[杨检索] ⏳ 暂无任务，休息60秒...
[伍廉贞] ⏳ 暂无任务，休息60秒...
[余情绪] ⏳ 暂无任务，休息60秒...
[元人格] ⏳ 暂无任务，休息60秒...
[孟一致] ⏳ 暂无任务，休息60秒...
[谢武功] ⏳ 暂无任务，休息60秒...
[邹接口] ⏳ 暂无任务，休息60秒...
[喻发现] ⏳ 暂无任务，休息60秒...
[柏依赖] ⏳ 暂无任务，休息60秒...
[章破军] ⏳ 暂无任务，休息60秒...
[云沙箱] ⏳ 暂无任务，休息60秒...
[苏容器] ⏳ 暂无任务，休息60秒...
[潘外呼] ⏳ 暂无任务，休息60秒...
[倪左辅] ⏳ 暂无任务，休息60秒...
[汤K8s] ⏳ 暂无任务，休息60秒...
[殷用户] ⏳ 暂无任务，休息60秒...
[罗隔离] ⏳ 暂无任务，休息60秒...
[毕配置] ⏳ 暂无任务，休息60秒...
[周右弼] ⏳ 暂无任务，休息60秒...
[乐法律] ⏳ 暂无任务，休息60秒...
[于道德] ⏳ 暂无任务，休息60秒...
[时权限] ⏳ 暂无任务，休息60秒...
[薛贪狼] ⏳ 暂无任务，休息60秒...
[雷ASR] ⏳ 暂无任务，休息60秒...
[贺TTS] ⏳ 暂无任务，休息60秒...
[贡数字人] ⏳ 暂无任务，休息60秒...
[齐辅弼] ⏳ 暂无任务，休息60秒...
[康网关] ⏳ 暂无任务，休息60秒...
[和产品] ⏳ 暂无任务，休息60秒...
[穆文档] ⏳ 暂无任务，休息60秒...
[黄漂移] ⏳ 暂无任务，休息60秒...
[周进化] ⏳ 暂无任务，休息60秒...
[吴模板] ⏳ 暂无任务，休息60秒...
[周禄存] ⏳ 暂无任务，休息60秒...
[郑路由] ⏳ 暂无任务，休息60秒...
[王规划] ⏳ 暂无任务，休息60秒...
[冯优化] ⏳ 暂无任务，休息60秒...
[钱调度] ⏳ 暂无任务，休息60秒...
[陈元灵] ⏳ 暂无任务，休息60秒...
[林对齐] ⏳ 暂无任务，休息60秒...
[朱图谱] ⏳ 暂无任务，休息60秒...
[平心理] ⏳ 暂无任务，休息60秒...
[水版本] ⏳ 暂无任务，休息60秒...
[葛消息] ⏳ 暂无任务，休息60秒...
[皮审计] ⏳ 暂无任务，休息60秒...
[赏界面] ⏳ 暂无任务，休息60秒...
[财SDK] ⏳ 暂无任务，休息60秒...
[蒋巨门] ⏳ 暂无任务，休息60秒...
[沈记忆] ⏳ 暂无任务，休息60秒...
[韩向量] ⏳ 暂无任务，休息60秒...
[杨检索] ⏳ 暂无任务，休息60秒...
[伍廉贞] ⏳ 暂无任务，休息60秒...
[余情绪] ⏳ 暂无任务，休息60秒...
[元人格] ⏳ 暂无任务，休息60秒...
[孟一致] ⏳ 暂无任务，休息60秒...
[谢武功] ⏳ 暂无任务，休息60秒...
[邹接口] ⏳ 暂无任务，休息60秒...
[喻发现] ⏳ 暂无任务，休息60秒...
[柏依赖] ⏳ 暂无任务，休息60秒...
[章破军] ⏳ 暂无任务，休息60秒...
[云沙箱] ⏳ 暂无任务，休息60秒...
[苏容器] ⏳ 暂无任务，休息60秒...
[潘外呼] ⏳ 暂无任务，休息60秒...
[倪左辅] ⏳ 暂无任务，休息60秒...
[汤K8s] ⏳ 暂无任务，休息60秒...
[殷用户] ⏳ 暂无任务，休息60秒...
[罗隔离] ⏳ 暂无任务，休息60秒...
[毕配置] ⏳ 暂无任务，休息60秒...
[周右弼] ⏳ 暂无任务，休息60秒...
[乐法律] ⏳ 暂无任务，休息60秒...
[于道德] ⏳ 暂无任务，休息60秒...
[时权限] ⏳ 暂无任务，休息60秒...
[薛贪狼] ⏳ 暂无任务，休息60秒...
[雷ASR] ⏳ 暂无任务，休息60秒...
[贺TTS] ⏳ 暂无任务，休息60秒...
[贡数字人] ⏳ 暂无任务，休息60秒...
[齐辅弼] ⏳ 暂无任务，休息60秒...
[康网关] ⏳ 暂无任务，休息60秒...
[和产品] ⏳ 暂无任务，休息60秒...
[穆文档] ⏳ 暂无任务，休息60秒...
[黄漂移] ⏳ 暂无任务，休息60秒...
[周进化] ⏳ 暂无任务，休息60秒...
[吴模板] ⏳ 暂无任务，休息60秒...
[周禄存] ⏳ 暂无任务，休息60秒...
[郑路由] ⏳ 暂无任务，休息60秒...
[王规划] ⏳ 暂无任务，休息60秒...
[冯优化] ⏳ 暂无任务，休息60秒...
[钱调度] ⏳ 暂无任务，休息60秒...
[陈元灵] ⏳ 暂无任务，休息60秒...
[林对齐] ⏳ 暂无任务，休息60秒...
[朱图谱] ⏳ 暂无任务，休息60秒...
[平心理] ⏳ 暂无任务，休息60秒...
[水版本] ⏳ 暂无任务，休息60秒...
[葛消息] ⏳ 暂无任务，休息60秒...
[皮审计] ⏳ 暂无任务，休息60秒...
[赏界面] ⏳ 暂无任务，休息60秒...
[财SDK] ⏳ 暂无任务，休息60秒...
[蒋巨门] ⏳ 暂无任务，休息60秒...
[沈记忆] ⏳ 暂无任务，休息60秒...
[韩向量] ⏳ 暂无任务，休息60秒...
[杨检索] ⏳ 暂无任务，休息60秒...
[伍廉贞] ⏳ 暂无任务，休息60秒...
[余情绪] ⏳ 暂无任务，休息60秒...
[元人格] ⏳ 暂无任务，休息60秒...
[孟一致] ⏳ 暂无任务，休息60秒...
[谢武功] ⏳ 暂无任务，休息60秒...
[邹接口] ⏳ 暂无任务，休息60秒...
[喻发现] ⏳ 暂无任务，休息60秒...
[柏依赖] ⏳ 暂无任务，休息60秒...
[章破军] ⏳ 暂无任务，休息60秒...
[云沙箱] ⏳ 暂无任务，休息60秒...
[苏容器] ⏳ 暂无任务，休息60秒...
[潘外呼] ⏳ 暂无任务，休息60秒...
[倪左辅] ⏳ 暂无任务，休息60秒...
[汤K8s] ⏳ 暂无任务，休息60秒...
[殷用户] ⏳ 暂无任务，休息60秒...
[罗隔离] ⏳ 暂无任务，休息60秒...
[毕配置] ⏳ 暂无任务，休息60秒...
[周右弼] ⏳ 暂无任务，休息60秒...
[乐法律] ⏳ 暂无任务，休息60秒...
[于道德] ⏳ 暂无任务，休息60秒...
[时权限] ⏳ 暂无任务，休息60秒...
[薛贪狼] ⏳ 暂无任务，休息60秒...
[雷ASR] ⏳ 暂无任务，休息60秒...
[贺TTS] ⏳ 暂无任务，休息60秒...
[贡数字人] ⏳ 暂无任务，休息60秒...
[齐辅弼] ⏳ 暂无任务，休息60秒...
[康网关] ⏳ 暂无任务，休息60秒...
[和产品] ⏳ 暂无任务，休息60秒...
[穆文档] ⏳ 暂无任务，休息60秒...
[黄漂移] ⏳ 暂无任务，休息60秒...
[周进化] ⏳ 暂无任务，休息60秒...
[吴模板] ⏳ 暂无任务，休息60秒...
[周禄存] ⏳ 暂无任务，休息60秒...
[郑路由] ⏳ 暂无任务，休息60秒...
[王规划] ⏳ 暂无任务，休息60秒...
[冯优化] ⏳ 暂无任务，休息60秒...
[钱调度] ⏳ 暂无任务，休息60秒...
[陈元灵] ⏳ 暂无任务，休息60秒...
[林对齐] ⏳ 暂无任务，休息60秒...
[朱图谱] ⏳ 暂无任务，休息60秒...
[平心理] ⏳ 暂无任务，休息60秒...
[水版本] ⏳ 暂无任务，休息60秒...
[葛消息] ⏳ 暂无任务，休息60秒...
[皮审计] ⏳ 暂无任务，休息60秒...
[赏界面] ⏳ 暂无任务，休息60秒...
[财SDK] ⏳ 暂无任务，休息60秒...
[蒋巨门] ⏳ 暂无任务，休息60秒...
[沈记忆] ⏳ 暂无任务，休息60秒...
[韩向量] ⏳ 暂无任务，休息60秒...
[杨检索] ⏳ 暂无任务，休息60秒...
[伍廉贞] ⏳ 暂无任务，休息60秒...
[余情绪] ⏳ 暂无任务，休息60秒...
[元人格] ⏳ 暂无任务，休息60秒...
[孟一致] ⏳ 暂无任务，休息60秒...
[谢武功] ⏳ 暂无任务，休息60秒...
[邹接口] ⏳ 暂无任务，休息60秒...
[喻发现] ⏳ 暂无任务，休息60秒...
[柏依赖] ⏳ 暂无任务，休息60秒...
[章破军] ⏳ 暂无任务，休息60秒...
[云沙箱] ⏳ 暂无任务，休息60秒...
[苏容器] ⏳ 暂无任务，休息60秒...
[潘外呼] ⏳ 暂无任务，休息60秒...
[倪左辅] ⏳ 暂无任务，休息60秒...
[汤K8s] ⏳ 暂无任务，休息60秒...
[殷用户] ⏳ 暂无任务，休息60秒...
[罗隔离] ⏳ 暂无任务，休息60秒...
[毕配置] ⏳ 暂无任务，休息60秒...
[周右弼] ⏳ 暂无任务，休息60秒...
[乐法律] ⏳ 暂无任务，休息60秒...
[于道德] ⏳ 暂无任务，休息60秒...
[时权限] ⏳ 暂无任务，休息60秒...
[薛贪狼] ⏳ 暂无任务，休息60秒...
[雷ASR] ⏳ 暂无任务，休息60秒...
[贺TTS] ⏳ 暂无任务，休息60秒...
[贡数字人] ⏳ 暂无任务，休息60秒...
[齐辅弼] ⏳ 暂无任务，休息60秒...
[康网关] ⏳ 暂无任务，休息60秒...
[和产品] ⏳ 暂无任务，休息60秒...
[穆文档] ⏳ 暂无任务，休息60秒...
[黄漂移] ⏳ 暂无任务，休息60秒...
[周进化] ⏳ 暂无任务，休息60秒...
[吴模板] ⏳ 暂无任务，休息60秒...
[周禄存] ⏳ 暂无任务，休息60秒...
[郑路由] ⏳ 暂无任务，休息60秒...
[王规划] ⏳ 暂无任务，休息60秒...
[冯优化] ⏳ 暂无任务，休息60秒...
[钱调度] ⏳ 暂无任务，休息60秒...
[陈元灵] ⏳ 暂无任务，休息60秒...
[林对齐] ⏳ 暂无任务，休息60秒...
[朱图谱] ⏳ 暂无任务，休息60秒...
[平心理] ⏳ 暂无任务，休息60秒...
[水版本] ⏳ 暂无任务，休息60秒...
[葛消息] ⏳ 暂无任务，休息60秒...
[皮审计] ⏳ 暂无任务，休息60秒...
[赏界面] ⏳ 暂无任务，休息60秒...
[财SDK] ⏳ 暂无任务，休息60秒...
[蒋巨门] ⏳ 暂无任务，休息60秒...
[沈记忆] ⏳ 暂无任务，休息60秒...
[韩向量] ⏳ 暂无任务，休息60秒...
[杨检索] ⏳ 暂无任务，休息60秒...
[伍廉贞] ⏳ 暂无任务，休息60秒...
[余情绪] ⏳ 暂无任务，休息60秒...
[元人格] ⏳ 暂无任务，休息60秒...
[孟一致] ⏳ 暂无任务，休息60秒...
[谢武功] ⏳ 暂无任务，休息60秒...
[邹接口] ⏳ 暂无任务，休息60秒...
[喻发现] ⏳ 暂无任务，休息60秒...
[柏依赖] ⏳ 暂无任务，休息60秒...
[章破军] ⏳ 暂无任务，休息60秒...
[云沙箱] ⏳ 暂无任务，休息60秒...
[苏容器] ⏳ 暂无任务，休息60秒...
[潘外呼] ⏳ 暂无任务，休息60秒...
[倪左辅] ⏳ 暂无任务，休息60秒...
[汤K8s] ⏳ 暂无任务，休息60秒...
[殷用户] ⏳ 暂无任务，休息60秒...
[罗隔离] ⏳ 暂无任务，休息60秒...
[毕配置] ⏳ 暂无任务，休息60秒...
[周右弼] ⏳ 暂无任务，休息60秒...
[乐法律] ⏳ 暂无任务，休息60秒...
[于道德] ⏳ 暂无任务，休息60秒...
[时权限] ⏳ 暂无任务，休息60秒...
[薛贪狼] ⏳ 暂无任务，休息60秒...
[雷ASR] ⏳ 暂无任务，休息60秒...
[贺TTS] ⏳ 暂无任务，休息60秒...
[贡数字人] ⏳ 暂无任务，休息60秒...
[齐辅弼] ⏳ 暂无任务，休息60秒...
[康网关] ⏳ 暂无任务，休息60秒...
[和产品] ⏳ 暂无任务，休息60秒...
[穆文档] ⏳ 暂无任务，休息60秒...
[黄漂移] ⏳ 暂无任务，休息60秒...
[周进化] ⏳ 暂无任务，休息60秒...
[吴模板] ⏳ 暂无任务，休息60秒...
[周禄存] ⏳ 暂无任务，休息60秒...
[郑路由] ⏳ 暂无任务，休息60秒...
[王规划] ⏳ 暂无任务，休息60秒...
[冯优化] ⏳ 暂无任务，休息60秒...
[钱调度] ⏳ 暂无任务，休息60秒...
[陈元灵] ⏳ 暂无任务，休息60秒...
[林对齐] ⏳ 暂无任务，休息60秒...
[朱图谱] ⏳ 暂无任务，休息60秒...
[平心理] ⏳ 暂无任务，休息60秒...
[水版本] ⏳ 暂无任务，休息60秒...
[葛消息] ⏳ 暂无任务，休息60秒...
[皮审计] ⏳ 暂无任务，休息60秒...
[赏界面] ⏳ 暂无任务，休息60秒...
[财SDK] ⏳ 暂无任务，休息60秒...
[蒋巨门] ⏳ 暂无任务，休息60秒...
[沈记忆] ⏳ 暂无任务，休息60秒...
[韩向量] ⏳ 暂无任务，休息60秒...
[杨检索] ⏳ 暂无任务，休息60秒...
[伍廉贞] ⏳ 暂无任务，休息60秒...
[余情绪] ⏳ 暂无任务，休息60秒...
[元人格] ⏳ 暂无任务，休息60秒...
[孟一致] ⏳ 暂无任务，休息60秒...
[谢武功] ⏳ 暂无任务，休息60秒...
[邹接口] ⏳ 暂无任务，休息60秒...
[喻发现] ⏳ 暂无任务，休息60秒...
[柏依赖] ⏳ 暂无任务，休息60秒...
[章破军] ⏳ 暂无任务，休息60秒...
[云沙箱] ⏳ 暂无任务，休息60秒...
[苏容器] ⏳ 暂无任务，休息60秒...
[潘外呼] ⏳ 暂无任务，休息60秒...
[倪左辅] ⏳ 暂无任务，休息60秒...
[汤K8s] ⏳ 暂无任务，休息60秒...
[殷用户] ⏳ 暂无任务，休息60秒...
[罗隔离] ⏳ 暂无任务，休息60秒...
[毕配置] ⏳ 暂无任务，休息60秒...
[周右弼] ⏳ 暂无任务，休息60秒...
[乐法律] ⏳ 暂无任务，休息60秒...
[于道德] ⏳ 暂无任务，休息60秒...
[时权限] ⏳ 暂无任务，休息60秒...
[薛贪狼] ⏳ 暂无任务，休息60秒...
[雷ASR] ⏳ 暂无任务，休息60秒...
[贺TTS] ⏳ 暂无任务，休息60秒...
[贡数字人] ⏳ 暂无任务，休息60秒...
[齐辅弼] ⏳ 暂无任务，休息60秒...
[康网关] ⏳ 暂无任务，休息60秒...
[和产品] ⏳ 暂无任务，休息60秒...
[穆文档] ⏳ 暂无任务，休息60秒...
[黄漂移] ⏳ 暂无任务，休息60秒...
[周进化] ⏳ 暂无任务，休息60秒...
[吴模板] ⏳ 暂无任务，休息60秒...
[周禄存] ⏳ 暂无任务，休息60秒...
[郑路由] ⏳ 暂无任务，休息60秒...
[王规划] ⏳ 暂无任务，休息60秒...
[冯优化] ⏳ 暂无任务，休息60秒...
[钱调度] ⏳ 暂无任务，休息60秒...
[陈元灵] ⏳ 暂无任务，休息60秒...
[林对齐] ⏳ 暂无任务，休息60秒...
[朱图谱] ⏳ 暂无任务，休息60秒...
[平心理] ⏳ 暂无任务，休息60秒...
[水版本] ⏳ 暂无任务，休息60秒...
[葛消息] ⏳ 暂无任务，休息60秒...
[皮审计] ⏳ 暂无任务，休息60秒...
[赏界面] ⏳ 暂无任务，休息60秒...
[财SDK] ⏳ 暂无任务，休息60秒...
[蒋巨门] ⏳ 暂无任务，休息60秒...
[沈记忆] ⏳ 暂无任务，休息60秒...
[韩向量] ⏳ 暂无任务，休息60秒...
[杨检索] ⏳ 暂无任务，休息60秒...
[伍廉贞] ⏳ 暂无任务，休息60秒...
[余情绪] ⏳ 暂无任务，休息60秒...
[元人格] ⏳ 暂无任务，休息60秒...
[孟一致] ⏳ 暂无任务，休息60秒...
[谢武功] ⏳ 暂无任务，休息60秒...
[邹接口] ⏳ 暂无任务，休息60秒...
[喻发现] ⏳ 暂无任务，休息60秒...
[柏依赖] ⏳ 暂无任务，休息60秒...
[章破军] ⏳ 暂无任务，休息60秒...
[云沙箱] ⏳ 暂无任务，休息60秒...
[苏容器] ⏳ 暂无任务，休息60秒...
[潘外呼] ⏳ 暂无任务，休息60秒...
[倪左辅] ⏳ 暂无任务，休息60秒...
[汤K8s] ⏳ 暂无任务，休息60秒...
[殷用户] ⏳ 暂无任务，休息60秒...
[罗隔离] ⏳ 暂无任务，休息60秒...
[毕配置] ⏳ 暂无任务，休息60秒...
[周右弼] ⏳ 暂无任务，休息60秒...
[乐法律] ⏳ 暂无任务，休息60秒...
[于道德] ⏳ 暂无任务，休息60秒...
[时权限] ⏳ 暂无任务，休息60秒...
[薛贪狼] ⏳ 暂无任务，休息60秒...
[雷ASR] ⏳ 暂无任务，休息60秒...
[贺TTS] ⏳ 暂无任务，休息60秒...
[贡数字人] ⏳ 暂无任务，休息60秒...
[齐辅弼] ⏳ 暂无任务，休息60秒...
[康网关] ⏳ 暂无任务，休息60秒...
[和产品] ⏳ 暂无任务，休息60秒...
[穆文档] ⏳ 暂无任务，休息60秒...
[黄漂移] ⏳ 暂无任务，休息60秒...
[周进化] ⏳ 暂无任务，休息60秒...
[吴模板] ⏳ 暂无任务，休息60秒...
[周禄存] ⏳ 暂无任务，休息60秒...
[郑路由] ⏳ 暂无任务，休息60秒...
[王规划] ⏳ 暂无任务，休息60秒...
[冯优化] ⏳ 暂无任务，休息60秒...
[钱调度] ⏳ 暂无任务，休息60秒...
[陈元灵] ⏳ 暂无任务，休息60秒...
[林对齐] ⏳ 暂无任务，休息60秒...
[朱图谱] ⏳ 暂无任务，休息60秒...
[平心理] ⏳ 暂无任务，休息60秒...
[水版本] ⏳ 暂无任务，休息60秒...
[葛消息] ⏳ 暂无任务，休息60秒...
[皮审计] ⏳ 暂无任务，休息60秒...
[赏界面] ⏳ 暂无任务，休息60秒...
[财SDK] ⏳ 暂无任务，休息60秒...
[蒋巨门] ⏳ 暂无任务，休息60秒...
[沈记忆] ⏳ 暂无任务，休息60秒...
[韩向量] ⏳ 暂无任务，休息60秒...
[杨检索] ⏳ 暂无任务，休息60秒...
[伍廉贞] ⏳ 暂无任务，休息60秒...
[余情绪] ⏳ 暂无任务，休息60秒...
[元人格] ⏳ 暂无任务，休息60秒...
[孟一致] ⏳ 暂无任务，休息60秒...
[谢武功] ⏳ 暂无任务，休息60秒...
[邹接口] ⏳ 暂无任务，休息60秒...
[喻发现] ⏳ 暂无任务，休息60秒...
[柏依赖] ⏳ 暂无任务，休息60秒...
[章破军] ⏳ 暂无任务，休息60秒...
[云沙箱] ⏳ 暂无任务，休息60秒...
[苏容器] ⏳ 暂无任务，休息60秒...
[潘外呼] ⏳ 暂无任务，休息60秒...
[倪左辅] ⏳ 暂无任务，休息60秒...
[汤K8s] ⏳ 暂无任务，休息60秒...
[殷用户] ⏳ 暂无任务，休息60秒...
[罗隔离] ⏳ 暂无任务，休息60秒...
[毕配置] ⏳ 暂无任务，休息60秒...
[周右弼] ⏳ 暂无任务，休息60秒...
[乐法律] ⏳ 暂无任务，休息60秒...
[于道德] ⏳ 暂无任务，休息60秒...
[时权限] ⏳ 暂无任务，休息60秒...
[薛贪狼] ⏳ 暂无任务，休息60秒...
[雷ASR] ⏳ 暂无任务，休息60秒...
[贺TTS] ⏳ 暂无任务，休息60秒...
[贡数字人] ⏳ 暂无任务，休息60秒...
[齐辅弼] ⏳ 暂无任务，休息60秒...
[康网关] ⏳ 暂无任务，休息60秒...
[和产品] ⏳ 暂无任务，休息60秒...
[穆文档] ⏳ 暂无任务，休息60秒...
[黄漂移] ⏳ 暂无任务，休息60秒...
[周进化] ⏳ 暂无任务，休息60秒...
[吴模板] ⏳ 暂无任务，休息60秒...
[周禄存] ⏳ 暂无任务，休息60秒...
[郑路由] ⏳ 暂无任务，休息60秒...
[王规划] ⏳ 暂无任务，休息60秒...
[冯优化] ⏳ 暂无任务，休息60秒...
[钱调度] ⏳ 暂无任务，休息60秒...
[陈元灵] ⏳ 暂无任务，休息60秒...
[林对齐] ⏳ 暂无任务，休息60秒...
[朱图谱] ⏳ 暂无任务，休息60秒...
[平心理] ⏳ 暂无任务，休息60秒...
[水版本] ⏳ 暂无任务，休息60秒...
[葛消息] ⏳ 暂无任务，休息60秒...
[皮审计] ⏳ 暂无任务，休息60秒...
[赏界面] ⏳ 暂无任务，休息60秒...
[财SDK] ⏳ 暂无任务，休息60秒...
[蒋巨门] ⏳ 暂无任务，休息60秒...
[沈记忆] ⏳ 暂无任务，休息60秒...
[韩向量] ⏳ 暂无任务，休息60秒...
[杨检索] ⏳ 暂无任务，休息60秒...
[伍廉贞] ⏳ 暂无任务，休息60秒...
[余情绪] ⏳ 暂无任务，休息60秒...
[元人格] ⏳ 暂无任务，休息60秒...
[孟一致] ⏳ 暂无任务，休息60秒...
[谢武功] ⏳ 暂无任务，休息60秒...
[邹接口] ⏳ 暂无任务，休息60秒...
[喻发现] ⏳ 暂无任务，休息60秒...
[柏依赖] ⏳ 暂无任务，休息60秒...
[章破军] ⏳ 暂无任务，休息60秒...
[云沙箱] ⏳ 暂无任务，休息60秒...
[苏容器] ⏳ 暂无任务，休息60秒...
[潘外呼] ⏳ 暂无任务，休息60秒...
[倪左辅] ⏳ 暂无任务，休息60秒...
[汤K8s] ⏳ 暂无任务，休息60秒...
[殷用户] ⏳ 暂无任务，休息60秒...
[罗隔离] ⏳ 暂无任务，休息60秒...
[毕配置] ⏳ 暂无任务，休息60秒...
[周右弼] ⏳ 暂无任务，休息60秒...
[乐法律] ⏳ 暂无任务，休息60秒...
[于道德] ⏳ 暂无任务，休息60秒...
[时权限] ⏳ 暂无任务，休息60秒...
[薛贪狼] ⏳ 暂无任务，休息60秒...
[雷ASR] ⏳ 暂无任务，休息60秒...
[贺TTS] ⏳ 暂无任务，休息60秒...
[贡数字人] ⏳ 暂无任务，休息60秒...
[齐辅弼] ⏳ 暂无任务，休息60秒...
[康网关] ⏳ 暂无任务，休息60秒...
[和产品] ⏳ 暂无任务，休息60秒...
[穆文档] ⏳ 暂无任务，休息60秒...
[黄漂移] ⏳ 暂无任务，休息60秒...
[周进化] ⏳ 暂无任务，休息60秒...
[吴模板] ⏳ 暂无任务，休息60秒...
[周禄存] ⏳ 暂无任务，休息60秒...
[郑路由] ⏳ 暂无任务，休息60秒...
[王规划] ⏳ 暂无任务，休息60秒...
[冯优化] ⏳ 暂无任务，休息60秒...
[钱调度] ⏳ 暂无任务，休息60秒...
[陈元灵] ⏳ 暂无任务，休息60秒...
[林对齐] ⏳ 暂无任务，休息60秒...
[朱图谱] ⏳ 暂无任务，休息60秒...
[平心理] ⏳ 暂无任务，休息60秒...
[水版本] ⏳ 暂无任务，休息60秒...
[葛消息] ⏳ 暂无任务，休息60秒...
[皮审计] ⏳ 暂无任务，休息60秒...
[赏界面] ⏳ 暂无任务，休息60秒...
[财SDK] ⏳ 暂无任务，休息60秒...
[蒋巨门] ⏳ 暂无任务，休息60秒...
[沈记忆] ⏳ 暂无任务，休息60秒...
[韩向量] ⏳ 暂无任务，休息60秒...
[杨检索] ⏳ 暂无任务，休息60秒...
[伍廉贞] ⏳ 暂无任务，休息60秒...
[余情绪] ⏳ 暂无任务，休息60秒...
[元人格] ⏳ 暂无任务，休息60秒...
[孟一致] ⏳ 暂无任务，休息60秒...
[谢武功] ⏳ 暂无任务，休息60秒...
[邹接口] ⏳ 暂无任务，休息60秒...
[喻发现] ⏳ 暂无任务，休息60秒...
[柏依赖] ⏳ 暂无任务，休息60秒...
[章破军] ⏳ 暂无任务，休息60秒...
[云沙箱] ⏳ 暂无任务，休息60秒...
[苏容器] ⏳ 暂无任务，休息60秒...
[潘外呼] ⏳ 暂无任务，休息60秒...
[倪左辅] ⏳ 暂无任务，休息60秒...
[汤K8s] ⏳ 暂无任务，休息60秒...
[殷用户] ⏳ 暂无任务，休息60秒...
[罗隔离] ⏳ 暂无任务，休息60秒...
[毕配置] ⏳ 暂无任务，休息60秒...
[周右弼] ⏳ 暂无任务，休息60秒...
[乐法律] ⏳ 暂无任务，休息60秒...
[于道德] ⏳ 暂无任务，休息60秒...
[时权限] ⏳ 暂无任务，休息60秒...
[薛贪狼] ⏳ 暂无任务，休息60秒...
[雷ASR] ⏳ 暂无任务，休息60秒...
[贺TTS] ⏳ 暂无任务，休息60秒...
[贡数字人] ⏳ 暂无任务，休息60秒...
[齐辅弼] ⏳ 暂无任务，休息60秒...
[康网关] ⏳ 暂无任务，休息60秒...
[和产品] ⏳ 暂无任务，休息60秒...
[穆文档] ⏳ 暂无任务，休息60秒...
[黄漂移] ⏳ 暂无任务，休息60秒...
[周进化] ⏳ 暂无任务，休息60秒...
[吴模板] ⏳ 暂无任务，休息60秒...
[周禄存] ⏳ 暂无任务，休息60秒...
[郑路由] ⏳ 暂无任务，休息60秒...
[王规划] ⏳ 暂无任务，休息60秒...
[冯优化] ⏳ 暂无任务，休息60秒...
[钱调度] ⏳ 暂无任务，休息60秒...
[陈元灵] ⏳ 暂无任务，休息60秒...
[林对齐] ⏳ 暂无任务，休息60秒...
[朱图谱] ⏳ 暂无任务，休息60秒...
[平心理] ⏳ 暂无任务，休息60秒...
[水版本] ⏳ 暂无任务，休息60秒...
[葛消息] ⏳ 暂无任务，休息60秒...
[皮审计] ⏳ 暂无任务，休息60秒...
[赏界面] ⏳ 暂无任务，休息60秒...
[财SDK] ⏳ 暂无任务，休息60秒...
[蒋巨门] ⏳ 暂无任务，休息60秒...
[沈记忆] ⏳ 暂无任务，休息60秒...
[韩向量] ⏳ 暂无任务，休息60秒...
[杨检索] ⏳ 暂无任务，休息60秒...
[伍廉贞] ⏳ 暂无任务，休息60秒...
[余情绪] ⏳ 暂无任务，休息60秒...
[元人格] ⏳ 暂无任务，休息60秒...
[孟一致] ⏳ 暂无任务，休息60秒...
[谢武功] ⏳ 暂无任务，休息60秒...
[邹接口] ⏳ 暂无任务，休息60秒...
[喻发现] ⏳ 暂无任务，休息60秒...
[柏依赖] ⏳ 暂无任务，休息60秒...
[章破军] ⏳ 暂无任务，休息60秒...
[云沙箱] ⏳ 暂无任务，休息60秒...
[苏容器] ⏳ 暂无任务，休息60秒...
[潘外呼] ⏳ 暂无任务，休息60秒...
[倪左辅] ⏳ 暂无任务，休息60秒...
[汤K8s] ⏳ 暂无任务，休息60秒...
[殷用户] ⏳ 暂无任务，休息60秒...
[罗隔离] ⏳ 暂无任务，休息60秒...
[毕配置] ⏳ 暂无任务，休息60秒...
[周右弼] ⏳ 暂无任务，休息60秒...
[乐法律] ⏳ 暂无任务，休息60秒...
[于道德] ⏳ 暂无任务，休息60秒...
[时权限] ⏳ 暂无任务，休息60秒...
[薛贪狼] ⏳ 暂无任务，休息60秒...
[雷ASR] ⏳ 暂无任务，休息60秒...
[贺TTS] ⏳ 暂无任务，休息60秒...
[贡数字人] ⏳ 暂无任务，休息60秒...
[齐辅弼] ⏳ 暂无任务，休息60秒...
[康网关] ⏳ 暂无任务，休息60秒...
[和产品] ⏳ 暂无任务，休息60秒...
[穆文档] ⏳ 暂无任务，休息60秒...
[黄漂移] ⏳ 暂无任务，休息60秒...
[周进化] ⏳ 暂无任务，休息60秒...
[吴模板] ⏳ 暂无任务，休息60秒...
[周禄存] ⏳ 暂无任务，休息60秒...
[郑路由] ⏳ 暂无任务，休息60秒...
[王规划] ⏳ 暂无任务，休息60秒...
[冯优化] ⏳ 暂无任务，休息60秒...
[钱调度] ⏳ 暂无任务，休息60秒...
[陈元灵] ⏳ 暂无任务，休息60秒...
[林对齐] ⏳ 暂无任务，休息60秒...
[朱图谱] ⏳ 暂无任务，休息60秒...
[平心理] ⏳ 暂无任务，休息60秒...
[水版本] ⏳ 暂无任务，休息60秒...
[葛消息] ⏳ 暂无任务，休息60秒...
[皮审计] ⏳ 暂无任务，休息60秒...
[赏界面] ⏳ 暂无任务，休息60秒...
[财SDK] ⏳ 暂无任务，休息60秒...
[蒋巨门] ⏳ 暂无任务，休息60秒...
[沈记忆] ⏳ 暂无任务，休息60秒...
[韩向量] ⏳ 暂无任务，休息60秒...
[杨检索] ⏳ 暂无任务，休息60秒...
[伍廉贞] ⏳ 暂无任务，休息60秒...
[余情绪] ⏳ 暂无任务，休息60秒...
[元人格] ⏳ 暂无任务，休息60秒...
[孟一致] ⏳ 暂无任务，休息60秒...
[谢武功] ⏳ 暂无任务，休息60秒...
[邹接口] ⏳ 暂无任务，休息60秒...
[喻发现] ⏳ 暂无任务，休息60秒...
[柏依赖] ⏳ 暂无任务，休息60秒...
[章破军] ⏳ 暂无任务，休息60秒...
[云沙箱] ⏳ 暂无任务，休息60秒...
[苏容器] ⏳ 暂无任务，休息60秒...
[潘外呼] ⏳ 暂无任务，休息60秒...
[倪左辅] ⏳ 暂无任务，休息60秒...
[汤K8s] ⏳ 暂无任务，休息60秒...
[殷用户] ⏳ 暂无任务，休息60秒...
[罗隔离] ⏳ 暂无任务，休息60秒...
[毕配置] ⏳ 暂无任务，休息60秒...
[周右弼] ⏳ 暂无任务，休息60秒...
[乐法律] ⏳ 暂无任务，休息60秒...
[于道德] ⏳ 暂无任务，休息60秒...
[时权限] ⏳ 暂无任务，休息60秒...
[薛贪狼] ⏳ 暂无任务，休息60秒...
[雷ASR] ⏳ 暂无任务，休息60秒...
[贺TTS] ⏳ 暂无任务，休息60秒...
[贡数字人] ⏳ 暂无任务，休息60秒...
[齐辅弼] ⏳ 暂无任务，休息60秒...
[康网关] ⏳ 暂无任务，休息60秒...
[和产品] ⏳ 暂无任务，休息60秒...
[穆文档] ⏳ 暂无任务，休息60秒...
[黄漂移] ⏳ 暂无任务，休息60秒...
[周进化] ⏳ 暂无任务，休息60秒...
[吴模板] ⏳ 暂无任务，休息60秒...
[周禄存] ⏳ 暂无任务，休息60秒...
[郑路由] ⏳ 暂无任务，休息60秒...
[王规划] ⏳ 暂无任务，休息60秒...
[冯优化] ⏳ 暂无任务，休息60秒...
[钱调度] ⏳ 暂无任务，休息60秒...
[陈元灵] ⏳ 暂无任务，休息60秒...
[林对齐] ⏳ 暂无任务，休息60秒...
[朱图谱] ⏳ 暂无任务，休息60秒...
[平心理] ⏳ 暂无任务，休息60秒...
[水版本] ⏳ 暂无任务，休息60秒...
[葛消息] ⏳ 暂无任务，休息60秒...
[皮审计] ⏳ 暂无任务，休息60秒...
[赏界面] ⏳ 暂无任务，休息60秒...
[财SDK] ⏳ 暂无任务，休息60秒...
[蒋巨门] ⏳ 暂无任务，休息60秒...
[沈记忆] ⏳ 暂无任务，休息60秒...
[韩向量] ⏳ 暂无任务，休息60秒...
[杨检索] ⏳ 暂无任务，休息60秒...
[伍廉贞] ⏳ 暂无任务，休息60秒...
[余情绪] ⏳ 暂无任务，休息60秒...
[元人格] ⏳ 暂无任务，休息60秒...
[孟一致] ⏳ 暂无任务，休息60秒...
[谢武功] ⏳ 暂无任务，休息60秒...
[邹接口] ⏳ 暂无任务，休息60秒...
[喻发现] ⏳ 暂无任务，休息60秒...
[柏依赖] ⏳ 暂无任务，休息60秒...
[章破军] ⏳ 暂无任务，休息60秒...
[云沙箱] ⏳ 暂无任务，休息60秒...
[苏容器] ⏳ 暂无任务，休息60秒...
[潘外呼] ⏳ 暂无任务，休息60秒...
[倪左辅] ⏳ 暂无任务，休息60秒...
[汤K8s] ⏳ 暂无任务，休息60秒...
[殷用户] ⏳ 暂无任务，休息60秒...
[罗隔离] ⏳ 暂无任务，休息60秒...
[毕配置] ⏳ 暂无任务，休息60秒...
[周右弼] ⏳ 暂无任务，休息60秒...
[乐法律] ⏳ 暂无任务，休息60秒...
[于道德] ⏳ 暂无任务，休息60秒...
[时权限] ⏳ 暂无任务，休息60秒...
[薛贪狼] ⏳ 暂无任务，休息60秒...
[雷ASR] ⏳ 暂无任务，休息60秒...
[贺TTS] ⏳ 暂无任务，休息60秒...
[贡数字人] ⏳ 暂无任务，休息60秒...
[齐辅弼] ⏳ 暂无任务，休息60秒...
[康网关] ⏳ 暂无任务，休息60秒...
[和产品] ⏳ 暂无任务，休息60秒...
[穆文档] ⏳ 暂无任务，休息60秒...
[黄漂移] ⏳ 暂无任务，休息60秒...
[周进化] ⏳ 暂无任务，休息60秒...
[吴模板] ⏳ 暂无任务，休息60秒...
[周禄存] ⏳ 暂无任务，休息60秒...
[郑路由] ⏳ 暂无任务，休息60秒...
[王规划] ⏳ 暂无任务，休息60秒...
[冯优化] ⏳ 暂无任务，休息60秒...
[钱调度] ⏳ 暂无任务，休息60秒...
[陈元灵] ⏳ 暂无任务，休息60秒...
[林对齐] ⏳ 暂无任务，休息60秒...
[朱图谱] ⏳ 暂无任务，休息60秒...
[平心理] ⏳ 暂无任务，休息60秒...
[水版本] ⏳ 暂无任务，休息60秒...
[葛消息] ⏳ 暂无任务，休息60秒...
[皮审计] ⏳ 暂无任务，休息60秒...
[赏界面] ⏳ 暂无任务，休息60秒...
[财SDK] ⏳ 暂无任务，休息60秒...
[蒋巨门] ⏳ 暂无任务，休息60秒...
[沈记忆] ⏳ 暂无任务，休息60秒...
[韩向量] ⏳ 暂无任务，休息60秒...
[杨检索] ⏳ 暂无任务，休息60秒...
[伍廉贞] ⏳ 暂无任务，休息60秒...
[余情绪] ⏳ 暂无任务，休息60秒...
[元人格] ⏳ 暂无任务，休息60秒...
[孟一致] ⏳ 暂无任务，休息60秒...
[谢武功] ⏳ 暂无任务，休息60秒...
[邹接口] ⏳ 暂无任务，休息60秒...
[喻发现] ⏳ 暂无任务，休息60秒...
[柏依赖] ⏳ 暂无任务，休息60秒...
[章破军] ⏳ 暂无任务，休息60秒...
[云沙箱] ⏳ 暂无任务，休息60秒...
[苏容器] ⏳ 暂无任务，休息60秒...
[潘外呼] ⏳ 暂无任务，休息60秒...
[倪左辅] ⏳ 暂无任务，休息60秒...
[汤K8s] ⏳ 暂无任务，休息60秒...
[殷用户] ⏳ 暂无任务，休息60秒...
[罗隔离] ⏳ 暂无任务，休息60秒...
[毕配置] ⏳ 暂无任务，休息60秒...
[周右弼] ⏳ 暂无任务，休息60秒...
[乐法律] ⏳ 暂无任务，休息60秒...
[于道德] ⏳ 暂无任务，休息60秒...
[时权限] ⏳ 暂无任务，休息60秒...
[薛贪狼] ⏳ 暂无任务，休息60秒...
[雷ASR] ⏳ 暂无任务，休息60秒...
[贺TTS] ⏳ 暂无任务，休息60秒...
[贡数字人] ⏳ 暂无任务，休息60秒...
[齐辅弼] ⏳ 暂无任务，休息60秒...
[康网关] ⏳ 暂无任务，休息60秒...
[和产品] ⏳ 暂无任务，休息60秒...
[穆文档] ⏳ 暂无任务，休息60秒...
[黄漂移] ⏳ 暂无任务，休息60秒...
[周进化] ⏳ 暂无任务，休息60秒...
[吴模板] ⏳ 暂无任务，休息60秒...
[周禄存] ⏳ 暂无任务，休息60秒...
[郑路由] ⏳ 暂无任务，休息60秒...
[王规划] ⏳ 暂无任务，休息60秒...
[冯优化] ⏳ 暂无任务，休息60秒...
[钱调度] ⏳ 暂无任务，休息60秒...
[陈元灵] ⏳ 暂无任务，休息60秒...
[林对齐] ⏳ 暂无任务，休息60秒...
[朱图谱] ⏳ 暂无任务，休息60秒...
[平心理] ⏳ 暂无任务，休息60秒...
[水版本] ⏳ 暂无任务，休息60秒...
[葛消息] ⏳ 暂无任务，休息60秒...
[皮审计] ⏳ 暂无任务，休息60秒...
[赏界面] ⏳ 暂无任务，休息60秒...
[财SDK] ⏳ 暂无任务，休息60秒...
[蒋巨门] ⏳ 暂无任务，休息60秒...
[沈记忆] ⏳ 暂无任务，休息60秒...
[韩向量] ⏳ 暂无任务，休息60秒...
[杨检索] ⏳ 暂无任务，休息60秒...
[伍廉贞] ⏳ 暂无任务，休息60秒...
[余情绪] ⏳ 暂无任务，休息60秒...
[元人格] ⏳ 暂无任务，休息60秒...
[孟一致] ⏳ 暂无任务，休息60秒...
[谢武功] ⏳ 暂无任务，休息60秒...
[邹接口] ⏳ 暂无任务，休息60秒...
[喻发现] ⏳ 暂无任务，休息60秒...
[柏依赖] ⏳ 暂无任务，休息60秒...
[章破军] ⏳ 暂无任务，休息60秒...
[云沙箱] ⏳ 暂无任务，休息60秒...
[苏容器] ⏳ 暂无任务，休息60秒...
[潘外呼] ⏳ 暂无任务，休息60秒...
[倪左辅] ⏳ 暂无任务，休息60秒...
[汤K8s] ⏳ 暂无任务，休息60秒...
[殷用户] ⏳ 暂无任务，休息60秒...
[罗隔离] ⏳ 暂无任务，休息60秒...
[毕配置] ⏳ 暂无任务，休息60秒...
[周右弼] ⏳ 暂无任务，休息60秒...
[乐法律] ⏳ 暂无任务，休息60秒...
[于道德] ⏳ 暂无任务，休息60秒...
[时权限] ⏳ 暂无任务，休息60秒...
[薛贪狼] ⏳ 暂无任务，休息60秒...
[雷ASR] ⏳ 暂无任务，休息60秒...
[贺TTS] ⏳ 暂无任务，休息60秒...
[贡数字人] ⏳ 暂无任务，休息60秒...
[齐辅弼] ⏳ 暂无任务，休息60秒...
[康网关] ⏳ 暂无任务，休息60秒...
[和产品] ⏳ 暂无任务，休息60秒...
[穆文档] ⏳ 暂无任务，休息60秒...
[黄漂移] ⏳ 暂无任务，休息60秒...
[周进化] ⏳ 暂无任务，休息60秒...
[吴模板] ⏳ 暂无任务，休息60秒...
[周禄存] ⏳ 暂无任务，休息60秒...
[郑路由] ⏳ 暂无任务，休息60秒...
[王规划] ⏳ 暂无任务，休息60秒...
[冯优化] ⏳ 暂无任务，休息60秒...
[钱调度] ⏳ 暂无任务，休息60秒...
[陈元灵] ⏳ 暂无任务，休息60秒...
[林对齐] ⏳ 暂无任务，休息60秒...
[朱图谱] ⏳ 暂无任务，休息60秒...
[平心理] ⏳ 暂无任务，休息60秒...
[水版本] ⏳ 暂无任务，休息60秒...
[葛消息] ⏳ 暂无任务，休息60秒...
[皮审计] ⏳ 暂无任务，休息60秒...
[赏界面] ⏳ 暂无任务，休息60秒...
[财SDK] ⏳ 暂无任务，休息60秒...
[蒋巨门] ⏳ 暂无任务，休息60秒...
[沈记忆] ⏳ 暂无任务，休息60秒...
[韩向量] ⏳ 暂无任务，休息60秒...
[杨检索] ⏳ 暂无任务，休息60秒...
[伍廉贞] ⏳ 暂无任务，休息60秒...
[余情绪] ⏳ 暂无任务，休息60秒...
[元人格] ⏳ 暂无任务，休息60秒...
[孟一致] ⏳ 暂无任务，休息60秒...
[谢武功] ⏳ 暂无任务，休息60秒...
[邹接口] ⏳ 暂无任务，休息60秒...
[喻发现] ⏳ 暂无任务，休息60秒...
[柏依赖] ⏳ 暂无任务，休息60秒...
[章破军] ⏳ 暂无任务，休息60秒...
[云沙箱] ⏳ 暂无任务，休息60秒...
[苏容器] ⏳ 暂无任务，休息60秒...
[潘外呼] ⏳ 暂无任务，休息60秒...
[倪左辅] ⏳ 暂无任务，休息60秒...
[汤K8s] ⏳ 暂无任务，休息60秒...
[殷用户] ⏳ 暂无任务，休息60秒...
[罗隔离] ⏳ 暂无任务，休息60秒...
[毕配置] ⏳ 暂无任务，休息60秒...
[周右弼] ⏳ 暂无任务，休息60秒...
[乐法律] ⏳ 暂无任务，休息60秒...
[于道德] ⏳ 暂无任务，休息60秒...
[时权限] ⏳ 暂无任务，休息60秒...
[薛贪狼] ⏳ 暂无任务，休息60秒...
[雷ASR] ⏳ 暂无任务，休息60秒...
[贺TTS] ⏳ 暂无任务，休息60秒...
[贡数字人] ⏳ 暂无任务，休息60秒...
[齐辅弼] ⏳ 暂无任务，休息60秒...
[康网关] ⏳ 暂无任务，休息60秒...
[和产品] ⏳ 暂无任务，休息60秒...
[穆文档] ⏳ 暂无任务，休息60秒...
[黄漂移] ⏳ 暂无任务，休息60秒...
[周进化] ⏳ 暂无任务，休息60秒...
[吴模板] ⏳ 暂无任务，休息60秒...
[周禄存] ⏳ 暂无任务，休息60秒...
[郑路由] ⏳ 暂无任务，休息60秒...
[王规划] ⏳ 暂无任务，休息60秒...
[冯优化] ⏳ 暂无任务，休息60秒...
[钱调度] ⏳ 暂无任务，休息60秒...
[陈元灵] ⏳ 暂无任务，休息60秒...
[林对齐] ⏳ 暂无任务，休息60秒...
[朱图谱] ⏳ 暂无任务，休息60秒...
[平心理] ⏳ 暂无任务，休息60秒...
[水版本] ⏳ 暂无任务，休息60秒...
[葛消息] ⏳ 暂无任务，休息60秒...
[皮审计] ⏳ 暂无任务，休息60秒...
[赏界面] ⏳ 暂无任务，休息60秒...
[财SDK] ⏳ 暂无任务，休息60秒...
[蒋巨门] ⏳ 暂无任务，休息60秒...
[沈记忆] ⏳ 暂无任务，休息60秒...
[韩向量] ⏳ 暂无任务，休息60秒...
[杨检索] ⏳ 暂无任务，休息60秒...
[伍廉贞] ⏳ 暂无任务，休息60秒...
[余情绪] ⏳ 暂无任务，休息60秒...
[元人格] ⏳ 暂无任务，休息60秒...
[孟一致] ⏳ 暂无任务，休息60秒...
[谢武功] ⏳ 暂无任务，休息60秒...
[邹接口] ⏳ 暂无任务，休息60秒...
[喻发现] ⏳ 暂无任务，休息60秒...
[柏依赖] ⏳ 暂无任务，休息60秒...
[章破军] ⏳ 暂无任务，休息60秒...
[云沙箱] ⏳ 暂无任务，休息60秒...
[苏容器] ⏳ 暂无任务，休息60秒...
[潘外呼] ⏳ 暂无任务，休息60秒...
[倪左辅] ⏳ 暂无任务，休息60秒...
[汤K8s] ⏳ 暂无任务，休息60秒...
[殷用户] ⏳ 暂无任务，休息60秒...
[罗隔离] ⏳ 暂无任务，休息60秒...
[毕配置] ⏳ 暂无任务，休息60秒...
[周右弼] ⏳ 暂无任务，休息60秒...
[乐法律] ⏳ 暂无任务，休息60秒...
[于道德] ⏳ 暂无任务，休息60秒...
[时权限] ⏳ 暂无任务，休息60秒...
[薛贪狼] ⏳ 暂无任务，休息60秒...
[雷ASR] ⏳ 暂无任务，休息60秒...
[贺TTS] ⏳ 暂无任务，休息60秒...
[贡数字人] ⏳ 暂无任务，休息60秒...
[齐辅弼] ⏳ 暂无任务，休息60秒...
[康网关] ⏳ 暂无任务，休息60秒...
[和产品] ⏳ 暂无任务，休息60秒...
[穆文档] ⏳ 暂无任务，休息60秒...
[黄漂移] ⏳ 暂无任务，休息60秒...
[周进化] ⏳ 暂无任务，休息60秒...
[吴模板] ⏳ 暂无任务，休息60秒...
[周禄存] ⏳ 暂无任务，休息60秒...
[郑路由] ⏳ 暂无任务，休息60秒...
[王规划] ⏳ 暂无任务，休息60秒...
[冯优化] ⏳ 暂无任务，休息60秒...
[钱调度] ⏳ 暂无任务，休息60秒...
[陈元灵] ⏳ 暂无任务，休息60秒...
[林对齐] ⏳ 暂无任务，休息60秒...
[朱图谱] ⏳ 暂无任务，休息60秒...
[平心理] ⏳ 暂无任务，休息60秒...
[水版本] ⏳ 暂无任务，休息60秒...
[葛消息] ⏳ 暂无任务，休息60秒...
[皮审计] ⏳ 暂无任务，休息60秒...
[赏界面] ⏳ 暂无任务，休息60秒...
[财SDK] ⏳ 暂无任务，休息60秒...
[蒋巨门] ⏳ 暂无任务，休息60秒...
[沈记忆] ⏳ 暂无任务，休息60秒...
[韩向量] ⏳ 暂无任务，休息60秒...
[杨检索] ⏳ 暂无任务，休息60秒...
[伍廉贞] ⏳ 暂无任务，休息60秒...
[余情绪] ⏳ 暂无任务，休息60秒...
[元人格] ⏳ 暂无任务，休息60秒...
[孟一致] ⏳ 暂无任务，休息60秒...
[谢武功] ⏳ 暂无任务，休息60秒...
[邹接口] ⏳ 暂无任务，休息60秒...
[喻发现] ⏳ 暂无任务，休息60秒...
[柏依赖] ⏳ 暂无任务，休息60秒...
[章破军] ⏳ 暂无任务，休息60秒...
[云沙箱] ⏳ 暂无任务，休息60秒...
[苏容器] ⏳ 暂无任务，休息60秒...
[潘外呼] ⏳ 暂无任务，休息60秒...
[倪左辅] ⏳ 暂无任务，休息60秒...
[汤K8s] ⏳ 暂无任务，休息60秒...
[殷用户] ⏳ 暂无任务，休息60秒...
[罗隔离] ⏳ 暂无任务，休息60秒...
[毕配置] ⏳ 暂无任务，休息60秒...
[周右弼] ⏳ 暂无任务，休息60秒...
[乐法律] ⏳ 暂无任务，休息60秒...
[于道德] ⏳ 暂无任务，休息60秒...
[时权限] ⏳ 暂无任务，休息60秒...
[薛贪狼] ⏳ 暂无任务，休息60秒...
[雷ASR] ⏳ 暂无任务，休息60秒...
[贺TTS] ⏳ 暂无任务，休息60秒...
[贡数字人] ⏳ 暂无任务，休息60秒...
[齐辅弼] ⏳ 暂无任务，休息60秒...
[康网关] ⏳ 暂无任务，休息60秒...
[和产品] ⏳ 暂无任务，休息60秒...
[穆文档] ⏳ 暂无任务，休息60秒...
[黄漂移] ⏳ 暂无任务，休息60秒...
[周进化] ⏳ 暂无任务，休息60秒...
[吴模板] ⏳ 暂无任务，休息60秒...
[周禄存] ⏳ 暂无任务，休息60秒...
[郑路由] ⏳ 暂无任务，休息60秒...
[王规划] ⏳ 暂无任务，休息60秒...
[冯优化] ⏳ 暂无任务，休息60秒...
[钱调度] ⏳ 暂无任务，休息60秒...
[陈元灵] ⏳ 暂无任务，休息60秒...
[林对齐] ⏳ 暂无任务，休息60秒...
[朱图谱] ⏳ 暂无任务，休息60秒...
[平心理] ⏳ 暂无任务，休息60秒...
[水版本] ⏳ 暂无任务，休息60秒...
[葛消息] ⏳ 暂无任务，休息60秒...
[皮审计] ⏳ 暂无任务，休息60秒...
[赏界面] ⏳ 暂无任务，休息60秒...
[财SDK] ⏳ 暂无任务，休息60秒...
[蒋巨门] ⏳ 暂无任务，休息60秒...
[沈记忆] ⏳ 暂无任务，休息60秒...
[韩向量] ⏳ 暂无任务，休息60秒...
[杨检索] ⏳ 暂无任务，休息60秒...
[伍廉贞] ⏳ 暂无任务，休息60秒...
[余情绪] ⏳ 暂无任务，休息60秒...
[元人格] ⏳ 暂无任务，休息60秒...
[孟一致] ⏳ 暂无任务，休息60秒...
[谢武功] ⏳ 暂无任务，休息60秒...
[邹接口] ⏳ 暂无任务，休息60秒...
[喻发现] ⏳ 暂无任务，休息60秒...
[柏依赖] ⏳ 暂无任务，休息60秒...
[章破军] ⏳ 暂无任务，休息60秒...
[云沙箱] ⏳ 暂无任务，休息60秒...
[苏容器] ⏳ 暂无任务，休息60秒...
[潘外呼] ⏳ 暂无任务，休息60秒...
[倪左辅] ⏳ 暂无任务，休息60秒...
[汤K8s] ⏳ 暂无任务，休息60秒...
[殷用户] ⏳ 暂无任务，休息60秒...
[罗隔离] ⏳ 暂无任务，休息60秒...
[毕配置] ⏳ 暂无任务，休息60秒...
[周右弼] ⏳ 暂无任务，休息60秒...
[乐法律] ⏳ 暂无任务，休息60秒...
[于道德] ⏳ 暂无任务，休息60秒...
[时权限] ⏳ 暂无任务，休息60秒...
[薛贪狼] ⏳ 暂无任务，休息60秒...
[雷ASR] ⏳ 暂无任务，休息60秒...
[贺TTS] ⏳ 暂无任务，休息60秒...
[贡数字人] ⏳ 暂无任务，休息60秒...
[齐辅弼] ⏳ 暂无任务，休息60秒...
[康网关] ⏳ 暂无任务，休息60秒...
[和产品] ⏳ 暂无任务，休息60秒...
[穆文档] ⏳ 暂无任务，休息60秒...
[黄漂移] ⏳ 暂无任务，休息60秒...
[周进化] ⏳ 暂无任务，休息60秒...
[吴模板] ⏳ 暂无任务，休息60秒...
[周禄存] ⏳ 暂无任务，休息60秒...
[郑路由] ⏳ 暂无任务，休息60秒...
[王规划] ⏳ 暂无任务，休息60秒...
[冯优化] ⏳ 暂无任务，休息60秒...
[钱调度] ⏳ 暂无任务，休息60秒...
[陈元灵] ⏳ 暂无任务，休息60秒...
[林对齐] ⏳ 暂无任务，休息60秒...
[朱图谱] ⏳ 暂无任务，休息60秒...
[平心理] ⏳ 暂无任务，休息60秒...
[水版本] ⏳ 暂无任务，休息60秒...
[葛消息] ⏳ 暂无任务，休息60秒...
[皮审计] ⏳ 暂无任务，休息60秒...
[赏界面] ⏳ 暂无任务，休息60秒...
[财SDK] ⏳ 暂无任务，休息60秒...
[蒋巨门] ⏳ 暂无任务，休息60秒...
[沈记忆] ⏳ 暂无任务，休息60秒...
[韩向量] ⏳ 暂无任务，休息60秒...
[杨检索] ⏳ 暂无任务，休息60秒...
[伍廉贞] ⏳ 暂无任务，休息60秒...
[余情绪] ⏳ 暂无任务，休息60秒...
[元人格] ⏳ 暂无任务，休息60秒...
[孟一致] ⏳ 暂无任务，休息60秒...
[谢武功] ⏳ 暂无任务，休息60秒...
[邹接口] ⏳ 暂无任务，休息60秒...
[喻发现] ⏳ 暂无任务，休息60秒...
[柏依赖] ⏳ 暂无任务，休息60秒...
[章破军] ⏳ 暂无任务，休息60秒...
[云沙箱] ⏳ 暂无任务，休息60秒...
[苏容器] ⏳ 暂无任务，休息60秒...
[潘外呼] ⏳ 暂无任务，休息60秒...
[倪左辅] ⏳ 暂无任务，休息60秒...
[汤K8s] ⏳ 暂无任务，休息60秒...
[殷用户] ⏳ 暂无任务，休息60秒...
[罗隔离] ⏳ 暂无任务，休息60秒...
[毕配置] ⏳ 暂无任务，休息60秒...
[周右弼] ⏳ 暂无任务，休息60秒...
[乐法律] ⏳ 暂无任务，休息60秒...
[于道德] ⏳ 暂无任务，休息60秒...
[时权限] ⏳ 暂无任务，休息60秒...
[薛贪狼] ⏳ 暂无任务，休息60秒...
[雷ASR] ⏳ 暂无任务，休息60秒...
[贺TTS] ⏳ 暂无任务，休息60秒...
[贡数字人] ⏳ 暂无任务，休息60秒...
[齐辅弼] ⏳ 暂无任务，休息60秒...
[康网关] ⏳ 暂无任务，休息60秒...
[和产品] ⏳ 暂无任务，休息60秒...
[穆文档] ⏳ 暂无任务，休息60秒...
[黄漂移] ⏳ 暂无任务，休息60秒...
[周进化] ⏳ 暂无任务，休息60秒...
[吴模板] ⏳ 暂无任务，休息60秒...
[周禄存] ⏳ 暂无任务，休息60秒...
[郑路由] ⏳ 暂无任务，休息60秒...
[王规划] ⏳ 暂无任务，休息60秒...
[冯优化] ⏳ 暂无任务，休息60秒...
[钱调度] ⏳ 暂无任务，休息60秒...
[陈元灵] ⏳ 暂无任务，休息60秒...
[林对齐] ⏳ 暂无任务，休息60秒...
[朱图谱] ⏳ 暂无任务，休息60秒...
[平心理] ⏳ 暂无任务，休息60秒...
[水版本] ⏳ 暂无任务，休息60秒...
[葛消息] ⏳ 暂无任务，休息60秒...
[皮审计] ⏳ 暂无任务，休息60秒...
[赏界面] ⏳ 暂无任务，休息60秒...
[财SDK] ⏳ 暂无任务，休息60秒...
[蒋巨门] ⏳ 暂无任务，休息60秒...
[沈记忆] ⏳ 暂无任务，休息60秒...
[韩向量] ⏳ 暂无任务，休息60秒...
[杨检索] ⏳ 暂无任务，休息60秒...
[伍廉贞] ⏳ 暂无任务，休息60秒...
[余情绪] ⏳ 暂无任务，休息60秒...
[元人格] ⏳ 暂无任务，休息60秒...
[孟一致] ⏳ 暂无任务，休息60秒...
[谢武功] ⏳ 暂无任务，休息60秒...
[邹接口] ⏳ 暂无任务，休息60秒...
[喻发现] ⏳ 暂无任务，休息60秒...
[柏依赖] ⏳ 暂无任务，休息60秒...
[章破军] ⏳ 暂无任务，休息60秒...
[云沙箱] ⏳ 暂无任务，休息60秒...
[苏容器] ⏳ 暂无任务，休息60秒...
[潘外呼] ⏳ 暂无任务，休息60秒...
[倪左辅] ⏳ 暂无任务，休息60秒...
[汤K8s] ⏳ 暂无任务，休息60秒...
[殷用户] ⏳ 暂无任务，休息60秒...
[罗隔离] ⏳ 暂无任务，休息60秒...
[毕配置] ⏳ 暂无任务，休息60秒...
[周右弼] ⏳ 暂无任务，休息60秒...
[乐法律] ⏳ 暂无任务，休息60秒...
[于道德] ⏳ 暂无任务，休息60秒...
[时权限] ⏳ 暂无任务，休息60秒...
[薛贪狼] ⏳ 暂无任务，休息60秒...
[雷ASR] ⏳ 暂无任务，休息60秒...
[贺TTS] ⏳ 暂无任务，休息60秒...
[贡数字人] ⏳ 暂无任务，休息60秒...
[齐辅弼] ⏳ 暂无任务，休息60秒...
[康网关] ⏳ 暂无任务，休息60秒...
[和产品] ⏳ 暂无任务，休息60秒...
[穆文档] ⏳ 暂无任务，休息60秒...
[黄漂移] ⏳ 暂无任务，休息60秒...
[周进化] ⏳ 暂无任务，休息60秒...
[吴模板] ⏳ 暂无任务，休息60秒...
[周禄存] ⏳ 暂无任务，休息60秒...
[郑路由] ⏳ 暂无任务，休息60秒...
[王规划] ⏳ 暂无任务，休息60秒...
[冯优化] ⏳ 暂无任务，休息60秒...
[钱调度] ⏳ 暂无任务，休息60秒...
[陈元灵] ⏳ 暂无任务，休息60秒...
[林对齐] ⏳ 暂无任务，休息60秒...
[朱图谱] ⏳ 暂无任务，休息60秒...
[平心理] ⏳ 暂无任务，休息60秒...
[水版本] ⏳ 暂无任务，休息60秒...
[葛消息] ⏳ 暂无任务，休息60秒...
[皮审计] ⏳ 暂无任务，休息60秒...
[赏界面] ⏳ 暂无任务，休息60秒...
[财SDK] ⏳ 暂无任务，休息60秒...
[蒋巨门] ⏳ 暂无任务，休息60秒...
[沈记忆] ⏳ 暂无任务，休息60秒...
[韩向量] ⏳ 暂无任务，休息60秒...
[杨检索] ⏳ 暂无任务，休息60秒...
[伍廉贞] ⏳ 暂无任务，休息60秒...
[余情绪] ⏳ 暂无任务，休息60秒...
[元人格] ⏳ 暂无任务，休息60秒...
[孟一致] ⏳ 暂无任务，休息60秒...
[谢武功] ⏳ 暂无任务，休息60秒...
[邹接口] ⏳ 暂无任务，休息60秒...
[喻发现] ⏳ 暂无任务，休息60秒...
[柏依赖] ⏳ 暂无任务，休息60秒...
[章破军] ⏳ 暂无任务，休息60秒...
[云沙箱] ⏳ 暂无任务，休息60秒...
[苏容器] ⏳ 暂无任务，休息60秒...
[潘外呼] ⏳ 暂无任务，休息60秒...
[倪左辅] ⏳ 暂无任务，休息60秒...
[汤K8s] ⏳ 暂无任务，休息60秒...
[殷用户] ⏳ 暂无任务，休息60秒...
[罗隔离] ⏳ 暂无任务，休息60秒...
[毕配置] ⏳ 暂无任务，休息60秒...
[周右弼] ⏳ 暂无任务，休息60秒...
[乐法律] ⏳ 暂无任务，休息60秒...
[于道德] ⏳ 暂无任务，休息60秒...
[时权限] ⏳ 暂无任务，休息60秒...
[薛贪狼] ⏳ 暂无任务，休息60秒...
[雷ASR] ⏳ 暂无任务，休息60秒...
[贺TTS] ⏳ 暂无任务，休息60秒...
[贡数字人] ⏳ 暂无任务，休息60秒...
[齐辅弼] ⏳ 暂无任务，休息60秒...
[康网关] ⏳ 暂无任务，休息60秒...
[和产品] ⏳ 暂无任务，休息60秒...
[穆文档] ⏳ 暂无任务，休息60秒...
[黄漂移] ⏳ 暂无任务，休息60秒...
[周进化] ⏳ 暂无任务，休息60秒...
[吴模板] ⏳ 暂无任务，休息60秒...
[周禄存] ⏳ 暂无任务，休息60秒...
[郑路由] ⏳ 暂无任务，休息60秒...
[王规划] ⏳ 暂无任务，休息60秒...
[冯优化] ⏳ 暂无任务，休息60秒...
[钱调度] ⏳ 暂无任务，休息60秒...
[陈元灵] ⏳ 暂无任务，休息60秒...
[林对齐] ⏳ 暂无任务，休息60秒...
[朱图谱] ⏳ 暂无任务，休息60秒...
[平心理] ⏳ 暂无任务，休息60秒...
[水版本] ⏳ 暂无任务，休息60秒...
[葛消息] ⏳ 暂无任务，休息60秒...
[皮审计] ⏳ 暂无任务，休息60秒...
[赏界面] ⏳ 暂无任务，休息60秒...
[财SDK] ⏳ 暂无任务，休息60秒...
[蒋巨门] ⏳ 暂无任务，休息60秒...
[沈记忆] ⏳ 暂无任务，休息60秒...
[韩向量] ⏳ 暂无任务，休息60秒...
[杨检索] ⏳ 暂无任务，休息60秒...
[伍廉贞] ⏳ 暂无任务，休息60秒...
[余情绪] ⏳ 暂无任务，休息60秒...
[元人格] ⏳ 暂无任务，休息60秒...
[孟一致] ⏳ 暂无任务，休息60秒...
[谢武功] ⏳ 暂无任务，休息60秒...
[邹接口] ⏳ 暂无任务，休息60秒...
[喻发现] ⏳ 暂无任务，休息60秒...
[柏依赖] ⏳ 暂无任务，休息60秒...
[章破军] ⏳ 暂无任务，休息60秒...
[云沙箱] ⏳ 暂无任务，休息60秒...
[苏容器] ⏳ 暂无任务，休息60秒...
[潘外呼] ⏳ 暂无任务，休息60秒...
[倪左辅] ⏳ 暂无任务，休息60秒...
[汤K8s] ⏳ 暂无任务，休息60秒...
[殷用户] ⏳ 暂无任务，休息60秒...
[罗隔离] ⏳ 暂无任务，休息60秒...
[毕配置] ⏳ 暂无任务，休息60秒...
[周右弼] ⏳ 暂无任务，休息60秒...
[乐法律] ⏳ 暂无任务，休息60秒...
[于道德] ⏳ 暂无任务，休息60秒...
[时权限] ⏳ 暂无任务，休息60秒...
[薛贪狼] ⏳ 暂无任务，休息60秒...
[雷ASR] ⏳ 暂无任务，休息60秒...
[贺TTS] ⏳ 暂无任务，休息60秒...
[贡数字人] ⏳ 暂无任务，休息60秒...
[齐辅弼] ⏳ 暂无任务，休息60秒...
[康网关] ⏳ 暂无任务，休息60秒...
[和产品] ⏳ 暂无任务，休息60秒...
[穆文档] ⏳ 暂无任务，休息60秒...
[黄漂移] ⏳ 暂无任务，休息60秒...
[周进化] ⏳ 暂无任务，休息60秒...
[吴模板] ⏳ 暂无任务，休息60秒...
[周禄存] ⏳ 暂无任务，休息60秒...
[郑路由] ⏳ 暂无任务，休息60秒...
[王规划] ⏳ 暂无任务，休息60秒...
[冯优化] ⏳ 暂无任务，休息60秒...
[钱调度] ⏳ 暂无任务，休息60秒...
[陈元灵] ⏳ 暂无任务，休息60秒...
[林对齐] ⏳ 暂无任务，休息60秒...
[朱图谱] ⏳ 暂无任务，休息60秒...
[平心理] ⏳ 暂无任务，休息60秒...
[水版本] ⏳ 暂无任务，休息60秒...
[葛消息] ⏳ 暂无任务，休息60秒...
[皮审计] ⏳ 暂无任务，休息60秒...
[赏界面] ⏳ 暂无任务，休息60秒...
[财SDK] ⏳ 暂无任务，休息60秒...
[蒋巨门] ⏳ 暂无任务，休息60秒...
[沈记忆] ⏳ 暂无任务，休息60秒...
[韩向量] ⏳ 暂无任务，休息60秒...
[杨检索] ⏳ 暂无任务，休息60秒...
[伍廉贞] ⏳ 暂无任务，休息60秒...
[余情绪] ⏳ 暂无任务，休息60秒...
[元人格] ⏳ 暂无任务，休息60秒...
[孟一致] ⏳ 暂无任务，休息60秒...
[谢武功] ⏳ 暂无任务，休息60秒...
[邹接口] ⏳ 暂无任务，休息60秒...
[喻发现] ⏳ 暂无任务，休息60秒...
[柏依赖] ⏳ 暂无任务，休息60秒...
[章破军] ⏳ 暂无任务，休息60秒...
[云沙箱] ⏳ 暂无任务，休息60秒...
[苏容器] ⏳ 暂无任务，休息60秒...
[潘外呼] ⏳ 暂无任务，休息60秒...
[倪左辅] ⏳ 暂无任务，休息60秒...
[汤K8s] ⏳ 暂无任务，休息60秒...
[殷用户] ⏳ 暂无任务，休息60秒...
[罗隔离] ⏳ 暂无任务，休息60秒...
[毕配置] ⏳ 暂无任务，休息60秒...
[周右弼] ⏳ 暂无任务，休息60秒...
[乐法律] ⏳ 暂无任务，休息60秒...
[于道德] ⏳ 暂无任务，休息60秒...
[时权限] ⏳ 暂无任务，休息60秒...
[薛贪狼] ⏳ 暂无任务，休息60秒...
[雷ASR] ⏳ 暂无任务，休息60秒...
[贺TTS] ⏳ 暂无任务，休息60秒...
[贡数字人] ⏳ 暂无任务，休息60秒...
[齐辅弼] ⏳ 暂无任务，休息60秒...
[康网关] ⏳ 暂无任务，休息60秒...
[和产品] ⏳ 暂无任务，休息60秒...
[穆文档] ⏳ 暂无任务，休息60秒...
[黄漂移] ⏳ 暂无任务，休息60秒...
[周进化] ⏳ 暂无任务，休息60秒...
[吴模板] ⏳ 暂无任务，休息60秒...
[周禄存] ⏳ 暂无任务，休息60秒...
[郑路由] ⏳ 暂无任务，休息60秒...
[王规划] ⏳ 暂无任务，休息60秒...
[冯优化] ⏳ 暂无任务，休息60秒...
[钱调度] ⏳ 暂无任务，休息60秒...
[陈元灵] ⏳ 暂无任务，休息60秒...
[林对齐] ⏳ 暂无任务，休息60秒...
[朱图谱] ⏳ 暂无任务，休息60秒...
[平心理] ⏳ 暂无任务，休息60秒...
[水版本] ⏳ 暂无任务，休息60秒...
[葛消息] ⏳ 暂无任务，休息60秒...
[皮审计] ⏳ 暂无任务，休息60秒...
[赏界面] ⏳ 暂无任务，休息60秒...
[财SDK] ⏳ 暂无任务，休息60秒...
[蒋巨门] ⏳ 暂无任务，休息60秒...
[沈记忆] ⏳ 暂无任务，休息60秒...
[韩向量] ⏳ 暂无任务，休息60秒...
[杨检索] ⏳ 暂无任务，休息60秒...
[伍廉贞] ⏳ 暂无任务，休息60秒...
[余情绪] ⏳ 暂无任务，休息60秒...
[元人格] ⏳ 暂无任务，休息60秒...
[孟一致] ⏳ 暂无任务，休息60秒...
[谢武功] ⏳ 暂无任务，休息60秒...
[邹接口] ⏳ 暂无任务，休息60秒...
[喻发现] ⏳ 暂无任务，休息60秒...
[柏依赖] ⏳ 暂无任务，休息60秒...
[章破军] ⏳ 暂无任务，休息60秒...
[云沙箱] ⏳ 暂无任务，休息60秒...
[苏容器] ⏳ 暂无任务，休息60秒...
[潘外呼] ⏳ 暂无任务，休息60秒...
[倪左辅] ⏳ 暂无任务，休息60秒...
[汤K8s] ⏳ 暂无任务，休息60秒...
[殷用户] ⏳ 暂无任务，休息60秒...
[罗隔离] ⏳ 暂无任务，休息60秒...
[毕配置] ⏳ 暂无任务，休息60秒...
[周右弼] ⏳ 暂无任务，休息60秒...
[乐法律] ⏳ 暂无任务，休息60秒...
[于道德] ⏳ 暂无任务，休息60秒...
[时权限] ⏳ 暂无任务，休息60秒...
[薛贪狼] ⏳ 暂无任务，休息60秒...
[雷ASR] ⏳ 暂无任务，休息60秒...
[贺TTS] ⏳ 暂无任务，休息60秒...
[贡数字人] ⏳ 暂无任务，休息60秒...
[齐辅弼] ⏳ 暂无任务，休息60秒...
[康网关] ⏳ 暂无任务，休息60秒...
[和产品] ⏳ 暂无任务，休息60秒...
[穆文档] ⏳ 暂无任务，休息60秒...
[黄漂移] ⏳ 暂无任务，休息60秒...
[周进化] ⏳ 暂无任务，休息60秒...
[吴模板] ⏳ 暂无任务，休息60秒...
[周禄存] ⏳ 暂无任务，休息60秒...
[郑路由] ⏳ 暂无任务，休息60秒...
[王规划] ⏳ 暂无任务，休息60秒...
[冯优化] ⏳ 暂无任务，休息60秒...
[钱调度] ⏳ 暂无任务，休息60秒...
[陈元灵] ⏳ 暂无任务，休息60秒...
[林对齐] ⏳ 暂无任务，休息60秒...
[朱图谱] ⏳ 暂无任务，休息60秒...
[平心理] ⏳ 暂无任务，休息60秒...
[水版本] ⏳ 暂无任务，休息60秒...
[葛消息] ⏳ 暂无任务，休息60秒...
[皮审计] ⏳ 暂无任务，休息60秒...
[赏界面] ⏳ 暂无任务，休息60秒...
[财SDK] ⏳ 暂无任务，休息60秒...
[蒋巨门] ⏳ 暂无任务，休息60秒...
[沈记忆] ⏳ 暂无任务，休息60秒...
[韩向量] ⏳ 暂无任务，休息60秒...
[杨检索] ⏳ 暂无任务，休息60秒...
[伍廉贞] ⏳ 暂无任务，休息60秒...
[余情绪] ⏳ 暂无任务，休息60秒...
[元人格] ⏳ 暂无任务，休息60秒...
[孟一致] ⏳ 暂无任务，休息60秒...
[谢武功] ⏳ 暂无任务，休息60秒...
[邹接口] ⏳ 暂无任务，休息60秒...
[喻发现] ⏳ 暂无任务，休息60秒...
[柏依赖] ⏳ 暂无任务，休息60秒...
[章破军] ⏳ 暂无任务，休息60秒...
[云沙箱] ⏳ 暂无任务，休息60秒...
[苏容器] ⏳ 暂无任务，休息60秒...
[潘外呼] ⏳ 暂无任务，休息60秒...
[倪左辅] ⏳ 暂无任务，休息60秒...
[汤K8s] ⏳ 暂无任务，休息60秒...
[殷用户] ⏳ 暂无任务，休息60秒...
[罗隔离] ⏳ 暂无任务，休息60秒...
[毕配置] ⏳ 暂无任务，休息60秒...
[周右弼] ⏳ 暂无任务，休息60秒...
[乐法律] ⏳ 暂无任务，休息60秒...
[于道德] ⏳ 暂无任务，休息60秒...
[时权限] ⏳ 暂无任务，休息60秒...
[薛贪狼] ⏳ 暂无任务，休息60秒...
[雷ASR] ⏳ 暂无任务，休息60秒...
[贺TTS] ⏳ 暂无任务，休息60秒...
[贡数字人] ⏳ 暂无任务，休息60秒...
[齐辅弼] ⏳ 暂无任务，休息60秒...
[康网关] ⏳ 暂无任务，休息60秒...
[和产品] ⏳ 暂无任务，休息60秒...
[穆文档] ⏳ 暂无任务，休息60秒...
[黄漂移] ⏳ 暂无任务，休息60秒...
[周进化] ⏳ 暂无任务，休息60秒...
[吴模板] ⏳ 暂无任务，休息60秒...
[周禄存] ⏳ 暂无任务，休息60秒...
[郑路由] ⏳ 暂无任务，休息60秒...
[王规划] ⏳ 暂无任务，休息60秒...
[冯优化] ⏳ 暂无任务，休息60秒...
[钱调度] ⏳ 暂无任务，休息60秒...
[陈元灵] ⏳ 暂无任务，休息60秒...
[林对齐] ⏳ 暂无任务，休息60秒...
[朱图谱] ⏳ 暂无任务，休息60秒...
[平心理] ⏳ 暂无任务，休息60秒...
[水版本] ⏳ 暂无任务，休息60秒...
[葛消息] ⏳ 暂无任务，休息60秒...
[皮审计] ⏳ 暂无任务，休息60秒...
[赏界面] ⏳ 暂无任务，休息60秒...
[财SDK] ⏳ 暂无任务，休息60秒...
[蒋巨门] ⏳ 暂无任务，休息60秒...
[沈记忆] ⏳ 暂无任务，休息60秒...
[韩向量] ⏳ 暂无任务，休息60秒...
[杨检索] ⏳ 暂无任务，休息60秒...
[伍廉贞] ⏳ 暂无任务，休息60秒...
[余情绪] ⏳ 暂无任务，休息60秒...
[元人格] ⏳ 暂无任务，休息60秒...
[孟一致] ⏳ 暂无任务，休息60秒...
[谢武功] ⏳ 暂无任务，休息60秒...
[邹接口] ⏳ 暂无任务，休息60秒...
[喻发现] ⏳ 暂无任务，休息60秒...
[柏依赖] ⏳ 暂无任务，休息60秒...
[章破军] ⏳ 暂无任务，休息60秒...
[云沙箱] ⏳ 暂无任务，休息60秒...
[苏容器] ⏳ 暂无任务，休息60秒...
[潘外呼] ⏳ 暂无任务，休息60秒...
[倪左辅] ⏳ 暂无任务，休息60秒...
[汤K8s] ⏳ 暂无任务，休息60秒...
[殷用户] ⏳ 暂无任务，休息60秒...
[罗隔离] ⏳ 暂无任务，休息60秒...
[毕配置] ⏳ 暂无任务，休息60秒...
[周右弼] ⏳ 暂无任务，休息60秒...
[乐法律] ⏳ 暂无任务，休息60秒...
[于道德] ⏳ 暂无任务，休息60秒...
[时权限] ⏳ 暂无任务，休息60秒...
[薛贪狼] ⏳ 暂无任务，休息60秒...
[雷ASR] ⏳ 暂无任务，休息60秒...
[贺TTS] ⏳ 暂无任务，休息60秒...
[贡数字人] ⏳ 暂无任务，休息60秒...
[齐辅弼] ⏳ 暂无任务，休息60秒...
[康网关] ⏳ 暂无任务，休息60秒...
[和产品] ⏳ 暂无任务，休息60秒...
[穆文档] ⏳ 暂无任务，休息60秒...
[黄漂移] ⏳ 暂无任务，休息60秒...
[周进化] ⏳ 暂无任务，休息60秒...
[吴模板] ⏳ 暂无任务，休息60秒...
[周禄存] ⏳ 暂无任务，休息60秒...
[郑路由] ⏳ 暂无任务，休息60秒...
[王规划] ⏳ 暂无任务，休息60秒...
[冯优化] ⏳ 暂无任务，休息60秒...
[钱调度] ⏳ 暂无任务，休息60秒...
[陈元灵] ⏳ 暂无任务，休息60秒...
[林对齐] ⏳ 暂无任务，休息60秒...
[朱图谱] ⏳ 暂无任务，休息60秒...
[平心理] ⏳ 暂无任务，休息60秒...
[水版本] ⏳ 暂无任务，休息60秒...
[葛消息] ⏳ 暂无任务，休息60秒...
[皮审计] ⏳ 暂无任务，休息60秒...
[赏界面] ⏳ 暂无任务，休息60秒...
[财SDK] ⏳ 暂无任务，休息60秒...
[蒋巨门] ⏳ 暂无任务，休息60秒...
[沈记忆] ⏳ 暂无任务，休息60秒...
[韩向量] ⏳ 暂无任务，休息60秒...
[杨检索] ⏳ 暂无任务，休息60秒...
[伍廉贞] ⏳ 暂无任务，休息60秒...
[余情绪] ⏳ 暂无任务，休息60秒...
[元人格] ⏳ 暂无任务，休息60秒...
[孟一致] ⏳ 暂无任务，休息60秒...
[谢武功] ⏳ 暂无任务，休息60秒...
[邹接口] ⏳ 暂无任务，休息60秒...
[喻发现] ⏳ 暂无任务，休息60秒...
[柏依赖] ⏳ 暂无任务，休息60秒...
[章破军] ⏳ 暂无任务，休息60秒...
[云沙箱] ⏳ 暂无任务，休息60秒...
[苏容器] ⏳ 暂无任务，休息60秒...
[潘外呼] ⏳ 暂无任务，休息60秒...
[倪左辅] ⏳ 暂无任务，休息60秒...
[汤K8s] ⏳ 暂无任务，休息60秒...
[殷用户] ⏳ 暂无任务，休息60秒...
[罗隔离] ⏳ 暂无任务，休息60秒...
[毕配置] ⏳ 暂无任务，休息60秒...
[周右弼] ⏳ 暂无任务，休息60秒...
[乐法律] ⏳ 暂无任务，休息60秒...
[于道德] ⏳ 暂无任务，休息60秒...
[时权限] ⏳ 暂无任务，休息60秒...
[薛贪狼] ⏳ 暂无任务，休息60秒...
[雷ASR] ⏳ 暂无任务，休息60秒...
[贺TTS] ⏳ 暂无任务，休息60秒...
[贡数字人] ⏳ 暂无任务，休息60秒...
[齐辅弼] ⏳ 暂无任务，休息60秒...
[康网关] ⏳ 暂无任务，休息60秒...
[和产品] ⏳ 暂无任务，休息60秒...
[穆文档] ⏳ 暂无任务，休息60秒...
[黄漂移] ⏳ 暂无任务，休息60秒...
[周进化] ⏳ 暂无任务，休息60秒...
[吴模板] ⏳ 暂无任务，休息60秒...
[周禄存] ⏳ 暂无任务，休息60秒...
[郑路由] ⏳ 暂无任务，休息60秒...
[王规划] ⏳ 暂无任务，休息60秒...
[冯优化] ⏳ 暂无任务，休息60秒...
[钱调度] ⏳ 暂无任务，休息60秒...
[陈元灵] ⏳ 暂无任务，休息60秒...
[林对齐] ⏳ 暂无任务，休息60秒...
[朱图谱] ⏳ 暂无任务，休息60秒...
[平心理] ⏳ 暂无任务，休息60秒...
[水版本] ⏳ 暂无任务，休息60秒...
[葛消息] ⏳ 暂无任务，休息60秒...
[皮审计] ⏳ 暂无任务，休息60秒...
[赏界面] ⏳ 暂无任务，休息60秒...
[财SDK] ⏳ 暂无任务，休息60秒...
[蒋巨门] ⏳ 暂无任务，休息60秒...
[沈记忆] ⏳ 暂无任务，休息60秒...
[韩向量] ⏳ 暂无任务，休息60秒...
[杨检索] ⏳ 暂无任务，休息60秒...
[伍廉贞] ⏳ 暂无任务，休息60秒...
[余情绪] ⏳ 暂无任务，休息60秒...
[元人格] ⏳ 暂无任务，休息60秒...
[孟一致] ⏳ 暂无任务，休息60秒...
[谢武功] ⏳ 暂无任务，休息60秒...
[邹接口] ⏳ 暂无任务，休息60秒...
[喻发现] ⏳ 暂无任务，休息60秒...
[柏依赖] ⏳ 暂无任务，休息60秒...
[章破军] ⏳ 暂无任务，休息60秒...
[云沙箱] ⏳ 暂无任务，休息60秒...
[苏容器] ⏳ 暂无任务，休息60秒...
[潘外呼] ⏳ 暂无任务，休息60秒...
[倪左辅] ⏳ 暂无任务，休息60秒...
[汤K8s] ⏳ 暂无任务，休息60秒...
[殷用户] ⏳ 暂无任务，休息60秒...
[罗隔离] ⏳ 暂无任务，休息60秒...
[毕配置] ⏳ 暂无任务，休息60秒...
[周右弼] ⏳ 暂无任务，休息60秒...
[乐法律] ⏳ 暂无任务，休息60秒...
[于道德] ⏳ 暂无任务，休息60秒...
[时权限] ⏳ 暂无任务，休息60秒...
[薛贪狼] ⏳ 暂无任务，休息60秒...
[雷ASR] ⏳ 暂无任务，休息60秒...
[贺TTS] ⏳ 暂无任务，休息60秒...
[贡数字人] ⏳ 暂无任务，休息60秒...
[齐辅弼] ⏳ 暂无任务，休息60秒...
[康网关] ⏳ 暂无任务，休息60秒...
[和产品] ⏳ 暂无任务，休息60秒...
[穆文档] ⏳ 暂无任务，休息60秒...
[黄漂移] ⏳ 暂无任务，休息60秒...
[周进化] ⏳ 暂无任务，休息60秒...
[吴模板] ⏳ 暂无任务，休息60秒...
[周禄存] ⏳ 暂无任务，休息60秒...
[郑路由] ⏳ 暂无任务，休息60秒...
[王规划] ⏳ 暂无任务，休息60秒...
[冯优化] ⏳ 暂无任务，休息60秒...
[钱调度] ⏳ 暂无任务，休息60秒...
[陈元灵] ⏳ 暂无任务，休息60秒...
[林对齐] ⏳ 暂无任务，休息60秒...
[朱图谱] ⏳ 暂无任务，休息60秒...
[平心理] ⏳ 暂无任务，休息60秒...
[水版本] ⏳ 暂无任务，休息60秒...
[葛消息] ⏳ 暂无任务，休息60秒...
[皮审计] ⏳ 暂无任务，休息60秒...
[赏界面] ⏳ 暂无任务，休息60秒...
[财SDK] ⏳ 暂无任务，休息60秒...
[蒋巨门] ⏳ 暂无任务，休息60秒...
[沈记忆] ⏳ 暂无任务，休息60秒...
[韩向量] ⏳ 暂无任务，休息60秒...
[杨检索] ⏳ 暂无任务，休息60秒...
[伍廉贞] ⏳ 暂无任务，休息60秒...
[余情绪] ⏳ 暂无任务，休息60秒...
[元人格] ⏳ 暂无任务，休息60秒...
[孟一致] ⏳ 暂无任务，休息60秒...
[谢武功] ⏳ 暂无任务，休息60秒...
[邹接口] ⏳ 暂无任务，休息60秒...
[喻发现] ⏳ 暂无任务，休息60秒...
[柏依赖] ⏳ 暂无任务，休息60秒...
[章破军] ⏳ 暂无任务，休息60秒...
[云沙箱] ⏳ 暂无任务，休息60秒...
[苏容器] ⏳ 暂无任务，休息60秒...
[潘外呼] ⏳ 暂无任务，休息60秒...
[倪左辅] ⏳ 暂无任务，休息60秒...
[汤K8s] ⏳ 暂无任务，休息60秒...
[殷用户] ⏳ 暂无任务，休息60秒...
[罗隔离] ⏳ 暂无任务，休息60秒...
[毕配置] ⏳ 暂无任务，休息60秒...
[周右弼] ⏳ 暂无任务，休息60秒...
[乐法律] ⏳ 暂无任务，休息60秒...
[于道德] ⏳ 暂无任务，休息60秒...
[时权限] ⏳ 暂无任务，休息60秒...
[薛贪狼] ⏳ 暂无任务，休息60秒...
[雷ASR] ⏳ 暂无任务，休息60秒...
[贺TTS] ⏳ 暂无任务，休息60秒...
[贡数字人] ⏳ 暂无任务，休息60秒...
[齐辅弼] ⏳ 暂无任务，休息60秒...
[康网关] ⏳ 暂无任务，休息60秒...
[和产品] ⏳ 暂无任务，休息60秒...
[穆文档] ⏳ 暂无任务，休息60秒...
[黄漂移] ⏳ 暂无任务，休息60秒...
[周进化] ⏳ 暂无任务，休息60秒...
[吴模板] ⏳ 暂无任务，休息60秒...
[周禄存] ⏳ 暂无任务，休息60秒...
[郑路由] ⏳ 暂无任务，休息60秒...
[王规划] ⏳ 暂无任务，休息60秒...
[冯优化] ⏳ 暂无任务，休息60秒...
[钱调度] ⏳ 暂无任务，休息60秒...
[陈元灵] ⏳ 暂无任务，休息60秒...
[林对齐] ⏳ 暂无任务，休息60秒...
[朱图谱] ⏳ 暂无任务，休息60秒...
[平心理] ⏳ 暂无任务，休息60秒...
[水版本] ⏳ 暂无任务，休息60秒...
[葛消息] ⏳ 暂无任务，休息60秒...
[皮审计] ⏳ 暂无任务，休息60秒...
[赏界面] ⏳ 暂无任务，休息60秒...
[财SDK] ⏳ 暂无任务，休息60秒...
[蒋巨门] ⏳ 暂无任务，休息60秒...
[沈记忆] ⏳ 暂无任务，休息60秒...
[韩向量] ⏳ 暂无任务，休息60秒...
[杨检索] ⏳ 暂无任务，休息60秒...
[伍廉贞] ⏳ 暂无任务，休息60秒...
[余情绪] ⏳ 暂无任务，休息60秒...
[元人格] ⏳ 暂无任务，休息60秒...
[孟一致] ⏳ 暂无任务，休息60秒...
[谢武功] ⏳ 暂无任务，休息60秒...
[邹接口] ⏳ 暂无任务，休息60秒...
[喻发现] ⏳ 暂无任务，休息60秒...
[柏依赖] ⏳ 暂无任务，休息60秒...
[章破军] ⏳ 暂无任务，休息60秒...
[云沙箱] ⏳ 暂无任务，休息60秒...
[苏容器] ⏳ 暂无任务，休息60秒...
[潘外呼] ⏳ 暂无任务，休息60秒...
[倪左辅] ⏳ 暂无任务，休息60秒...
[汤K8s] ⏳ 暂无任务，休息60秒...
[殷用户] ⏳ 暂无任务，休息60秒...
[罗隔离] ⏳ 暂无任务，休息60秒...
[毕配置] ⏳ 暂无任务，休息60秒...
[周右弼] ⏳ 暂无任务，休息60秒...
[乐法律] ⏳ 暂无任务，休息60秒...
[于道德] ⏳ 暂无任务，休息60秒...
[时权限] ⏳ 暂无任务，休息60秒...
[薛贪狼] ⏳ 暂无任务，休息60秒...
[雷ASR] ⏳ 暂无任务，休息60秒...
[贺TTS] ⏳ 暂无任务，休息60秒...
[贡数字人] ⏳ 暂无任务，休息60秒...
[齐辅弼] ⏳ 暂无任务，休息60秒...
[康网关] ⏳ 暂无任务，休息60秒...
[和产品] ⏳ 暂无任务，休息60秒...
[穆文档] ⏳ 暂无任务，休息60秒...
[黄漂移] ⏳ 暂无任务，休息60秒...
[周进化] ⏳ 暂无任务，休息60秒...
[吴模板] ⏳ 暂无任务，休息60秒...
[周禄存] ⏳ 暂无任务，休息60秒...
[郑路由] ⏳ 暂无任务，休息60秒...
[王规划] ⏳ 暂无任务，休息60秒...
[冯优化] ⏳ 暂无任务，休息60秒...
[钱调度] ⏳ 暂无任务，休息60秒...
[陈元灵] ⏳ 暂无任务，休息60秒...
[林对齐] ⏳ 暂无任务，休息60秒...
[朱图谱] ⏳ 暂无任务，休息60秒...
[平心理] ⏳ 暂无任务，休息60秒...
[水版本] ⏳ 暂无任务，休息60秒...
[葛消息] ⏳ 暂无任务，休息60秒...
[皮审计] ⏳ 暂无任务，休息60秒...
[赏界面] ⏳ 暂无任务，休息60秒...
[财SDK] ⏳ 暂无任务，休息60秒...
[蒋巨门] ⏳ 暂无任务，休息60秒...
[沈记忆] ⏳ 暂无任务，休息60秒...
[韩向量] ⏳ 暂无任务，休息60秒...
[杨检索] ⏳ 暂无任务，休息60秒...
[伍廉贞] ⏳ 暂无任务，休息60秒...
[余情绪] ⏳ 暂无任务，休息60秒...
[元人格] ⏳ 暂无任务，休息60秒...
[孟一致] ⏳ 暂无任务，休息60秒...
[谢武功] ⏳ 暂无任务，休息60秒...
[邹接口] ⏳ 暂无任务，休息60秒...
[喻发现] ⏳ 暂无任务，休息60秒...
[柏依赖] ⏳ 暂无任务，休息60秒...
[章破军] ⏳ 暂无任务，休息60秒...
[云沙箱] ⏳ 暂无任务，休息60秒...
[苏容器] ⏳ 暂无任务，休息60秒...
[潘外呼] ⏳ 暂无任务，休息60秒...
[倪左辅] ⏳ 暂无任务，休息60秒...
[汤K8s] ⏳ 暂无任务，休息60秒...
[殷用户] ⏳ 暂无任务，休息60秒...
[罗隔离] ⏳ 暂无任务，休息60秒...
[毕配置] ⏳ 暂无任务，休息60秒...
[周右弼] ⏳ 暂无任务，休息60秒...
[乐法律] ⏳ 暂无任务，休息60秒...
[于道德] ⏳ 暂无任务，休息60秒...
[时权限] ⏳ 暂无任务，休息60秒...
[薛贪狼] ⏳ 暂无任务，休息60秒...
[雷ASR] ⏳ 暂无任务，休息60秒...
[贺TTS] ⏳ 暂无任务，休息60秒...
[贡数字人] ⏳ 暂无任务，休息60秒...
[齐辅弼] ⏳ 暂无任务，休息60秒...
[康网关] ⏳ 暂无任务，休息60秒...
[和产品] ⏳ 暂无任务，休息60秒...
[穆文档] ⏳ 暂无任务，休息60秒...
[黄漂移] ⏳ 暂无任务，休息60秒...
[周进化] ⏳ 暂无任务，休息60秒...
[吴模板] ⏳ 暂无任务，休息60秒...
[周禄存] ⏳ 暂无任务，休息60秒...
[郑路由] ⏳ 暂无任务，休息60秒...
[王规划] ⏳ 暂无任务，休息60秒...
[冯优化] ⏳ 暂无任务，休息60秒...
[钱调度] ⏳ 暂无任务，休息60秒...
[陈元灵] ⏳ 暂无任务，休息60秒...
[林对齐] ⏳ 暂无任务，休息60秒...
[朱图谱] ⏳ 暂无任务，休息60秒...
[平心理] ⏳ 暂无任务，休息60秒...
[水版本] ⏳ 暂无任务，休息60秒...
[葛消息] ⏳ 暂无任务，休息60秒...
[皮审计] ⏳ 暂无任务，休息60秒...
[赏界面] ⏳ 暂无任务，休息60秒...
[财SDK] ⏳ 暂无任务，休息60秒...
[蒋巨门] ⏳ 暂无任务，休息60秒...
[沈记忆] ⏳ 暂无任务，休息60秒...
[韩向量] ⏳ 暂无任务，休息60秒...
[杨检索] ⏳ 暂无任务，休息60秒...
[伍廉贞] ⏳ 暂无任务，休息60秒...
[余情绪] ⏳ 暂无任务，休息60秒...
[元人格] ⏳ 暂无任务，休息60秒...
[孟一致] ⏳ 暂无任务，休息60秒...
[谢武功] ⏳ 暂无任务，休息60秒...
[邹接口] ⏳ 暂无任务，休息60秒...
[喻发现] ⏳ 暂无任务，休息60秒...
[柏依赖] ⏳ 暂无任务，休息60秒...
[章破军] ⏳ 暂无任务，休息60秒...
[云沙箱] ⏳ 暂无任务，休息60秒...
[苏容器] ⏳ 暂无任务，休息60秒...
[潘外呼] ⏳ 暂无任务，休息60秒...
[倪左辅] ⏳ 暂无任务，休息60秒...
[汤K8s] ⏳ 暂无任务，休息60秒...
[殷用户] ⏳ 暂无任务，休息60秒...
[罗隔离] ⏳ 暂无任务，休息60秒...
[毕配置] ⏳ 暂无任务，休息60秒...
[周右弼] ⏳ 暂无任务，休息60秒...
[乐法律] ⏳ 暂无任务，休息60秒...
[于道德] ⏳ 暂无任务，休息60秒...
[时权限] ⏳ 暂无任务，休息60秒...
[薛贪狼] ⏳ 暂无任务，休息60秒...
[雷ASR] ⏳ 暂无任务，休息60秒...
[贺TTS] ⏳ 暂无任务，休息60秒...
[贡数字人] ⏳ 暂无任务，休息60秒...
[齐辅弼] ⏳ 暂无任务，休息60秒...
[康网关] ⏳ 暂无任务，休息60秒...
[和产品] ⏳ 暂无任务，休息60秒...
[穆文档] ⏳ 暂无任务，休息60秒...
[黄漂移] ⏳ 暂无任务，休息60秒...
[周进化] ⏳ 暂无任务，休息60秒...
[吴模板] ⏳ 暂无任务，休息60秒...
[周禄存] ⏳ 暂无任务，休息60秒...
[郑路由] ⏳ 暂无任务，休息60秒...
[王规划] ⏳ 暂无任务，休息60秒...
[冯优化] ⏳ 暂无任务，休息60秒...
[钱调度] ⏳ 暂无任务，休息60秒...
[陈元灵] ⏳ 暂无任务，休息60秒...
[林对齐] ⏳ 暂无任务，休息60秒...
[朱图谱] ⏳ 暂无任务，休息60秒...
[平心理] ⏳ 暂无任务，休息60秒...
[水版本] ⏳ 暂无任务，休息60秒...
[葛消息] ⏳ 暂无任务，休息60秒...
[皮审计] ⏳ 暂无任务，休息60秒...
[赏界面] ⏳ 暂无任务，休息60秒...
[财SDK] ⏳ 暂无任务，休息60秒...
[蒋巨门] ⏳ 暂无任务，休息60秒...
[沈记忆] ⏳ 暂无任务，休息60秒...
[韩向量] ⏳ 暂无任务，休息60秒...
[杨检索] ⏳ 暂无任务，休息60秒...
[伍廉贞] ⏳ 暂无任务，休息60秒...
[余情绪] ⏳ 暂无任务，休息60秒...
[元人格] ⏳ 暂无任务，休息60秒...
[孟一致] ⏳ 暂无任务，休息60秒...
[谢武功] ⏳ 暂无任务，休息60秒...
[邹接口] ⏳ 暂无任务，休息60秒...
[喻发现] ⏳ 暂无任务，休息60秒...
[柏依赖] ⏳ 暂无任务，休息60秒...
[章破军] ⏳ 暂无任务，休息60秒...
[云沙箱] ⏳ 暂无任务，休息60秒...
[苏容器] ⏳ 暂无任务，休息60秒...
[潘外呼] ⏳ 暂无任务，休息60秒...
[倪左辅] ⏳ 暂无任务，休息60秒...
[汤K8s] ⏳ 暂无任务，休息60秒...
[殷用户] ⏳ 暂无任务，休息60秒...
[罗隔离] ⏳ 暂无任务，休息60秒...
[毕配置] ⏳ 暂无任务，休息60秒...
[周右弼] ⏳ 暂无任务，休息60秒...
[乐法律] ⏳ 暂无任务，休息60秒...
[于道德] ⏳ 暂无任务，休息60秒...
[时权限] ⏳ 暂无任务，休息60秒...
[薛贪狼] ⏳ 暂无任务，休息60秒...
[雷ASR] ⏳ 暂无任务，休息60秒...
[贺TTS] ⏳ 暂无任务，休息60秒...
[贡数字人] ⏳ 暂无任务，休息60秒...
[齐辅弼] ⏳ 暂无任务，休息60秒...
[康网关] ⏳ 暂无任务，休息60秒...
[和产品] ⏳ 暂无任务，休息60秒...
[穆文档] ⏳ 暂无任务，休息60秒...
[黄漂移] ⏳ 暂无任务，休息60秒...
[周进化] ⏳ 暂无任务，休息60秒...
[吴模板] ⏳ 暂无任务，休息60秒...
[周禄存] ⏳ 暂无任务，休息60秒...
[郑路由] ⏳ 暂无任务，休息60秒...
[王规划] ⏳ 暂无任务，休息60秒...
[冯优化] ⏳ 暂无任务，休息60秒...
[钱调度] ⏳ 暂无任务，休息60秒...
[陈元灵] ⏳ 暂无任务，休息60秒...
[林对齐] ⏳ 暂无任务，休息60秒...
[朱图谱] ⏳ 暂无任务，休息60秒...
[平心理] ⏳ 暂无任务，休息60秒...
[水版本] ⏳ 暂无任务，休息60秒...
[葛消息] ⏳ 暂无任务，休息60秒...
[皮审计] ⏳ 暂无任务，休息60秒...
[赏界面] ⏳ 暂无任务，休息60秒...
[财SDK] ⏳ 暂无任务，休息60秒...
[蒋巨门] ⏳ 暂无任务，休息60秒...
[沈记忆] ⏳ 暂无任务，休息60秒...
[韩向量] ⏳ 暂无任务，休息60秒...
[杨检索] ⏳ 暂无任务，休息60秒...
[伍廉贞] ⏳ 暂无任务，休息60秒...
[余情绪] ⏳ 暂无任务，休息60秒...
[元人格] ⏳ 暂无任务，休息60秒...
[孟一致] ⏳ 暂无任务，休息60秒...
[谢武功] ⏳ 暂无任务，休息60秒...
[邹接口] ⏳ 暂无任务，休息60秒...
[喻发现] ⏳ 暂无任务，休息60秒...
[柏依赖] ⏳ 暂无任务，休息60秒...
[章破军] ⏳ 暂无任务，休息60秒...
[云沙箱] ⏳ 暂无任务，休息60秒...
[苏容器] ⏳ 暂无任务，休息60秒...
[潘外呼] ⏳ 暂无任务，休息60秒...
[倪左辅] ⏳ 暂无任务，休息60秒...
[汤K8s] ⏳ 暂无任务，休息60秒...
[殷用户] ⏳ 暂无任务，休息60秒...
[罗隔离] ⏳ 暂无任务，休息60秒...
[毕配置] ⏳ 暂无任务，休息60秒...
[周右弼] ⏳ 暂无任务，休息60秒...
[乐法律] ⏳ 暂无任务，休息60秒...
[于道德] ⏳ 暂无任务，休息60秒...
[时权限] ⏳ 暂无任务，休息60秒...
[薛贪狼] ⏳ 暂无任务，休息60秒...
[雷ASR] ⏳ 暂无任务，休息60秒...
[贺TTS] ⏳ 暂无任务，休息60秒...
[贡数字人] ⏳ 暂无任务，休息60秒...
[齐辅弼] ⏳ 暂无任务，休息60秒...
[康网关] ⏳ 暂无任务，休息60秒...
[和产品] ⏳ 暂无任务，休息60秒...
[穆文档] ⏳ 暂无任务，休息60秒...
[黄漂移] ⏳ 暂无任务，休息60秒...
[周进化] ⏳ 暂无任务，休息60秒...
[吴模板] ⏳ 暂无任务，休息60秒...
[周禄存] ⏳ 暂无任务，休息60秒...
[郑路由] ⏳ 暂无任务，休息60秒...
[王规划] ⏳ 暂无任务，休息60秒...
[冯优化] ⏳ 暂无任务，休息60秒...
[钱调度] ⏳ 暂无任务，休息60秒...
[陈元灵] ⏳ 暂无任务，休息60秒...
[林对齐] ⏳ 暂无任务，休息60秒...
[朱图谱] ⏳ 暂无任务，休息60秒...
[平心理] ⏳ 暂无任务，休息60秒...
[水版本] ⏳ 暂无任务，休息60秒...
[葛消息] ⏳ 暂无任务，休息60秒...
[皮审计] ⏳ 暂无任务，休息60秒...
[赏界面] ⏳ 暂无任务，休息60秒...
[财SDK] ⏳ 暂无任务，休息60秒...
[蒋巨门] ⏳ 暂无任务，休息60秒...
[沈记忆] ⏳ 暂无任务，休息60秒...
[韩向量] ⏳ 暂无任务，休息60秒...
[杨检索] ⏳ 暂无任务，休息60秒...
[伍廉贞] ⏳ 暂无任务，休息60秒...
[余情绪] ⏳ 暂无任务，休息60秒...
[元人格] ⏳ 暂无任务，休息60秒...
[孟一致] ⏳ 暂无任务，休息60秒...
[谢武功] ⏳ 暂无任务，休息60秒...
[邹接口] ⏳ 暂无任务，休息60秒...
[喻发现] ⏳ 暂无任务，休息60秒...
[柏依赖] ⏳ 暂无任务，休息60秒...
[章破军] ⏳ 暂无任务，休息60秒...
[云沙箱] ⏳ 暂无任务，休息60秒...
[苏容器] ⏳ 暂无任务，休息60秒...
[潘外呼] ⏳ 暂无任务，休息60秒...
[倪左辅] ⏳ 暂无任务，休息60秒...
[汤K8s] ⏳ 暂无任务，休息60秒...
[殷用户] ⏳ 暂无任务，休息60秒...
[罗隔离] ⏳ 暂无任务，休息60秒...
[毕配置] ⏳ 暂无任务，休息60秒...
[周右弼] ⏳ 暂无任务，休息60秒...
[乐法律] ⏳ 暂无任务，休息60秒...
[于道德] ⏳ 暂无任务，休息60秒...
[时权限] ⏳ 暂无任务，休息60秒...
[薛贪狼] ⏳ 暂无任务，休息60秒...
[雷ASR] ⏳ 暂无任务，休息60秒...
[贺TTS] ⏳ 暂无任务，休息60秒...
[贡数字人] ⏳ 暂无任务，休息60秒...
[齐辅弼] ⏳ 暂无任务，休息60秒...
[康网关] ⏳ 暂无任务，休息60秒...
[和产品] ⏳ 暂无任务，休息60秒...
[穆文档] ⏳ 暂无任务，休息60秒...
[黄漂移] ⏳ 暂无任务，休息60秒...
[周进化] ⏳ 暂无任务，休息60秒...
[吴模板] ⏳ 暂无任务，休息60秒...
[周禄存] ⏳ 暂无任务，休息60秒...
[郑路由] ⏳ 暂无任务，休息60秒...
[王规划] ⏳ 暂无任务，休息60秒...
[冯优化] ⏳ 暂无任务，休息60秒...
[钱调度] ⏳ 暂无任务，休息60秒...
[陈元灵] ⏳ 暂无任务，休息60秒...
[林对齐] ⏳ 暂无任务，休息60秒...
[朱图谱] ⏳ 暂无任务，休息60秒...
[平心理] ⏳ 暂无任务，休息60秒...
[水版本] ⏳ 暂无任务，休息60秒...
[葛消息] ⏳ 暂无任务，休息60秒...
[皮审计] ⏳ 暂无任务，休息60秒...
[赏界面] ⏳ 暂无任务，休息60秒...
[财SDK] ⏳ 暂无任务，休息60秒...
[蒋巨门] ⏳ 暂无任务，休息60秒...
[沈记忆] ⏳ 暂无任务，休息60秒...
[韩向量] ⏳ 暂无任务，休息60秒...
[杨检索] ⏳ 暂无任务，休息60秒...
[伍廉贞] ⏳ 暂无任务，休息60秒...
[余情绪] ⏳ 暂无任务，休息60秒...
[元人格] ⏳ 暂无任务，休息60秒...
[孟一致] ⏳ 暂无任务，休息60秒...
[谢武功] ⏳ 暂无任务，休息60秒...
[邹接口] ⏳ 暂无任务，休息60秒...
[喻发现] ⏳ 暂无任务，休息60秒...
[柏依赖] ⏳ 暂无任务，休息60秒...
[章破军] ⏳ 暂无任务，休息60秒...
[云沙箱] ⏳ 暂无任务，休息60秒...
[苏容器] ⏳ 暂无任务，休息60秒...
[潘外呼] ⏳ 暂无任务，休息60秒...
[倪左辅] ⏳ 暂无任务，休息60秒...
[汤K8s] ⏳ 暂无任务，休息60秒...
[殷用户] ⏳ 暂无任务，休息60秒...
[罗隔离] ⏳ 暂无任务，休息60秒...
[毕配置] ⏳ 暂无任务，休息60秒...
[周右弼] ⏳ 暂无任务，休息60秒...
[乐法律] ⏳ 暂无任务，休息60秒...
[于道德] ⏳ 暂无任务，休息60秒...
[时权限] ⏳ 暂无任务，休息60秒...
[薛贪狼] ⏳ 暂无任务，休息60秒...
[雷ASR] ⏳ 暂无任务，休息60秒...
[贺TTS] ⏳ 暂无任务，休息60秒...
[贡数字人] ⏳ 暂无任务，休息60秒...
[齐辅弼] ⏳ 暂无任务，休息60秒...
[康网关] ⏳ 暂无任务，休息60秒...
[和产品] ⏳ 暂无任务，休息60秒...
[穆文档] ⏳ 暂无任务，休息60秒...
[黄漂移] ⏳ 暂无任务，休息60秒...
[周进化] ⏳ 暂无任务，休息60秒...
[吴模板] ⏳ 暂无任务，休息60秒...
[周禄存] ⏳ 暂无任务，休息60秒...
[郑路由] ⏳ 暂无任务，休息60秒...
[王规划] ⏳ 暂无任务，休息60秒...
[冯优化] ⏳ 暂无任务，休息60秒...
[钱调度] ⏳ 暂无任务，休息60秒...
[陈元灵] ⏳ 暂无任务，休息60秒...
[林对齐] ⏳ 暂无任务，休息60秒...
[朱图谱] ⏳ 暂无任务，休息60秒...
[平心理] ⏳ 暂无任务，休息60秒...
[水版本] ⏳ 暂无任务，休息60秒...
[葛消息] ⏳ 暂无任务，休息60秒...
[皮审计] ⏳ 暂无任务，休息60秒...
[赏界面] ⏳ 暂无任务，休息60秒...
[财SDK] ⏳ 暂无任务，休息60秒...
[蒋巨门] ⏳ 暂无任务，休息60秒...
[沈记忆] ⏳ 暂无任务，休息60秒...
[韩向量] ⏳ 暂无任务，休息60秒...
[杨检索] ⏳ 暂无任务，休息60秒...
[伍廉贞] ⏳ 暂无任务，休息60秒...
[余情绪] ⏳ 暂无任务，休息60秒...
[元人格] ⏳ 暂无任务，休息60秒...
[孟一致] ⏳ 暂无任务，休息60秒...
[谢武功] ⏳ 暂无任务，休息60秒...
[邹接口] ⏳ 暂无任务，休息60秒...
[喻发现] ⏳ 暂无任务，休息60秒...
[柏依赖] ⏳ 暂无任务，休息60秒...
[章破军] ⏳ 暂无任务，休息60秒...
[云沙箱] ⏳ 暂无任务，休息60秒...
[苏容器] ⏳ 暂无任务，休息60秒...
[潘外呼] ⏳ 暂无任务，休息60秒...
[倪左辅] ⏳ 暂无任务，休息60秒...
[汤K8s] ⏳ 暂无任务，休息60秒...
[殷用户] ⏳ 暂无任务，休息60秒...
[罗隔离] ⏳ 暂无任务，休息60秒...
[毕配置] ⏳ 暂无任务，休息60秒...
[周右弼] ⏳ 暂无任务，休息60秒...
[乐法律] ⏳ 暂无任务，休息60秒...
[于道德] ⏳ 暂无任务，休息60秒...
[时权限] ⏳ 暂无任务，休息60秒...
[薛贪狼] ⏳ 暂无任务，休息60秒...
[雷ASR] ⏳ 暂无任务，休息60秒...
[贺TTS] ⏳ 暂无任务，休息60秒...
[贡数字人] ⏳ 暂无任务，休息60秒...
[齐辅弼] ⏳ 暂无任务，休息60秒...
[康网关] ⏳ 暂无任务，休息60秒...
[和产品] ⏳ 暂无任务，休息60秒...
[穆文档] ⏳ 暂无任务，休息60秒...
[黄漂移] ⏳ 暂无任务，休息60秒...
[周进化] ⏳ 暂无任务，休息60秒...
[吴模板] ⏳ 暂无任务，休息60秒...
[周禄存] ⏳ 暂无任务，休息60秒...
[郑路由] ⏳ 暂无任务，休息60秒...
[王规划] ⏳ 暂无任务，休息60秒...
[冯优化] ⏳ 暂无任务，休息60秒...
[钱调度] ⏳ 暂无任务，休息60秒...
[陈元灵] ⏳ 暂无任务，休息60秒...
[林对齐] ⏳ 暂无任务，休息60秒...
[朱图谱] ⏳ 暂无任务，休息60秒...
[平心理] ⏳ 暂无任务，休息60秒...
[水版本] ⏳ 暂无任务，休息60秒...
[葛消息] ⏳ 暂无任务，休息60秒...
[皮审计] ⏳ 暂无任务，休息60秒...
[赏界面] ⏳ 暂无任务，休息60秒...
[财SDK] ⏳ 暂无任务，休息60秒...
[蒋巨门] ⏳ 暂无任务，休息60秒...
[沈记忆] ⏳ 暂无任务，休息60秒...
[韩向量] ⏳ 暂无任务，休息60秒...
[杨检索] ⏳ 暂无任务，休息60秒...
[伍廉贞] ⏳ 暂无任务，休息60秒...
[余情绪] ⏳ 暂无任务，休息60秒...
[元人格] ⏳ 暂无任务，休息60秒...
[孟一致] ⏳ 暂无任务，休息60秒...
[谢武功] ⏳ 暂无任务，休息60秒...
[邹接口] ⏳ 暂无任务，休息60秒...
[喻发现] ⏳ 暂无任务，休息60秒...
[柏依赖] ⏳ 暂无任务，休息60秒...
[章破军] ⏳ 暂无任务，休息60秒...
[云沙箱] ⏳ 暂无任务，休息60秒...
[苏容器] ⏳ 暂无任务，休息60秒...
[潘外呼] ⏳ 暂无任务，休息60秒...
[倪左辅] ⏳ 暂无任务，休息60秒...
[汤K8s] ⏳ 暂无任务，休息60秒...
[殷用户] ⏳ 暂无任务，休息60秒...
[罗隔离] ⏳ 暂无任务，休息60秒...
[毕配置] ⏳ 暂无任务，休息60秒...
[周右弼] ⏳ 暂无任务，休息60秒...
[乐法律] ⏳ 暂无任务，休息60秒...
[于道德] ⏳ 暂无任务，休息60秒...
[时权限] ⏳ 暂无任务，休息60秒...
[薛贪狼] ⏳ 暂无任务，休息60秒...
[雷ASR] ⏳ 暂无任务，休息60秒...
[贺TTS] ⏳ 暂无任务，休息60秒...
[贡数字人] ⏳ 暂无任务，休息60秒...
[齐辅弼] ⏳ 暂无任务，休息60秒...
[康网关] ⏳ 暂无任务，休息60秒...
[和产品] ⏳ 暂无任务，休息60秒...
[穆文档] ⏳ 暂无任务，休息60秒...
[黄漂移] ⏳ 暂无任务，休息60秒...
[周进化] ⏳ 暂无任务，休息60秒...
[吴模板] ⏳ 暂无任务，休息60秒...
[周禄存] ⏳ 暂无任务，休息60秒...
[郑路由] ⏳ 暂无任务，休息60秒...
[王规划] ⏳ 暂无任务，休息60秒...
[冯优化] ⏳ 暂无任务，休息60秒...
[钱调度] ⏳ 暂无任务，休息60秒...
[陈元灵] ⏳ 暂无任务，休息60秒...
[林对齐] ⏳ 暂无任务，休息60秒...
[朱图谱] ⏳ 暂无任务，休息60秒...
[平心理] ⏳ 暂无任务，休息60秒...
[水版本] ⏳ 暂无任务，休息60秒...
[葛消息] ⏳ 暂无任务，休息60秒...
[皮审计] ⏳ 暂无任务，休息60秒...
[赏界面] ⏳ 暂无任务，休息60秒...
[财SDK] ⏳ 暂无任务，休息60秒...
[蒋巨门] ⏳ 暂无任务，休息60秒...
[沈记忆] ⏳ 暂无任务，休息60秒...
[韩向量] ⏳ 暂无任务，休息60秒...
[杨检索] ⏳ 暂无任务，休息60秒...
[伍廉贞] ⏳ 暂无任务，休息60秒...
[余情绪] ⏳ 暂无任务，休息60秒...
[元人格] ⏳ 暂无任务，休息60秒...
[孟一致] ⏳ 暂无任务，休息60秒...
[谢武功] ⏳ 暂无任务，休息60秒...
[邹接口] ⏳ 暂无任务，休息60秒...
[喻发现] ⏳ 暂无任务，休息60秒...
[柏依赖] ⏳ 暂无任务，休息60秒...
[章破军] ⏳ 暂无任务，休息60秒...
[云沙箱] ⏳ 暂无任务，休息60秒...
[苏容器] ⏳ 暂无任务，休息60秒...
[潘外呼] ⏳ 暂无任务，休息60秒...
[倪左辅] ⏳ 暂无任务，休息60秒...
[汤K8s] ⏳ 暂无任务，休息60秒...
[殷用户] ⏳ 暂无任务，休息60秒...
[罗隔离] ⏳ 暂无任务，休息60秒...
[毕配置] ⏳ 暂无任务，休息60秒...
[周右弼] ⏳ 暂无任务，休息60秒...
[乐法律] ⏳ 暂无任务，休息60秒...
[于道德] ⏳ 暂无任务，休息60秒...
[时权限] ⏳ 暂无任务，休息60秒...
[薛贪狼] ⏳ 暂无任务，休息60秒...
[雷ASR] ⏳ 暂无任务，休息60秒...
[贺TTS] ⏳ 暂无任务，休息60秒...
[贡数字人] ⏳ 暂无任务，休息60秒...
[齐辅弼] ⏳ 暂无任务，休息60秒...
[康网关] ⏳ 暂无任务，休息60秒...
[和产品] ⏳ 暂无任务，休息60秒...
[穆文档] ⏳ 暂无任务，休息60秒...
[黄漂移] ⏳ 暂无任务，休息60秒...
[周进化] ⏳ 暂无任务，休息60秒...
[吴模板] ⏳ 暂无任务，休息60秒...
[周禄存] ⏳ 暂无任务，休息60秒...
[郑路由] ⏳ 暂无任务，休息60秒...
[王规划] ⏳ 暂无任务，休息60秒...
[冯优化] ⏳ 暂无任务，休息60秒...
[钱调度] ⏳ 暂无任务，休息60秒...
[陈元灵] ⏳ 暂无任务，休息60秒...
[林对齐] ⏳ 暂无任务，休息60秒...
[朱图谱] ⏳ 暂无任务，休息60秒...
[平心理] ⏳ 暂无任务，休息60秒...
[水版本] ⏳ 暂无任务，休息60秒...
[葛消息] ⏳ 暂无任务，休息60秒...
[皮审计] ⏳ 暂无任务，休息60秒...
[赏界面] ⏳ 暂无任务，休息60秒...
[财SDK] ⏳ 暂无任务，休息60秒...
[蒋巨门] ⏳ 暂无任务，休息60秒...
[沈记忆] ⏳ 暂无任务，休息60秒...
[韩向量] ⏳ 暂无任务，休息60秒...
[杨检索] ⏳ 暂无任务，休息60秒...
[伍廉贞] ⏳ 暂无任务，休息60秒...
[余情绪] ⏳ 暂无任务，休息60秒...
[元人格] ⏳ 暂无任务，休息60秒...
[孟一致] ⏳ 暂无任务，休息60秒...
[谢武功] ⏳ 暂无任务，休息60秒...
[邹接口] ⏳ 暂无任务，休息60秒...
[喻发现] ⏳ 暂无任务，休息60秒...
[柏依赖] ⏳ 暂无任务，休息60秒...
[章破军] ⏳ 暂无任务，休息60秒...
[云沙箱] ⏳ 暂无任务，休息60秒...
[苏容器] ⏳ 暂无任务，休息60秒...
[潘外呼] ⏳ 暂无任务，休息60秒...
[倪左辅] ⏳ 暂无任务，休息60秒...
[汤K8s] ⏳ 暂无任务，休息60秒...
[殷用户] ⏳ 暂无任务，休息60秒...
[罗隔离] ⏳ 暂无任务，休息60秒...
[毕配置] ⏳ 暂无任务，休息60秒...
[周右弼] ⏳ 暂无任务，休息60秒...
[乐法律] ⏳ 暂无任务，休息60秒...
[于道德] ⏳ 暂无任务，休息60秒...
[时权限] ⏳ 暂无任务，休息60秒...
[薛贪狼] ⏳ 暂无任务，休息60秒...
[雷ASR] ⏳ 暂无任务，休息60秒...
[贺TTS] ⏳ 暂无任务，休息60秒...
[贡数字人] ⏳ 暂无任务，休息60秒...
[齐辅弼] ⏳ 暂无任务，休息60秒...
[康网关] ⏳ 暂无任务，休息60秒...
[和产品] ⏳ 暂无任务，休息60秒...
[穆文档] ⏳ 暂无任务，休息60秒...
[黄漂移] ⏳ 暂无任务，休息60秒...
[周进化] ⏳ 暂无任务，休息60秒...
[吴模板] ⏳ 暂无任务，休息60秒...
[周禄存] ⏳ 暂无任务，休息60秒...
[郑路由] ⏳ 暂无任务，休息60秒...
[王规划] ⏳ 暂无任务，休息60秒...
[冯优化] ⏳ 暂无任务，休息60秒...
[钱调度] ⏳ 暂无任务，休息60秒...
[陈元灵] ⏳ 暂无任务，休息60秒...
[林对齐] ⏳ 暂无任务，休息60秒...
[朱图谱] ⏳ 暂无任务，休息60秒...
[平心理] ⏳ 暂无任务，休息60秒...
[水版本] ⏳ 暂无任务，休息60秒...
[葛消息] ⏳ 暂无任务，休息60秒...
[皮审计] ⏳ 暂无任务，休息60秒...
[赏界面] ⏳ 暂无任务，休息60秒...
[财SDK] ⏳ 暂无任务，休息60秒...
[蒋巨门] ⏳ 暂无任务，休息60秒...
[沈记忆] ⏳ 暂无任务，休息60秒...
[韩向量] ⏳ 暂无任务，休息60秒...
[杨检索] ⏳ 暂无任务，休息60秒...
[伍廉贞] ⏳ 暂无任务，休息60秒...
[余情绪] ⏳ 暂无任务，休息60秒...
[元人格] ⏳ 暂无任务，休息60秒...
[孟一致] ⏳ 暂无任务，休息60秒...
[谢武功] ⏳ 暂无任务，休息60秒...
[邹接口] ⏳ 暂无任务，休息60秒...
[喻发现] ⏳ 暂无任务，休息60秒...
[柏依赖] ⏳ 暂无任务，休息60秒...
[章破军] ⏳ 暂无任务，休息60秒...
[云沙箱] ⏳ 暂无任务，休息60秒...
[苏容器] ⏳ 暂无任务，休息60秒...
[潘外呼] ⏳ 暂无任务，休息60秒...
[倪左辅] ⏳ 暂无任务，休息60秒...
[汤K8s] ⏳ 暂无任务，休息60秒...
[殷用户] ⏳ 暂无任务，休息60秒...
[罗隔离] ⏳ 暂无任务，休息60秒...
[毕配置] ⏳ 暂无任务，休息60秒...
[周右弼] ⏳ 暂无任务，休息60秒...
[乐法律] ⏳ 暂无任务，休息60秒...
[于道德] ⏳ 暂无任务，休息60秒...
[时权限] ⏳ 暂无任务，休息60秒...
[薛贪狼] ⏳ 暂无任务，休息60秒...
[雷ASR] ⏳ 暂无任务，休息60秒...
[贺TTS] ⏳ 暂无任务，休息60秒...
[贡数字人] ⏳ 暂无任务，休息60秒...
[齐辅弼] ⏳ 暂无任务，休息60秒...
[康网关] ⏳ 暂无任务，休息60秒...
[和产品] ⏳ 暂无任务，休息60秒...
[穆文档] ⏳ 暂无任务，休息60秒...
[黄漂移] ⏳ 暂无任务，休息60秒...
[周进化] ⏳ 暂无任务，休息60秒...
[吴模板] ⏳ 暂无任务，休息60秒...
[周禄存] ⏳ 暂无任务，休息60秒...
[郑路由] ⏳ 暂无任务，休息60秒...
[王规划] ⏳ 暂无任务，休息60秒...
[冯优化] ⏳ 暂无任务，休息60秒...
[钱调度] ⏳ 暂无任务，休息60秒...
[陈元灵] ⏳ 暂无任务，休息60秒...
[林对齐] ⏳ 暂无任务，休息60秒...
[朱图谱] ⏳ 暂无任务，休息60秒...
[平心理] ⏳ 暂无任务，休息60秒...
[水版本] ⏳ 暂无任务，休息60秒...
[葛消息] ⏳ 暂无任务，休息60秒...
[皮审计] ⏳ 暂无任务，休息60秒...
[赏界面] ⏳ 暂无任务，休息60秒...
[财SDK] ⏳ 暂无任务，休息60秒...
[蒋巨门] ⏳ 暂无任务，休息60秒...
[沈记忆] ⏳ 暂无任务，休息60秒...
[韩向量] ⏳ 暂无任务，休息60秒...
[杨检索] ⏳ 暂无任务，休息60秒...
[伍廉贞] ⏳ 暂无任务，休息60秒...
[余情绪] ⏳ 暂无任务，休息60秒...
[元人格] ⏳ 暂无任务，休息60秒...
[孟一致] ⏳ 暂无任务，休息60秒...
[谢武功] ⏳ 暂无任务，休息60秒...
[邹接口] ⏳ 暂无任务，休息60秒...
[喻发现] ⏳ 暂无任务，休息60秒...
[柏依赖] ⏳ 暂无任务，休息60秒...
[章破军] ⏳ 暂无任务，休息60秒...
[云沙箱] ⏳ 暂无任务，休息60秒...
[苏容器] ⏳ 暂无任务，休息60秒...
[潘外呼] ⏳ 暂无任务，休息60秒...
[倪左辅] ⏳ 暂无任务，休息60秒...
[汤K8s] ⏳ 暂无任务，休息60秒...
[殷用户] ⏳ 暂无任务，休息60秒...
[罗隔离] ⏳ 暂无任务，休息60秒...
[毕配置] ⏳ 暂无任务，休息60秒...
[周右弼] ⏳ 暂无任务，休息60秒...
[乐法律] ⏳ 暂无任务，休息60秒...
[于道德] ⏳ 暂无任务，休息60秒...
[时权限] ⏳ 暂无任务，休息60秒...
[薛贪狼] ⏳ 暂无任务，休息60秒...
[雷ASR] ⏳ 暂无任务，休息60秒...
[贺TTS] ⏳ 暂无任务，休息60秒...
[贡数字人] ⏳ 暂无任务，休息60秒...
[齐辅弼] ⏳ 暂无任务，休息60秒...
[康网关] ⏳ 暂无任务，休息60秒...
[和产品] ⏳ 暂无任务，休息60秒...
[穆文档] ⏳ 暂无任务，休息60秒...
[黄漂移] ⏳ 暂无任务，休息60秒...
[周进化] ⏳ 暂无任务，休息60秒...
[吴模板] ⏳ 暂无任务，休息60秒...
[周禄存] ⏳ 暂无任务，休息60秒...
[郑路由] ⏳ 暂无任务，休息60秒...
[王规划] ⏳ 暂无任务，休息60秒...
[冯优化] ⏳ 暂无任务，休息60秒...
[钱调度] ⏳ 暂无任务，休息60秒...
[陈元灵] ⏳ 暂无任务，休息60秒...
[林对齐] ⏳ 暂无任务，休息60秒...
[朱图谱] ⏳ 暂无任务，休息60秒...
[平心理] ⏳ 暂无任务，休息60秒...
[水版本] ⏳ 暂无任务，休息60秒...
[葛消息] ⏳ 暂无任务，休息60秒...
[皮审计] ⏳ 暂无任务，休息60秒...
[赏界面] ⏳ 暂无任务，休息60秒...
[财SDK] ⏳ 暂无任务，休息60秒...
[蒋巨门] ⏳ 暂无任务，休息60秒...
[沈记忆] ⏳ 暂无任务，休息60秒...
[韩向量] ⏳ 暂无任务，休息60秒...
[杨检索] ⏳ 暂无任务，休息60秒...
[伍廉贞] ⏳ 暂无任务，休息60秒...
[余情绪] ⏳ 暂无任务，休息60秒...
[元人格] ⏳ 暂无任务，休息60秒...
[孟一致] ⏳ 暂无任务，休息60秒...
[谢武功] ⏳ 暂无任务，休息60秒...
[邹接口] ⏳ 暂无任务，休息60秒...
[喻发现] ⏳ 暂无任务，休息60秒...
[柏依赖] ⏳ 暂无任务，休息60秒...
[章破军] ⏳ 暂无任务，休息60秒...
[云沙箱] ⏳ 暂无任务，休息60秒...
[苏容器] ⏳ 暂无任务，休息60秒...
[潘外呼] ⏳ 暂无任务，休息60秒...
[倪左辅] ⏳ 暂无任务，休息60秒...
[汤K8s] ⏳ 暂无任务，休息60秒...
[殷用户] ⏳ 暂无任务，休息60秒...
[罗隔离] ⏳ 暂无任务，休息60秒...
[毕配置] ⏳ 暂无任务，休息60秒...
[周右弼] ⏳ 暂无任务，休息60秒...
[乐法律] ⏳ 暂无任务，休息60秒...
[于道德] ⏳ 暂无任务，休息60秒...
[时权限] ⏳ 暂无任务，休息60秒...
[薛贪狼] ⏳ 暂无任务，休息60秒...
[雷ASR] ⏳ 暂无任务，休息60秒...
[贺TTS] ⏳ 暂无任务，休息60秒...
[贡数字人] ⏳ 暂无任务，休息60秒...
[齐辅弼] ⏳ 暂无任务，休息60秒...
[康网关] ⏳ 暂无任务，休息60秒...
[和产品] ⏳ 暂无任务，休息60秒...
[穆文档] ⏳ 暂无任务，休息60秒...
[黄漂移] ⏳ 暂无任务，休息60秒...
[周进化] ⏳ 暂无任务，休息60秒...
[吴模板] ⏳ 暂无任务，休息60秒...
[周禄存] ⏳ 暂无任务，休息60秒...
[郑路由] ⏳ 暂无任务，休息60秒...
[王规划] ⏳ 暂无任务，休息60秒...
[冯优化] ⏳ 暂无任务，休息60秒...
[钱调度] ⏳ 暂无任务，休息60秒...
[陈元灵] ⏳ 暂无任务，休息60秒...
[林对齐] ⏳ 暂无任务，休息60秒...
[朱图谱] ⏳ 暂无任务，休息60秒...
[平心理] ⏳ 暂无任务，休息60秒...
[水版本] ⏳ 暂无任务，休息60秒...
[葛消息] ⏳ 暂无任务，休息60秒...
[皮审计] ⏳ 暂无任务，休息60秒...
[赏界面] ⏳ 暂无任务，休息60秒...
[财SDK] ⏳ 暂无任务，休息60秒...
[蒋巨门] ⏳ 暂无任务，休息60秒...
[沈记忆] ⏳ 暂无任务，休息60秒...
[韩向量] ⏳ 暂无任务，休息60秒...
[杨检索] ⏳ 暂无任务，休息60秒...
[伍廉贞] ⏳ 暂无任务，休息60秒...
[余情绪] ⏳ 暂无任务，休息60秒...
[元人格] ⏳ 暂无任务，休息60秒...
[孟一致] ⏳ 暂无任务，休息60秒...
[谢武功] ⏳ 暂无任务，休息60秒...
[邹接口] ⏳ 暂无任务，休息60秒...
[喻发现] ⏳ 暂无任务，休息60秒...
[柏依赖] ⏳ 暂无任务，休息60秒...
[章破军] ⏳ 暂无任务，休息60秒...
[云沙箱] ⏳ 暂无任务，休息60秒...
[苏容器] ⏳ 暂无任务，休息60秒...
[潘外呼] ⏳ 暂无任务，休息60秒...
[倪左辅] ⏳ 暂无任务，休息60秒...
[汤K8s] ⏳ 暂无任务，休息60秒...
[殷用户] ⏳ 暂无任务，休息60秒...
[罗隔离] ⏳ 暂无任务，休息60秒...
[毕配置] ⏳ 暂无任务，休息60秒...
[周右弼] ⏳ 暂无任务，休息60秒...
[乐法律] ⏳ 暂无任务，休息60秒...
[于道德] ⏳ 暂无任务，休息60秒...
[时权限] ⏳ 暂无任务，休息60秒...
[薛贪狼] ⏳ 暂无任务，休息60秒...
[雷ASR] ⏳ 暂无任务，休息60秒...
[贺TTS] ⏳ 暂无任务，休息60秒...
[贡数字人] ⏳ 暂无任务，休息60秒...
[齐辅弼] ⏳ 暂无任务，休息60秒...
[康网关] ⏳ 暂无任务，休息60秒...
[和产品] ⏳ 暂无任务，休息60秒...
[穆文档] ⏳ 暂无任务，休息60秒...
[黄漂移] ⏳ 暂无任务，休息60秒...
[周进化] ⏳ 暂无任务，休息60秒...
[吴模板] ⏳ 暂无任务，休息60秒...
[周禄存] ⏳ 暂无任务，休息60秒...
[郑路由] ⏳ 暂无任务，休息60秒...
[王规划] ⏳ 暂无任务，休息60秒...
[冯优化] ⏳ 暂无任务，休息60秒...
[钱调度] ⏳ 暂无任务，休息60秒...
[陈元灵] ⏳ 暂无任务，休息60秒...
[林对齐] ⏳ 暂无任务，休息60秒...
[朱图谱] ⏳ 暂无任务，休息60秒...
[平心理] ⏳ 暂无任务，休息60秒...
[水版本] ⏳ 暂无任务，休息60秒...
[葛消息] ⏳ 暂无任务，休息60秒...
[皮审计] ⏳ 暂无任务，休息60秒...
[赏界面] ⏳ 暂无任务，休息60秒...
[财SDK] ⏳ 暂无任务，休息60秒...
[蒋巨门] ⏳ 暂无任务，休息60秒...
[沈记忆] ⏳ 暂无任务，休息60秒...
[韩向量] ⏳ 暂无任务，休息60秒...
[杨检索] ⏳ 暂无任务，休息60秒...
[伍廉贞] ⏳ 暂无任务，休息60秒...
[余情绪] ⏳ 暂无任务，休息60秒...
[元人格] ⏳ 暂无任务，休息60秒...
[孟一致] ⏳ 暂无任务，休息60秒...
[谢武功] ⏳ 暂无任务，休息60秒...
[邹接口] ⏳ 暂无任务，休息60秒...
[喻发现] ⏳ 暂无任务，休息60秒...
[柏依赖] ⏳ 暂无任务，休息60秒...
[章破军] ⏳ 暂无任务，休息60秒...
[云沙箱] ⏳ 暂无任务，休息60秒...
[苏容器] ⏳ 暂无任务，休息60秒...
[潘外呼] ⏳ 暂无任务，休息60秒...
[倪左辅] ⏳ 暂无任务，休息60秒...
[汤K8s] ⏳ 暂无任务，休息60秒...
[殷用户] ⏳ 暂无任务，休息60秒...
[罗隔离] ⏳ 暂无任务，休息60秒...
[毕配置] ⏳ 暂无任务，休息60秒...
[周右弼] ⏳ 暂无任务，休息60秒...
[乐法律] ⏳ 暂无任务，休息60秒...
[于道德] ⏳ 暂无任务，休息60秒...
[时权限] ⏳ 暂无任务，休息60秒...
[薛贪狼] ⏳ 暂无任务，休息60秒...
[雷ASR] ⏳ 暂无任务，休息60秒...
[贺TTS] ⏳ 暂无任务，休息60秒...
[贡数字人] ⏳ 暂无任务，休息60秒...
[齐辅弼] ⏳ 暂无任务，休息60秒...
[康网关] ⏳ 暂无任务，休息60秒...
[和产品] ⏳ 暂无任务，休息60秒...
[穆文档] ⏳ 暂无任务，休息60秒...
[黄漂移] ⏳ 暂无任务，休息60秒...
[周进化] ⏳ 暂无任务，休息60秒...
[吴模板] ⏳ 暂无任务，休息60秒...
[周禄存] ⏳ 暂无任务，休息60秒...
[郑路由] ⏳ 暂无任务，休息60秒...
[王规划] ⏳ 暂无任务，休息60秒...
[冯优化] ⏳ 暂无任务，休息60秒...
[钱调度] ⏳ 暂无任务，休息60秒...
[陈元灵] ⏳ 暂无任务，休息60秒...
[林对齐] ⏳ 暂无任务，休息60秒...
[朱图谱] ⏳ 暂无任务，休息60秒...
[平心理] ⏳ 暂无任务，休息60秒...
[水版本] ⏳ 暂无任务，休息60秒...
[葛消息] ⏳ 暂无任务，休息60秒...
[皮审计] ⏳ 暂无任务，休息60秒...
[赏界面] ⏳ 暂无任务，休息60秒...
[财SDK] ⏳ 暂无任务，休息60秒...
[蒋巨门] ⏳ 暂无任务，休息60秒...
[沈记忆] ⏳ 暂无任务，休息60秒...
[韩向量] ⏳ 暂无任务，休息60秒...
[杨检索] ⏳ 暂无任务，休息60秒...
[伍廉贞] ⏳ 暂无任务，休息60秒...
[余情绪] ⏳ 暂无任务，休息60秒...
[元人格] ⏳ 暂无任务，休息60秒...
[孟一致] ⏳ 暂无任务，休息60秒...
[谢武功] ⏳ 暂无任务，休息60秒...
[邹接口] ⏳ 暂无任务，休息60秒...
[喻发现] ⏳ 暂无任务，休息60秒...
[柏依赖] ⏳ 暂无任务，休息60秒...
[章破军] ⏳ 暂无任务，休息60秒...
[云沙箱] ⏳ 暂无任务，休息60秒...
[苏容器] ⏳ 暂无任务，休息60秒...
[潘外呼] ⏳ 暂无任务，休息60秒...
[倪左辅] ⏳ 暂无任务，休息60秒...
[汤K8s] ⏳ 暂无任务，休息60秒...
[殷用户] ⏳ 暂无任务，休息60秒...
[罗隔离] ⏳ 暂无任务，休息60秒...
[毕配置] ⏳ 暂无任务，休息60秒...
[周右弼] ⏳ 暂无任务，休息60秒...
[乐法律] ⏳ 暂无任务，休息60秒...
[于道德] ⏳ 暂无任务，休息60秒...
[时权限] ⏳ 暂无任务，休息60秒...
[薛贪狼] ⏳ 暂无任务，休息60秒...
[雷ASR] ⏳ 暂无任务，休息60秒...
[贺TTS] ⏳ 暂无任务，休息60秒...
[贡数字人] ⏳ 暂无任务，休息60秒...
[齐辅弼] ⏳ 暂无任务，休息60秒...
[康网关] ⏳ 暂无任务，休息60秒...
[和产品] ⏳ 暂无任务，休息60秒...
[穆文档] ⏳ 暂无任务，休息60秒...
[黄漂移] ⏳ 暂无任务，休息60秒...
[周进化] ⏳ 暂无任务，休息60秒...
[吴模板] ⏳ 暂无任务，休息60秒...
[周禄存] ⏳ 暂无任务，休息60秒...
[郑路由] ⏳ 暂无任务，休息60秒...
[王规划] ⏳ 暂无任务，休息60秒...
[冯优化] ⏳ 暂无任务，休息60秒...
[钱调度] ⏳ 暂无任务，休息60秒...
[陈元灵] ⏳ 暂无任务，休息60秒...
[林对齐] ⏳ 暂无任务，休息60秒...
[朱图谱] ⏳ 暂无任务，休息60秒...
[平心理] ⏳ 暂无任务，休息60秒...
[水版本] ⏳ 暂无任务，休息60秒...
[葛消息] ⏳ 暂无任务，休息60秒...
[皮审计] ⏳ 暂无任务，休息60秒...
[赏界面] ⏳ 暂无任务，休息60秒...
[财SDK] ⏳ 暂无任务，休息60秒...
[蒋巨门] ⏳ 暂无任务，休息60秒...
[沈记忆] ⏳ 暂无任务，休息60秒...
[韩向量] ⏳ 暂无任务，休息60秒...
[杨检索] ⏳ 暂无任务，休息60秒...
[伍廉贞] ⏳ 暂无任务，休息60秒...
[余情绪] ⏳ 暂无任务，休息60秒...
[元人格] ⏳ 暂无任务，休息60秒...
[孟一致] ⏳ 暂无任务，休息60秒...
[谢武功] ⏳ 暂无任务，休息60秒...
[邹接口] ⏳ 暂无任务，休息60秒...
[喻发现] ⏳ 暂无任务，休息60秒...
[柏依赖] ⏳ 暂无任务，休息60秒...
[章破军] ⏳ 暂无任务，休息60秒...
[云沙箱] ⏳ 暂无任务，休息60秒...
[苏容器] ⏳ 暂无任务，休息60秒...
[潘外呼] ⏳ 暂无任务，休息60秒...
[倪左辅] ⏳ 暂无任务，休息60秒...
[汤K8s] ⏳ 暂无任务，休息60秒...
[殷用户] ⏳ 暂无任务，休息60秒...
[罗隔离] ⏳ 暂无任务，休息60秒...
[毕配置] ⏳ 暂无任务，休息60秒...
[周右弼] ⏳ 暂无任务，休息60秒...
[乐法律] ⏳ 暂无任务，休息60秒...
[于道德] ⏳ 暂无任务，休息60秒...
[时权限] ⏳ 暂无任务，休息60秒...
[薛贪狼] ⏳ 暂无任务，休息60秒...
[雷ASR] ⏳ 暂无任务，休息60秒...
[贺TTS] ⏳ 暂无任务，休息60秒...
[贡数字人] ⏳ 暂无任务，休息60秒...
[齐辅弼] ⏳ 暂无任务，休息60秒...
[康网关] ⏳ 暂无任务，休息60秒...
[和产品] ⏳ 暂无任务，休息60秒...
[穆文档] ⏳ 暂无任务，休息60秒...
[黄漂移] ⏳ 暂无任务，休息60秒...
[周进化] ⏳ 暂无任务，休息60秒...
[吴模板] ⏳ 暂无任务，休息60秒...
[周禄存] ⏳ 暂无任务，休息60秒...
[郑路由] ⏳ 暂无任务，休息60秒...
[王规划] ⏳ 暂无任务，休息60秒...
[冯优化] ⏳ 暂无任务，休息60秒...
[钱调度] ⏳ 暂无任务，休息60秒...
[陈元灵] ⏳ 暂无任务，休息60秒...
[林对齐] ⏳ 暂无任务，休息60秒...
[朱图谱] ⏳ 暂无任务，休息60秒...
[平心理] ⏳ 暂无任务，休息60秒...
[水版本] ⏳ 暂无任务，休息60秒...
[葛消息] ⏳ 暂无任务，休息60秒...
[皮审计] ⏳ 暂无任务，休息60秒...
[赏界面] ⏳ 暂无任务，休息60秒...
[财SDK] ⏳ 暂无任务，休息60秒...
[蒋巨门] ⏳ 暂无任务，休息60秒...
[沈记忆] ⏳ 暂无任务，休息60秒...
[韩向量] ⏳ 暂无任务，休息60秒...
[杨检索] ⏳ 暂无任务，休息60秒...
[伍廉贞] ⏳ 暂无任务，休息60秒...
[余情绪] ⏳ 暂无任务，休息60秒...
[元人格] ⏳ 暂无任务，休息60秒...
[孟一致] ⏳ 暂无任务，休息60秒...
[谢武功] ⏳ 暂无任务，休息60秒...
[邹接口] ⏳ 暂无任务，休息60秒...
[喻发现] ⏳ 暂无任务，休息60秒...
[柏依赖] ⏳ 暂无任务，休息60秒...
[章破军] ⏳ 暂无任务，休息60秒...
[云沙箱] ⏳ 暂无任务，休息60秒...
[苏容器] ⏳ 暂无任务，休息60秒...
[潘外呼] ⏳ 暂无任务，休息60秒...
[倪左辅] ⏳ 暂无任务，休息60秒...
[汤K8s] ⏳ 暂无任务，休息60秒...
[殷用户] ⏳ 暂无任务，休息60秒...
[罗隔离] ⏳ 暂无任务，休息60秒...
[毕配置] ⏳ 暂无任务，休息60秒...
[周右弼] ⏳ 暂无任务，休息60秒...
[乐法律] ⏳ 暂无任务，休息60秒...
[于道德] ⏳ 暂无任务，休息60秒...
[时权限] ⏳ 暂无任务，休息60秒...
[薛贪狼] ⏳ 暂无任务，休息60秒...
[雷ASR] ⏳ 暂无任务，休息60秒...
[贺TTS] ⏳ 暂无任务，休息60秒...
[贡数字人] ⏳ 暂无任务，休息60秒...
[齐辅弼] ⏳ 暂无任务，休息60秒...
[康网关] ⏳ 暂无任务，休息60秒...
[和产品] ⏳ 暂无任务，休息60秒...
[穆文档] ⏳ 暂无任务，休息60秒...
[黄漂移] ⏳ 暂无任务，休息60秒...
[周进化] ⏳ 暂无任务，休息60秒...
[吴模板] ⏳ 暂无任务，休息60秒...
[周禄存] ⏳ 暂无任务，休息60秒...
[郑路由] ⏳ 暂无任务，休息60秒...
[王规划] ⏳ 暂无任务，休息60秒...
[冯优化] ⏳ 暂无任务，休息60秒...
[钱调度] ⏳ 暂无任务，休息60秒...
[陈元灵] ⏳ 暂无任务，休息60秒...
[林对齐] ⏳ 暂无任务，休息60秒...
[朱图谱] ⏳ 暂无任务，休息60秒...
[平心理] ⏳ 暂无任务，休息60秒...
[水版本] ⏳ 暂无任务，休息60秒...
[葛消息] ⏳ 暂无任务，休息60秒...
[皮审计] ⏳ 暂无任务，休息60秒...
[赏界面] ⏳ 暂无任务，休息60秒...
[财SDK] ⏳ 暂无任务，休息60秒...
[蒋巨门] ⏳ 暂无任务，休息60秒...
[沈记忆] ⏳ 暂无任务，休息60秒...
[韩向量] ⏳ 暂无任务，休息60秒...
[杨检索] ⏳ 暂无任务，休息60秒...
[伍廉贞] ⏳ 暂无任务，休息60秒...
[余情绪] ⏳ 暂无任务，休息60秒...
[元人格] ⏳ 暂无任务，休息60秒...
[孟一致] ⏳ 暂无任务，休息60秒...
[谢武功] ⏳ 暂无任务，休息60秒...
[邹接口] ⏳ 暂无任务，休息60秒...
[喻发现] ⏳ 暂无任务，休息60秒...
[柏依赖] ⏳ 暂无任务，休息60秒...
[章破军] ⏳ 暂无任务，休息60秒...
[云沙箱] ⏳ 暂无任务，休息60秒...
[苏容器] ⏳ 暂无任务，休息60秒...
[潘外呼] ⏳ 暂无任务，休息60秒...
[倪左辅] ⏳ 暂无任务，休息60秒...
[汤K8s] ⏳ 暂无任务，休息60秒...
[殷用户] ⏳ 暂无任务，休息60秒...
[罗隔离] ⏳ 暂无任务，休息60秒...
[毕配置] ⏳ 暂无任务，休息60秒...
[周右弼] ⏳ 暂无任务，休息60秒...
[乐法律] ⏳ 暂无任务，休息60秒...
[于道德] ⏳ 暂无任务，休息60秒...
[时权限] ⏳ 暂无任务，休息60秒...
[薛贪狼] ⏳ 暂无任务，休息60秒...
[雷ASR] ⏳ 暂无任务，休息60秒...
[贺TTS] ⏳ 暂无任务，休息60秒...
[贡数字人] ⏳ 暂无任务，休息60秒...
[齐辅弼] ⏳ 暂无任务，休息60秒...
[康网关] ⏳ 暂无任务，休息60秒...
[和产品] ⏳ 暂无任务，休息60秒...
[穆文档] ⏳ 暂无任务，休息60秒...
[黄漂移] ⏳ 暂无任务，休息60秒...
[周进化] ⏳ 暂无任务，休息60秒...
[吴模板] ⏳ 暂无任务，休息60秒...
[周禄存] ⏳ 暂无任务，休息60秒...
[郑路由] ⏳ 暂无任务，休息60秒...
[王规划] ⏳ 暂无任务，休息60秒...
[冯优化] ⏳ 暂无任务，休息60秒...
[钱调度] ⏳ 暂无任务，休息60秒...
[陈元灵] ⏳ 暂无任务，休息60秒...
[林对齐] ⏳ 暂无任务，休息60秒...
[朱图谱] ⏳ 暂无任务，休息60秒...
[平心理] ⏳ 暂无任务，休息60秒...
[水版本] ⏳ 暂无任务，休息60秒...
[葛消息] ⏳ 暂无任务，休息60秒...
[皮审计] ⏳ 暂无任务，休息60秒...
[赏界面] ⏳ 暂无任务，休息60秒...
[财SDK] ⏳ 暂无任务，休息60秒...
[蒋巨门] ⏳ 暂无任务，休息60秒...
[沈记忆] ⏳ 暂无任务，休息60秒...
[韩向量] ⏳ 暂无任务，休息60秒...
[杨检索] ⏳ 暂无任务，休息60秒...
[伍廉贞] ⏳ 暂无任务，休息60秒...
[余情绪] ⏳ 暂无任务，休息60秒...
[元人格] ⏳ 暂无任务，休息60秒...
[孟一致] ⏳ 暂无任务，休息60秒...
[谢武功] ⏳ 暂无任务，休息60秒...
[邹接口] ⏳ 暂无任务，休息60秒...
[喻发现] ⏳ 暂无任务，休息60秒...
[柏依赖] ⏳ 暂无任务，休息60秒...
[章破军] ⏳ 暂无任务，休息60秒...
[云沙箱] ⏳ 暂无任务，休息60秒...
[苏容器] ⏳ 暂无任务，休息60秒...
[潘外呼] ⏳ 暂无任务，休息60秒...
[倪左辅] ⏳ 暂无任务，休息60秒...
[汤K8s] ⏳ 暂无任务，休息60秒...
[殷用户] ⏳ 暂无任务，休息60秒...
[罗隔离] ⏳ 暂无任务，休息60秒...
[毕配置] ⏳ 暂无任务，休息60秒...
[周右弼] ⏳ 暂无任务，休息60秒...
[乐法律] ⏳ 暂无任务，休息60秒...
[于道德] ⏳ 暂无任务，休息60秒...
[时权限] ⏳ 暂无任务，休息60秒...
[薛贪狼] ⏳ 暂无任务，休息60秒...
[雷ASR] ⏳ 暂无任务，休息60秒...
[贺TTS] ⏳ 暂无任务，休息60秒...
[贡数字人] ⏳ 暂无任务，休息60秒...
[齐辅弼] ⏳ 暂无任务，休息60秒...
[康网关] ⏳ 暂无任务，休息60秒...
[和产品] ⏳ 暂无任务，休息60秒...
[穆文档] ⏳ 暂无任务，休息60秒...
[黄漂移] ⏳ 暂无任务，休息60秒...
[周进化] ⏳ 暂无任务，休息60秒...
[吴模板] ⏳ 暂无任务，休息60秒...
[周禄存] ⏳ 暂无任务，休息60秒...
[郑路由] ⏳ 暂无任务，休息60秒...
[王规划] ⏳ 暂无任务，休息60秒...
[冯优化] ⏳ 暂无任务，休息60秒...
[钱调度] ⏳ 暂无任务，休息60秒...
[陈元灵] ⏳ 暂无任务，休息60秒...
[林对齐] ⏳ 暂无任务，休息60秒...
[朱图谱] ⏳ 暂无任务，休息60秒...
[平心理] ⏳ 暂无任务，休息60秒...
[水版本] ⏳ 暂无任务，休息60秒...
[葛消息] ⏳ 暂无任务，休息60秒...
[皮审计] ⏳ 暂无任务，休息60秒...
[赏界面] ⏳ 暂无任务，休息60秒...
[财SDK] ⏳ 暂无任务，休息60秒...
[蒋巨门] ⏳ 暂无任务，休息60秒...
[沈记忆] ⏳ 暂无任务，休息60秒...
[韩向量] ⏳ 暂无任务，休息60秒...
[杨检索] ⏳ 暂无任务，休息60秒...
[伍廉贞] ⏳ 暂无任务，休息60秒...
[余情绪] ⏳ 暂无任务，休息60秒...
[元人格] ⏳ 暂无任务，休息60秒...
[孟一致] ⏳ 暂无任务，休息60秒...
[谢武功] ⏳ 暂无任务，休息60秒...
[邹接口] ⏳ 暂无任务，休息60秒...
[喻发现] ⏳ 暂无任务，休息60秒...
[柏依赖] ⏳ 暂无任务，休息60秒...
[章破军] ⏳ 暂无任务，休息60秒...
[云沙箱] ⏳ 暂无任务，休息60秒...
[苏容器] ⏳ 暂无任务，休息60秒...
[潘外呼] ⏳ 暂无任务，休息60秒...
[倪左辅] ⏳ 暂无任务，休息60秒...
[汤K8s] ⏳ 暂无任务，休息60秒...
[殷用户] ⏳ 暂无任务，休息60秒...
[罗隔离] ⏳ 暂无任务，休息60秒...
[毕配置] ⏳ 暂无任务，休息60秒...
[周右弼] ⏳ 暂无任务，休息60秒...
[乐法律] ⏳ 暂无任务，休息60秒...
[于道德] ⏳ 暂无任务，休息60秒...
[时权限] ⏳ 暂无任务，休息60秒...
[薛贪狼] ⏳ 暂无任务，休息60秒...
[雷ASR] ⏳ 暂无任务，休息60秒...
[贺TTS] ⏳ 暂无任务，休息60秒...
[贡数字人] ⏳ 暂无任务，休息60秒...
[齐辅弼] ⏳ 暂无任务，休息60秒...
[康网关] ⏳ 暂无任务，休息60秒...
[和产品] ⏳ 暂无任务，休息60秒...
[穆文档] ⏳ 暂无任务，休息60秒...
[黄漂移] ⏳ 暂无任务，休息60秒...
[周进化] ⏳ 暂无任务，休息60秒...
[吴模板] ⏳ 暂无任务，休息60秒...
[周禄存] ⏳ 暂无任务，休息60秒...
[郑路由] ⏳ 暂无任务，休息60秒...
[王规划] ⏳ 暂无任务，休息60秒...
[冯优化] ⏳ 暂无任务，休息60秒...
[钱调度] ⏳ 暂无任务，休息60秒...
[陈元灵] ⏳ 暂无任务，休息60秒...
[林对齐] ⏳ 暂无任务，休息60秒...
[朱图谱] ⏳ 暂无任务，休息60秒...
[平心理] ⏳ 暂无任务，休息60秒...
[水版本] ⏳ 暂无任务，休息60秒...
[葛消息] ⏳ 暂无任务，休息60秒...
[皮审计] ⏳ 暂无任务，休息60秒...
[赏界面] ⏳ 暂无任务，休息60秒...
[财SDK] ⏳ 暂无任务，休息60秒...
[蒋巨门] ⏳ 暂无任务，休息60秒...
[沈记忆] ⏳ 暂无任务，休息60秒...
[韩向量] ⏳ 暂无任务，休息60秒...
[杨检索] ⏳ 暂无任务，休息60秒...
[伍廉贞] ⏳ 暂无任务，休息60秒...
[余情绪] ⏳ 暂无任务，休息60秒...
[元人格] ⏳ 暂无任务，休息60秒...
[孟一致] ⏳ 暂无任务，休息60秒...
[谢武功] ⏳ 暂无任务，休息60秒...
[邹接口] ⏳ 暂无任务，休息60秒...
[喻发现] ⏳ 暂无任务，休息60秒...
[柏依赖] ⏳ 暂无任务，休息60秒...
[章破军] ⏳ 暂无任务，休息60秒...
[云沙箱] ⏳ 暂无任务，休息60秒...
[苏容器] ⏳ 暂无任务，休息60秒...
[潘外呼] ⏳ 暂无任务，休息60秒...
[倪左辅] ⏳ 暂无任务，休息60秒...
[汤K8s] ⏳ 暂无任务，休息60秒...
[殷用户] ⏳ 暂无任务，休息60秒...
[罗隔离] ⏳ 暂无任务，休息60秒...
[毕配置] ⏳ 暂无任务，休息60秒...
[周右弼] ⏳ 暂无任务，休息60秒...
[乐法律] ⏳ 暂无任务，休息60秒...
[于道德] ⏳ 暂无任务，休息60秒...
[时权限] ⏳ 暂无任务，休息60秒...
[薛贪狼] ⏳ 暂无任务，休息60秒...
[雷ASR] ⏳ 暂无任务，休息60秒...
[贺TTS] ⏳ 暂无任务，休息60秒...
[贡数字人] ⏳ 暂无任务，休息60秒...
[齐辅弼] ⏳ 暂无任务，休息60秒...
[康网关] ⏳ 暂无任务，休息60秒...
[和产品] ⏳ 暂无任务，休息60秒...
[穆文档] ⏳ 暂无任务，休息60秒...
[黄漂移] ⏳ 暂无任务，休息60秒...
[周进化] ⏳ 暂无任务，休息60秒...
[吴模板] ⏳ 暂无任务，休息60秒...
[周禄存] ⏳ 暂无任务，休息60秒...
[郑路由] ⏳ 暂无任务，休息60秒...
[王规划] ⏳ 暂无任务，休息60秒...
[冯优化] ⏳ 暂无任务，休息60秒...
[钱调度] ⏳ 暂无任务，休息60秒...
[陈元灵] ⏳ 暂无任务，休息60秒...
[林对齐] ⏳ 暂无任务，休息60秒...
[朱图谱] ⏳ 暂无任务，休息60秒...
[平心理] ⏳ 暂无任务，休息60秒...
[水版本] ⏳ 暂无任务，休息60秒...
[葛消息] ⏳ 暂无任务，休息60秒...
[皮审计] ⏳ 暂无任务，休息60秒...
[赏界面] ⏳ 暂无任务，休息60秒...
[财SDK] ⏳ 暂无任务，休息60秒...
[蒋巨门] ⏳ 暂无任务，休息60秒...
[沈记忆] ⏳ 暂无任务，休息60秒...
[韩向量] ⏳ 暂无任务，休息60秒...
[杨检索] ⏳ 暂无任务，休息60秒...
[伍廉贞] ⏳ 暂无任务，休息60秒...
[余情绪] ⏳ 暂无任务，休息60秒...
[元人格] ⏳ 暂无任务，休息60秒...
[孟一致] ⏳ 暂无任务，休息60秒...
[谢武功] ⏳ 暂无任务，休息60秒...
[邹接口] ⏳ 暂无任务，休息60秒...
[喻发现] ⏳ 暂无任务，休息60秒...
[柏依赖] ⏳ 暂无任务，休息60秒...
[章破军] ⏳ 暂无任务，休息60秒...
[云沙箱] ⏳ 暂无任务，休息60秒...
[苏容器] ⏳ 暂无任务，休息60秒...
[潘外呼] ⏳ 暂无任务，休息60秒...
[倪左辅] ⏳ 暂无任务，休息60秒...
[汤K8s] ⏳ 暂无任务，休息60秒...
[殷用户] ⏳ 暂无任务，休息60秒...
[罗隔离] ⏳ 暂无任务，休息60秒...
[毕配置] ⏳ 暂无任务，休息60秒...
[周右弼] ⏳ 暂无任务，休息60秒...
[乐法律] ⏳ 暂无任务，休息60秒...
[于道德] ⏳ 暂无任务，休息60秒...
[时权限] ⏳ 暂无任务，休息60秒...
[薛贪狼] ⏳ 暂无任务，休息60秒...
[雷ASR] ⏳ 暂无任务，休息60秒...
[贺TTS] ⏳ 暂无任务，休息60秒...
[贡数字人] ⏳ 暂无任务，休息60秒...
[齐辅弼] ⏳ 暂无任务，休息60秒...
[康网关] ⏳ 暂无任务，休息60秒...
[和产品] ⏳ 暂无任务，休息60秒...
[穆文档] ⏳ 暂无任务，休息60秒...
[黄漂移] ⏳ 暂无任务，休息60秒...
[周进化] ⏳ 暂无任务，休息60秒...
[吴模板] ⏳ 暂无任务，休息60秒...
[周禄存] ⏳ 暂无任务，休息60秒...
[郑路由] ⏳ 暂无任务，休息60秒...
[王规划] ⏳ 暂无任务，休息60秒...
[冯优化] ⏳ 暂无任务，休息60秒...
[钱调度] ⏳ 暂无任务，休息60秒...
[陈元灵] ⏳ 暂无任务，休息60秒...
[林对齐] ⏳ 暂无任务，休息60秒...
[朱图谱] ⏳ 暂无任务，休息60秒...
[平心理] ⏳ 暂无任务，休息60秒...
[水版本] ⏳ 暂无任务，休息60秒...
[葛消息] ⏳ 暂无任务，休息60秒...
[皮审计] ⏳ 暂无任务，休息60秒...
[赏界面] ⏳ 暂无任务，休息60秒...
[财SDK] ⏳ 暂无任务，休息60秒...
[蒋巨门] ⏳ 暂无任务，休息60秒...
[沈记忆] ⏳ 暂无任务，休息60秒...
[韩向量] ⏳ 暂无任务，休息60秒...
[杨检索] ⏳ 暂无任务，休息60秒...
[伍廉贞] ⏳ 暂无任务，休息60秒...
[余情绪] ⏳ 暂无任务，休息60秒...
[元人格] ⏳ 暂无任务，休息60秒...
[孟一致] ⏳ 暂无任务，休息60秒...
[谢武功] ⏳ 暂无任务，休息60秒...
[邹接口] ⏳ 暂无任务，休息60秒...
[喻发现] ⏳ 暂无任务，休息60秒...
[柏依赖] ⏳ 暂无任务，休息60秒...
[章破军] ⏳ 暂无任务，休息60秒...
[云沙箱] ⏳ 暂无任务，休息60秒...
[苏容器] ⏳ 暂无任务，休息60秒...
[潘外呼] ⏳ 暂无任务，休息60秒...
[倪左辅] ⏳ 暂无任务，休息60秒...
[汤K8s] ⏳ 暂无任务，休息60秒...
[殷用户] ⏳ 暂无任务，休息60秒...
[罗隔离] ⏳ 暂无任务，休息60秒...
[毕配置] ⏳ 暂无任务，休息60秒...
[周右弼] ⏳ 暂无任务，休息60秒...
[乐法律] ⏳ 暂无任务，休息60秒...
[于道德] ⏳ 暂无任务，休息60秒...
[时权限] ⏳ 暂无任务，休息60秒...
[薛贪狼] ⏳ 暂无任务，休息60秒...
[雷ASR] ⏳ 暂无任务，休息60秒...
[贺TTS] ⏳ 暂无任务，休息60秒...
[贡数字人] ⏳ 暂无任务，休息60秒...
[齐辅弼] ⏳ 暂无任务，休息60秒...
[康网关] ⏳ 暂无任务，休息60秒...
[和产品] ⏳ 暂无任务，休息60秒...
[穆文档] ⏳ 暂无任务，休息60秒...
[黄漂移] ⏳ 暂无任务，休息60秒...
[周进化] ⏳ 暂无任务，休息60秒...
[吴模板] ⏳ 暂无任务，休息60秒...
[周禄存] ⏳ 暂无任务，休息60秒...
[郑路由] ⏳ 暂无任务，休息60秒...
[王规划] ⏳ 暂无任务，休息60秒...
[冯优化] ⏳ 暂无任务，休息60秒...
[钱调度] ⏳ 暂无任务，休息60秒...
[陈元灵] ⏳ 暂无任务，休息60秒...
[林对齐] ⏳ 暂无任务，休息60秒...
[朱图谱] ⏳ 暂无任务，休息60秒...
[平心理] ⏳ 暂无任务，休息60秒...
[水版本] ⏳ 暂无任务，休息60秒...
[葛消息] ⏳ 暂无任务，休息60秒...
[皮审计] ⏳ 暂无任务，休息60秒...
[赏界面] ⏳ 暂无任务，休息60秒...
[财SDK] ⏳ 暂无任务，休息60秒...
[蒋巨门] ⏳ 暂无任务，休息60秒...
[沈记忆] ⏳ 暂无任务，休息60秒...
[韩向量] ⏳ 暂无任务，休息60秒...
[杨检索] ⏳ 暂无任务，休息60秒...
[伍廉贞] ⏳ 暂无任务，休息60秒...
[余情绪] ⏳ 暂无任务，休息60秒...
[元人格] ⏳ 暂无任务，休息60秒...
[孟一致] ⏳ 暂无任务，休息60秒...
[谢武功] ⏳ 暂无任务，休息60秒...
[邹接口] ⏳ 暂无任务，休息60秒...
[喻发现] ⏳ 暂无任务，休息60秒...
[柏依赖] ⏳ 暂无任务，休息60秒...
[章破军] ⏳ 暂无任务，休息60秒...
[云沙箱] ⏳ 暂无任务，休息60秒...
[苏容器] ⏳ 暂无任务，休息60秒...
[潘外呼] ⏳ 暂无任务，休息60秒...
[倪左辅] ⏳ 暂无任务，休息60秒...
[汤K8s] ⏳ 暂无任务，休息60秒...
[殷用户] ⏳ 暂无任务，休息60秒...
[罗隔离] ⏳ 暂无任务，休息60秒...
[毕配置] ⏳ 暂无任务，休息60秒...
[周右弼] ⏳ 暂无任务，休息60秒...
[乐法律] ⏳ 暂无任务，休息60秒...
[于道德] ⏳ 暂无任务，休息60秒...
[时权限] ⏳ 暂无任务，休息60秒...
[薛贪狼] ⏳ 暂无任务，休息60秒...
[雷ASR] ⏳ 暂无任务，休息60秒...
[贺TTS] ⏳ 暂无任务，休息60秒...
[贡数字人] ⏳ 暂无任务，休息60秒...
[齐辅弼] ⏳ 暂无任务，休息60秒...
[康网关] ⏳ 暂无任务，休息60秒...
[和产品] ⏳ 暂无任务，休息60秒...
[穆文档] ⏳ 暂无任务，休息60秒...
[黄漂移] ⏳ 暂无任务，休息60秒...
[周进化] ⏳ 暂无任务，休息60秒...
[吴模板] ⏳ 暂无任务，休息60秒...
[周禄存] ⏳ 暂无任务，休息60秒...
[郑路由] ⏳ 暂无任务，休息60秒...
[王规划] ⏳ 暂无任务，休息60秒...
[冯优化] ⏳ 暂无任务，休息60秒...
[钱调度] ⏳ 暂无任务，休息60秒...
[陈元灵] ⏳ 暂无任务，休息60秒...
[林对齐] ⏳ 暂无任务，休息60秒...
[朱图谱] ⏳ 暂无任务，休息60秒...
[平心理] ⏳ 暂无任务，休息60秒...
[水版本] ⏳ 暂无任务，休息60秒...
[葛消息] ⏳ 暂无任务，休息60秒...
[皮审计] ⏳ 暂无任务，休息60秒...
[赏界面] ⏳ 暂无任务，休息60秒...
[财SDK] ⏳ 暂无任务，休息60秒...
[蒋巨门] ⏳ 暂无任务，休息60秒...
[沈记忆] ⏳ 暂无任务，休息60秒...
[韩向量] ⏳ 暂无任务，休息60秒...
[杨检索] ⏳ 暂无任务，休息60秒...
[伍廉贞] ⏳ 暂无任务，休息60秒...
[余情绪] ⏳ 暂无任务，休息60秒...
[元人格] ⏳ 暂无任务，休息60秒...
[孟一致] ⏳ 暂无任务，休息60秒...
[谢武功] ⏳ 暂无任务，休息60秒...
[邹接口] ⏳ 暂无任务，休息60秒...
[喻发现] ⏳ 暂无任务，休息60秒...
[柏依赖] ⏳ 暂无任务，休息60秒...
[章破军] ⏳ 暂无任务，休息60秒...
[云沙箱] ⏳ 暂无任务，休息60秒...
[苏容器] ⏳ 暂无任务，休息60秒...
[潘外呼] ⏳ 暂无任务，休息60秒...
[倪左辅] ⏳ 暂无任务，休息60秒...
[汤K8s] ⏳ 暂无任务，休息60秒...
[殷用户] ⏳ 暂无任务，休息60秒...
[罗隔离] ⏳ 暂无任务，休息60秒...
[毕配置] ⏳ 暂无任务，休息60秒...
[周右弼] ⏳ 暂无任务，休息60秒...
[乐法律] ⏳ 暂无任务，休息60秒...
[于道德] ⏳ 暂无任务，休息60秒...
[时权限] ⏳ 暂无任务，休息60秒...
[薛贪狼] ⏳ 暂无任务，休息60秒...
[雷ASR] ⏳ 暂无任务，休息60秒...
[贺TTS] ⏳ 暂无任务，休息60秒...
[贡数字人] ⏳ 暂无任务，休息60秒...
[齐辅弼] ⏳ 暂无任务，休息60秒...
[康网关] ⏳ 暂无任务，休息60秒...
[和产品] ⏳ 暂无任务，休息60秒...
[穆文档] ⏳ 暂无任务，休息60秒...
[黄漂移] ⏳ 暂无任务，休息60秒...
[周进化] ⏳ 暂无任务，休息60秒...
[吴模板] ⏳ 暂无任务，休息60秒...
[周禄存] ⏳ 暂无任务，休息60秒...
[郑路由] ⏳ 暂无任务，休息60秒...
[王规划] ⏳ 暂无任务，休息60秒...
[冯优化] ⏳ 暂无任务，休息60秒...
[钱调度] ⏳ 暂无任务，休息60秒...
[陈元灵] ⏳ 暂无任务，休息60秒...
[林对齐] ⏳ 暂无任务，休息60秒...
[朱图谱] ⏳ 暂无任务，休息60秒...
[平心理] ⏳ 暂无任务，休息60秒...
[水版本] ⏳ 暂无任务，休息60秒...
[葛消息] ⏳ 暂无任务，休息60秒...
[皮审计] ⏳ 暂无任务，休息60秒...
[赏界面] ⏳ 暂无任务，休息60秒...
[财SDK] ⏳ 暂无任务，休息60秒...
[蒋巨门] ⏳ 暂无任务，休息60秒...
[沈记忆] ⏳ 暂无任务，休息60秒...
[韩向量] ⏳ 暂无任务，休息60秒...
[杨检索] ⏳ 暂无任务，休息60秒...
[伍廉贞] ⏳ 暂无任务，休息60秒...
[余情绪] ⏳ 暂无任务，休息60秒...
[元人格] ⏳ 暂无任务，休息60秒...
[孟一致] ⏳ 暂无任务，休息60秒...
[谢武功] ⏳ 暂无任务，休息60秒...
[邹接口] ⏳ 暂无任务，休息60秒...
[喻发现] ⏳ 暂无任务，休息60秒...
[柏依赖] ⏳ 暂无任务，休息60秒...
[章破军] ⏳ 暂无任务，休息60秒...
[云沙箱] ⏳ 暂无任务，休息60秒...
[苏容器] ⏳ 暂无任务，休息60秒...
[潘外呼] ⏳ 暂无任务，休息60秒...
[倪左辅] ⏳ 暂无任务，休息60秒...
[汤K8s] ⏳ 暂无任务，休息60秒...
[殷用户] ⏳ 暂无任务，休息60秒...
[罗隔离] ⏳ 暂无任务，休息60秒...
[毕配置] ⏳ 暂无任务，休息60秒...
[周右弼] ⏳ 暂无任务，休息60秒...
[乐法律] ⏳ 暂无任务，休息60秒...
[于道德] ⏳ 暂无任务，休息60秒...
[时权限] ⏳ 暂无任务，休息60秒...
[薛贪狼] ⏳ 暂无任务，休息60秒...
[雷ASR] ⏳ 暂无任务，休息60秒...
[贺TTS] ⏳ 暂无任务，休息60秒...
[贡数字人] ⏳ 暂无任务，休息60秒...
[齐辅弼] ⏳ 暂无任务，休息60秒...
[康网关] ⏳ 暂无任务，休息60秒...
[和产品] ⏳ 暂无任务，休息60秒...
[穆文档] ⏳ 暂无任务，休息60秒...
[黄漂移] ⏳ 暂无任务，休息60秒...
[周进化] ⏳ 暂无任务，休息60秒...
[吴模板] ⏳ 暂无任务，休息60秒...
[周禄存] ⏳ 暂无任务，休息60秒...
[郑路由] ⏳ 暂无任务，休息60秒...
[王规划] ⏳ 暂无任务，休息60秒...
[冯优化] ⏳ 暂无任务，休息60秒...
[钱调度] ⏳ 暂无任务，休息60秒...
[陈元灵] ⏳ 暂无任务，休息60秒...
[林对齐] ⏳ 暂无任务，休息60秒...
[朱图谱] ⏳ 暂无任务，休息60秒...
[平心理] ⏳ 暂无任务，休息60秒...
[水版本] ⏳ 暂无任务，休息60秒...
[葛消息] ⏳ 暂无任务，休息60秒...
[皮审计] ⏳ 暂无任务，休息60秒...
[赏界面] ⏳ 暂无任务，休息60秒...
[财SDK] ⏳ 暂无任务，休息60秒...
[蒋巨门] ⏳ 暂无任务，休息60秒...
[沈记忆] ⏳ 暂无任务，休息60秒...
[韩向量] ⏳ 暂无任务，休息60秒...
[杨检索] ⏳ 暂无任务，休息60秒...
[伍廉贞] ⏳ 暂无任务，休息60秒...
[余情绪] ⏳ 暂无任务，休息60秒...
[元人格] ⏳ 暂无任务，休息60秒...
[孟一致] ⏳ 暂无任务，休息60秒...
[谢武功] ⏳ 暂无任务，休息60秒...
[邹接口] ⏳ 暂无任务，休息60秒...
[喻发现] ⏳ 暂无任务，休息60秒...
[柏依赖] ⏳ 暂无任务，休息60秒...
[章破军] ⏳ 暂无任务，休息60秒...
[云沙箱] ⏳ 暂无任务，休息60秒...
[苏容器] ⏳ 暂无任务，休息60秒...
[潘外呼] ⏳ 暂无任务，休息60秒...
[倪左辅] ⏳ 暂无任务，休息60秒...
[汤K8s] ⏳ 暂无任务，休息60秒...
[殷用户] ⏳ 暂无任务，休息60秒...
[罗隔离] ⏳ 暂无任务，休息60秒...
[毕配置] ⏳ 暂无任务，休息60秒...
[周右弼] ⏳ 暂无任务，休息60秒...
[乐法律] ⏳ 暂无任务，休息60秒...
[于道德] ⏳ 暂无任务，休息60秒...
[时权限] ⏳ 暂无任务，休息60秒...
[薛贪狼] ⏳ 暂无任务，休息60秒...
[雷ASR] ⏳ 暂无任务，休息60秒...
[贺TTS] ⏳ 暂无任务，休息60秒...
[贡数字人] ⏳ 暂无任务，休息60秒...
[齐辅弼] ⏳ 暂无任务，休息60秒...
[康网关] ⏳ 暂无任务，休息60秒...
[和产品] ⏳ 暂无任务，休息60秒...
[穆文档] ⏳ 暂无任务，休息60秒...
[黄漂移] ⏳ 暂无任务，休息60秒...
[周进化] ⏳ 暂无任务，休息60秒...
[吴模板] ⏳ 暂无任务，休息60秒...
[周禄存] ⏳ 暂无任务，休息60秒...
[郑路由] ⏳ 暂无任务，休息60秒...
[王规划] ⏳ 暂无任务，休息60秒...
[冯优化] ⏳ 暂无任务，休息60秒...
[钱调度] ⏳ 暂无任务，休息60秒...
[陈元灵] ⏳ 暂无任务，休息60秒...
[林对齐] ⏳ 暂无任务，休息60秒...
[朱图谱] ⏳ 暂无任务，休息60秒...
[平心理] ⏳ 暂无任务，休息60秒...
[水版本] ⏳ 暂无任务，休息60秒...
[葛消息] ⏳ 暂无任务，休息60秒...
[皮审计] ⏳ 暂无任务，休息60秒...
[赏界面] ⏳ 暂无任务，休息60秒...
[财SDK] ⏳ 暂无任务，休息60秒...
[蒋巨门] ⏳ 暂无任务，休息60秒...
[沈记忆] ⏳ 暂无任务，休息60秒...
[韩向量] ⏳ 暂无任务，休息60秒...
[杨检索] ⏳ 暂无任务，休息60秒...
[伍廉贞] ⏳ 暂无任务，休息60秒...
[余情绪] ⏳ 暂无任务，休息60秒...
[元人格] ⏳ 暂无任务，休息60秒...
[孟一致] ⏳ 暂无任务，休息60秒...
[谢武功] ⏳ 暂无任务，休息60秒...
[邹接口] ⏳ 暂无任务，休息60秒...
[喻发现] ⏳ 暂无任务，休息60秒...
[柏依赖] ⏳ 暂无任务，休息60秒...
[章破军] ⏳ 暂无任务，休息60秒...
[云沙箱] ⏳ 暂无任务，休息60秒...
[苏容器] ⏳ 暂无任务，休息60秒...
[潘外呼] ⏳ 暂无任务，休息60秒...
[倪左辅] ⏳ 暂无任务，休息60秒...
[汤K8s] ⏳ 暂无任务，休息60秒...
[殷用户] ⏳ 暂无任务，休息60秒...
[罗隔离] ⏳ 暂无任务，休息60秒...
[毕配置] ⏳ 暂无任务，休息60秒...
[周右弼] ⏳ 暂无任务，休息60秒...
[乐法律] ⏳ 暂无任务，休息60秒...
[于道德] ⏳ 暂无任务，休息60秒...
[时权限] ⏳ 暂无任务，休息60秒...
[薛贪狼] ⏳ 暂无任务，休息60秒...
[雷ASR] ⏳ 暂无任务，休息60秒...
[贺TTS] ⏳ 暂无任务，休息60秒...
[贡数字人] ⏳ 暂无任务，休息60秒...
[齐辅弼] ⏳ 暂无任务，休息60秒...
[康网关] ⏳ 暂无任务，休息60秒...
[和产品] ⏳ 暂无任务，休息60秒...
[穆文档] ⏳ 暂无任务，休息60秒...
[黄漂移] ⏳ 暂无任务，休息60秒...
[周进化] ⏳ 暂无任务，休息60秒...
[吴模板] ⏳ 暂无任务，休息60秒...
[周禄存] ⏳ 暂无任务，休息60秒...
[郑路由] ⏳ 暂无任务，休息60秒...
[王规划] ⏳ 暂无任务，休息60秒...
[冯优化] ⏳ 暂无任务，休息60秒...
[钱调度] ⏳ 暂无任务，休息60秒...
[陈元灵] ⏳ 暂无任务，休息60秒...
[林对齐] ⏳ 暂无任务，休息60秒...
[朱图谱] ⏳ 暂无任务，休息60秒...
[平心理] ⏳ 暂无任务，休息60秒...
[水版本] ⏳ 暂无任务，休息60秒...
[葛消息] ⏳ 暂无任务，休息60秒...
[皮审计] ⏳ 暂无任务，休息60秒...
[赏界面] ⏳ 暂无任务，休息60秒...
[财SDK] ⏳ 暂无任务，休息60秒...
[蒋巨门] ⏳ 暂无任务，休息60秒...
[沈记忆] ⏳ 暂无任务，休息60秒...
[韩向量] ⏳ 暂无任务，休息60秒...
[杨检索] ⏳ 暂无任务，休息60秒...
[伍廉贞] ⏳ 暂无任务，休息60秒...
[余情绪] ⏳ 暂无任务，休息60秒...
[元人格] ⏳ 暂无任务，休息60秒...
[孟一致] ⏳ 暂无任务，休息60秒...
[谢武功] ⏳ 暂无任务，休息60秒...
[邹接口] ⏳ 暂无任务，休息60秒...
[喻发现] ⏳ 暂无任务，休息60秒...
[柏依赖] ⏳ 暂无任务，休息60秒...
[章破军] ⏳ 暂无任务，休息60秒...
[云沙箱] ⏳ 暂无任务，休息60秒...
[苏容器] ⏳ 暂无任务，休息60秒...
[潘外呼] ⏳ 暂无任务，休息60秒...
[倪左辅] ⏳ 暂无任务，休息60秒...
[汤K8s] ⏳ 暂无任务，休息60秒...
[殷用户] ⏳ 暂无任务，休息60秒...
[罗隔离] ⏳ 暂无任务，休息60秒...
[毕配置] ⏳ 暂无任务，休息60秒...
[周右弼] ⏳ 暂无任务，休息60秒...
[乐法律] ⏳ 暂无任务，休息60秒...
[于道德] ⏳ 暂无任务，休息60秒...
[时权限] ⏳ 暂无任务，休息60秒...
[薛贪狼] ⏳ 暂无任务，休息60秒...
[雷ASR] ⏳ 暂无任务，休息60秒...
[贺TTS] ⏳ 暂无任务，休息60秒...
[贡数字人] ⏳ 暂无任务，休息60秒...
[齐辅弼] ⏳ 暂无任务，休息60秒...
[康网关] ⏳ 暂无任务，休息60秒...
[和产品] ⏳ 暂无任务，休息60秒...
[穆文档] ⏳ 暂无任务，休息60秒...
[黄漂移] ⏳ 暂无任务，休息60秒...
[周进化] ⏳ 暂无任务，休息60秒...
[吴模板] ⏳ 暂无任务，休息60秒...
[周禄存] ⏳ 暂无任务，休息60秒...
[郑路由] ⏳ 暂无任务，休息60秒...
[王规划] ⏳ 暂无任务，休息60秒...
[冯优化] ⏳ 暂无任务，休息60秒...
[钱调度] ⏳ 暂无任务，休息60秒...
[陈元灵] ⏳ 暂无任务，休息60秒...
[林对齐] ⏳ 暂无任务，休息60秒...
[朱图谱] ⏳ 暂无任务，休息60秒...
[平心理] ⏳ 暂无任务，休息60秒...
[水版本] ⏳ 暂无任务，休息60秒...
[葛消息] ⏳ 暂无任务，休息60秒...
[皮审计] ⏳ 暂无任务，休息60秒...
[赏界面] ⏳ 暂无任务，休息60秒...
[财SDK] ⏳ 暂无任务，休息60秒...
[蒋巨门] ⏳ 暂无任务，休息60秒...
[沈记忆] ⏳ 暂无任务，休息60秒...
[韩向量] ⏳ 暂无任务，休息60秒...
[杨检索] ⏳ 暂无任务，休息60秒...
[伍廉贞] ⏳ 暂无任务，休息60秒...
[余情绪] ⏳ 暂无任务，休息60秒...
[元人格] ⏳ 暂无任务，休息60秒...
[孟一致] ⏳ 暂无任务，休息60秒...
[谢武功] ⏳ 暂无任务，休息60秒...
[邹接口] ⏳ 暂无任务，休息60秒...
[喻发现] ⏳ 暂无任务，休息60秒...
[柏依赖] ⏳ 暂无任务，休息60秒...
[章破军] ⏳ 暂无任务，休息60秒...
[云沙箱] ⏳ 暂无任务，休息60秒...
[苏容器] ⏳ 暂无任务，休息60秒...
[潘外呼] ⏳ 暂无任务，休息60秒...
[倪左辅] ⏳ 暂无任务，休息60秒...
[汤K8s] ⏳ 暂无任务，休息60秒...
[殷用户] ⏳ 暂无任务，休息60秒...
[罗隔离] ⏳ 暂无任务，休息60秒...
[毕配置] ⏳ 暂无任务，休息60秒...
[周右弼] ⏳ 暂无任务，休息60秒...
[乐法律] ⏳ 暂无任务，休息60秒...
[于道德] ⏳ 暂无任务，休息60秒...
[时权限] ⏳ 暂无任务，休息60秒...
[薛贪狼] ⏳ 暂无任务，休息60秒...
[雷ASR] ⏳ 暂无任务，休息60秒...
[贺TTS] ⏳ 暂无任务，休息60秒...
[贡数字人] ⏳ 暂无任务，休息60秒...
[齐辅弼] ⏳ 暂无任务，休息60秒...
[康网关] ⏳ 暂无任务，休息60秒...
[和产品] ⏳ 暂无任务，休息60秒...
[穆文档] ⏳ 暂无任务，休息60秒...
[黄漂移] ⏳ 暂无任务，休息60秒...
[周进化] ⏳ 暂无任务，休息60秒...
[吴模板] ⏳ 暂无任务，休息60秒...
[周禄存] ⏳ 暂无任务，休息60秒...
[郑路由] ⏳ 暂无任务，休息60秒...
[王规划] ⏳ 暂无任务，休息60秒...
[冯优化] ⏳ 暂无任务，休息60秒...
[钱调度] ⏳ 暂无任务，休息60秒...
[陈元灵] ⏳ 暂无任务，休息60秒...
[林对齐] ⏳ 暂无任务，休息60秒...
[朱图谱] ⏳ 暂无任务，休息60秒...
[平心理] ⏳ 暂无任务，休息60秒...
[水版本] ⏳ 暂无任务，休息60秒...
[葛消息] ⏳ 暂无任务，休息60秒...
[皮审计] ⏳ 暂无任务，休息60秒...
[赏界面] ⏳ 暂无任务，休息60秒...
[财SDK] ⏳ 暂无任务，休息60秒...
[蒋巨门] ⏳ 暂无任务，休息60秒...
[沈记忆] ⏳ 暂无任务，休息60秒...
[韩向量] ⏳ 暂无任务，休息60秒...
[杨检索] ⏳ 暂无任务，休息60秒...
[伍廉贞] ⏳ 暂无任务，休息60秒...
[余情绪] ⏳ 暂无任务，休息60秒...
[元人格] ⏳ 暂无任务，休息60秒...
[孟一致] ⏳ 暂无任务，休息60秒...
[谢武功] ⏳ 暂无任务，休息60秒...
[邹接口] ⏳ 暂无任务，休息60秒...
[喻发现] ⏳ 暂无任务，休息60秒...
[柏依赖] ⏳ 暂无任务，休息60秒...
[章破军] ⏳ 暂无任务，休息60秒...
[云沙箱] ⏳ 暂无任务，休息60秒...
[苏容器] ⏳ 暂无任务，休息60秒...
[潘外呼] ⏳ 暂无任务，休息60秒...
[倪左辅] ⏳ 暂无任务，休息60秒...
[汤K8s] ⏳ 暂无任务，休息60秒...
[殷用户] ⏳ 暂无任务，休息60秒...
[罗隔离] ⏳ 暂无任务，休息60秒...
[毕配置] ⏳ 暂无任务，休息60秒...
[周右弼] ⏳ 暂无任务，休息60秒...
[乐法律] ⏳ 暂无任务，休息60秒...
[于道德] ⏳ 暂无任务，休息60秒...
[时权限] ⏳ 暂无任务，休息60秒...
[薛贪狼] ⏳ 暂无任务，休息60秒...
[雷ASR] ⏳ 暂无任务，休息60秒...
[贺TTS] ⏳ 暂无任务，休息60秒...
[贡数字人] ⏳ 暂无任务，休息60秒...
[齐辅弼] ⏳ 暂无任务，休息60秒...
[康网关] ⏳ 暂无任务，休息60秒...
[和产品] ⏳ 暂无任务，休息60秒...
[穆文档] ⏳ 暂无任务，休息60秒...
[黄漂移] ⏳ 暂无任务，休息60秒...
[周进化] ⏳ 暂无任务，休息60秒...
[吴模板] ⏳ 暂无任务，休息60秒...
[周禄存] ⏳ 暂无任务，休息60秒...
[郑路由] ⏳ 暂无任务，休息60秒...
[王规划] ⏳ 暂无任务，休息60秒...
[冯优化] ⏳ 暂无任务，休息60秒...
[钱调度] ⏳ 暂无任务，休息60秒...
[陈元灵] ⏳ 暂无任务，休息60秒...
[林对齐] ⏳ 暂无任务，休息60秒...
[朱图谱] ⏳ 暂无任务，休息60秒...
[平心理] ⏳ 暂无任务，休息60秒...
[水版本] ⏳ 暂无任务，休息60秒...
[葛消息] ⏳ 暂无任务，休息60秒...
[皮审计] ⏳ 暂无任务，休息60秒...
[赏界面] ⏳ 暂无任务，休息60秒...
[财SDK] ⏳ 暂无任务，休息60秒...
[蒋巨门] ⏳ 暂无任务，休息60秒...
[沈记忆] ⏳ 暂无任务，休息60秒...
[韩向量] ⏳ 暂无任务，休息60秒...
[杨检索] ⏳ 暂无任务，休息60秒...
[伍廉贞] ⏳ 暂无任务，休息60秒...
[余情绪] ⏳ 暂无任务，休息60秒...
[元人格] ⏳ 暂无任务，休息60秒...
[孟一致] ⏳ 暂无任务，休息60秒...
[谢武功] ⏳ 暂无任务，休息60秒...
[邹接口] ⏳ 暂无任务，休息60秒...
[喻发现] ⏳ 暂无任务，休息60秒...
[柏依赖] ⏳ 暂无任务，休息60秒...
[章破军] ⏳ 暂无任务，休息60秒...
[云沙箱] ⏳ 暂无任务，休息60秒...
[苏容器] ⏳ 暂无任务，休息60秒...
[潘外呼] ⏳ 暂无任务，休息60秒...
[倪左辅] ⏳ 暂无任务，休息60秒...
[汤K8s] ⏳ 暂无任务，休息60秒...
[殷用户] ⏳ 暂无任务，休息60秒...
[罗隔离] ⏳ 暂无任务，休息60秒...
[毕配置] ⏳ 暂无任务，休息60秒...
[周右弼] ⏳ 暂无任务，休息60秒...
[乐法律] ⏳ 暂无任务，休息60秒...
[于道德] ⏳ 暂无任务，休息60秒...
[时权限] ⏳ 暂无任务，休息60秒...
[薛贪狼] ⏳ 暂无任务，休息60秒...
[雷ASR] ⏳ 暂无任务，休息60秒...
[贺TTS] ⏳ 暂无任务，休息60秒...
[贡数字人] ⏳ 暂无任务，休息60秒...
[齐辅弼] ⏳ 暂无任务，休息60秒...
[康网关] ⏳ 暂无任务，休息60秒...
[和产品] ⏳ 暂无任务，休息60秒...
[穆文档] ⏳ 暂无任务，休息60秒...
[黄漂移] ⏳ 暂无任务，休息60秒...
[周进化] ⏳ 暂无任务，休息60秒...
[吴模板] ⏳ 暂无任务，休息60秒...
[周禄存] ⏳ 暂无任务，休息60秒...
[郑路由] ⏳ 暂无任务，休息60秒...
[王规划] ⏳ 暂无任务，休息60秒...
[冯优化] ⏳ 暂无任务，休息60秒...
[钱调度] ⏳ 暂无任务，休息60秒...
[陈元灵] ⏳ 暂无任务，休息60秒...
[林对齐] ⏳ 暂无任务，休息60秒...
[朱图谱] ⏳ 暂无任务，休息60秒...
[平心理] ⏳ 暂无任务，休息60秒...
[水版本] ⏳ 暂无任务，休息60秒...
[葛消息] ⏳ 暂无任务，休息60秒...
[皮审计] ⏳ 暂无任务，休息60秒...
[赏界面] ⏳ 暂无任务，休息60秒...
[财SDK] ⏳ 暂无任务，休息60秒...
[蒋巨门] ⏳ 暂无任务，休息60秒...
[沈记忆] ⏳ 暂无任务，休息60秒...
[韩向量] ⏳ 暂无任务，休息60秒...
[杨检索] ⏳ 暂无任务，休息60秒...
[伍廉贞] ⏳ 暂无任务，休息60秒...
[余情绪] ⏳ 暂无任务，休息60秒...
[元人格] ⏳ 暂无任务，休息60秒...
[孟一致] ⏳ 暂无任务，休息60秒...
[谢武功] ⏳ 暂无任务，休息60秒...
[邹接口] ⏳ 暂无任务，休息60秒...
[喻发现] ⏳ 暂无任务，休息60秒...
[柏依赖] ⏳ 暂无任务，休息60秒...
[章破军] ⏳ 暂无任务，休息60秒...
[云沙箱] ⏳ 暂无任务，休息60秒...
[苏容器] ⏳ 暂无任务，休息60秒...
[潘外呼] ⏳ 暂无任务，休息60秒...
[倪左辅] ⏳ 暂无任务，休息60秒...
[汤K8s] ⏳ 暂无任务，休息60秒...
[殷用户] ⏳ 暂无任务，休息60秒...
[罗隔离] ⏳ 暂无任务，休息60秒...
[毕配置] ⏳ 暂无任务，休息60秒...
[周右弼] ⏳ 暂无任务，休息60秒...
[乐法律] ⏳ 暂无任务，休息60秒...
[于道德] ⏳ 暂无任务，休息60秒...
[时权限] ⏳ 暂无任务，休息60秒...
[薛贪狼] ⏳ 暂无任务，休息60秒...
[雷ASR] ⏳ 暂无任务，休息60秒...
[贺TTS] ⏳ 暂无任务，休息60秒...
[贡数字人] ⏳ 暂无任务，休息60秒...
[齐辅弼] ⏳ 暂无任务，休息60秒...
[康网关] ⏳ 暂无任务，休息60秒...
[和产品] ⏳ 暂无任务，休息60秒...
[穆文档] ⏳ 暂无任务，休息60秒...
[黄漂移] ⏳ 暂无任务，休息60秒...
[周进化] ⏳ 暂无任务，休息60秒...
[吴模板] ⏳ 暂无任务，休息60秒...
[周禄存] ⏳ 暂无任务，休息60秒...
[郑路由] ⏳ 暂无任务，休息60秒...
[王规划] ⏳ 暂无任务，休息60秒...
[冯优化] ⏳ 暂无任务，休息60秒...
[钱调度] ⏳ 暂无任务，休息60秒...
[陈元灵] ⏳ 暂无任务，休息60秒...
[林对齐] ⏳ 暂无任务，休息60秒...
[朱图谱] ⏳ 暂无任务，休息60秒...
[平心理] ⏳ 暂无任务，休息60秒...
[水版本] ⏳ 暂无任务，休息60秒...
[葛消息] ⏳ 暂无任务，休息60秒...
[皮审计] ⏳ 暂无任务，休息60秒...
[赏界面] ⏳ 暂无任务，休息60秒...
[财SDK] ⏳ 暂无任务，休息60秒...
[蒋巨门] ⏳ 暂无任务，休息60秒...
[沈记忆] ⏳ 暂无任务，休息60秒...
[韩向量] ⏳ 暂无任务，休息60秒...
[杨检索] ⏳ 暂无任务，休息60秒...
[伍廉贞] ⏳ 暂无任务，休息60秒...
[余情绪] ⏳ 暂无任务，休息60秒...
[元人格] ⏳ 暂无任务，休息60秒...
[孟一致] ⏳ 暂无任务，休息60秒...
[谢武功] ⏳ 暂无任务，休息60秒...
[邹接口] ⏳ 暂无任务，休息60秒...
[喻发现] ⏳ 暂无任务，休息60秒...
[柏依赖] ⏳ 暂无任务，休息60秒...
[章破军] ⏳ 暂无任务，休息60秒...
[云沙箱] ⏳ 暂无任务，休息60秒...
[苏容器] ⏳ 暂无任务，休息60秒...
[潘外呼] ⏳ 暂无任务，休息60秒...
[倪左辅] ⏳ 暂无任务，休息60秒...
[汤K8s] ⏳ 暂无任务，休息60秒...
[殷用户] ⏳ 暂无任务，休息60秒...
[罗隔离] ⏳ 暂无任务，休息60秒...
[毕配置] ⏳ 暂无任务，休息60秒...
[周右弼] ⏳ 暂无任务，休息60秒...
[乐法律] ⏳ 暂无任务，休息60秒...
[于道德] ⏳ 暂无任务，休息60秒...
[时权限] ⏳ 暂无任务，休息60秒...
[薛贪狼] ⏳ 暂无任务，休息60秒...
[雷ASR] ⏳ 暂无任务，休息60秒...
[贺TTS] ⏳ 暂无任务，休息60秒...
[贡数字人] ⏳ 暂无任务，休息60秒...
[齐辅弼] ⏳ 暂无任务，休息60秒...
[康网关] ⏳ 暂无任务，休息60秒...
[和产品] ⏳ 暂无任务，休息60秒...
[穆文档] ⏳ 暂无任务，休息60秒...
[黄漂移] ⏳ 暂无任务，休息60秒...
[周进化] ⏳ 暂无任务，休息60秒...
[吴模板] ⏳ 暂无任务，休息60秒...
[周禄存] ⏳ 暂无任务，休息60秒...
[郑路由] ⏳ 暂无任务，休息60秒...
[王规划] ⏳ 暂无任务，休息60秒...
[冯优化] ⏳ 暂无任务，休息60秒...
[钱调度] ⏳ 暂无任务，休息60秒...
[陈元灵] ⏳ 暂无任务，休息60秒...
[林对齐] ⏳ 暂无任务，休息60秒...
[朱图谱] ⏳ 暂无任务，休息60秒...
[平心理] ⏳ 暂无任务，休息60秒...
[水版本] ⏳ 暂无任务，休息60秒...
[葛消息] ⏳ 暂无任务，休息60秒...
[皮审计] ⏳ 暂无任务，休息60秒...
[赏界面] ⏳ 暂无任务，休息60秒...
[财SDK] ⏳ 暂无任务，休息60秒...
[蒋巨门] ⏳ 暂无任务，休息60秒...
[沈记忆] ⏳ 暂无任务，休息60秒...
[韩向量] ⏳ 暂无任务，休息60秒...
[杨检索] ⏳ 暂无任务，休息60秒...
[伍廉贞] ⏳ 暂无任务，休息60秒...
[余情绪] ⏳ 暂无任务，休息60秒...
[元人格] ⏳ 暂无任务，休息60秒...
[孟一致] ⏳ 暂无任务，休息60秒...
[谢武功] ⏳ 暂无任务，休息60秒...
[邹接口] ⏳ 暂无任务，休息60秒...
[喻发现] ⏳ 暂无任务，休息60秒...
[柏依赖] ⏳ 暂无任务，休息60秒...
[章破军] ⏳ 暂无任务，休息60秒...
[云沙箱] ⏳ 暂无任务，休息60秒...
[苏容器] ⏳ 暂无任务，休息60秒...
[潘外呼] ⏳ 暂无任务，休息60秒...
[倪左辅] ⏳ 暂无任务，休息60秒...
[汤K8s] ⏳ 暂无任务，休息60秒...
[殷用户] ⏳ 暂无任务，休息60秒...
[罗隔离] ⏳ 暂无任务，休息60秒...
[毕配置] ⏳ 暂无任务，休息60秒...
[周右弼] ⏳ 暂无任务，休息60秒...
[乐法律] ⏳ 暂无任务，休息60秒...
[于道德] ⏳ 暂无任务，休息60秒...
[时权限] ⏳ 暂无任务，休息60秒...
[薛贪狼] ⏳ 暂无任务，休息60秒...
[雷ASR] ⏳ 暂无任务，休息60秒...
[贺TTS] ⏳ 暂无任务，休息60秒...
[贡数字人] ⏳ 暂无任务，休息60秒...
[齐辅弼] ⏳ 暂无任务，休息60秒...
[康网关] ⏳ 暂无任务，休息60秒...
[和产品] ⏳ 暂无任务，休息60秒...
[穆文档] ⏳ 暂无任务，休息60秒...
[黄漂移] ⏳ 暂无任务，休息60秒...
[周进化] ⏳ 暂无任务，休息60秒...
[吴模板] ⏳ 暂无任务，休息60秒...
[周禄存] ⏳ 暂无任务，休息60秒...
[郑路由] ⏳ 暂无任务，休息60秒...
[王规划] ⏳ 暂无任务，休息60秒...
[冯优化] ⏳ 暂无任务，休息60秒...
[钱调度] ⏳ 暂无任务，休息60秒...
[陈元灵] ⏳ 暂无任务，休息60秒...
[林对齐] ⏳ 暂无任务，休息60秒...
[朱图谱] ⏳ 暂无任务，休息60秒...
[平心理] ⏳ 暂无任务，休息60秒...
[水版本] ⏳ 暂无任务，休息60秒...
[葛消息] ⏳ 暂无任务，休息60秒...
[皮审计] ⏳ 暂无任务，休息60秒...
[赏界面] ⏳ 暂无任务，休息60秒...
[财SDK] ⏳ 暂无任务，休息60秒...
[蒋巨门] ⏳ 暂无任务，休息60秒...
[沈记忆] ⏳ 暂无任务，休息60秒...
[韩向量] ⏳ 暂无任务，休息60秒...
[杨检索] ⏳ 暂无任务，休息60秒...
[伍廉贞] ⏳ 暂无任务，休息60秒...
[余情绪] ⏳ 暂无任务，休息60秒...
[元人格] ⏳ 暂无任务，休息60秒...
[孟一致] ⏳ 暂无任务，休息60秒...
[谢武功] ⏳ 暂无任务，休息60秒...
[邹接口] ⏳ 暂无任务，休息60秒...
[喻发现] ⏳ 暂无任务，休息60秒...
[柏依赖] ⏳ 暂无任务，休息60秒...
[章破军] ⏳ 暂无任务，休息60秒...
[云沙箱] ⏳ 暂无任务，休息60秒...
[苏容器] ⏳ 暂无任务，休息60秒...
[潘外呼] ⏳ 暂无任务，休息60秒...
[倪左辅] ⏳ 暂无任务，休息60秒...
[汤K8s] ⏳ 暂无任务，休息60秒...
[殷用户] ⏳ 暂无任务，休息60秒...
[罗隔离] ⏳ 暂无任务，休息60秒...
[毕配置] ⏳ 暂无任务，休息60秒...
[周右弼] ⏳ 暂无任务，休息60秒...
[乐法律] ⏳ 暂无任务，休息60秒...
[于道德] ⏳ 暂无任务，休息60秒...
[时权限] ⏳ 暂无任务，休息60秒...
[薛贪狼] ⏳ 暂无任务，休息60秒...
[雷ASR] ⏳ 暂无任务，休息60秒...
[贺TTS] ⏳ 暂无任务，休息60秒...
[贡数字人] ⏳ 暂无任务，休息60秒...
[齐辅弼] ⏳ 暂无任务，休息60秒...
[康网关] ⏳ 暂无任务，休息60秒...
[和产品] ⏳ 暂无任务，休息60秒...
[穆文档] ⏳ 暂无任务，休息60秒...
[黄漂移] ⏳ 暂无任务，休息60秒...
[周进化] ⏳ 暂无任务，休息60秒...
[吴模板] ⏳ 暂无任务，休息60秒...
[周禄存] ⏳ 暂无任务，休息60秒...
[郑路由] ⏳ 暂无任务，休息60秒...
[王规划] ⏳ 暂无任务，休息60秒...
[冯优化] ⏳ 暂无任务，休息60秒...
[钱调度] ⏳ 暂无任务，休息60秒...
[陈元灵] ⏳ 暂无任务，休息60秒...
[林对齐] ⏳ 暂无任务，休息60秒...
[朱图谱] ⏳ 暂无任务，休息60秒...
[平心理] ⏳ 暂无任务，休息60秒...
[水版本] ⏳ 暂无任务，休息60秒...
[葛消息] ⏳ 暂无任务，休息60秒...
[皮审计] ⏳ 暂无任务，休息60秒...
[赏界面] ⏳ 暂无任务，休息60秒...
[财SDK] ⏳ 暂无任务，休息60秒...
[蒋巨门] ⏳ 暂无任务，休息60秒...
[沈记忆] ⏳ 暂无任务，休息60秒...
[韩向量] ⏳ 暂无任务，休息60秒...
[杨检索] ⏳ 暂无任务，休息60秒...
[伍廉贞] ⏳ 暂无任务，休息60秒...
[余情绪] ⏳ 暂无任务，休息60秒...
[元人格] ⏳ 暂无任务，休息60秒...
[孟一致] ⏳ 暂无任务，休息60秒...
[谢武功] ⏳ 暂无任务，休息60秒...
[邹接口] ⏳ 暂无任务，休息60秒...
[喻发现] ⏳ 暂无任务，休息60秒...
[柏依赖] ⏳ 暂无任务，休息60秒...
[章破军] ⏳ 暂无任务，休息60秒...
[云沙箱] ⏳ 暂无任务，休息60秒...
[苏容器] ⏳ 暂无任务，休息60秒...
[潘外呼] ⏳ 暂无任务，休息60秒...
[倪左辅] ⏳ 暂无任务，休息60秒...
[汤K8s] ⏳ 暂无任务，休息60秒...
[殷用户] ⏳ 暂无任务，休息60秒...
[罗隔离] ⏳ 暂无任务，休息60秒...
[毕配置] ⏳ 暂无任务，休息60秒...
[周右弼] ⏳ 暂无任务，休息60秒...
[乐法律] ⏳ 暂无任务，休息60秒...
[于道德] ⏳ 暂无任务，休息60秒...
[时权限] ⏳ 暂无任务，休息60秒...
[薛贪狼] ⏳ 暂无任务，休息60秒...
[雷ASR] ⏳ 暂无任务，休息60秒...
[贺TTS] ⏳ 暂无任务，休息60秒...
[贡数字人] ⏳ 暂无任务，休息60秒...
[齐辅弼] ⏳ 暂无任务，休息60秒...
[康网关] ⏳ 暂无任务，休息60秒...
[和产品] ⏳ 暂无任务，休息60秒...
[穆文档] ⏳ 暂无任务，休息60秒...
[黄漂移] ⏳ 暂无任务，休息60秒...
[周进化] ⏳ 暂无任务，休息60秒...
[吴模板] ⏳ 暂无任务，休息60秒...
[周禄存] ⏳ 暂无任务，休息60秒...
[郑路由] ⏳ 暂无任务，休息60秒...
[王规划] ⏳ 暂无任务，休息60秒...
[冯优化] ⏳ 暂无任务，休息60秒...
[钱调度] ⏳ 暂无任务，休息60秒...
[陈元灵] ⏳ 暂无任务，休息60秒...
[林对齐] ⏳ 暂无任务，休息60秒...
[朱图谱] ⏳ 暂无任务，休息60秒...
[平心理] ⏳ 暂无任务，休息60秒...
[水版本] ⏳ 暂无任务，休息60秒...
[葛消息] ⏳ 暂无任务，休息60秒...
[皮审计] ⏳ 暂无任务，休息60秒...
[赏界面] ⏳ 暂无任务，休息60秒...
[财SDK] ⏳ 暂无任务，休息60秒...
[蒋巨门] ⏳ 暂无任务，休息60秒...
[沈记忆] ⏳ 暂无任务，休息60秒...
[韩向量] ⏳ 暂无任务，休息60秒...
[杨检索] ⏳ 暂无任务，休息60秒...
[伍廉贞] ⏳ 暂无任务，休息60秒...
[余情绪] ⏳ 暂无任务，休息60秒...
[元人格] ⏳ 暂无任务，休息60秒...
[孟一致] ⏳ 暂无任务，休息60秒...
[谢武功] ⏳ 暂无任务，休息60秒...
[邹接口] ⏳ 暂无任务，休息60秒...
[喻发现] ⏳ 暂无任务，休息60秒...
[柏依赖] ⏳ 暂无任务，休息60秒...
[章破军] ⏳ 暂无任务，休息60秒...
[云沙箱] ⏳ 暂无任务，休息60秒...
[苏容器] ⏳ 暂无任务，休息60秒...
[潘外呼] ⏳ 暂无任务，休息60秒...
[倪左辅] ⏳ 暂无任务，休息60秒...
[汤K8s] ⏳ 暂无任务，休息60秒...
[殷用户] ⏳ 暂无任务，休息60秒...
[罗隔离] ⏳ 暂无任务，休息60秒...
[毕配置] ⏳ 暂无任务，休息60秒...
[周右弼] ⏳ 暂无任务，休息60秒...
[乐法律] ⏳ 暂无任务，休息60秒...
[于道德] ⏳ 暂无任务，休息60秒...
[时权限] ⏳ 暂无任务，休息60秒...
[薛贪狼] ⏳ 暂无任务，休息60秒...
[雷ASR] ⏳ 暂无任务，休息60秒...
[贺TTS] ⏳ 暂无任务，休息60秒...
[贡数字人] ⏳ 暂无任务，休息60秒...
[齐辅弼] ⏳ 暂无任务，休息60秒...
[康网关] ⏳ 暂无任务，休息60秒...
[和产品] ⏳ 暂无任务，休息60秒...
[穆文档] ⏳ 暂无任务，休息60秒...
[黄漂移] ⏳ 暂无任务，休息60秒...
[周进化] ⏳ 暂无任务，休息60秒...
[吴模板] ⏳ 暂无任务，休息60秒...
[周禄存] ⏳ 暂无任务，休息60秒...
[郑路由] ⏳ 暂无任务，休息60秒...
[王规划] ⏳ 暂无任务，休息60秒...
[冯优化] ⏳ 暂无任务，休息60秒...
[钱调度] ⏳ 暂无任务，休息60秒...
[陈元灵] ⏳ 暂无任务，休息60秒...
[林对齐] ⏳ 暂无任务，休息60秒...
[朱图谱] ⏳ 暂无任务，休息60秒...
[平心理] ⏳ 暂无任务，休息60秒...
[水版本] ⏳ 暂无任务，休息60秒...
[葛消息] ⏳ 暂无任务，休息60秒...
[皮审计] ⏳ 暂无任务，休息60秒...
[赏界面] ⏳ 暂无任务，休息60秒...
[财SDK] ⏳ 暂无任务，休息60秒...
[蒋巨门] ⏳ 暂无任务，休息60秒...
[沈记忆] ⏳ 暂无任务，休息60秒...
[韩向量] ⏳ 暂无任务，休息60秒...
[杨检索] ⏳ 暂无任务，休息60秒...
[伍廉贞] ⏳ 暂无任务，休息60秒...
[余情绪] ⏳ 暂无任务，休息60秒...
[元人格] ⏳ 暂无任务，休息60秒...
[孟一致] ⏳ 暂无任务，休息60秒...
[谢武功] ⏳ 暂无任务，休息60秒...
[邹接口] ⏳ 暂无任务，休息60秒...
[喻发现] ⏳ 暂无任务，休息60秒...
[柏依赖] ⏳ 暂无任务，休息60秒...
[章破军] ⏳ 暂无任务，休息60秒...
[云沙箱] ⏳ 暂无任务，休息60秒...
[苏容器] ⏳ 暂无任务，休息60秒...
[潘外呼] ⏳ 暂无任务，休息60秒...
[倪左辅] ⏳ 暂无任务，休息60秒...
[汤K8s] ⏳ 暂无任务，休息60秒...
[殷用户] ⏳ 暂无任务，休息60秒...
[罗隔离] ⏳ 暂无任务，休息60秒...
[毕配置] ⏳ 暂无任务，休息60秒...
[周右弼] ⏳ 暂无任务，休息60秒...
[乐法律] ⏳ 暂无任务，休息60秒...
[于道德] ⏳ 暂无任务，休息60秒...
[时权限] ⏳ 暂无任务，休息60秒...
[薛贪狼] ⏳ 暂无任务，休息60秒...
[雷ASR] ⏳ 暂无任务，休息60秒...
[贺TTS] ⏳ 暂无任务，休息60秒...
[贡数字人] ⏳ 暂无任务，休息60秒...
[齐辅弼] ⏳ 暂无任务，休息60秒...
[康网关] ⏳ 暂无任务，休息60秒...
[和产品] ⏳ 暂无任务，休息60秒...
[穆文档] ⏳ 暂无任务，休息60秒...
[黄漂移] ⏳ 暂无任务，休息60秒...
[周进化] ⏳ 暂无任务，休息60秒...
[吴模板] ⏳ 暂无任务，休息60秒...
[周禄存] ⏳ 暂无任务，休息60秒...
[郑路由] ⏳ 暂无任务，休息60秒...
[王规划] ⏳ 暂无任务，休息60秒...
[冯优化] ⏳ 暂无任务，休息60秒...
[钱调度] ⏳ 暂无任务，休息60秒...
[陈元灵] ⏳ 暂无任务，休息60秒...
[林对齐] ⏳ 暂无任务，休息60秒...
[朱图谱] ⏳ 暂无任务，休息60秒...
[平心理] ⏳ 暂无任务，休息60秒...
[水版本] ⏳ 暂无任务，休息60秒...
[葛消息] ⏳ 暂无任务，休息60秒...
[皮审计] ⏳ 暂无任务，休息60秒...
[赏界面] ⏳ 暂无任务，休息60秒...
[财SDK] ⏳ 暂无任务，休息60秒...
[蒋巨门] ⏳ 暂无任务，休息60秒...
[沈记忆] ⏳ 暂无任务，休息60秒...
[韩向量] ⏳ 暂无任务，休息60秒...
[杨检索] ⏳ 暂无任务，休息60秒...
[伍廉贞] ⏳ 暂无任务，休息60秒...
[余情绪] ⏳ 暂无任务，休息60秒...
[元人格] ⏳ 暂无任务，休息60秒...
[孟一致] ⏳ 暂无任务，休息60秒...
[谢武功] ⏳ 暂无任务，休息60秒...
[邹接口] ⏳ 暂无任务，休息60秒...
[喻发现] ⏳ 暂无任务，休息60秒...
[柏依赖] ⏳ 暂无任务，休息60秒...
[章破军] ⏳ 暂无任务，休息60秒...
[云沙箱] ⏳ 暂无任务，休息60秒...
[苏容器] ⏳ 暂无任务，休息60秒...
[潘外呼] ⏳ 暂无任务，休息60秒...
[倪左辅] ⏳ 暂无任务，休息60秒...
[汤K8s] ⏳ 暂无任务，休息60秒...
[殷用户] ⏳ 暂无任务，休息60秒...
[罗隔离] ⏳ 暂无任务，休息60秒...
[毕配置] ⏳ 暂无任务，休息60秒...
[周右弼] ⏳ 暂无任务，休息60秒...
[乐法律] ⏳ 暂无任务，休息60秒...
[于道德] ⏳ 暂无任务，休息60秒...
[时权限] ⏳ 暂无任务，休息60秒...
[薛贪狼] ⏳ 暂无任务，休息60秒...
[雷ASR] ⏳ 暂无任务，休息60秒...
[贺TTS] ⏳ 暂无任务，休息60秒...
[贡数字人] ⏳ 暂无任务，休息60秒...
[齐辅弼] ⏳ 暂无任务，休息60秒...
[康网关] ⏳ 暂无任务，休息60秒...
[和产品] ⏳ 暂无任务，休息60秒...
[穆文档] ⏳ 暂无任务，休息60秒...
[黄漂移] ⏳ 暂无任务，休息60秒...
[周进化] ⏳ 暂无任务，休息60秒...
[吴模板] ⏳ 暂无任务，休息60秒...
[周禄存] ⏳ 暂无任务，休息60秒...
[郑路由] ⏳ 暂无任务，休息60秒...
[王规划] ⏳ 暂无任务，休息60秒...
[冯优化] ⏳ 暂无任务，休息60秒...
[钱调度] ⏳ 暂无任务，休息60秒...
[陈元灵] ⏳ 暂无任务，休息60秒...
[林对齐] ⏳ 暂无任务，休息60秒...
[朱图谱] ⏳ 暂无任务，休息60秒...
[平心理] ⏳ 暂无任务，休息60秒...
[水版本] ⏳ 暂无任务，休息60秒...
[葛消息] ⏳ 暂无任务，休息60秒...
[皮审计] ⏳ 暂无任务，休息60秒...
[赏界面] ⏳ 暂无任务，休息60秒...
[财SDK] ⏳ 暂无任务，休息60秒...
[蒋巨门] ⏳ 暂无任务，休息60秒...
[沈记忆] ⏳ 暂无任务，休息60秒...
[韩向量] ⏳ 暂无任务，休息60秒...
[杨检索] ⏳ 暂无任务，休息60秒...
[伍廉贞] ⏳ 暂无任务，休息60秒...
[余情绪] ⏳ 暂无任务，休息60秒...
[元人格] ⏳ 暂无任务，休息60秒...
[孟一致] ⏳ 暂无任务，休息60秒...
[谢武功] ⏳ 暂无任务，休息60秒...
[邹接口] ⏳ 暂无任务，休息60秒...
[喻发现] ⏳ 暂无任务，休息60秒...
[柏依赖] ⏳ 暂无任务，休息60秒...
[章破军] ⏳ 暂无任务，休息60秒...
[云沙箱] ⏳ 暂无任务，休息60秒...
[苏容器] ⏳ 暂无任务，休息60秒...
[潘外呼] ⏳ 暂无任务，休息60秒...
[倪左辅] ⏳ 暂无任务，休息60秒...
[汤K8s] ⏳ 暂无任务，休息60秒...
[殷用户] ⏳ 暂无任务，休息60秒...
[罗隔离] ⏳ 暂无任务，休息60秒...
[毕配置] ⏳ 暂无任务，休息60秒...
[周右弼] ⏳ 暂无任务，休息60秒...
[乐法律] ⏳ 暂无任务，休息60秒...
[于道德] ⏳ 暂无任务，休息60秒...
[时权限] ⏳ 暂无任务，休息60秒...
[薛贪狼] ⏳ 暂无任务，休息60秒...
[雷ASR] ⏳ 暂无任务，休息60秒...
[贺TTS] ⏳ 暂无任务，休息60秒...
[贡数字人] ⏳ 暂无任务，休息60秒...
[齐辅弼] ⏳ 暂无任务，休息60秒...
[康网关] ⏳ 暂无任务，休息60秒...
[和产品] ⏳ 暂无任务，休息60秒...
[穆文档] ⏳ 暂无任务，休息60秒...
[黄漂移] ⏳ 暂无任务，休息60秒...
[周进化] ⏳ 暂无任务，休息60秒...
[吴模板] ⏳ 暂无任务，休息60秒...
[周禄存] ⏳ 暂无任务，休息60秒...
[郑路由] ⏳ 暂无任务，休息60秒...
[王规划] ⏳ 暂无任务，休息60秒...
[冯优化] ⏳ 暂无任务，休息60秒...
[钱调度] ⏳ 暂无任务，休息60秒...
[陈元灵] ⏳ 暂无任务，休息60秒...
[林对齐] ⏳ 暂无任务，休息60秒...
[朱图谱] ⏳ 暂无任务，休息60秒...
[平心理] ⏳ 暂无任务，休息60秒...
[水版本] ⏳ 暂无任务，休息60秒...
[葛消息] ⏳ 暂无任务，休息60秒...
[皮审计] ⏳ 暂无任务，休息60秒...
[赏界面] ⏳ 暂无任务，休息60秒...
[财SDK] ⏳ 暂无任务，休息60秒...
[蒋巨门] ⏳ 暂无任务，休息60秒...
[沈记忆] ⏳ 暂无任务，休息60秒...
[韩向量] ⏳ 暂无任务，休息60秒...
[杨检索] ⏳ 暂无任务，休息60秒...
[伍廉贞] ⏳ 暂无任务，休息60秒...
[余情绪] ⏳ 暂无任务，休息60秒...
[元人格] ⏳ 暂无任务，休息60秒...
[孟一致] ⏳ 暂无任务，休息60秒...
[谢武功] ⏳ 暂无任务，休息60秒...
[邹接口] ⏳ 暂无任务，休息60秒...
[喻发现] ⏳ 暂无任务，休息60秒...
[柏依赖] ⏳ 暂无任务，休息60秒...
[章破军] ⏳ 暂无任务，休息60秒...
[云沙箱] ⏳ 暂无任务，休息60秒...
[苏容器] ⏳ 暂无任务，休息60秒...
[潘外呼] ⏳ 暂无任务，休息60秒...
[倪左辅] ⏳ 暂无任务，休息60秒...
[汤K8s] ⏳ 暂无任务，休息60秒...
[殷用户] ⏳ 暂无任务，休息60秒...
[罗隔离] ⏳ 暂无任务，休息60秒...
[毕配置] ⏳ 暂无任务，休息60秒...
[周右弼] ⏳ 暂无任务，休息60秒...
[乐法律] ⏳ 暂无任务，休息60秒...
[于道德] ⏳ 暂无任务，休息60秒...
[时权限] ⏳ 暂无任务，休息60秒...
[薛贪狼] ⏳ 暂无任务，休息60秒...
[雷ASR] ⏳ 暂无任务，休息60秒...
[贺TTS] ⏳ 暂无任务，休息60秒...
[贡数字人] ⏳ 暂无任务，休息60秒...
[齐辅弼] ⏳ 暂无任务，休息60秒...
[康网关] ⏳ 暂无任务，休息60秒...
[和产品] ⏳ 暂无任务，休息60秒...
[穆文档] ⏳ 暂无任务，休息60秒...
[黄漂移] ⏳ 暂无任务，休息60秒...
[周进化] ⏳ 暂无任务，休息60秒...
[吴模板] ⏳ 暂无任务，休息60秒...
[周禄存] ⏳ 暂无任务，休息60秒...
[郑路由] ⏳ 暂无任务，休息60秒...
[王规划] ⏳ 暂无任务，休息60秒...
[冯优化] ⏳ 暂无任务，休息60秒...
[钱调度] ⏳ 暂无任务，休息60秒...
[陈元灵] ⏳ 暂无任务，休息60秒...
[林对齐] ⏳ 暂无任务，休息60秒...
[朱图谱] ⏳ 暂无任务，休息60秒...
[平心理] ⏳ 暂无任务，休息60秒...
[水版本] ⏳ 暂无任务，休息60秒...
[葛消息] ⏳ 暂无任务，休息60秒...
[皮审计] ⏳ 暂无任务，休息60秒...
[赏界面] ⏳ 暂无任务，休息60秒...
[财SDK] ⏳ 暂无任务，休息60秒...
[蒋巨门] ⏳ 暂无任务，休息60秒...
[沈记忆] ⏳ 暂无任务，休息60秒...
[韩向量] ⏳ 暂无任务，休息60秒...
[杨检索] ⏳ 暂无任务，休息60秒...
[伍廉贞] ⏳ 暂无任务，休息60秒...
[余情绪] ⏳ 暂无任务，休息60秒...
[元人格] ⏳ 暂无任务，休息60秒...
[孟一致] ⏳ 暂无任务，休息60秒...
[谢武功] ⏳ 暂无任务，休息60秒...
[邹接口] ⏳ 暂无任务，休息60秒...
[喻发现] ⏳ 暂无任务，休息60秒...
[柏依赖] ⏳ 暂无任务，休息60秒...
[章破军] ⏳ 暂无任务，休息60秒...
[云沙箱] ⏳ 暂无任务，休息60秒...
[苏容器] ⏳ 暂无任务，休息60秒...
[潘外呼] ⏳ 暂无任务，休息60秒...
[倪左辅] ⏳ 暂无任务，休息60秒...
[汤K8s] ⏳ 暂无任务，休息60秒...
[殷用户] ⏳ 暂无任务，休息60秒...
[罗隔离] ⏳ 暂无任务，休息60秒...
[毕配置] ⏳ 暂无任务，休息60秒...
[周右弼] ⏳ 暂无任务，休息60秒...
[乐法律] ⏳ 暂无任务，休息60秒...
[于道德] ⏳ 暂无任务，休息60秒...
[时权限] ⏳ 暂无任务，休息60秒...
[薛贪狼] ⏳ 暂无任务，休息60秒...
[雷ASR] ⏳ 暂无任务，休息60秒...
[贺TTS] ⏳ 暂无任务，休息60秒...
[贡数字人] ⏳ 暂无任务，休息60秒...
[齐辅弼] ⏳ 暂无任务，休息60秒...
[康网关] ⏳ 暂无任务，休息60秒...
[和产品] ⏳ 暂无任务，休息60秒...
[穆文档] ⏳ 暂无任务，休息60秒...
[黄漂移] ⏳ 暂无任务，休息60秒...
[周进化] ⏳ 暂无任务，休息60秒...
[吴模板] ⏳ 暂无任务，休息60秒...
[周禄存] ⏳ 暂无任务，休息60秒...
[郑路由] ⏳ 暂无任务，休息60秒...
[王规划] ⏳ 暂无任务，休息60秒...
[冯优化] ⏳ 暂无任务，休息60秒...
[钱调度] ⏳ 暂无任务，休息60秒...
[陈元灵] ⏳ 暂无任务，休息60秒...
[林对齐] ⏳ 暂无任务，休息60秒...
[朱图谱] ⏳ 暂无任务，休息60秒...
[平心理] ⏳ 暂无任务，休息60秒...
[水版本] ⏳ 暂无任务，休息60秒...
[葛消息] ⏳ 暂无任务，休息60秒...
[皮审计] ⏳ 暂无任务，休息60秒...
[赏界面] ⏳ 暂无任务，休息60秒...
[财SDK] ⏳ 暂无任务，休息60秒...
[蒋巨门] ⏳ 暂无任务，休息60秒...
[沈记忆] ⏳ 暂无任务，休息60秒...
[韩向量] ⏳ 暂无任务，休息60秒...
[杨检索] ⏳ 暂无任务，休息60秒...
[伍廉贞] ⏳ 暂无任务，休息60秒...
[余情绪] ⏳ 暂无任务，休息60秒...
[元人格] ⏳ 暂无任务，休息60秒...
[孟一致] ⏳ 暂无任务，休息60秒...
[谢武功] ⏳ 暂无任务，休息60秒...
[邹接口] ⏳ 暂无任务，休息60秒...
[喻发现] ⏳ 暂无任务，休息60秒...
[柏依赖] ⏳ 暂无任务，休息60秒...
[章破军] ⏳ 暂无任务，休息60秒...
[云沙箱] ⏳ 暂无任务，休息60秒...
[苏容器] ⏳ 暂无任务，休息60秒...
[潘外呼] ⏳ 暂无任务，休息60秒...
[倪左辅] ⏳ 暂无任务，休息60秒...
[汤K8s] ⏳ 暂无任务，休息60秒...
[殷用户] ⏳ 暂无任务，休息60秒...
[罗隔离] ⏳ 暂无任务，休息60秒...
[毕配置] ⏳ 暂无任务，休息60秒...
[周右弼] ⏳ 暂无任务，休息60秒...
[乐法律] ⏳ 暂无任务，休息60秒...
[于道德] ⏳ 暂无任务，休息60秒...
[时权限] ⏳ 暂无任务，休息60秒...
[薛贪狼] ⏳ 暂无任务，休息60秒...
[雷ASR] ⏳ 暂无任务，休息60秒...
[贺TTS] ⏳ 暂无任务，休息60秒...
[贡数字人] ⏳ 暂无任务，休息60秒...
[齐辅弼] ⏳ 暂无任务，休息60秒...
[康网关] ⏳ 暂无任务，休息60秒...
[和产品] ⏳ 暂无任务，休息60秒...
[穆文档] ⏳ 暂无任务，休息60秒...
[黄漂移] ⏳ 暂无任务，休息60秒...
[周进化] ⏳ 暂无任务，休息60秒...
[吴模板] ⏳ 暂无任务，休息60秒...
[周禄存] ⏳ 暂无任务，休息60秒...
[郑路由] ⏳ 暂无任务，休息60秒...
[王规划] ⏳ 暂无任务，休息60秒...
[冯优化] ⏳ 暂无任务，休息60秒...
[钱调度] ⏳ 暂无任务，休息60秒...
[陈元灵] ⏳ 暂无任务，休息60秒...
[林对齐] ⏳ 暂无任务，休息60秒...
[朱图谱] ⏳ 暂无任务，休息60秒...
[平心理] ⏳ 暂无任务，休息60秒...
[水版本] ⏳ 暂无任务，休息60秒...
[葛消息] ⏳ 暂无任务，休息60秒...
[皮审计] ⏳ 暂无任务，休息60秒...
[赏界面] ⏳ 暂无任务，休息60秒...
[财SDK] ⏳ 暂无任务，休息60秒...
[蒋巨门] ⏳ 暂无任务，休息60秒...
[沈记忆] ⏳ 暂无任务，休息60秒...
[韩向量] ⏳ 暂无任务，休息60秒...
[杨检索] ⏳ 暂无任务，休息60秒...
[伍廉贞] ⏳ 暂无任务，休息60秒...
[余情绪] ⏳ 暂无任务，休息60秒...
[元人格] ⏳ 暂无任务，休息60秒...
[孟一致] ⏳ 暂无任务，休息60秒...
[谢武功] ⏳ 暂无任务，休息60秒...
[邹接口] ⏳ 暂无任务，休息60秒...
[喻发现] ⏳ 暂无任务，休息60秒...
[柏依赖] ⏳ 暂无任务，休息60秒...
[章破军] ⏳ 暂无任务，休息60秒...
[云沙箱] ⏳ 暂无任务，休息60秒...
[苏容器] ⏳ 暂无任务，休息60秒...
[潘外呼] ⏳ 暂无任务，休息60秒...
[倪左辅] ⏳ 暂无任务，休息60秒...
[汤K8s] ⏳ 暂无任务，休息60秒...
[殷用户] ⏳ 暂无任务，休息60秒...
[罗隔离] ⏳ 暂无任务，休息60秒...
[毕配置] ⏳ 暂无任务，休息60秒...
[周右弼] ⏳ 暂无任务，休息60秒...
[乐法律] ⏳ 暂无任务，休息60秒...
[于道德] ⏳ 暂无任务，休息60秒...
[时权限] ⏳ 暂无任务，休息60秒...
[薛贪狼] ⏳ 暂无任务，休息60秒...
[雷ASR] ⏳ 暂无任务，休息60秒...
[贺TTS] ⏳ 暂无任务，休息60秒...
[贡数字人] ⏳ 暂无任务，休息60秒...
[齐辅弼] ⏳ 暂无任务，休息60秒...
[康网关] ⏳ 暂无任务，休息60秒...
[和产品] ⏳ 暂无任务，休息60秒...
[穆文档] ⏳ 暂无任务，休息60秒...
[黄漂移] ⏳ 暂无任务，休息60秒...
[周进化] ⏳ 暂无任务，休息60秒...
[吴模板] ⏳ 暂无任务，休息60秒...
[周禄存] ⏳ 暂无任务，休息60秒...
[郑路由] ⏳ 暂无任务，休息60秒...
[王规划] ⏳ 暂无任务，休息60秒...
[冯优化] ⏳ 暂无任务，休息60秒...
[钱调度] ⏳ 暂无任务，休息60秒...
[陈元灵] ⏳ 暂无任务，休息60秒...
[林对齐] ⏳ 暂无任务，休息60秒...
[朱图谱] ⏳ 暂无任务，休息60秒...
[平心理] ⏳ 暂无任务，休息60秒...
[水版本] ⏳ 暂无任务，休息60秒...
[葛消息] ⏳ 暂无任务，休息60秒...
[皮审计] ⏳ 暂无任务，休息60秒...
[赏界面] ⏳ 暂无任务，休息60秒...
[财SDK] ⏳ 暂无任务，休息60秒...
[蒋巨门] ⏳ 暂无任务，休息60秒...
[沈记忆] ⏳ 暂无任务，休息60秒...
[韩向量] ⏳ 暂无任务，休息60秒...
[杨检索] ⏳ 暂无任务，休息60秒...
[伍廉贞] ⏳ 暂无任务，休息60秒...
[余情绪] ⏳ 暂无任务，休息60秒...
[元人格] ⏳ 暂无任务，休息60秒...
[孟一致] ⏳ 暂无任务，休息60秒...
[谢武功] ⏳ 暂无任务，休息60秒...
[邹接口] ⏳ 暂无任务，休息60秒...
[喻发现] ⏳ 暂无任务，休息60秒...
[柏依赖] ⏳ 暂无任务，休息60秒...
[章破军] ⏳ 暂无任务，休息60秒...
[云沙箱] ⏳ 暂无任务，休息60秒...
[苏容器] ⏳ 暂无任务，休息60秒...
[潘外呼] ⏳ 暂无任务，休息60秒...
[倪左辅] ⏳ 暂无任务，休息60秒...
[汤K8s] ⏳ 暂无任务，休息60秒...
[殷用户] ⏳ 暂无任务，休息60秒...
[罗隔离] ⏳ 暂无任务，休息60秒...
[毕配置] ⏳ 暂无任务，休息60秒...
[周右弼] ⏳ 暂无任务，休息60秒...
[乐法律] ⏳ 暂无任务，休息60秒...
[于道德] ⏳ 暂无任务，休息60秒...
[时权限] ⏳ 暂无任务，休息60秒...
[薛贪狼] ⏳ 暂无任务，休息60秒...
[雷ASR] ⏳ 暂无任务，休息60秒...
[贺TTS] ⏳ 暂无任务，休息60秒...
[贡数字人] ⏳ 暂无任务，休息60秒...
[齐辅弼] ⏳ 暂无任务，休息60秒...
[康网关] ⏳ 暂无任务，休息60秒...
[和产品] ⏳ 暂无任务，休息60秒...
[穆文档] ⏳ 暂无任务，休息60秒...
[黄漂移] ⏳ 暂无任务，休息60秒...
[周进化] ⏳ 暂无任务，休息60秒...
[吴模板] ⏳ 暂无任务，休息60秒...
[周禄存] ⏳ 暂无任务，休息60秒...
[郑路由] ⏳ 暂无任务，休息60秒...
[王规划] ⏳ 暂无任务，休息60秒...
[冯优化] ⏳ 暂无任务，休息60秒...
[钱调度] ⏳ 暂无任务，休息60秒...
[陈元灵] ⏳ 暂无任务，休息60秒...
[林对齐] ⏳ 暂无任务，休息60秒...
