=== 张志远(002) 代码质检任务 ===
时间: Sun Mar 22 12:00:01 PM CST 2026

📊 代码统计:
  XJ-01: 16 文件, 688 行
  XJ-02: 12 文件, 456 行
  XJ-03: 13 文件, 481 行
  XJ-04: 12 文件, 312 行
  XJ-05: 12 文件, 312 行
  XJ-06: 12 文件, 312 行
  XJ-07: 11 文件, 286 行
  XJ-08: 10 文件, 294 行
  XJ-09: 10 文件, 260 行
  XJ-10: 10 文件, 260 行
  总计: 118 文件, 3661 行

📈 质量指标:
  文档覆盖率: 100.0%
  类型注解覆盖率: 36.4%

⚠️ 需要改进的文件:
  - 02/lucun/star/xj02_001.py (缺少类型注解)
  - 02/lucun/star/xj02_002.py (缺少类型注解)
  - 02/lucun/star/xj02_003.py (缺少类型注解)
  - 02/lucun/star/xj02_004.py (缺少类型注解)
  - 02/lucun/star/xj02_p0_001.py (缺少类型注解)
  - 02/lucun/star/xj02_p0_002.py (缺少类型注解)
  - 02/lucun/star/xj02_p0_003.py (缺少类型注解)
  - 02/lucun/star/xj02_p1_001.py (缺少类型注解)
  - 02/lucun/star/xj02_p1_003.py (缺少类型注解)
  - 02/lucun/star/xj02_p2_001.py (缺少类型注解)
  - 02/lucun/star/xj02_p2_002.py (缺少类型注解)
  - 02/lucun/star/xj_p3_002.py (缺少类型注解)
  - 04/lianzheng/star/xj04_001.py (缺少类型注解)
  - 04/lianzheng/star/xj04_002.py (缺少类型注解)
  - 04/lianzheng/star/xj04_003.py (缺少类型注解)
  - 04/lianzheng/star/xj04_004.py (缺少类型注解)
  - 04/lianzheng/star/xj04_005.py (缺少类型注解)
  - 04/lianzheng/star/xj04_p1_001.py (缺少类型注解)
  - 04/lianzheng/star/xj04_p1_002.py (缺少类型注解)
  - 04/lianzheng/star/xj04_p1_003.py (缺少类型注解)
  - 04/lianzheng/star/xj04_p1_004.py (缺少类型注解)
  - 04/lianzheng/star/xj04_p1_005.py (缺少类型注解)
  - 04/lianzheng/star/xj04_p2_001.py (缺少类型注解)
  - 04/lianzheng/star/xj04_p2_002.py (缺少类型注解)
  - 05/wuqu/star/xj05_001.py (缺少类型注解)
  - 05/wuqu/star/xj05_002.py (缺少类型注解)
  - 05/wuqu/star/xj05_003.py (缺少类型注解)
  - 05/wuqu/star/xj05_004.py (缺少类型注解)
  - 05/wuqu/star/xj05_005.py (缺少类型注解)
  - 05/wuqu/star/xj05_p1_001.py (缺少类型注解)
  - 05/wuqu/star/xj05_p1_002.py (缺少类型注解)
  - 05/wuqu/star/xj05_p1_003.py (缺少类型注解)
  - 05/wuqu/star/xj05_p1_004.py (缺少类型注解)
  - 05/wuqu/star/xj05_p1_005.py (缺少类型注解)
  - 05/wuqu/star/xj05_p2_001.py (缺少类型注解)
  - 05/wuqu/star/xj05_p2_002.py (缺少类型注解)
  - 06/pojun/star/xj06_001.py (缺少类型注解)
  - 06/pojun/star/xj06_002.py (缺少类型注解)
  - 06/pojun/star/xj06_003.py (缺少类型注解)
  - 06/pojun/star/xj06_004.py (缺少类型注解)
  - 06/pojun/star/xj06_005.py (缺少类型注解)
  - 06/pojun/star/xj06_p1_001.py (缺少类型注解)
  - 06/pojun/star/xj06_p1_002.py (缺少类型注解)
  - 06/pojun/star/xj06_p1_003.py (缺少类型注解)
  - 06/pojun/star/xj06_p1_004.py (缺少类型注解)
  - 06/pojun/star/xj06_p1_005.py (缺少类型注解)
  - 06/pojun/star/xj06_p2_001.py (缺少类型注解)
  - 06/pojun/star/xj06_p2_002.py (缺少类型注解)
  - 07/zuofu/star/xj07_001.py (缺少类型注解)
  - 07/zuofu/star/xj07_002.py (缺少类型注解)
  - 07/zuofu/star/xj07_003.py (缺少类型注解)
  - 07/zuofu/star/xj07_004.py (缺少类型注解)
  - 07/zuofu/star/xj07_005.py (缺少类型注解)
  - 07/zuofu/star/xj07_p1_001.py (缺少类型注解)
  - 07/zuofu/star/xj07_p1_002.py (缺少类型注解)
  - 07/zuofu/star/xj07_p1_003.py (缺少类型注解)
  - 07/zuofu/star/xj07_p1_004.py (缺少类型注解)
  - 07/zuofu/star/xj07_p1_005.py (缺少类型注解)
  - 07/zuofu/star/xj07_p2_001.py (缺少类型注解)
  - 08/youbi/star/xj08_001.py (缺少类型注解)
  - 08/youbi/star/xj08_003.py (缺少类型注解)
  - 08/youbi/star/xj08_004.py (缺少类型注解)
  - 08/youbi/star/xj08_p1_001.py (缺少类型注解)
  - 08/youbi/star/xj08_p1_003.py (缺少类型注解)
  - 08/youbi/star/xj08_p1_004.py (缺少类型注解)
  - 08/youbi/star/xj_p3_006.py (缺少类型注解)
  - 08/youbi/star/xj_p3_007.py (缺少类型注解)
  - 09/tanlang/star/xj09_001.py (缺少类型注解)
  - 09/tanlang/star/xj09_002.py (缺少类型注解)
  - 09/tanlang/star/xj09_003.py (缺少类型注解)
  - 09/tanlang/star/xj09_004.py (缺少类型注解)
  - 09/tanlang/star/xj09_005.py (缺少类型注解)
  - 09/tanlang/star/xj09_p1_001.py (缺少类型注解)
  - 09/tanlang/star/xj09_p1_002.py (缺少类型注解)
  - 09/tanlang/star/xj09_p1_003.py (缺少类型注解)
  - 09/tanlang/star/xj09_p1_004.py (缺少类型注解)
  - 09/tanlang/star/xj09_p1_005.py (缺少类型注解)
  - 10/fubi/star/xj10_001.py (缺少类型注解)
  - 10/fubi/star/xj10_002.py (缺少类型注解)
  - 10/fubi/star/xj10_003.py (缺少类型注解)
  - 10/fubi/star/xj10_004.py (缺少类型注解)
  - 10/fubi/star/xj10_005.py (缺少类型注解)
  - 10/fubi/star/xj10_p1_001.py (缺少类型注解)
  - 10/fubi/star/xj10_p1_002.py (缺少类型注解)
  - 10/fubi/star/xj10_p1_003.py (缺少类型注解)
  - 10/fubi/star/xj10_p1_004.py (缺少类型注解)
  - 10/fubi/star/xj10_p1_005.py (缺少类型注解)

=== 质检完成 ===
发现问题文件: 87 个
=== 张志远(002) 代码质检任务 ===
时间: Sun Mar 22 12:30:01 PM CST 2026

📊 代码统计:
  XJ-01: 16 文件, 688 行
  XJ-02: 12 文件, 456 行
  XJ-03: 13 文件, 481 行
  XJ-04: 12 文件, 312 行
  XJ-05: 12 文件, 312 行
  XJ-06: 12 文件, 312 行
  XJ-07: 11 文件, 286 行
  XJ-08: 10 文件, 294 行
  XJ-09: 10 文件, 260 行
  XJ-10: 10 文件, 260 行
  总计: 118 文件, 3661 行

📈 质量指标:
  文档覆盖率: 100.0%
  类型注解覆盖率: 36.4%

⚠️ 需要改进的文件:
  - 02/lucun/star/xj02_001.py (缺少类型注解)
  - 02/lucun/star/xj02_002.py (缺少类型注解)
  - 02/lucun/star/xj02_003.py (缺少类型注解)
  - 02/lucun/star/xj02_004.py (缺少类型注解)
  - 02/lucun/star/xj02_p0_001.py (缺少类型注解)
  - 02/lucun/star/xj02_p0_002.py (缺少类型注解)
  - 02/lucun/star/xj02_p0_003.py (缺少类型注解)
  - 02/lucun/star/xj02_p1_001.py (缺少类型注解)
  - 02/lucun/star/xj02_p1_003.py (缺少类型注解)
  - 02/lucun/star/xj02_p2_001.py (缺少类型注解)
  - 02/lucun/star/xj02_p2_002.py (缺少类型注解)
  - 02/lucun/star/xj_p3_002.py (缺少类型注解)
  - 04/lianzheng/star/xj04_001.py (缺少类型注解)
  - 04/lianzheng/star/xj04_002.py (缺少类型注解)
  - 04/lianzheng/star/xj04_003.py (缺少类型注解)
  - 04/lianzheng/star/xj04_004.py (缺少类型注解)
  - 04/lianzheng/star/xj04_005.py (缺少类型注解)
  - 04/lianzheng/star/xj04_p1_001.py (缺少类型注解)
  - 04/lianzheng/star/xj04_p1_002.py (缺少类型注解)
  - 04/lianzheng/star/xj04_p1_003.py (缺少类型注解)
  - 04/lianzheng/star/xj04_p1_004.py (缺少类型注解)
  - 04/lianzheng/star/xj04_p1_005.py (缺少类型注解)
  - 04/lianzheng/star/xj04_p2_001.py (缺少类型注解)
  - 04/lianzheng/star/xj04_p2_002.py (缺少类型注解)
  - 05/wuqu/star/xj05_001.py (缺少类型注解)
  - 05/wuqu/star/xj05_002.py (缺少类型注解)
  - 05/wuqu/star/xj05_003.py (缺少类型注解)
  - 05/wuqu/star/xj05_004.py (缺少类型注解)
  - 05/wuqu/star/xj05_005.py (缺少类型注解)
  - 05/wuqu/star/xj05_p1_001.py (缺少类型注解)
  - 05/wuqu/star/xj05_p1_002.py (缺少类型注解)
  - 05/wuqu/star/xj05_p1_003.py (缺少类型注解)
  - 05/wuqu/star/xj05_p1_004.py (缺少类型注解)
  - 05/wuqu/star/xj05_p1_005.py (缺少类型注解)
  - 05/wuqu/star/xj05_p2_001.py (缺少类型注解)
  - 05/wuqu/star/xj05_p2_002.py (缺少类型注解)
  - 06/pojun/star/xj06_001.py (缺少类型注解)
  - 06/pojun/star/xj06_002.py (缺少类型注解)
  - 06/pojun/star/xj06_003.py (缺少类型注解)
  - 06/pojun/star/xj06_004.py (缺少类型注解)
  - 06/pojun/star/xj06_005.py (缺少类型注解)
  - 06/pojun/star/xj06_p1_001.py (缺少类型注解)
  - 06/pojun/star/xj06_p1_002.py (缺少类型注解)
  - 06/pojun/star/xj06_p1_003.py (缺少类型注解)
  - 06/pojun/star/xj06_p1_004.py (缺少类型注解)
  - 06/pojun/star/xj06_p1_005.py (缺少类型注解)
  - 06/pojun/star/xj06_p2_001.py (缺少类型注解)
  - 06/pojun/star/xj06_p2_002.py (缺少类型注解)
  - 07/zuofu/star/xj07_001.py (缺少类型注解)
  - 07/zuofu/star/xj07_002.py (缺少类型注解)
  - 07/zuofu/star/xj07_003.py (缺少类型注解)
  - 07/zuofu/star/xj07_004.py (缺少类型注解)
  - 07/zuofu/star/xj07_005.py (缺少类型注解)
  - 07/zuofu/star/xj07_p1_001.py (缺少类型注解)
  - 07/zuofu/star/xj07_p1_002.py (缺少类型注解)
  - 07/zuofu/star/xj07_p1_003.py (缺少类型注解)
  - 07/zuofu/star/xj07_p1_004.py (缺少类型注解)
  - 07/zuofu/star/xj07_p1_005.py (缺少类型注解)
  - 07/zuofu/star/xj07_p2_001.py (缺少类型注解)
  - 08/youbi/star/xj08_001.py (缺少类型注解)
  - 08/youbi/star/xj08_003.py (缺少类型注解)
  - 08/youbi/star/xj08_004.py (缺少类型注解)
  - 08/youbi/star/xj08_p1_001.py (缺少类型注解)
  - 08/youbi/star/xj08_p1_003.py (缺少类型注解)
  - 08/youbi/star/xj08_p1_004.py (缺少类型注解)
  - 08/youbi/star/xj_p3_006.py (缺少类型注解)
  - 08/youbi/star/xj_p3_007.py (缺少类型注解)
  - 09/tanlang/star/xj09_001.py (缺少类型注解)
  - 09/tanlang/star/xj09_002.py (缺少类型注解)
  - 09/tanlang/star/xj09_003.py (缺少类型注解)
  - 09/tanlang/star/xj09_004.py (缺少类型注解)
  - 09/tanlang/star/xj09_005.py (缺少类型注解)
  - 09/tanlang/star/xj09_p1_001.py (缺少类型注解)
  - 09/tanlang/star/xj09_p1_002.py (缺少类型注解)
  - 09/tanlang/star/xj09_p1_003.py (缺少类型注解)
  - 09/tanlang/star/xj09_p1_004.py (缺少类型注解)
  - 09/tanlang/star/xj09_p1_005.py (缺少类型注解)
  - 10/fubi/star/xj10_001.py (缺少类型注解)
  - 10/fubi/star/xj10_002.py (缺少类型注解)
  - 10/fubi/star/xj10_003.py (缺少类型注解)
  - 10/fubi/star/xj10_004.py (缺少类型注解)
  - 10/fubi/star/xj10_005.py (缺少类型注解)
  - 10/fubi/star/xj10_p1_001.py (缺少类型注解)
  - 10/fubi/star/xj10_p1_002.py (缺少类型注解)
  - 10/fubi/star/xj10_p1_003.py (缺少类型注解)
  - 10/fubi/star/xj10_p1_004.py (缺少类型注解)
  - 10/fubi/star/xj10_p1_005.py (缺少类型注解)

=== 质检完成 ===
发现问题文件: 87 个
=== 张志远(002) 代码质检任务 ===
时间: Sun Mar 22 01:00:01 PM CST 2026

📊 代码统计:
  XJ-01: 16 文件, 688 行
  XJ-02: 12 文件, 456 行
  XJ-03: 13 文件, 481 行
  XJ-04: 12 文件, 312 行
  XJ-05: 12 文件, 312 行
  XJ-06: 12 文件, 312 行
  XJ-07: 11 文件, 286 行
  XJ-08: 10 文件, 294 行
  XJ-09: 10 文件, 260 行
  XJ-10: 10 文件, 260 行
  总计: 118 文件, 3661 行

📈 质量指标:
  文档覆盖率: 100.0%
  类型注解覆盖率: 36.4%

⚠️ 需要改进的文件:
  - 02/lucun/star/xj02_001.py (缺少类型注解)
  - 02/lucun/star/xj02_002.py (缺少类型注解)
  - 02/lucun/star/xj02_003.py (缺少类型注解)
  - 02/lucun/star/xj02_004.py (缺少类型注解)
  - 02/lucun/star/xj02_p0_001.py (缺少类型注解)
  - 02/lucun/star/xj02_p0_002.py (缺少类型注解)
  - 02/lucun/star/xj02_p0_003.py (缺少类型注解)
  - 02/lucun/star/xj02_p1_001.py (缺少类型注解)
  - 02/lucun/star/xj02_p1_003.py (缺少类型注解)
  - 02/lucun/star/xj02_p2_001.py (缺少类型注解)
  - 02/lucun/star/xj02_p2_002.py (缺少类型注解)
  - 02/lucun/star/xj_p3_002.py (缺少类型注解)
  - 04/lianzheng/star/xj04_001.py (缺少类型注解)
  - 04/lianzheng/star/xj04_002.py (缺少类型注解)
  - 04/lianzheng/star/xj04_003.py (缺少类型注解)
  - 04/lianzheng/star/xj04_004.py (缺少类型注解)
  - 04/lianzheng/star/xj04_005.py (缺少类型注解)
  - 04/lianzheng/star/xj04_p1_001.py (缺少类型注解)
  - 04/lianzheng/star/xj04_p1_002.py (缺少类型注解)
  - 04/lianzheng/star/xj04_p1_003.py (缺少类型注解)
  - 04/lianzheng/star/xj04_p1_004.py (缺少类型注解)
  - 04/lianzheng/star/xj04_p1_005.py (缺少类型注解)
  - 04/lianzheng/star/xj04_p2_001.py (缺少类型注解)
  - 04/lianzheng/star/xj04_p2_002.py (缺少类型注解)
  - 05/wuqu/star/xj05_001.py (缺少类型注解)
  - 05/wuqu/star/xj05_002.py (缺少类型注解)
  - 05/wuqu/star/xj05_003.py (缺少类型注解)
  - 05/wuqu/star/xj05_004.py (缺少类型注解)
  - 05/wuqu/star/xj05_005.py (缺少类型注解)
  - 05/wuqu/star/xj05_p1_001.py (缺少类型注解)
  - 05/wuqu/star/xj05_p1_002.py (缺少类型注解)
  - 05/wuqu/star/xj05_p1_003.py (缺少类型注解)
  - 05/wuqu/star/xj05_p1_004.py (缺少类型注解)
  - 05/wuqu/star/xj05_p1_005.py (缺少类型注解)
  - 05/wuqu/star/xj05_p2_001.py (缺少类型注解)
  - 05/wuqu/star/xj05_p2_002.py (缺少类型注解)
  - 06/pojun/star/xj06_001.py (缺少类型注解)
  - 06/pojun/star/xj06_002.py (缺少类型注解)
  - 06/pojun/star/xj06_003.py (缺少类型注解)
  - 06/pojun/star/xj06_004.py (缺少类型注解)
  - 06/pojun/star/xj06_005.py (缺少类型注解)
  - 06/pojun/star/xj06_p1_001.py (缺少类型注解)
  - 06/pojun/star/xj06_p1_002.py (缺少类型注解)
  - 06/pojun/star/xj06_p1_003.py (缺少类型注解)
  - 06/pojun/star/xj06_p1_004.py (缺少类型注解)
  - 06/pojun/star/xj06_p1_005.py (缺少类型注解)
  - 06/pojun/star/xj06_p2_001.py (缺少类型注解)
  - 06/pojun/star/xj06_p2_002.py (缺少类型注解)
  - 07/zuofu/star/xj07_001.py (缺少类型注解)
  - 07/zuofu/star/xj07_002.py (缺少类型注解)
  - 07/zuofu/star/xj07_003.py (缺少类型注解)
  - 07/zuofu/star/xj07_004.py (缺少类型注解)
  - 07/zuofu/star/xj07_005.py (缺少类型注解)
  - 07/zuofu/star/xj07_p1_001.py (缺少类型注解)
  - 07/zuofu/star/xj07_p1_002.py (缺少类型注解)
  - 07/zuofu/star/xj07_p1_003.py (缺少类型注解)
  - 07/zuofu/star/xj07_p1_004.py (缺少类型注解)
  - 07/zuofu/star/xj07_p1_005.py (缺少类型注解)
  - 07/zuofu/star/xj07_p2_001.py (缺少类型注解)
  - 08/youbi/star/xj08_001.py (缺少类型注解)
  - 08/youbi/star/xj08_003.py (缺少类型注解)
  - 08/youbi/star/xj08_004.py (缺少类型注解)
  - 08/youbi/star/xj08_p1_001.py (缺少类型注解)
  - 08/youbi/star/xj08_p1_003.py (缺少类型注解)
  - 08/youbi/star/xj08_p1_004.py (缺少类型注解)
  - 08/youbi/star/xj_p3_006.py (缺少类型注解)
  - 08/youbi/star/xj_p3_007.py (缺少类型注解)
  - 09/tanlang/star/xj09_001.py (缺少类型注解)
  - 09/tanlang/star/xj09_002.py (缺少类型注解)
  - 09/tanlang/star/xj09_003.py (缺少类型注解)
  - 09/tanlang/star/xj09_004.py (缺少类型注解)
  - 09/tanlang/star/xj09_005.py (缺少类型注解)
  - 09/tanlang/star/xj09_p1_001.py (缺少类型注解)
  - 09/tanlang/star/xj09_p1_002.py (缺少类型注解)
  - 09/tanlang/star/xj09_p1_003.py (缺少类型注解)
  - 09/tanlang/star/xj09_p1_004.py (缺少类型注解)
  - 09/tanlang/star/xj09_p1_005.py (缺少类型注解)
  - 10/fubi/star/xj10_001.py (缺少类型注解)
  - 10/fubi/star/xj10_002.py (缺少类型注解)
  - 10/fubi/star/xj10_003.py (缺少类型注解)
  - 10/fubi/star/xj10_004.py (缺少类型注解)
  - 10/fubi/star/xj10_005.py (缺少类型注解)
  - 10/fubi/star/xj10_p1_001.py (缺少类型注解)
  - 10/fubi/star/xj10_p1_002.py (缺少类型注解)
  - 10/fubi/star/xj10_p1_003.py (缺少类型注解)
  - 10/fubi/star/xj10_p1_004.py (缺少类型注解)
  - 10/fubi/star/xj10_p1_005.py (缺少类型注解)

=== 质检完成 ===
发现问题文件: 87 个
=== 张志远(002) 代码质检任务 ===
时间: Sun Mar 22 01:30:01 PM CST 2026

📊 代码统计:
  XJ-01: 16 文件, 688 行
  XJ-02: 12 文件, 456 行
  XJ-03: 13 文件, 481 行
  XJ-04: 12 文件, 312 行
  XJ-05: 12 文件, 312 行
  XJ-06: 12 文件, 312 行
  XJ-07: 11 文件, 286 行
  XJ-08: 10 文件, 294 行
  XJ-09: 10 文件, 260 行
  XJ-10: 10 文件, 260 行
  总计: 118 文件, 3661 行

📈 质量指标:
  文档覆盖率: 100.0%
  类型注解覆盖率: 36.4%

⚠️ 需要改进的文件:
  - 02/lucun/star/xj02_001.py (缺少类型注解)
  - 02/lucun/star/xj02_002.py (缺少类型注解)
  - 02/lucun/star/xj02_003.py (缺少类型注解)
  - 02/lucun/star/xj02_004.py (缺少类型注解)
  - 02/lucun/star/xj02_p0_001.py (缺少类型注解)
  - 02/lucun/star/xj02_p0_002.py (缺少类型注解)
  - 02/lucun/star/xj02_p0_003.py (缺少类型注解)
  - 02/lucun/star/xj02_p1_001.py (缺少类型注解)
  - 02/lucun/star/xj02_p1_003.py (缺少类型注解)
  - 02/lucun/star/xj02_p2_001.py (缺少类型注解)
  - 02/lucun/star/xj02_p2_002.py (缺少类型注解)
  - 02/lucun/star/xj_p3_002.py (缺少类型注解)
  - 04/lianzheng/star/xj04_001.py (缺少类型注解)
  - 04/lianzheng/star/xj04_002.py (缺少类型注解)
  - 04/lianzheng/star/xj04_003.py (缺少类型注解)
  - 04/lianzheng/star/xj04_004.py (缺少类型注解)
  - 04/lianzheng/star/xj04_005.py (缺少类型注解)
  - 04/lianzheng/star/xj04_p1_001.py (缺少类型注解)
  - 04/lianzheng/star/xj04_p1_002.py (缺少类型注解)
  - 04/lianzheng/star/xj04_p1_003.py (缺少类型注解)
  - 04/lianzheng/star/xj04_p1_004.py (缺少类型注解)
  - 04/lianzheng/star/xj04_p1_005.py (缺少类型注解)
  - 04/lianzheng/star/xj04_p2_001.py (缺少类型注解)
  - 04/lianzheng/star/xj04_p2_002.py (缺少类型注解)
  - 05/wuqu/star/xj05_001.py (缺少类型注解)
  - 05/wuqu/star/xj05_002.py (缺少类型注解)
  - 05/wuqu/star/xj05_003.py (缺少类型注解)
  - 05/wuqu/star/xj05_004.py (缺少类型注解)
  - 05/wuqu/star/xj05_005.py (缺少类型注解)
  - 05/wuqu/star/xj05_p1_001.py (缺少类型注解)
  - 05/wuqu/star/xj05_p1_002.py (缺少类型注解)
  - 05/wuqu/star/xj05_p1_003.py (缺少类型注解)
  - 05/wuqu/star/xj05_p1_004.py (缺少类型注解)
  - 05/wuqu/star/xj05_p1_005.py (缺少类型注解)
  - 05/wuqu/star/xj05_p2_001.py (缺少类型注解)
  - 05/wuqu/star/xj05_p2_002.py (缺少类型注解)
  - 06/pojun/star/xj06_001.py (缺少类型注解)
  - 06/pojun/star/xj06_002.py (缺少类型注解)
  - 06/pojun/star/xj06_003.py (缺少类型注解)
  - 06/pojun/star/xj06_004.py (缺少类型注解)
  - 06/pojun/star/xj06_005.py (缺少类型注解)
  - 06/pojun/star/xj06_p1_001.py (缺少类型注解)
  - 06/pojun/star/xj06_p1_002.py (缺少类型注解)
  - 06/pojun/star/xj06_p1_003.py (缺少类型注解)
  - 06/pojun/star/xj06_p1_004.py (缺少类型注解)
  - 06/pojun/star/xj06_p1_005.py (缺少类型注解)
  - 06/pojun/star/xj06_p2_001.py (缺少类型注解)
  - 06/pojun/star/xj06_p2_002.py (缺少类型注解)
  - 07/zuofu/star/xj07_001.py (缺少类型注解)
  - 07/zuofu/star/xj07_002.py (缺少类型注解)
  - 07/zuofu/star/xj07_003.py (缺少类型注解)
  - 07/zuofu/star/xj07_004.py (缺少类型注解)
  - 07/zuofu/star/xj07_005.py (缺少类型注解)
  - 07/zuofu/star/xj07_p1_001.py (缺少类型注解)
  - 07/zuofu/star/xj07_p1_002.py (缺少类型注解)
  - 07/zuofu/star/xj07_p1_003.py (缺少类型注解)
  - 07/zuofu/star/xj07_p1_004.py (缺少类型注解)
  - 07/zuofu/star/xj07_p1_005.py (缺少类型注解)
  - 07/zuofu/star/xj07_p2_001.py (缺少类型注解)
  - 08/youbi/star/xj08_001.py (缺少类型注解)
  - 08/youbi/star/xj08_003.py (缺少类型注解)
  - 08/youbi/star/xj08_004.py (缺少类型注解)
  - 08/youbi/star/xj08_p1_001.py (缺少类型注解)
  - 08/youbi/star/xj08_p1_003.py (缺少类型注解)
  - 08/youbi/star/xj08_p1_004.py (缺少类型注解)
  - 08/youbi/star/xj_p3_006.py (缺少类型注解)
  - 08/youbi/star/xj_p3_007.py (缺少类型注解)
  - 09/tanlang/star/xj09_001.py (缺少类型注解)
  - 09/tanlang/star/xj09_002.py (缺少类型注解)
  - 09/tanlang/star/xj09_003.py (缺少类型注解)
  - 09/tanlang/star/xj09_004.py (缺少类型注解)
  - 09/tanlang/star/xj09_005.py (缺少类型注解)
  - 09/tanlang/star/xj09_p1_001.py (缺少类型注解)
  - 09/tanlang/star/xj09_p1_002.py (缺少类型注解)
  - 09/tanlang/star/xj09_p1_003.py (缺少类型注解)
  - 09/tanlang/star/xj09_p1_004.py (缺少类型注解)
  - 09/tanlang/star/xj09_p1_005.py (缺少类型注解)
  - 10/fubi/star/xj10_001.py (缺少类型注解)
  - 10/fubi/star/xj10_002.py (缺少类型注解)
  - 10/fubi/star/xj10_003.py (缺少类型注解)
  - 10/fubi/star/xj10_004.py (缺少类型注解)
  - 10/fubi/star/xj10_005.py (缺少类型注解)
  - 10/fubi/star/xj10_p1_001.py (缺少类型注解)
  - 10/fubi/star/xj10_p1_002.py (缺少类型注解)
  - 10/fubi/star/xj10_p1_003.py (缺少类型注解)
  - 10/fubi/star/xj10_p1_004.py (缺少类型注解)
  - 10/fubi/star/xj10_p1_005.py (缺少类型注解)

=== 质检完成 ===
发现问题文件: 87 个
=== 张志远(002) 代码质检任务 ===
时间: Sun Mar 22 02:00:01 PM CST 2026

📊 代码统计:
  XJ-01: 16 文件, 688 行
  XJ-02: 12 文件, 456 行
  XJ-03: 13 文件, 481 行
  XJ-04: 12 文件, 312 行
  XJ-05: 12 文件, 312 行
  XJ-06: 12 文件, 312 行
  XJ-07: 11 文件, 286 行
  XJ-08: 10 文件, 294 行
  XJ-09: 10 文件, 260 行
  XJ-10: 10 文件, 260 行
  总计: 118 文件, 3661 行

📈 质量指标:
  文档覆盖率: 100.0%
  类型注解覆盖率: 36.4%

⚠️ 需要改进的文件:
  - 02/lucun/star/xj02_001.py (缺少类型注解)
  - 02/lucun/star/xj02_002.py (缺少类型注解)
  - 02/lucun/star/xj02_003.py (缺少类型注解)
  - 02/lucun/star/xj02_004.py (缺少类型注解)
  - 02/lucun/star/xj02_p0_001.py (缺少类型注解)
  - 02/lucun/star/xj02_p0_002.py (缺少类型注解)
  - 02/lucun/star/xj02_p0_003.py (缺少类型注解)
  - 02/lucun/star/xj02_p1_001.py (缺少类型注解)
  - 02/lucun/star/xj02_p1_003.py (缺少类型注解)
  - 02/lucun/star/xj02_p2_001.py (缺少类型注解)
  - 02/lucun/star/xj02_p2_002.py (缺少类型注解)
  - 02/lucun/star/xj_p3_002.py (缺少类型注解)
  - 04/lianzheng/star/xj04_001.py (缺少类型注解)
  - 04/lianzheng/star/xj04_002.py (缺少类型注解)
  - 04/lianzheng/star/xj04_003.py (缺少类型注解)
  - 04/lianzheng/star/xj04_004.py (缺少类型注解)
  - 04/lianzheng/star/xj04_005.py (缺少类型注解)
  - 04/lianzheng/star/xj04_p1_001.py (缺少类型注解)
  - 04/lianzheng/star/xj04_p1_002.py (缺少类型注解)
  - 04/lianzheng/star/xj04_p1_003.py (缺少类型注解)
  - 04/lianzheng/star/xj04_p1_004.py (缺少类型注解)
  - 04/lianzheng/star/xj04_p1_005.py (缺少类型注解)
  - 04/lianzheng/star/xj04_p2_001.py (缺少类型注解)
  - 04/lianzheng/star/xj04_p2_002.py (缺少类型注解)
  - 05/wuqu/star/xj05_001.py (缺少类型注解)
  - 05/wuqu/star/xj05_002.py (缺少类型注解)
  - 05/wuqu/star/xj05_003.py (缺少类型注解)
  - 05/wuqu/star/xj05_004.py (缺少类型注解)
  - 05/wuqu/star/xj05_005.py (缺少类型注解)
  - 05/wuqu/star/xj05_p1_001.py (缺少类型注解)
  - 05/wuqu/star/xj05_p1_002.py (缺少类型注解)
  - 05/wuqu/star/xj05_p1_003.py (缺少类型注解)
  - 05/wuqu/star/xj05_p1_004.py (缺少类型注解)
  - 05/wuqu/star/xj05_p1_005.py (缺少类型注解)
  - 05/wuqu/star/xj05_p2_001.py (缺少类型注解)
  - 05/wuqu/star/xj05_p2_002.py (缺少类型注解)
  - 06/pojun/star/xj06_001.py (缺少类型注解)
  - 06/pojun/star/xj06_002.py (缺少类型注解)
  - 06/pojun/star/xj06_003.py (缺少类型注解)
  - 06/pojun/star/xj06_004.py (缺少类型注解)
  - 06/pojun/star/xj06_005.py (缺少类型注解)
  - 06/pojun/star/xj06_p1_001.py (缺少类型注解)
  - 06/pojun/star/xj06_p1_002.py (缺少类型注解)
  - 06/pojun/star/xj06_p1_003.py (缺少类型注解)
  - 06/pojun/star/xj06_p1_004.py (缺少类型注解)
  - 06/pojun/star/xj06_p1_005.py (缺少类型注解)
  - 06/pojun/star/xj06_p2_001.py (缺少类型注解)
  - 06/pojun/star/xj06_p2_002.py (缺少类型注解)
  - 07/zuofu/star/xj07_001.py (缺少类型注解)
  - 07/zuofu/star/xj07_002.py (缺少类型注解)
  - 07/zuofu/star/xj07_003.py (缺少类型注解)
  - 07/zuofu/star/xj07_004.py (缺少类型注解)
  - 07/zuofu/star/xj07_005.py (缺少类型注解)
  - 07/zuofu/star/xj07_p1_001.py (缺少类型注解)
  - 07/zuofu/star/xj07_p1_002.py (缺少类型注解)
  - 07/zuofu/star/xj07_p1_003.py (缺少类型注解)
  - 07/zuofu/star/xj07_p1_004.py (缺少类型注解)
  - 07/zuofu/star/xj07_p1_005.py (缺少类型注解)
  - 07/zuofu/star/xj07_p2_001.py (缺少类型注解)
  - 08/youbi/star/xj08_001.py (缺少类型注解)
  - 08/youbi/star/xj08_003.py (缺少类型注解)
  - 08/youbi/star/xj08_004.py (缺少类型注解)
  - 08/youbi/star/xj08_p1_001.py (缺少类型注解)
  - 08/youbi/star/xj08_p1_003.py (缺少类型注解)
  - 08/youbi/star/xj08_p1_004.py (缺少类型注解)
  - 08/youbi/star/xj_p3_006.py (缺少类型注解)
  - 08/youbi/star/xj_p3_007.py (缺少类型注解)
  - 09/tanlang/star/xj09_001.py (缺少类型注解)
  - 09/tanlang/star/xj09_002.py (缺少类型注解)
  - 09/tanlang/star/xj09_003.py (缺少类型注解)
  - 09/tanlang/star/xj09_004.py (缺少类型注解)
  - 09/tanlang/star/xj09_005.py (缺少类型注解)
  - 09/tanlang/star/xj09_p1_001.py (缺少类型注解)
  - 09/tanlang/star/xj09_p1_002.py (缺少类型注解)
  - 09/tanlang/star/xj09_p1_003.py (缺少类型注解)
  - 09/tanlang/star/xj09_p1_004.py (缺少类型注解)
  - 09/tanlang/star/xj09_p1_005.py (缺少类型注解)
  - 10/fubi/star/xj10_001.py (缺少类型注解)
  - 10/fubi/star/xj10_002.py (缺少类型注解)
  - 10/fubi/star/xj10_003.py (缺少类型注解)
  - 10/fubi/star/xj10_004.py (缺少类型注解)
  - 10/fubi/star/xj10_005.py (缺少类型注解)
  - 10/fubi/star/xj10_p1_001.py (缺少类型注解)
  - 10/fubi/star/xj10_p1_002.py (缺少类型注解)
  - 10/fubi/star/xj10_p1_003.py (缺少类型注解)
  - 10/fubi/star/xj10_p1_004.py (缺少类型注解)
  - 10/fubi/star/xj10_p1_005.py (缺少类型注解)

=== 质检完成 ===
发现问题文件: 87 个
=== 张志远(002) 代码质检任务 ===
时间: Sun Mar 22 02:30:01 PM CST 2026

📊 代码统计:
  XJ-01: 16 文件, 688 行
  XJ-02: 12 文件, 456 行
  XJ-03: 13 文件, 481 行
  XJ-04: 12 文件, 312 行
  XJ-05: 12 文件, 312 行
  XJ-06: 12 文件, 312 行
  XJ-07: 11 文件, 286 行
  XJ-08: 10 文件, 294 行
  XJ-09: 10 文件, 260 行
  XJ-10: 10 文件, 260 行
  总计: 118 文件, 3661 行

📈 质量指标:
  文档覆盖率: 100.0%
  类型注解覆盖率: 36.4%

⚠️ 需要改进的文件:
  - 02/lucun/star/xj02_001.py (缺少类型注解)
  - 02/lucun/star/xj02_002.py (缺少类型注解)
  - 02/lucun/star/xj02_003.py (缺少类型注解)
  - 02/lucun/star/xj02_004.py (缺少类型注解)
  - 02/lucun/star/xj02_p0_001.py (缺少类型注解)
  - 02/lucun/star/xj02_p0_002.py (缺少类型注解)
  - 02/lucun/star/xj02_p0_003.py (缺少类型注解)
  - 02/lucun/star/xj02_p1_001.py (缺少类型注解)
  - 02/lucun/star/xj02_p1_003.py (缺少类型注解)
  - 02/lucun/star/xj02_p2_001.py (缺少类型注解)
  - 02/lucun/star/xj02_p2_002.py (缺少类型注解)
  - 02/lucun/star/xj_p3_002.py (缺少类型注解)
  - 04/lianzheng/star/xj04_001.py (缺少类型注解)
  - 04/lianzheng/star/xj04_002.py (缺少类型注解)
  - 04/lianzheng/star/xj04_003.py (缺少类型注解)
  - 04/lianzheng/star/xj04_004.py (缺少类型注解)
  - 04/lianzheng/star/xj04_005.py (缺少类型注解)
  - 04/lianzheng/star/xj04_p1_001.py (缺少类型注解)
  - 04/lianzheng/star/xj04_p1_002.py (缺少类型注解)
  - 04/lianzheng/star/xj04_p1_003.py (缺少类型注解)
  - 04/lianzheng/star/xj04_p1_004.py (缺少类型注解)
  - 04/lianzheng/star/xj04_p1_005.py (缺少类型注解)
  - 04/lianzheng/star/xj04_p2_001.py (缺少类型注解)
  - 04/lianzheng/star/xj04_p2_002.py (缺少类型注解)
  - 05/wuqu/star/xj05_001.py (缺少类型注解)
  - 05/wuqu/star/xj05_002.py (缺少类型注解)
  - 05/wuqu/star/xj05_003.py (缺少类型注解)
  - 05/wuqu/star/xj05_004.py (缺少类型注解)
  - 05/wuqu/star/xj05_005.py (缺少类型注解)
  - 05/wuqu/star/xj05_p1_001.py (缺少类型注解)
  - 05/wuqu/star/xj05_p1_002.py (缺少类型注解)
  - 05/wuqu/star/xj05_p1_003.py (缺少类型注解)
  - 05/wuqu/star/xj05_p1_004.py (缺少类型注解)
  - 05/wuqu/star/xj05_p1_005.py (缺少类型注解)
  - 05/wuqu/star/xj05_p2_001.py (缺少类型注解)
  - 05/wuqu/star/xj05_p2_002.py (缺少类型注解)
  - 06/pojun/star/xj06_001.py (缺少类型注解)
  - 06/pojun/star/xj06_002.py (缺少类型注解)
  - 06/pojun/star/xj06_003.py (缺少类型注解)
  - 06/pojun/star/xj06_004.py (缺少类型注解)
  - 06/pojun/star/xj06_005.py (缺少类型注解)
  - 06/pojun/star/xj06_p1_001.py (缺少类型注解)
  - 06/pojun/star/xj06_p1_002.py (缺少类型注解)
  - 06/pojun/star/xj06_p1_003.py (缺少类型注解)
  - 06/pojun/star/xj06_p1_004.py (缺少类型注解)
  - 06/pojun/star/xj06_p1_005.py (缺少类型注解)
  - 06/pojun/star/xj06_p2_001.py (缺少类型注解)
  - 06/pojun/star/xj06_p2_002.py (缺少类型注解)
  - 07/zuofu/star/xj07_001.py (缺少类型注解)
  - 07/zuofu/star/xj07_002.py (缺少类型注解)
  - 07/zuofu/star/xj07_003.py (缺少类型注解)
  - 07/zuofu/star/xj07_004.py (缺少类型注解)
  - 07/zuofu/star/xj07_005.py (缺少类型注解)
  - 07/zuofu/star/xj07_p1_001.py (缺少类型注解)
  - 07/zuofu/star/xj07_p1_002.py (缺少类型注解)
  - 07/zuofu/star/xj07_p1_003.py (缺少类型注解)
  - 07/zuofu/star/xj07_p1_004.py (缺少类型注解)
  - 07/zuofu/star/xj07_p1_005.py (缺少类型注解)
  - 07/zuofu/star/xj07_p2_001.py (缺少类型注解)
  - 08/youbi/star/xj08_001.py (缺少类型注解)
  - 08/youbi/star/xj08_003.py (缺少类型注解)
  - 08/youbi/star/xj08_004.py (缺少类型注解)
  - 08/youbi/star/xj08_p1_001.py (缺少类型注解)
  - 08/youbi/star/xj08_p1_003.py (缺少类型注解)
  - 08/youbi/star/xj08_p1_004.py (缺少类型注解)
  - 08/youbi/star/xj_p3_006.py (缺少类型注解)
  - 08/youbi/star/xj_p3_007.py (缺少类型注解)
  - 09/tanlang/star/xj09_001.py (缺少类型注解)
  - 09/tanlang/star/xj09_002.py (缺少类型注解)
  - 09/tanlang/star/xj09_003.py (缺少类型注解)
  - 09/tanlang/star/xj09_004.py (缺少类型注解)
  - 09/tanlang/star/xj09_005.py (缺少类型注解)
  - 09/tanlang/star/xj09_p1_001.py (缺少类型注解)
  - 09/tanlang/star/xj09_p1_002.py (缺少类型注解)
  - 09/tanlang/star/xj09_p1_003.py (缺少类型注解)
  - 09/tanlang/star/xj09_p1_004.py (缺少类型注解)
  - 09/tanlang/star/xj09_p1_005.py (缺少类型注解)
  - 10/fubi/star/xj10_001.py (缺少类型注解)
  - 10/fubi/star/xj10_002.py (缺少类型注解)
  - 10/fubi/star/xj10_003.py (缺少类型注解)
  - 10/fubi/star/xj10_004.py (缺少类型注解)
  - 10/fubi/star/xj10_005.py (缺少类型注解)
  - 10/fubi/star/xj10_p1_001.py (缺少类型注解)
  - 10/fubi/star/xj10_p1_002.py (缺少类型注解)
  - 10/fubi/star/xj10_p1_003.py (缺少类型注解)
  - 10/fubi/star/xj10_p1_004.py (缺少类型注解)
  - 10/fubi/star/xj10_p1_005.py (缺少类型注解)

=== 质检完成 ===
发现问题文件: 87 个
=== 张志远(002) 代码质检任务 ===
时间: Sun Mar 22 03:00:01 PM CST 2026

📊 代码统计:
  XJ-01: 16 文件, 688 行
  XJ-02: 12 文件, 456 行
  XJ-03: 13 文件, 481 行
  XJ-04: 12 文件, 312 行
  XJ-05: 12 文件, 312 行
  XJ-06: 12 文件, 312 行
  XJ-07: 11 文件, 286 行
  XJ-08: 10 文件, 294 行
  XJ-09: 10 文件, 260 行
  XJ-10: 10 文件, 260 行
  总计: 118 文件, 3661 行

📈 质量指标:
  文档覆盖率: 100.0%
  类型注解覆盖率: 36.4%

⚠️ 需要改进的文件:
  - 02/lucun/star/xj02_001.py (缺少类型注解)
  - 02/lucun/star/xj02_002.py (缺少类型注解)
  - 02/lucun/star/xj02_003.py (缺少类型注解)
  - 02/lucun/star/xj02_004.py (缺少类型注解)
  - 02/lucun/star/xj02_p0_001.py (缺少类型注解)
  - 02/lucun/star/xj02_p0_002.py (缺少类型注解)
  - 02/lucun/star/xj02_p0_003.py (缺少类型注解)
  - 02/lucun/star/xj02_p1_001.py (缺少类型注解)
  - 02/lucun/star/xj02_p1_003.py (缺少类型注解)
  - 02/lucun/star/xj02_p2_001.py (缺少类型注解)
  - 02/lucun/star/xj02_p2_002.py (缺少类型注解)
  - 02/lucun/star/xj_p3_002.py (缺少类型注解)
  - 04/lianzheng/star/xj04_001.py (缺少类型注解)
  - 04/lianzheng/star/xj04_002.py (缺少类型注解)
  - 04/lianzheng/star/xj04_003.py (缺少类型注解)
  - 04/lianzheng/star/xj04_004.py (缺少类型注解)
  - 04/lianzheng/star/xj04_005.py (缺少类型注解)
  - 04/lianzheng/star/xj04_p1_001.py (缺少类型注解)
  - 04/lianzheng/star/xj04_p1_002.py (缺少类型注解)
  - 04/lianzheng/star/xj04_p1_003.py (缺少类型注解)
  - 04/lianzheng/star/xj04_p1_004.py (缺少类型注解)
  - 04/lianzheng/star/xj04_p1_005.py (缺少类型注解)
  - 04/lianzheng/star/xj04_p2_001.py (缺少类型注解)
  - 04/lianzheng/star/xj04_p2_002.py (缺少类型注解)
  - 05/wuqu/star/xj05_001.py (缺少类型注解)
  - 05/wuqu/star/xj05_002.py (缺少类型注解)
  - 05/wuqu/star/xj05_003.py (缺少类型注解)
  - 05/wuqu/star/xj05_004.py (缺少类型注解)
  - 05/wuqu/star/xj05_005.py (缺少类型注解)
  - 05/wuqu/star/xj05_p1_001.py (缺少类型注解)
  - 05/wuqu/star/xj05_p1_002.py (缺少类型注解)
  - 05/wuqu/star/xj05_p1_003.py (缺少类型注解)
  - 05/wuqu/star/xj05_p1_004.py (缺少类型注解)
  - 05/wuqu/star/xj05_p1_005.py (缺少类型注解)
  - 05/wuqu/star/xj05_p2_001.py (缺少类型注解)
  - 05/wuqu/star/xj05_p2_002.py (缺少类型注解)
  - 06/pojun/star/xj06_001.py (缺少类型注解)
  - 06/pojun/star/xj06_002.py (缺少类型注解)
  - 06/pojun/star/xj06_003.py (缺少类型注解)
  - 06/pojun/star/xj06_004.py (缺少类型注解)
  - 06/pojun/star/xj06_005.py (缺少类型注解)
  - 06/pojun/star/xj06_p1_001.py (缺少类型注解)
  - 06/pojun/star/xj06_p1_002.py (缺少类型注解)
  - 06/pojun/star/xj06_p1_003.py (缺少类型注解)
  - 06/pojun/star/xj06_p1_004.py (缺少类型注解)
  - 06/pojun/star/xj06_p1_005.py (缺少类型注解)
  - 06/pojun/star/xj06_p2_001.py (缺少类型注解)
  - 06/pojun/star/xj06_p2_002.py (缺少类型注解)
  - 07/zuofu/star/xj07_001.py (缺少类型注解)
  - 07/zuofu/star/xj07_002.py (缺少类型注解)
  - 07/zuofu/star/xj07_003.py (缺少类型注解)
  - 07/zuofu/star/xj07_004.py (缺少类型注解)
  - 07/zuofu/star/xj07_005.py (缺少类型注解)
  - 07/zuofu/star/xj07_p1_001.py (缺少类型注解)
  - 07/zuofu/star/xj07_p1_002.py (缺少类型注解)
  - 07/zuofu/star/xj07_p1_003.py (缺少类型注解)
  - 07/zuofu/star/xj07_p1_004.py (缺少类型注解)
  - 07/zuofu/star/xj07_p1_005.py (缺少类型注解)
  - 07/zuofu/star/xj07_p2_001.py (缺少类型注解)
  - 08/youbi/star/xj08_001.py (缺少类型注解)
  - 08/youbi/star/xj08_003.py (缺少类型注解)
  - 08/youbi/star/xj08_004.py (缺少类型注解)
  - 08/youbi/star/xj08_p1_001.py (缺少类型注解)
  - 08/youbi/star/xj08_p1_003.py (缺少类型注解)
  - 08/youbi/star/xj08_p1_004.py (缺少类型注解)
  - 08/youbi/star/xj_p3_006.py (缺少类型注解)
  - 08/youbi/star/xj_p3_007.py (缺少类型注解)
  - 09/tanlang/star/xj09_001.py (缺少类型注解)
  - 09/tanlang/star/xj09_002.py (缺少类型注解)
  - 09/tanlang/star/xj09_003.py (缺少类型注解)
  - 09/tanlang/star/xj09_004.py (缺少类型注解)
  - 09/tanlang/star/xj09_005.py (缺少类型注解)
  - 09/tanlang/star/xj09_p1_001.py (缺少类型注解)
  - 09/tanlang/star/xj09_p1_002.py (缺少类型注解)
  - 09/tanlang/star/xj09_p1_003.py (缺少类型注解)
  - 09/tanlang/star/xj09_p1_004.py (缺少类型注解)
  - 09/tanlang/star/xj09_p1_005.py (缺少类型注解)
  - 10/fubi/star/xj10_001.py (缺少类型注解)
  - 10/fubi/star/xj10_002.py (缺少类型注解)
  - 10/fubi/star/xj10_003.py (缺少类型注解)
  - 10/fubi/star/xj10_004.py (缺少类型注解)
  - 10/fubi/star/xj10_005.py (缺少类型注解)
  - 10/fubi/star/xj10_p1_001.py (缺少类型注解)
  - 10/fubi/star/xj10_p1_002.py (缺少类型注解)
  - 10/fubi/star/xj10_p1_003.py (缺少类型注解)
  - 10/fubi/star/xj10_p1_004.py (缺少类型注解)
  - 10/fubi/star/xj10_p1_005.py (缺少类型注解)

=== 质检完成 ===
发现问题文件: 87 个
=== 张志远(002) 代码质检任务 ===
时间: Sun Mar 22 03:30:01 PM CST 2026

📊 代码统计:
  XJ-01: 16 文件, 688 行
  XJ-02: 12 文件, 456 行
  XJ-03: 13 文件, 481 行
  XJ-04: 12 文件, 312 行
  XJ-05: 12 文件, 312 行
  XJ-06: 12 文件, 312 行
  XJ-07: 11 文件, 286 行
  XJ-08: 10 文件, 294 行
  XJ-09: 10 文件, 260 行
  XJ-10: 10 文件, 260 行
  总计: 118 文件, 3661 行

📈 质量指标:
  文档覆盖率: 100.0%
  类型注解覆盖率: 36.4%

⚠️ 需要改进的文件:
  - 02/lucun/star/xj02_001.py (缺少类型注解)
  - 02/lucun/star/xj02_002.py (缺少类型注解)
  - 02/lucun/star/xj02_003.py (缺少类型注解)
  - 02/lucun/star/xj02_004.py (缺少类型注解)
  - 02/lucun/star/xj02_p0_001.py (缺少类型注解)
  - 02/lucun/star/xj02_p0_002.py (缺少类型注解)
  - 02/lucun/star/xj02_p0_003.py (缺少类型注解)
  - 02/lucun/star/xj02_p1_001.py (缺少类型注解)
  - 02/lucun/star/xj02_p1_003.py (缺少类型注解)
  - 02/lucun/star/xj02_p2_001.py (缺少类型注解)
  - 02/lucun/star/xj02_p2_002.py (缺少类型注解)
  - 02/lucun/star/xj_p3_002.py (缺少类型注解)
  - 04/lianzheng/star/xj04_001.py (缺少类型注解)
  - 04/lianzheng/star/xj04_002.py (缺少类型注解)
  - 04/lianzheng/star/xj04_003.py (缺少类型注解)
  - 04/lianzheng/star/xj04_004.py (缺少类型注解)
  - 04/lianzheng/star/xj04_005.py (缺少类型注解)
  - 04/lianzheng/star/xj04_p1_001.py (缺少类型注解)
  - 04/lianzheng/star/xj04_p1_002.py (缺少类型注解)
  - 04/lianzheng/star/xj04_p1_003.py (缺少类型注解)
  - 04/lianzheng/star/xj04_p1_004.py (缺少类型注解)
  - 04/lianzheng/star/xj04_p1_005.py (缺少类型注解)
  - 04/lianzheng/star/xj04_p2_001.py (缺少类型注解)
  - 04/lianzheng/star/xj04_p2_002.py (缺少类型注解)
  - 05/wuqu/star/xj05_001.py (缺少类型注解)
  - 05/wuqu/star/xj05_002.py (缺少类型注解)
  - 05/wuqu/star/xj05_003.py (缺少类型注解)
  - 05/wuqu/star/xj05_004.py (缺少类型注解)
  - 05/wuqu/star/xj05_005.py (缺少类型注解)
  - 05/wuqu/star/xj05_p1_001.py (缺少类型注解)
  - 05/wuqu/star/xj05_p1_002.py (缺少类型注解)
  - 05/wuqu/star/xj05_p1_003.py (缺少类型注解)
  - 05/wuqu/star/xj05_p1_004.py (缺少类型注解)
  - 05/wuqu/star/xj05_p1_005.py (缺少类型注解)
  - 05/wuqu/star/xj05_p2_001.py (缺少类型注解)
  - 05/wuqu/star/xj05_p2_002.py (缺少类型注解)
  - 06/pojun/star/xj06_001.py (缺少类型注解)
  - 06/pojun/star/xj06_002.py (缺少类型注解)
  - 06/pojun/star/xj06_003.py (缺少类型注解)
  - 06/pojun/star/xj06_004.py (缺少类型注解)
  - 06/pojun/star/xj06_005.py (缺少类型注解)
  - 06/pojun/star/xj06_p1_001.py (缺少类型注解)
  - 06/pojun/star/xj06_p1_002.py (缺少类型注解)
  - 06/pojun/star/xj06_p1_003.py (缺少类型注解)
  - 06/pojun/star/xj06_p1_004.py (缺少类型注解)
  - 06/pojun/star/xj06_p1_005.py (缺少类型注解)
  - 06/pojun/star/xj06_p2_001.py (缺少类型注解)
  - 06/pojun/star/xj06_p2_002.py (缺少类型注解)
  - 07/zuofu/star/xj07_001.py (缺少类型注解)
  - 07/zuofu/star/xj07_002.py (缺少类型注解)
  - 07/zuofu/star/xj07_003.py (缺少类型注解)
  - 07/zuofu/star/xj07_004.py (缺少类型注解)
  - 07/zuofu/star/xj07_005.py (缺少类型注解)
  - 07/zuofu/star/xj07_p1_001.py (缺少类型注解)
  - 07/zuofu/star/xj07_p1_002.py (缺少类型注解)
  - 07/zuofu/star/xj07_p1_003.py (缺少类型注解)
  - 07/zuofu/star/xj07_p1_004.py (缺少类型注解)
  - 07/zuofu/star/xj07_p1_005.py (缺少类型注解)
  - 07/zuofu/star/xj07_p2_001.py (缺少类型注解)
  - 08/youbi/star/xj08_001.py (缺少类型注解)
  - 08/youbi/star/xj08_003.py (缺少类型注解)
  - 08/youbi/star/xj08_004.py (缺少类型注解)
  - 08/youbi/star/xj08_p1_001.py (缺少类型注解)
  - 08/youbi/star/xj08_p1_003.py (缺少类型注解)
  - 08/youbi/star/xj08_p1_004.py (缺少类型注解)
  - 08/youbi/star/xj_p3_006.py (缺少类型注解)
  - 08/youbi/star/xj_p3_007.py (缺少类型注解)
  - 09/tanlang/star/xj09_001.py (缺少类型注解)
  - 09/tanlang/star/xj09_002.py (缺少类型注解)
  - 09/tanlang/star/xj09_003.py (缺少类型注解)
  - 09/tanlang/star/xj09_004.py (缺少类型注解)
  - 09/tanlang/star/xj09_005.py (缺少类型注解)
  - 09/tanlang/star/xj09_p1_001.py (缺少类型注解)
  - 09/tanlang/star/xj09_p1_002.py (缺少类型注解)
  - 09/tanlang/star/xj09_p1_003.py (缺少类型注解)
  - 09/tanlang/star/xj09_p1_004.py (缺少类型注解)
  - 09/tanlang/star/xj09_p1_005.py (缺少类型注解)
  - 10/fubi/star/xj10_001.py (缺少类型注解)
  - 10/fubi/star/xj10_002.py (缺少类型注解)
  - 10/fubi/star/xj10_003.py (缺少类型注解)
  - 10/fubi/star/xj10_004.py (缺少类型注解)
  - 10/fubi/star/xj10_005.py (缺少类型注解)
  - 10/fubi/star/xj10_p1_001.py (缺少类型注解)
  - 10/fubi/star/xj10_p1_002.py (缺少类型注解)
  - 10/fubi/star/xj10_p1_003.py (缺少类型注解)
  - 10/fubi/star/xj10_p1_004.py (缺少类型注解)
  - 10/fubi/star/xj10_p1_005.py (缺少类型注解)

=== 质检完成 ===
发现问题文件: 87 个
=== 张志远(002) 代码质检任务 ===
时间: Sun Mar 22 04:00:01 PM CST 2026

📊 代码统计:
  XJ-01: 16 文件, 688 行
  XJ-02: 12 文件, 456 行
  XJ-03: 13 文件, 481 行
  XJ-04: 12 文件, 312 行
  XJ-05: 12 文件, 312 行
  XJ-06: 12 文件, 312 行
  XJ-07: 11 文件, 286 行
  XJ-08: 10 文件, 294 行
  XJ-09: 10 文件, 260 行
  XJ-10: 10 文件, 260 行
  总计: 118 文件, 3661 行

📈 质量指标:
  文档覆盖率: 100.0%
  类型注解覆盖率: 36.4%

⚠️ 需要改进的文件:
  - 02/lucun/star/xj02_001.py (缺少类型注解)
  - 02/lucun/star/xj02_002.py (缺少类型注解)
  - 02/lucun/star/xj02_003.py (缺少类型注解)
  - 02/lucun/star/xj02_004.py (缺少类型注解)
  - 02/lucun/star/xj02_p0_001.py (缺少类型注解)
  - 02/lucun/star/xj02_p0_002.py (缺少类型注解)
  - 02/lucun/star/xj02_p0_003.py (缺少类型注解)
  - 02/lucun/star/xj02_p1_001.py (缺少类型注解)
  - 02/lucun/star/xj02_p1_003.py (缺少类型注解)
  - 02/lucun/star/xj02_p2_001.py (缺少类型注解)
  - 02/lucun/star/xj02_p2_002.py (缺少类型注解)
  - 02/lucun/star/xj_p3_002.py (缺少类型注解)
  - 04/lianzheng/star/xj04_001.py (缺少类型注解)
  - 04/lianzheng/star/xj04_002.py (缺少类型注解)
  - 04/lianzheng/star/xj04_003.py (缺少类型注解)
  - 04/lianzheng/star/xj04_004.py (缺少类型注解)
  - 04/lianzheng/star/xj04_005.py (缺少类型注解)
  - 04/lianzheng/star/xj04_p1_001.py (缺少类型注解)
  - 04/lianzheng/star/xj04_p1_002.py (缺少类型注解)
  - 04/lianzheng/star/xj04_p1_003.py (缺少类型注解)
  - 04/lianzheng/star/xj04_p1_004.py (缺少类型注解)
  - 04/lianzheng/star/xj04_p1_005.py (缺少类型注解)
  - 04/lianzheng/star/xj04_p2_001.py (缺少类型注解)
  - 04/lianzheng/star/xj04_p2_002.py (缺少类型注解)
  - 05/wuqu/star/xj05_001.py (缺少类型注解)
  - 05/wuqu/star/xj05_002.py (缺少类型注解)
  - 05/wuqu/star/xj05_003.py (缺少类型注解)
  - 05/wuqu/star/xj05_004.py (缺少类型注解)
  - 05/wuqu/star/xj05_005.py (缺少类型注解)
  - 05/wuqu/star/xj05_p1_001.py (缺少类型注解)
  - 05/wuqu/star/xj05_p1_002.py (缺少类型注解)
  - 05/wuqu/star/xj05_p1_003.py (缺少类型注解)
  - 05/wuqu/star/xj05_p1_004.py (缺少类型注解)
  - 05/wuqu/star/xj05_p1_005.py (缺少类型注解)
  - 05/wuqu/star/xj05_p2_001.py (缺少类型注解)
  - 05/wuqu/star/xj05_p2_002.py (缺少类型注解)
  - 06/pojun/star/xj06_001.py (缺少类型注解)
  - 06/pojun/star/xj06_002.py (缺少类型注解)
  - 06/pojun/star/xj06_003.py (缺少类型注解)
  - 06/pojun/star/xj06_004.py (缺少类型注解)
  - 06/pojun/star/xj06_005.py (缺少类型注解)
  - 06/pojun/star/xj06_p1_001.py (缺少类型注解)
  - 06/pojun/star/xj06_p1_002.py (缺少类型注解)
  - 06/pojun/star/xj06_p1_003.py (缺少类型注解)
  - 06/pojun/star/xj06_p1_004.py (缺少类型注解)
  - 06/pojun/star/xj06_p1_005.py (缺少类型注解)
  - 06/pojun/star/xj06_p2_001.py (缺少类型注解)
  - 06/pojun/star/xj06_p2_002.py (缺少类型注解)
  - 07/zuofu/star/xj07_001.py (缺少类型注解)
  - 07/zuofu/star/xj07_002.py (缺少类型注解)
  - 07/zuofu/star/xj07_003.py (缺少类型注解)
  - 07/zuofu/star/xj07_004.py (缺少类型注解)
  - 07/zuofu/star/xj07_005.py (缺少类型注解)
  - 07/zuofu/star/xj07_p1_001.py (缺少类型注解)
  - 07/zuofu/star/xj07_p1_002.py (缺少类型注解)
  - 07/zuofu/star/xj07_p1_003.py (缺少类型注解)
  - 07/zuofu/star/xj07_p1_004.py (缺少类型注解)
  - 07/zuofu/star/xj07_p1_005.py (缺少类型注解)
  - 07/zuofu/star/xj07_p2_001.py (缺少类型注解)
  - 08/youbi/star/xj08_001.py (缺少类型注解)
  - 08/youbi/star/xj08_003.py (缺少类型注解)
  - 08/youbi/star/xj08_004.py (缺少类型注解)
  - 08/youbi/star/xj08_p1_001.py (缺少类型注解)
  - 08/youbi/star/xj08_p1_003.py (缺少类型注解)
  - 08/youbi/star/xj08_p1_004.py (缺少类型注解)
  - 08/youbi/star/xj_p3_006.py (缺少类型注解)
  - 08/youbi/star/xj_p3_007.py (缺少类型注解)
  - 09/tanlang/star/xj09_001.py (缺少类型注解)
  - 09/tanlang/star/xj09_002.py (缺少类型注解)
  - 09/tanlang/star/xj09_003.py (缺少类型注解)
  - 09/tanlang/star/xj09_004.py (缺少类型注解)
  - 09/tanlang/star/xj09_005.py (缺少类型注解)
  - 09/tanlang/star/xj09_p1_001.py (缺少类型注解)
  - 09/tanlang/star/xj09_p1_002.py (缺少类型注解)
  - 09/tanlang/star/xj09_p1_003.py (缺少类型注解)
  - 09/tanlang/star/xj09_p1_004.py (缺少类型注解)
  - 09/tanlang/star/xj09_p1_005.py (缺少类型注解)
  - 10/fubi/star/xj10_001.py (缺少类型注解)
  - 10/fubi/star/xj10_002.py (缺少类型注解)
  - 10/fubi/star/xj10_003.py (缺少类型注解)
  - 10/fubi/star/xj10_004.py (缺少类型注解)
  - 10/fubi/star/xj10_005.py (缺少类型注解)
  - 10/fubi/star/xj10_p1_001.py (缺少类型注解)
  - 10/fubi/star/xj10_p1_002.py (缺少类型注解)
  - 10/fubi/star/xj10_p1_003.py (缺少类型注解)
  - 10/fubi/star/xj10_p1_004.py (缺少类型注解)
  - 10/fubi/star/xj10_p1_005.py (缺少类型注解)

=== 质检完成 ===
发现问题文件: 87 个
=== 张志远(002) 代码质检任务 ===
时间: Sun Mar 22 04:30:01 PM CST 2026

📊 代码统计:
  XJ-01: 16 文件, 688 行
  XJ-02: 12 文件, 456 行
  XJ-03: 13 文件, 481 行
  XJ-04: 12 文件, 312 行
  XJ-05: 12 文件, 312 行
  XJ-06: 12 文件, 312 行
  XJ-07: 11 文件, 286 行
  XJ-08: 10 文件, 294 行
  XJ-09: 10 文件, 260 行
  XJ-10: 10 文件, 260 行
  总计: 118 文件, 3661 行

📈 质量指标:
  文档覆盖率: 100.0%
  类型注解覆盖率: 36.4%

⚠️ 需要改进的文件:
  - 02/lucun/star/xj02_001.py (缺少类型注解)
  - 02/lucun/star/xj02_002.py (缺少类型注解)
  - 02/lucun/star/xj02_003.py (缺少类型注解)
  - 02/lucun/star/xj02_004.py (缺少类型注解)
  - 02/lucun/star/xj02_p0_001.py (缺少类型注解)
  - 02/lucun/star/xj02_p0_002.py (缺少类型注解)
  - 02/lucun/star/xj02_p0_003.py (缺少类型注解)
  - 02/lucun/star/xj02_p1_001.py (缺少类型注解)
  - 02/lucun/star/xj02_p1_003.py (缺少类型注解)
  - 02/lucun/star/xj02_p2_001.py (缺少类型注解)
  - 02/lucun/star/xj02_p2_002.py (缺少类型注解)
  - 02/lucun/star/xj_p3_002.py (缺少类型注解)
  - 04/lianzheng/star/xj04_001.py (缺少类型注解)
  - 04/lianzheng/star/xj04_002.py (缺少类型注解)
  - 04/lianzheng/star/xj04_003.py (缺少类型注解)
  - 04/lianzheng/star/xj04_004.py (缺少类型注解)
  - 04/lianzheng/star/xj04_005.py (缺少类型注解)
  - 04/lianzheng/star/xj04_p1_001.py (缺少类型注解)
  - 04/lianzheng/star/xj04_p1_002.py (缺少类型注解)
  - 04/lianzheng/star/xj04_p1_003.py (缺少类型注解)
  - 04/lianzheng/star/xj04_p1_004.py (缺少类型注解)
  - 04/lianzheng/star/xj04_p1_005.py (缺少类型注解)
  - 04/lianzheng/star/xj04_p2_001.py (缺少类型注解)
  - 04/lianzheng/star/xj04_p2_002.py (缺少类型注解)
  - 05/wuqu/star/xj05_001.py (缺少类型注解)
  - 05/wuqu/star/xj05_002.py (缺少类型注解)
  - 05/wuqu/star/xj05_003.py (缺少类型注解)
  - 05/wuqu/star/xj05_004.py (缺少类型注解)
  - 05/wuqu/star/xj05_005.py (缺少类型注解)
  - 05/wuqu/star/xj05_p1_001.py (缺少类型注解)
  - 05/wuqu/star/xj05_p1_002.py (缺少类型注解)
  - 05/wuqu/star/xj05_p1_003.py (缺少类型注解)
  - 05/wuqu/star/xj05_p1_004.py (缺少类型注解)
  - 05/wuqu/star/xj05_p1_005.py (缺少类型注解)
  - 05/wuqu/star/xj05_p2_001.py (缺少类型注解)
  - 05/wuqu/star/xj05_p2_002.py (缺少类型注解)
  - 06/pojun/star/xj06_001.py (缺少类型注解)
  - 06/pojun/star/xj06_002.py (缺少类型注解)
  - 06/pojun/star/xj06_003.py (缺少类型注解)
  - 06/pojun/star/xj06_004.py (缺少类型注解)
  - 06/pojun/star/xj06_005.py (缺少类型注解)
  - 06/pojun/star/xj06_p1_001.py (缺少类型注解)
  - 06/pojun/star/xj06_p1_002.py (缺少类型注解)
  - 06/pojun/star/xj06_p1_003.py (缺少类型注解)
  - 06/pojun/star/xj06_p1_004.py (缺少类型注解)
  - 06/pojun/star/xj06_p1_005.py (缺少类型注解)
  - 06/pojun/star/xj06_p2_001.py (缺少类型注解)
  - 06/pojun/star/xj06_p2_002.py (缺少类型注解)
  - 07/zuofu/star/xj07_001.py (缺少类型注解)
  - 07/zuofu/star/xj07_002.py (缺少类型注解)
  - 07/zuofu/star/xj07_003.py (缺少类型注解)
  - 07/zuofu/star/xj07_004.py (缺少类型注解)
  - 07/zuofu/star/xj07_005.py (缺少类型注解)
  - 07/zuofu/star/xj07_p1_001.py (缺少类型注解)
  - 07/zuofu/star/xj07_p1_002.py (缺少类型注解)
  - 07/zuofu/star/xj07_p1_003.py (缺少类型注解)
  - 07/zuofu/star/xj07_p1_004.py (缺少类型注解)
  - 07/zuofu/star/xj07_p1_005.py (缺少类型注解)
  - 07/zuofu/star/xj07_p2_001.py (缺少类型注解)
  - 08/youbi/star/xj08_001.py (缺少类型注解)
  - 08/youbi/star/xj08_003.py (缺少类型注解)
  - 08/youbi/star/xj08_004.py (缺少类型注解)
  - 08/youbi/star/xj08_p1_001.py (缺少类型注解)
  - 08/youbi/star/xj08_p1_003.py (缺少类型注解)
  - 08/youbi/star/xj08_p1_004.py (缺少类型注解)
  - 08/youbi/star/xj_p3_006.py (缺少类型注解)
  - 08/youbi/star/xj_p3_007.py (缺少类型注解)
  - 09/tanlang/star/xj09_001.py (缺少类型注解)
  - 09/tanlang/star/xj09_002.py (缺少类型注解)
  - 09/tanlang/star/xj09_003.py (缺少类型注解)
  - 09/tanlang/star/xj09_004.py (缺少类型注解)
  - 09/tanlang/star/xj09_005.py (缺少类型注解)
  - 09/tanlang/star/xj09_p1_001.py (缺少类型注解)
  - 09/tanlang/star/xj09_p1_002.py (缺少类型注解)
  - 09/tanlang/star/xj09_p1_003.py (缺少类型注解)
  - 09/tanlang/star/xj09_p1_004.py (缺少类型注解)
  - 09/tanlang/star/xj09_p1_005.py (缺少类型注解)
  - 10/fubi/star/xj10_001.py (缺少类型注解)
  - 10/fubi/star/xj10_002.py (缺少类型注解)
  - 10/fubi/star/xj10_003.py (缺少类型注解)
  - 10/fubi/star/xj10_004.py (缺少类型注解)
  - 10/fubi/star/xj10_005.py (缺少类型注解)
  - 10/fubi/star/xj10_p1_001.py (缺少类型注解)
  - 10/fubi/star/xj10_p1_002.py (缺少类型注解)
  - 10/fubi/star/xj10_p1_003.py (缺少类型注解)
  - 10/fubi/star/xj10_p1_004.py (缺少类型注解)
  - 10/fubi/star/xj10_p1_005.py (缺少类型注解)

=== 质检完成 ===
发现问题文件: 87 个
=== 张志远(002) 代码质检任务 ===
时间: Sun Mar 22 05:00:01 PM CST 2026

📊 代码统计:
  XJ-01: 16 文件, 688 行
  XJ-02: 12 文件, 456 行
  XJ-03: 13 文件, 481 行
  XJ-04: 12 文件, 312 行
  XJ-05: 12 文件, 312 行
  XJ-06: 12 文件, 312 行
  XJ-07: 11 文件, 286 行
  XJ-08: 10 文件, 294 行
  XJ-09: 10 文件, 260 行
  XJ-10: 10 文件, 260 行
  总计: 118 文件, 3661 行

📈 质量指标:
  文档覆盖率: 100.0%
  类型注解覆盖率: 36.4%

⚠️ 需要改进的文件:
  - 02/lucun/star/xj02_001.py (缺少类型注解)
  - 02/lucun/star/xj02_002.py (缺少类型注解)
  - 02/lucun/star/xj02_003.py (缺少类型注解)
  - 02/lucun/star/xj02_004.py (缺少类型注解)
  - 02/lucun/star/xj02_p0_001.py (缺少类型注解)
  - 02/lucun/star/xj02_p0_002.py (缺少类型注解)
  - 02/lucun/star/xj02_p0_003.py (缺少类型注解)
  - 02/lucun/star/xj02_p1_001.py (缺少类型注解)
  - 02/lucun/star/xj02_p1_003.py (缺少类型注解)
  - 02/lucun/star/xj02_p2_001.py (缺少类型注解)
  - 02/lucun/star/xj02_p2_002.py (缺少类型注解)
  - 02/lucun/star/xj_p3_002.py (缺少类型注解)
  - 04/lianzheng/star/xj04_001.py (缺少类型注解)
  - 04/lianzheng/star/xj04_002.py (缺少类型注解)
  - 04/lianzheng/star/xj04_003.py (缺少类型注解)
  - 04/lianzheng/star/xj04_004.py (缺少类型注解)
  - 04/lianzheng/star/xj04_005.py (缺少类型注解)
  - 04/lianzheng/star/xj04_p1_001.py (缺少类型注解)
  - 04/lianzheng/star/xj04_p1_002.py (缺少类型注解)
  - 04/lianzheng/star/xj04_p1_003.py (缺少类型注解)
  - 04/lianzheng/star/xj04_p1_004.py (缺少类型注解)
  - 04/lianzheng/star/xj04_p1_005.py (缺少类型注解)
  - 04/lianzheng/star/xj04_p2_001.py (缺少类型注解)
  - 04/lianzheng/star/xj04_p2_002.py (缺少类型注解)
  - 05/wuqu/star/xj05_001.py (缺少类型注解)
  - 05/wuqu/star/xj05_002.py (缺少类型注解)
  - 05/wuqu/star/xj05_003.py (缺少类型注解)
  - 05/wuqu/star/xj05_004.py (缺少类型注解)
  - 05/wuqu/star/xj05_005.py (缺少类型注解)
  - 05/wuqu/star/xj05_p1_001.py (缺少类型注解)
  - 05/wuqu/star/xj05_p1_002.py (缺少类型注解)
  - 05/wuqu/star/xj05_p1_003.py (缺少类型注解)
  - 05/wuqu/star/xj05_p1_004.py (缺少类型注解)
  - 05/wuqu/star/xj05_p1_005.py (缺少类型注解)
  - 05/wuqu/star/xj05_p2_001.py (缺少类型注解)
  - 05/wuqu/star/xj05_p2_002.py (缺少类型注解)
  - 06/pojun/star/xj06_001.py (缺少类型注解)
  - 06/pojun/star/xj06_002.py (缺少类型注解)
  - 06/pojun/star/xj06_003.py (缺少类型注解)
  - 06/pojun/star/xj06_004.py (缺少类型注解)
  - 06/pojun/star/xj06_005.py (缺少类型注解)
  - 06/pojun/star/xj06_p1_001.py (缺少类型注解)
  - 06/pojun/star/xj06_p1_002.py (缺少类型注解)
  - 06/pojun/star/xj06_p1_003.py (缺少类型注解)
  - 06/pojun/star/xj06_p1_004.py (缺少类型注解)
  - 06/pojun/star/xj06_p1_005.py (缺少类型注解)
  - 06/pojun/star/xj06_p2_001.py (缺少类型注解)
  - 06/pojun/star/xj06_p2_002.py (缺少类型注解)
  - 07/zuofu/star/xj07_001.py (缺少类型注解)
  - 07/zuofu/star/xj07_002.py (缺少类型注解)
  - 07/zuofu/star/xj07_003.py (缺少类型注解)
  - 07/zuofu/star/xj07_004.py (缺少类型注解)
  - 07/zuofu/star/xj07_005.py (缺少类型注解)
  - 07/zuofu/star/xj07_p1_001.py (缺少类型注解)
  - 07/zuofu/star/xj07_p1_002.py (缺少类型注解)
  - 07/zuofu/star/xj07_p1_003.py (缺少类型注解)
  - 07/zuofu/star/xj07_p1_004.py (缺少类型注解)
  - 07/zuofu/star/xj07_p1_005.py (缺少类型注解)
  - 07/zuofu/star/xj07_p2_001.py (缺少类型注解)
  - 08/youbi/star/xj08_001.py (缺少类型注解)
  - 08/youbi/star/xj08_003.py (缺少类型注解)
  - 08/youbi/star/xj08_004.py (缺少类型注解)
  - 08/youbi/star/xj08_p1_001.py (缺少类型注解)
  - 08/youbi/star/xj08_p1_003.py (缺少类型注解)
  - 08/youbi/star/xj08_p1_004.py (缺少类型注解)
  - 08/youbi/star/xj_p3_006.py (缺少类型注解)
  - 08/youbi/star/xj_p3_007.py (缺少类型注解)
  - 09/tanlang/star/xj09_001.py (缺少类型注解)
  - 09/tanlang/star/xj09_002.py (缺少类型注解)
  - 09/tanlang/star/xj09_003.py (缺少类型注解)
  - 09/tanlang/star/xj09_004.py (缺少类型注解)
  - 09/tanlang/star/xj09_005.py (缺少类型注解)
  - 09/tanlang/star/xj09_p1_001.py (缺少类型注解)
  - 09/tanlang/star/xj09_p1_002.py (缺少类型注解)
  - 09/tanlang/star/xj09_p1_003.py (缺少类型注解)
  - 09/tanlang/star/xj09_p1_004.py (缺少类型注解)
  - 09/tanlang/star/xj09_p1_005.py (缺少类型注解)
  - 10/fubi/star/xj10_001.py (缺少类型注解)
  - 10/fubi/star/xj10_002.py (缺少类型注解)
  - 10/fubi/star/xj10_003.py (缺少类型注解)
  - 10/fubi/star/xj10_004.py (缺少类型注解)
  - 10/fubi/star/xj10_005.py (缺少类型注解)
  - 10/fubi/star/xj10_p1_001.py (缺少类型注解)
  - 10/fubi/star/xj10_p1_002.py (缺少类型注解)
  - 10/fubi/star/xj10_p1_003.py (缺少类型注解)
  - 10/fubi/star/xj10_p1_004.py (缺少类型注解)
  - 10/fubi/star/xj10_p1_005.py (缺少类型注解)

=== 质检完成 ===
发现问题文件: 87 个
=== 张志远(002) 代码质检任务 ===
时间: Sun Mar 22 05:30:01 PM CST 2026

📊 代码统计:
  XJ-01: 16 文件, 688 行
  XJ-02: 12 文件, 456 行
  XJ-03: 13 文件, 481 行
  XJ-04: 12 文件, 312 行
  XJ-05: 12 文件, 312 行
  XJ-06: 12 文件, 312 行
  XJ-07: 11 文件, 286 行
  XJ-08: 10 文件, 294 行
  XJ-09: 10 文件, 260 行
  XJ-10: 10 文件, 260 行
  总计: 118 文件, 3661 行

📈 质量指标:
  文档覆盖率: 100.0%
  类型注解覆盖率: 36.4%

⚠️ 需要改进的文件:
  - 02/lucun/star/xj02_001.py (缺少类型注解)
  - 02/lucun/star/xj02_002.py (缺少类型注解)
  - 02/lucun/star/xj02_003.py (缺少类型注解)
  - 02/lucun/star/xj02_004.py (缺少类型注解)
  - 02/lucun/star/xj02_p0_001.py (缺少类型注解)
  - 02/lucun/star/xj02_p0_002.py (缺少类型注解)
  - 02/lucun/star/xj02_p0_003.py (缺少类型注解)
  - 02/lucun/star/xj02_p1_001.py (缺少类型注解)
  - 02/lucun/star/xj02_p1_003.py (缺少类型注解)
  - 02/lucun/star/xj02_p2_001.py (缺少类型注解)
  - 02/lucun/star/xj02_p2_002.py (缺少类型注解)
  - 02/lucun/star/xj_p3_002.py (缺少类型注解)
  - 04/lianzheng/star/xj04_001.py (缺少类型注解)
  - 04/lianzheng/star/xj04_002.py (缺少类型注解)
  - 04/lianzheng/star/xj04_003.py (缺少类型注解)
  - 04/lianzheng/star/xj04_004.py (缺少类型注解)
  - 04/lianzheng/star/xj04_005.py (缺少类型注解)
  - 04/lianzheng/star/xj04_p1_001.py (缺少类型注解)
  - 04/lianzheng/star/xj04_p1_002.py (缺少类型注解)
  - 04/lianzheng/star/xj04_p1_003.py (缺少类型注解)
  - 04/lianzheng/star/xj04_p1_004.py (缺少类型注解)
  - 04/lianzheng/star/xj04_p1_005.py (缺少类型注解)
  - 04/lianzheng/star/xj04_p2_001.py (缺少类型注解)
  - 04/lianzheng/star/xj04_p2_002.py (缺少类型注解)
  - 05/wuqu/star/xj05_001.py (缺少类型注解)
  - 05/wuqu/star/xj05_002.py (缺少类型注解)
  - 05/wuqu/star/xj05_003.py (缺少类型注解)
  - 05/wuqu/star/xj05_004.py (缺少类型注解)
  - 05/wuqu/star/xj05_005.py (缺少类型注解)
  - 05/wuqu/star/xj05_p1_001.py (缺少类型注解)
  - 05/wuqu/star/xj05_p1_002.py (缺少类型注解)
  - 05/wuqu/star/xj05_p1_003.py (缺少类型注解)
  - 05/wuqu/star/xj05_p1_004.py (缺少类型注解)
  - 05/wuqu/star/xj05_p1_005.py (缺少类型注解)
  - 05/wuqu/star/xj05_p2_001.py (缺少类型注解)
  - 05/wuqu/star/xj05_p2_002.py (缺少类型注解)
  - 06/pojun/star/xj06_001.py (缺少类型注解)
  - 06/pojun/star/xj06_002.py (缺少类型注解)
  - 06/pojun/star/xj06_003.py (缺少类型注解)
  - 06/pojun/star/xj06_004.py (缺少类型注解)
  - 06/pojun/star/xj06_005.py (缺少类型注解)
  - 06/pojun/star/xj06_p1_001.py (缺少类型注解)
  - 06/pojun/star/xj06_p1_002.py (缺少类型注解)
  - 06/pojun/star/xj06_p1_003.py (缺少类型注解)
  - 06/pojun/star/xj06_p1_004.py (缺少类型注解)
  - 06/pojun/star/xj06_p1_005.py (缺少类型注解)
  - 06/pojun/star/xj06_p2_001.py (缺少类型注解)
  - 06/pojun/star/xj06_p2_002.py (缺少类型注解)
  - 07/zuofu/star/xj07_001.py (缺少类型注解)
  - 07/zuofu/star/xj07_002.py (缺少类型注解)
  - 07/zuofu/star/xj07_003.py (缺少类型注解)
  - 07/zuofu/star/xj07_004.py (缺少类型注解)
  - 07/zuofu/star/xj07_005.py (缺少类型注解)
  - 07/zuofu/star/xj07_p1_001.py (缺少类型注解)
  - 07/zuofu/star/xj07_p1_002.py (缺少类型注解)
  - 07/zuofu/star/xj07_p1_003.py (缺少类型注解)
  - 07/zuofu/star/xj07_p1_004.py (缺少类型注解)
  - 07/zuofu/star/xj07_p1_005.py (缺少类型注解)
  - 07/zuofu/star/xj07_p2_001.py (缺少类型注解)
  - 08/youbi/star/xj08_001.py (缺少类型注解)
  - 08/youbi/star/xj08_003.py (缺少类型注解)
  - 08/youbi/star/xj08_004.py (缺少类型注解)
  - 08/youbi/star/xj08_p1_001.py (缺少类型注解)
  - 08/youbi/star/xj08_p1_003.py (缺少类型注解)
  - 08/youbi/star/xj08_p1_004.py (缺少类型注解)
  - 08/youbi/star/xj_p3_006.py (缺少类型注解)
  - 08/youbi/star/xj_p3_007.py (缺少类型注解)
  - 09/tanlang/star/xj09_001.py (缺少类型注解)
  - 09/tanlang/star/xj09_002.py (缺少类型注解)
  - 09/tanlang/star/xj09_003.py (缺少类型注解)
  - 09/tanlang/star/xj09_004.py (缺少类型注解)
  - 09/tanlang/star/xj09_005.py (缺少类型注解)
  - 09/tanlang/star/xj09_p1_001.py (缺少类型注解)
  - 09/tanlang/star/xj09_p1_002.py (缺少类型注解)
  - 09/tanlang/star/xj09_p1_003.py (缺少类型注解)
  - 09/tanlang/star/xj09_p1_004.py (缺少类型注解)
  - 09/tanlang/star/xj09_p1_005.py (缺少类型注解)
  - 10/fubi/star/xj10_001.py (缺少类型注解)
  - 10/fubi/star/xj10_002.py (缺少类型注解)
  - 10/fubi/star/xj10_003.py (缺少类型注解)
  - 10/fubi/star/xj10_004.py (缺少类型注解)
  - 10/fubi/star/xj10_005.py (缺少类型注解)
  - 10/fubi/star/xj10_p1_001.py (缺少类型注解)
  - 10/fubi/star/xj10_p1_002.py (缺少类型注解)
  - 10/fubi/star/xj10_p1_003.py (缺少类型注解)
  - 10/fubi/star/xj10_p1_004.py (缺少类型注解)
  - 10/fubi/star/xj10_p1_005.py (缺少类型注解)

=== 质检完成 ===
发现问题文件: 87 个
=== 张志远(002) 代码质检任务 ===
时间: Sun Mar 22 06:00:01 PM CST 2026

📊 代码统计:
  XJ-01: 16 文件, 688 行
  XJ-02: 12 文件, 456 行
  XJ-03: 13 文件, 481 行
  XJ-04: 12 文件, 312 行
  XJ-05: 12 文件, 312 行
  XJ-06: 12 文件, 312 行
  XJ-07: 11 文件, 286 行
  XJ-08: 10 文件, 294 行
  XJ-09: 10 文件, 260 行
  XJ-10: 10 文件, 260 行
  总计: 118 文件, 3661 行

📈 质量指标:
  文档覆盖率: 100.0%
  类型注解覆盖率: 36.4%

⚠️ 需要改进的文件:
  - 02/lucun/star/xj02_001.py (缺少类型注解)
  - 02/lucun/star/xj02_002.py (缺少类型注解)
  - 02/lucun/star/xj02_003.py (缺少类型注解)
  - 02/lucun/star/xj02_004.py (缺少类型注解)
  - 02/lucun/star/xj02_p0_001.py (缺少类型注解)
  - 02/lucun/star/xj02_p0_002.py (缺少类型注解)
  - 02/lucun/star/xj02_p0_003.py (缺少类型注解)
  - 02/lucun/star/xj02_p1_001.py (缺少类型注解)
  - 02/lucun/star/xj02_p1_003.py (缺少类型注解)
  - 02/lucun/star/xj02_p2_001.py (缺少类型注解)
  - 02/lucun/star/xj02_p2_002.py (缺少类型注解)
  - 02/lucun/star/xj_p3_002.py (缺少类型注解)
  - 04/lianzheng/star/xj04_001.py (缺少类型注解)
  - 04/lianzheng/star/xj04_002.py (缺少类型注解)
  - 04/lianzheng/star/xj04_003.py (缺少类型注解)
  - 04/lianzheng/star/xj04_004.py (缺少类型注解)
  - 04/lianzheng/star/xj04_005.py (缺少类型注解)
  - 04/lianzheng/star/xj04_p1_001.py (缺少类型注解)
  - 04/lianzheng/star/xj04_p1_002.py (缺少类型注解)
  - 04/lianzheng/star/xj04_p1_003.py (缺少类型注解)
  - 04/lianzheng/star/xj04_p1_004.py (缺少类型注解)
  - 04/lianzheng/star/xj04_p1_005.py (缺少类型注解)
  - 04/lianzheng/star/xj04_p2_001.py (缺少类型注解)
  - 04/lianzheng/star/xj04_p2_002.py (缺少类型注解)
  - 05/wuqu/star/xj05_001.py (缺少类型注解)
  - 05/wuqu/star/xj05_002.py (缺少类型注解)
  - 05/wuqu/star/xj05_003.py (缺少类型注解)
  - 05/wuqu/star/xj05_004.py (缺少类型注解)
  - 05/wuqu/star/xj05_005.py (缺少类型注解)
  - 05/wuqu/star/xj05_p1_001.py (缺少类型注解)
  - 05/wuqu/star/xj05_p1_002.py (缺少类型注解)
  - 05/wuqu/star/xj05_p1_003.py (缺少类型注解)
  - 05/wuqu/star/xj05_p1_004.py (缺少类型注解)
  - 05/wuqu/star/xj05_p1_005.py (缺少类型注解)
  - 05/wuqu/star/xj05_p2_001.py (缺少类型注解)
  - 05/wuqu/star/xj05_p2_002.py (缺少类型注解)
  - 06/pojun/star/xj06_001.py (缺少类型注解)
  - 06/pojun/star/xj06_002.py (缺少类型注解)
  - 06/pojun/star/xj06_003.py (缺少类型注解)
  - 06/pojun/star/xj06_004.py (缺少类型注解)
  - 06/pojun/star/xj06_005.py (缺少类型注解)
  - 06/pojun/star/xj06_p1_001.py (缺少类型注解)
  - 06/pojun/star/xj06_p1_002.py (缺少类型注解)
  - 06/pojun/star/xj06_p1_003.py (缺少类型注解)
  - 06/pojun/star/xj06_p1_004.py (缺少类型注解)
  - 06/pojun/star/xj06_p1_005.py (缺少类型注解)
  - 06/pojun/star/xj06_p2_001.py (缺少类型注解)
  - 06/pojun/star/xj06_p2_002.py (缺少类型注解)
  - 07/zuofu/star/xj07_001.py (缺少类型注解)
  - 07/zuofu/star/xj07_002.py (缺少类型注解)
  - 07/zuofu/star/xj07_003.py (缺少类型注解)
  - 07/zuofu/star/xj07_004.py (缺少类型注解)
  - 07/zuofu/star/xj07_005.py (缺少类型注解)
  - 07/zuofu/star/xj07_p1_001.py (缺少类型注解)
  - 07/zuofu/star/xj07_p1_002.py (缺少类型注解)
  - 07/zuofu/star/xj07_p1_003.py (缺少类型注解)
  - 07/zuofu/star/xj07_p1_004.py (缺少类型注解)
  - 07/zuofu/star/xj07_p1_005.py (缺少类型注解)
  - 07/zuofu/star/xj07_p2_001.py (缺少类型注解)
  - 08/youbi/star/xj08_001.py (缺少类型注解)
  - 08/youbi/star/xj08_003.py (缺少类型注解)
  - 08/youbi/star/xj08_004.py (缺少类型注解)
  - 08/youbi/star/xj08_p1_001.py (缺少类型注解)
  - 08/youbi/star/xj08_p1_003.py (缺少类型注解)
  - 08/youbi/star/xj08_p1_004.py (缺少类型注解)
  - 08/youbi/star/xj_p3_006.py (缺少类型注解)
  - 08/youbi/star/xj_p3_007.py (缺少类型注解)
  - 09/tanlang/star/xj09_001.py (缺少类型注解)
  - 09/tanlang/star/xj09_002.py (缺少类型注解)
  - 09/tanlang/star/xj09_003.py (缺少类型注解)
  - 09/tanlang/star/xj09_004.py (缺少类型注解)
  - 09/tanlang/star/xj09_005.py (缺少类型注解)
  - 09/tanlang/star/xj09_p1_001.py (缺少类型注解)
  - 09/tanlang/star/xj09_p1_002.py (缺少类型注解)
  - 09/tanlang/star/xj09_p1_003.py (缺少类型注解)
  - 09/tanlang/star/xj09_p1_004.py (缺少类型注解)
  - 09/tanlang/star/xj09_p1_005.py (缺少类型注解)
  - 10/fubi/star/xj10_001.py (缺少类型注解)
  - 10/fubi/star/xj10_002.py (缺少类型注解)
  - 10/fubi/star/xj10_003.py (缺少类型注解)
  - 10/fubi/star/xj10_004.py (缺少类型注解)
  - 10/fubi/star/xj10_005.py (缺少类型注解)
  - 10/fubi/star/xj10_p1_001.py (缺少类型注解)
  - 10/fubi/star/xj10_p1_002.py (缺少类型注解)
  - 10/fubi/star/xj10_p1_003.py (缺少类型注解)
  - 10/fubi/star/xj10_p1_004.py (缺少类型注解)
  - 10/fubi/star/xj10_p1_005.py (缺少类型注解)

=== 质检完成 ===
发现问题文件: 87 个
=== 张志远(002) 代码质检任务 ===
时间: Sun Mar 22 06:30:01 PM CST 2026

📊 代码统计:
  XJ-01: 16 文件, 688 行
  XJ-02: 12 文件, 456 行
  XJ-03: 13 文件, 481 行
  XJ-04: 12 文件, 312 行
  XJ-05: 12 文件, 312 行
  XJ-06: 12 文件, 312 行
  XJ-07: 11 文件, 286 行
  XJ-08: 10 文件, 294 行
  XJ-09: 10 文件, 260 行
  XJ-10: 10 文件, 260 行
  总计: 118 文件, 3661 行

📈 质量指标:
  文档覆盖率: 100.0%
  类型注解覆盖率: 36.4%

⚠️ 需要改进的文件:
  - 02/lucun/star/xj02_001.py (缺少类型注解)
  - 02/lucun/star/xj02_002.py (缺少类型注解)
  - 02/lucun/star/xj02_003.py (缺少类型注解)
  - 02/lucun/star/xj02_004.py (缺少类型注解)
  - 02/lucun/star/xj02_p0_001.py (缺少类型注解)
  - 02/lucun/star/xj02_p0_002.py (缺少类型注解)
  - 02/lucun/star/xj02_p0_003.py (缺少类型注解)
  - 02/lucun/star/xj02_p1_001.py (缺少类型注解)
  - 02/lucun/star/xj02_p1_003.py (缺少类型注解)
  - 02/lucun/star/xj02_p2_001.py (缺少类型注解)
  - 02/lucun/star/xj02_p2_002.py (缺少类型注解)
  - 02/lucun/star/xj_p3_002.py (缺少类型注解)
  - 04/lianzheng/star/xj04_001.py (缺少类型注解)
  - 04/lianzheng/star/xj04_002.py (缺少类型注解)
  - 04/lianzheng/star/xj04_003.py (缺少类型注解)
  - 04/lianzheng/star/xj04_004.py (缺少类型注解)
  - 04/lianzheng/star/xj04_005.py (缺少类型注解)
  - 04/lianzheng/star/xj04_p1_001.py (缺少类型注解)
  - 04/lianzheng/star/xj04_p1_002.py (缺少类型注解)
  - 04/lianzheng/star/xj04_p1_003.py (缺少类型注解)
  - 04/lianzheng/star/xj04_p1_004.py (缺少类型注解)
  - 04/lianzheng/star/xj04_p1_005.py (缺少类型注解)
  - 04/lianzheng/star/xj04_p2_001.py (缺少类型注解)
  - 04/lianzheng/star/xj04_p2_002.py (缺少类型注解)
  - 05/wuqu/star/xj05_001.py (缺少类型注解)
  - 05/wuqu/star/xj05_002.py (缺少类型注解)
  - 05/wuqu/star/xj05_003.py (缺少类型注解)
  - 05/wuqu/star/xj05_004.py (缺少类型注解)
  - 05/wuqu/star/xj05_005.py (缺少类型注解)
  - 05/wuqu/star/xj05_p1_001.py (缺少类型注解)
  - 05/wuqu/star/xj05_p1_002.py (缺少类型注解)
  - 05/wuqu/star/xj05_p1_003.py (缺少类型注解)
  - 05/wuqu/star/xj05_p1_004.py (缺少类型注解)
  - 05/wuqu/star/xj05_p1_005.py (缺少类型注解)
  - 05/wuqu/star/xj05_p2_001.py (缺少类型注解)
  - 05/wuqu/star/xj05_p2_002.py (缺少类型注解)
  - 06/pojun/star/xj06_001.py (缺少类型注解)
  - 06/pojun/star/xj06_002.py (缺少类型注解)
  - 06/pojun/star/xj06_003.py (缺少类型注解)
  - 06/pojun/star/xj06_004.py (缺少类型注解)
  - 06/pojun/star/xj06_005.py (缺少类型注解)
  - 06/pojun/star/xj06_p1_001.py (缺少类型注解)
  - 06/pojun/star/xj06_p1_002.py (缺少类型注解)
  - 06/pojun/star/xj06_p1_003.py (缺少类型注解)
  - 06/pojun/star/xj06_p1_004.py (缺少类型注解)
  - 06/pojun/star/xj06_p1_005.py (缺少类型注解)
  - 06/pojun/star/xj06_p2_001.py (缺少类型注解)
  - 06/pojun/star/xj06_p2_002.py (缺少类型注解)
  - 07/zuofu/star/xj07_001.py (缺少类型注解)
  - 07/zuofu/star/xj07_002.py (缺少类型注解)
  - 07/zuofu/star/xj07_003.py (缺少类型注解)
  - 07/zuofu/star/xj07_004.py (缺少类型注解)
  - 07/zuofu/star/xj07_005.py (缺少类型注解)
  - 07/zuofu/star/xj07_p1_001.py (缺少类型注解)
  - 07/zuofu/star/xj07_p1_002.py (缺少类型注解)
  - 07/zuofu/star/xj07_p1_003.py (缺少类型注解)
  - 07/zuofu/star/xj07_p1_004.py (缺少类型注解)
  - 07/zuofu/star/xj07_p1_005.py (缺少类型注解)
  - 07/zuofu/star/xj07_p2_001.py (缺少类型注解)
  - 08/youbi/star/xj08_001.py (缺少类型注解)
  - 08/youbi/star/xj08_003.py (缺少类型注解)
  - 08/youbi/star/xj08_004.py (缺少类型注解)
  - 08/youbi/star/xj08_p1_001.py (缺少类型注解)
  - 08/youbi/star/xj08_p1_003.py (缺少类型注解)
  - 08/youbi/star/xj08_p1_004.py (缺少类型注解)
  - 08/youbi/star/xj_p3_006.py (缺少类型注解)
  - 08/youbi/star/xj_p3_007.py (缺少类型注解)
  - 09/tanlang/star/xj09_001.py (缺少类型注解)
  - 09/tanlang/star/xj09_002.py (缺少类型注解)
  - 09/tanlang/star/xj09_003.py (缺少类型注解)
  - 09/tanlang/star/xj09_004.py (缺少类型注解)
  - 09/tanlang/star/xj09_005.py (缺少类型注解)
  - 09/tanlang/star/xj09_p1_001.py (缺少类型注解)
  - 09/tanlang/star/xj09_p1_002.py (缺少类型注解)
  - 09/tanlang/star/xj09_p1_003.py (缺少类型注解)
  - 09/tanlang/star/xj09_p1_004.py (缺少类型注解)
  - 09/tanlang/star/xj09_p1_005.py (缺少类型注解)
  - 10/fubi/star/xj10_001.py (缺少类型注解)
  - 10/fubi/star/xj10_002.py (缺少类型注解)
  - 10/fubi/star/xj10_003.py (缺少类型注解)
  - 10/fubi/star/xj10_004.py (缺少类型注解)
  - 10/fubi/star/xj10_005.py (缺少类型注解)
  - 10/fubi/star/xj10_p1_001.py (缺少类型注解)
  - 10/fubi/star/xj10_p1_002.py (缺少类型注解)
  - 10/fubi/star/xj10_p1_003.py (缺少类型注解)
  - 10/fubi/star/xj10_p1_004.py (缺少类型注解)
  - 10/fubi/star/xj10_p1_005.py (缺少类型注解)

=== 质检完成 ===
发现问题文件: 87 个
=== 张志远(002) 代码质检任务 ===
时间: Sun Mar 22 07:00:01 PM CST 2026

📊 代码统计:
  XJ-01: 31 文件, 1333 行
  XJ-02: 25 文件, 950 行
  XJ-03: 16 文件, 592 行
  XJ-04: 15 文件, 390 行
  XJ-05: 15 文件, 390 行
  XJ-06: 15 文件, 390 行
  XJ-07: 15 文件, 390 行
  XJ-08: 13 文件, 372 行
  XJ-09: 13 文件, 338 行
  XJ-10: 13 文件, 338 行
  总计: 171 文件, 5483 行

📈 质量指标:
  文档覆盖率: 100.0%
  类型注解覆盖率: 43.3%

⚠️ 需要改进的文件:
  - 02/lucun/star/c_02_001.py (缺少类型注解)
  - 02/lucun/star/c_02_002.py (缺少类型注解)
  - 02/lucun/star/c_02_003.py (缺少类型注解)
  - 02/lucun/star/c_02_004.py (缺少类型注解)
  - 02/lucun/star/c_02_005.py (缺少类型注解)
  - 02/lucun/star/task_01.py (缺少类型注解)
  - 02/lucun/star/task_02.py (缺少类型注解)
  - 02/lucun/star/task_03.py (缺少类型注解)
  - 02/lucun/star/task_04.py (缺少类型注解)
  - 02/lucun/star/task_05.py (缺少类型注解)
  - 02/lucun/star/task_06.py (缺少类型注解)
  - 02/lucun/star/task_07.py (缺少类型注解)
  - 02/lucun/star/task_08.py (缺少类型注解)
  - 02/lucun/star/xj02_001.py (缺少类型注解)
  - 02/lucun/star/xj02_002.py (缺少类型注解)
  - 02/lucun/star/xj02_003.py (缺少类型注解)
  - 02/lucun/star/xj02_004.py (缺少类型注解)
  - 02/lucun/star/xj02_p0_001.py (缺少类型注解)
  - 02/lucun/star/xj02_p0_002.py (缺少类型注解)
  - 02/lucun/star/xj02_p0_003.py (缺少类型注解)
  - 02/lucun/star/xj02_p1_001.py (缺少类型注解)
  - 02/lucun/star/xj02_p1_003.py (缺少类型注解)
  - 02/lucun/star/xj02_p2_001.py (缺少类型注解)
  - 02/lucun/star/xj02_p2_002.py (缺少类型注解)
  - 02/lucun/star/xj_p3_002.py (缺少类型注解)
  - 04/lianzheng/star/obj_04_001.py (缺少类型注解)
  - 04/lianzheng/star/obj_04_002.py (缺少类型注解)
  - 04/lianzheng/star/obj_04_003.py (缺少类型注解)
  - 04/lianzheng/star/xj04_001.py (缺少类型注解)
  - 04/lianzheng/star/xj04_002.py (缺少类型注解)
  - 04/lianzheng/star/xj04_003.py (缺少类型注解)
  - 04/lianzheng/star/xj04_004.py (缺少类型注解)
  - 04/lianzheng/star/xj04_005.py (缺少类型注解)
  - 04/lianzheng/star/xj04_p1_001.py (缺少类型注解)
  - 04/lianzheng/star/xj04_p1_002.py (缺少类型注解)
  - 04/lianzheng/star/xj04_p1_003.py (缺少类型注解)
  - 04/lianzheng/star/xj04_p1_004.py (缺少类型注解)
  - 04/lianzheng/star/xj04_p1_005.py (缺少类型注解)
  - 04/lianzheng/star/xj04_p2_001.py (缺少类型注解)
  - 04/lianzheng/star/xj04_p2_002.py (缺少类型注解)
  - 05/wuqu/star/obj_05_001.py (缺少类型注解)
  - 05/wuqu/star/obj_05_002.py (缺少类型注解)
  - 05/wuqu/star/obj_05_003.py (缺少类型注解)
  - 05/wuqu/star/xj05_001.py (缺少类型注解)
  - 05/wuqu/star/xj05_002.py (缺少类型注解)
  - 05/wuqu/star/xj05_003.py (缺少类型注解)
  - 05/wuqu/star/xj05_004.py (缺少类型注解)
  - 05/wuqu/star/xj05_005.py (缺少类型注解)
  - 05/wuqu/star/xj05_p1_001.py (缺少类型注解)
  - 05/wuqu/star/xj05_p1_002.py (缺少类型注解)
  - 05/wuqu/star/xj05_p1_003.py (缺少类型注解)
  - 05/wuqu/star/xj05_p1_004.py (缺少类型注解)
  - 05/wuqu/star/xj05_p1_005.py (缺少类型注解)
  - 05/wuqu/star/xj05_p2_001.py (缺少类型注解)
  - 05/wuqu/star/xj05_p2_002.py (缺少类型注解)
  - 06/pojun/star/obj_06_001.py (缺少类型注解)
  - 06/pojun/star/obj_06_002.py (缺少类型注解)
  - 06/pojun/star/obj_06_003.py (缺少类型注解)
  - 06/pojun/star/xj06_001.py (缺少类型注解)
  - 06/pojun/star/xj06_002.py (缺少类型注解)
  - 06/pojun/star/xj06_003.py (缺少类型注解)
  - 06/pojun/star/xj06_004.py (缺少类型注解)
  - 06/pojun/star/xj06_005.py (缺少类型注解)
  - 06/pojun/star/xj06_p1_001.py (缺少类型注解)
  - 06/pojun/star/xj06_p1_002.py (缺少类型注解)
  - 06/pojun/star/xj06_p1_003.py (缺少类型注解)
  - 06/pojun/star/xj06_p1_004.py (缺少类型注解)
  - 06/pojun/star/xj06_p1_005.py (缺少类型注解)
  - 06/pojun/star/xj06_p2_001.py (缺少类型注解)
  - 06/pojun/star/xj06_p2_002.py (缺少类型注解)
  - 07/zuofu/star/obj_07_001.py (缺少类型注解)
  - 07/zuofu/star/obj_07_002.py (缺少类型注解)
  - 07/zuofu/star/obj_07_003.py (缺少类型注解)
  - 07/zuofu/star/obj_07_004.py (缺少类型注解)
  - 07/zuofu/star/xj07_001.py (缺少类型注解)
  - 07/zuofu/star/xj07_002.py (缺少类型注解)
  - 07/zuofu/star/xj07_003.py (缺少类型注解)
  - 07/zuofu/star/xj07_004.py (缺少类型注解)
  - 07/zuofu/star/xj07_005.py (缺少类型注解)
  - 07/zuofu/star/xj07_p1_001.py (缺少类型注解)
  - 07/zuofu/star/xj07_p1_002.py (缺少类型注解)
  - 07/zuofu/star/xj07_p1_003.py (缺少类型注解)
  - 07/zuofu/star/xj07_p1_004.py (缺少类型注解)
  - 07/zuofu/star/xj07_p1_005.py (缺少类型注解)
  - 07/zuofu/star/xj07_p2_001.py (缺少类型注解)
  - 08/youbi/star/obj_08_001.py (缺少类型注解)
  - 08/youbi/star/obj_08_002.py (缺少类型注解)
  - 08/youbi/star/obj_08_003.py (缺少类型注解)
  - 08/youbi/star/xj08_001.py (缺少类型注解)
  - 08/youbi/star/xj08_003.py (缺少类型注解)
  - 08/youbi/star/xj08_004.py (缺少类型注解)
  - 08/youbi/star/xj08_p1_001.py (缺少类型注解)
  - 08/youbi/star/xj08_p1_003.py (缺少类型注解)
  - 08/youbi/star/xj08_p1_004.py (缺少类型注解)
  - 08/youbi/star/xj_p3_006.py (缺少类型注解)
  - 08/youbi/star/xj_p3_007.py (缺少类型注解)
  - 09/tanlang/star/obj_09_001.py (缺少类型注解)
  - 09/tanlang/star/obj_09_002.py (缺少类型注解)
  - 09/tanlang/star/obj_09_003.py (缺少类型注解)
  - 09/tanlang/star/xj09_001.py (缺少类型注解)
  - 09/tanlang/star/xj09_002.py (缺少类型注解)
  - 09/tanlang/star/xj09_003.py (缺少类型注解)
  - 09/tanlang/star/xj09_004.py (缺少类型注解)
  - 09/tanlang/star/xj09_005.py (缺少类型注解)
  - 09/tanlang/star/xj09_p1_001.py (缺少类型注解)
  - 09/tanlang/star/xj09_p1_002.py (缺少类型注解)
  - 09/tanlang/star/xj09_p1_003.py (缺少类型注解)
  - 09/tanlang/star/xj09_p1_004.py (缺少类型注解)
  - 09/tanlang/star/xj09_p1_005.py (缺少类型注解)
  - 10/fubi/star/obj_10_001.py (缺少类型注解)
  - 10/fubi/star/obj_10_002.py (缺少类型注解)
  - 10/fubi/star/obj_10_003.py (缺少类型注解)
  - 10/fubi/star/xj10_001.py (缺少类型注解)
  - 10/fubi/star/xj10_002.py (缺少类型注解)
  - 10/fubi/star/xj10_003.py (缺少类型注解)
  - 10/fubi/star/xj10_004.py (缺少类型注解)
  - 10/fubi/star/xj10_005.py (缺少类型注解)
  - 10/fubi/star/xj10_p1_001.py (缺少类型注解)
  - 10/fubi/star/xj10_p1_002.py (缺少类型注解)
  - 10/fubi/star/xj10_p1_003.py (缺少类型注解)
  - 10/fubi/star/xj10_p1_004.py (缺少类型注解)
  - 10/fubi/star/xj10_p1_005.py (缺少类型注解)

=== 质检完成 ===
发现问题文件: 122 个
=== 张志远(002) 代码质检任务 ===
时间: Sun Mar 22 07:30:01 PM CST 2026

📊 代码统计:
  XJ-01: 38 文件, 1634 行
  XJ-02: 32 文件, 1216 行
  XJ-03: 22 文件, 814 行
  XJ-04: 21 文件, 546 行
  XJ-05: 21 文件, 546 行
  XJ-06: 21 文件, 546 行
  XJ-07: 21 文件, 546 行
  XJ-08: 19 文件, 528 行
  XJ-09: 19 文件, 494 行
  XJ-10: 19 文件, 494 行
  总计: 233 文件, 7364 行

📈 质量指标:
  文档覆盖率: 100.0%
  类型注解覆盖率: 40.3%

⚠️ 需要改进的文件:
  - 02/lucun/star/c_02_001.py (缺少类型注解)
  - 02/lucun/star/c_02_002.py (缺少类型注解)
  - 02/lucun/star/c_02_003.py (缺少类型注解)
  - 02/lucun/star/c_02_004.py (缺少类型注解)
  - 02/lucun/star/c_02_005.py (缺少类型注解)
  - 02/lucun/star/p2_02_004.py (缺少类型注解)
  - 02/lucun/star/p2_02_005.py (缺少类型注解)
  - 02/lucun/star/p2_02_006.py (缺少类型注解)
  - 02/lucun/star/p3_02_003.py (缺少类型注解)
  - 02/lucun/star/p3_02_004.py (缺少类型注解)
  - 02/lucun/star/p4_02_003.py (缺少类型注解)
  - 02/lucun/star/p4_02_004.py (缺少类型注解)
  - 02/lucun/star/task_01.py (缺少类型注解)
  - 02/lucun/star/task_02.py (缺少类型注解)
  - 02/lucun/star/task_03.py (缺少类型注解)
  - 02/lucun/star/task_04.py (缺少类型注解)
  - 02/lucun/star/task_05.py (缺少类型注解)
  - 02/lucun/star/task_06.py (缺少类型注解)
  - 02/lucun/star/task_07.py (缺少类型注解)
  - 02/lucun/star/task_08.py (缺少类型注解)
  - 02/lucun/star/xj02_001.py (缺少类型注解)
  - 02/lucun/star/xj02_002.py (缺少类型注解)
  - 02/lucun/star/xj02_003.py (缺少类型注解)
  - 02/lucun/star/xj02_004.py (缺少类型注解)
  - 02/lucun/star/xj02_p0_001.py (缺少类型注解)
  - 02/lucun/star/xj02_p0_002.py (缺少类型注解)
  - 02/lucun/star/xj02_p0_003.py (缺少类型注解)
  - 02/lucun/star/xj02_p1_001.py (缺少类型注解)
  - 02/lucun/star/xj02_p1_003.py (缺少类型注解)
  - 02/lucun/star/xj02_p2_001.py (缺少类型注解)
  - 02/lucun/star/xj02_p2_002.py (缺少类型注解)
  - 02/lucun/star/xj_p3_002.py (缺少类型注解)
  - 04/lianzheng/star/obj_04_001.py (缺少类型注解)
  - 04/lianzheng/star/obj_04_002.py (缺少类型注解)
  - 04/lianzheng/star/obj_04_003.py (缺少类型注解)
  - 04/lianzheng/star/p2_04_009.py (缺少类型注解)
  - 04/lianzheng/star/p2_04_010.py (缺少类型注解)
  - 04/lianzheng/star/p3_04_007.py (缺少类型注解)
  - 04/lianzheng/star/p3_04_008.py (缺少类型注解)
  - 04/lianzheng/star/p4_04_007.py (缺少类型注解)
  - 04/lianzheng/star/p4_04_008.py (缺少类型注解)
  - 04/lianzheng/star/xj04_001.py (缺少类型注解)
  - 04/lianzheng/star/xj04_002.py (缺少类型注解)
  - 04/lianzheng/star/xj04_003.py (缺少类型注解)
  - 04/lianzheng/star/xj04_004.py (缺少类型注解)
  - 04/lianzheng/star/xj04_005.py (缺少类型注解)
  - 04/lianzheng/star/xj04_p1_001.py (缺少类型注解)
  - 04/lianzheng/star/xj04_p1_002.py (缺少类型注解)
  - 04/lianzheng/star/xj04_p1_003.py (缺少类型注解)
  - 04/lianzheng/star/xj04_p1_004.py (缺少类型注解)
  - 04/lianzheng/star/xj04_p1_005.py (缺少类型注解)
  - 04/lianzheng/star/xj04_p2_001.py (缺少类型注解)
  - 04/lianzheng/star/xj04_p2_002.py (缺少类型注解)
  - 05/wuqu/star/obj_05_001.py (缺少类型注解)
  - 05/wuqu/star/obj_05_002.py (缺少类型注解)
  - 05/wuqu/star/obj_05_003.py (缺少类型注解)
  - 05/wuqu/star/p2_05_011.py (缺少类型注解)
  - 05/wuqu/star/p2_05_012.py (缺少类型注解)
  - 05/wuqu/star/p3_05_009.py (缺少类型注解)
  - 05/wuqu/star/p3_05_010.py (缺少类型注解)
  - 05/wuqu/star/p4_05_009.py (缺少类型注解)
  - 05/wuqu/star/p4_05_010.py (缺少类型注解)
  - 05/wuqu/star/xj05_001.py (缺少类型注解)
  - 05/wuqu/star/xj05_002.py (缺少类型注解)
  - 05/wuqu/star/xj05_003.py (缺少类型注解)
  - 05/wuqu/star/xj05_004.py (缺少类型注解)
  - 05/wuqu/star/xj05_005.py (缺少类型注解)
  - 05/wuqu/star/xj05_p1_001.py (缺少类型注解)
  - 05/wuqu/star/xj05_p1_002.py (缺少类型注解)
  - 05/wuqu/star/xj05_p1_003.py (缺少类型注解)
  - 05/wuqu/star/xj05_p1_004.py (缺少类型注解)
  - 05/wuqu/star/xj05_p1_005.py (缺少类型注解)
  - 05/wuqu/star/xj05_p2_001.py (缺少类型注解)
  - 05/wuqu/star/xj05_p2_002.py (缺少类型注解)
  - 06/pojun/star/obj_06_001.py (缺少类型注解)
  - 06/pojun/star/obj_06_002.py (缺少类型注解)
  - 06/pojun/star/obj_06_003.py (缺少类型注解)
  - 06/pojun/star/p2_06_013.py (缺少类型注解)
  - 06/pojun/star/p2_06_014.py (缺少类型注解)
  - 06/pojun/star/p3_06_011.py (缺少类型注解)
  - 06/pojun/star/p3_06_012.py (缺少类型注解)
  - 06/pojun/star/p4_06_011.py (缺少类型注解)
  - 06/pojun/star/p4_06_012.py (缺少类型注解)
  - 06/pojun/star/xj06_001.py (缺少类型注解)
  - 06/pojun/star/xj06_002.py (缺少类型注解)
  - 06/pojun/star/xj06_003.py (缺少类型注解)
  - 06/pojun/star/xj06_004.py (缺少类型注解)
  - 06/pojun/star/xj06_005.py (缺少类型注解)
  - 06/pojun/star/xj06_p1_001.py (缺少类型注解)
  - 06/pojun/star/xj06_p1_002.py (缺少类型注解)
  - 06/pojun/star/xj06_p1_003.py (缺少类型注解)
  - 06/pojun/star/xj06_p1_004.py (缺少类型注解)
  - 06/pojun/star/xj06_p1_005.py (缺少类型注解)
  - 06/pojun/star/xj06_p2_001.py (缺少类型注解)
  - 06/pojun/star/xj06_p2_002.py (缺少类型注解)
  - 07/zuofu/star/obj_07_001.py (缺少类型注解)
  - 07/zuofu/star/obj_07_002.py (缺少类型注解)
  - 07/zuofu/star/obj_07_003.py (缺少类型注解)
  - 07/zuofu/star/obj_07_004.py (缺少类型注解)
  - 07/zuofu/star/p2_07_015.py (缺少类型注解)
  - 07/zuofu/star/p2_07_016.py (缺少类型注解)
  - 07/zuofu/star/p3_07_013.py (缺少类型注解)
  - 07/zuofu/star/p3_07_014.py (缺少类型注解)
  - 07/zuofu/star/p4_07_013.py (缺少类型注解)
  - 07/zuofu/star/p4_07_014.py (缺少类型注解)
  - 07/zuofu/star/xj07_001.py (缺少类型注解)
  - 07/zuofu/star/xj07_002.py (缺少类型注解)
  - 07/zuofu/star/xj07_003.py (缺少类型注解)
  - 07/zuofu/star/xj07_004.py (缺少类型注解)
  - 07/zuofu/star/xj07_005.py (缺少类型注解)
  - 07/zuofu/star/xj07_p1_001.py (缺少类型注解)
  - 07/zuofu/star/xj07_p1_002.py (缺少类型注解)
  - 07/zuofu/star/xj07_p1_003.py (缺少类型注解)
  - 07/zuofu/star/xj07_p1_004.py (缺少类型注解)
  - 07/zuofu/star/xj07_p1_005.py (缺少类型注解)
  - 07/zuofu/star/xj07_p2_001.py (缺少类型注解)
  - 08/youbi/star/obj_08_001.py (缺少类型注解)
  - 08/youbi/star/obj_08_002.py (缺少类型注解)
  - 08/youbi/star/obj_08_003.py (缺少类型注解)
  - 08/youbi/star/p2_08_017.py (缺少类型注解)
  - 08/youbi/star/p2_08_018.py (缺少类型注解)
  - 08/youbi/star/p3_08_015.py (缺少类型注解)
  - 08/youbi/star/p3_08_016.py (缺少类型注解)
  - 08/youbi/star/p4_08_015.py (缺少类型注解)
  - 08/youbi/star/p4_08_016.py (缺少类型注解)
  - 08/youbi/star/xj08_001.py (缺少类型注解)
  - 08/youbi/star/xj08_003.py (缺少类型注解)
  - 08/youbi/star/xj08_004.py (缺少类型注解)
  - 08/youbi/star/xj08_p1_001.py (缺少类型注解)
  - 08/youbi/star/xj08_p1_003.py (缺少类型注解)
  - 08/youbi/star/xj08_p1_004.py (缺少类型注解)
  - 08/youbi/star/xj_p3_006.py (缺少类型注解)
  - 08/youbi/star/xj_p3_007.py (缺少类型注解)
  - 09/tanlang/star/obj_09_001.py (缺少类型注解)
  - 09/tanlang/star/obj_09_002.py (缺少类型注解)
  - 09/tanlang/star/obj_09_003.py (缺少类型注解)
  - 09/tanlang/star/p2_09_019.py (缺少类型注解)
  - 09/tanlang/star/p2_09_020.py (缺少类型注解)
  - 09/tanlang/star/p3_09_017.py (缺少类型注解)
  - 09/tanlang/star/p3_09_018.py (缺少类型注解)
  - 09/tanlang/star/p4_09_017.py (缺少类型注解)
  - 09/tanlang/star/p4_09_018.py (缺少类型注解)
  - 09/tanlang/star/xj09_001.py (缺少类型注解)
  - 09/tanlang/star/xj09_002.py (缺少类型注解)
  - 09/tanlang/star/xj09_003.py (缺少类型注解)
  - 09/tanlang/star/xj09_004.py (缺少类型注解)
  - 09/tanlang/star/xj09_005.py (缺少类型注解)
  - 09/tanlang/star/xj09_p1_001.py (缺少类型注解)
  - 09/tanlang/star/xj09_p1_002.py (缺少类型注解)
  - 09/tanlang/star/xj09_p1_003.py (缺少类型注解)
  - 09/tanlang/star/xj09_p1_004.py (缺少类型注解)
  - 09/tanlang/star/xj09_p1_005.py (缺少类型注解)
  - 10/fubi/star/obj_10_001.py (缺少类型注解)
  - 10/fubi/star/obj_10_002.py (缺少类型注解)
  - 10/fubi/star/obj_10_003.py (缺少类型注解)
  - 10/fubi/star/p2_10_021.py (缺少类型注解)
  - 10/fubi/star/p2_10_022.py (缺少类型注解)
  - 10/fubi/star/p3_10_019.py (缺少类型注解)
  - 10/fubi/star/p3_10_020.py (缺少类型注解)
  - 10/fubi/star/p4_10_019.py (缺少类型注解)
  - 10/fubi/star/p4_10_020.py (缺少类型注解)
  - 10/fubi/star/xj10_001.py (缺少类型注解)
  - 10/fubi/star/xj10_002.py (缺少类型注解)
  - 10/fubi/star/xj10_003.py (缺少类型注解)
  - 10/fubi/star/xj10_004.py (缺少类型注解)
  - 10/fubi/star/xj10_005.py (缺少类型注解)
  - 10/fubi/star/xj10_p1_001.py (缺少类型注解)
  - 10/fubi/star/xj10_p1_002.py (缺少类型注解)
  - 10/fubi/star/xj10_p1_003.py (缺少类型注解)
  - 10/fubi/star/xj10_p1_004.py (缺少类型注解)
  - 10/fubi/star/xj10_p1_005.py (缺少类型注解)

=== 质检完成 ===
发现问题文件: 171 个
=== 张志远(002) 代码质检任务 ===
时间: Sun Mar 22 08:00:01 PM CST 2026

📊 代码统计:
  XJ-01: 38 文件, 1634 行
  XJ-02: 32 文件, 1216 行
  XJ-03: 22 文件, 814 行
  XJ-04: 21 文件, 546 行
  XJ-05: 21 文件, 546 行
  XJ-06: 21 文件, 546 行
  XJ-07: 21 文件, 546 行
  XJ-08: 19 文件, 528 行
  XJ-09: 19 文件, 494 行
  XJ-10: 19 文件, 494 行
  总计: 233 文件, 7364 行

📈 质量指标:
  文档覆盖率: 100.0%
  类型注解覆盖率: 40.3%

⚠️ 需要改进的文件:
  - 02/lucun/star/c_02_001.py (缺少类型注解)
  - 02/lucun/star/c_02_002.py (缺少类型注解)
  - 02/lucun/star/c_02_003.py (缺少类型注解)
  - 02/lucun/star/c_02_004.py (缺少类型注解)
  - 02/lucun/star/c_02_005.py (缺少类型注解)
  - 02/lucun/star/p2_02_004.py (缺少类型注解)
  - 02/lucun/star/p2_02_005.py (缺少类型注解)
  - 02/lucun/star/p2_02_006.py (缺少类型注解)
  - 02/lucun/star/p3_02_003.py (缺少类型注解)
  - 02/lucun/star/p3_02_004.py (缺少类型注解)
  - 02/lucun/star/p4_02_003.py (缺少类型注解)
  - 02/lucun/star/p4_02_004.py (缺少类型注解)
  - 02/lucun/star/task_01.py (缺少类型注解)
  - 02/lucun/star/task_02.py (缺少类型注解)
  - 02/lucun/star/task_03.py (缺少类型注解)
  - 02/lucun/star/task_04.py (缺少类型注解)
  - 02/lucun/star/task_05.py (缺少类型注解)
  - 02/lucun/star/task_06.py (缺少类型注解)
  - 02/lucun/star/task_07.py (缺少类型注解)
  - 02/lucun/star/task_08.py (缺少类型注解)
  - 02/lucun/star/xj02_001.py (缺少类型注解)
  - 02/lucun/star/xj02_002.py (缺少类型注解)
  - 02/lucun/star/xj02_003.py (缺少类型注解)
  - 02/lucun/star/xj02_004.py (缺少类型注解)
  - 02/lucun/star/xj02_p0_001.py (缺少类型注解)
  - 02/lucun/star/xj02_p0_002.py (缺少类型注解)
  - 02/lucun/star/xj02_p0_003.py (缺少类型注解)
  - 02/lucun/star/xj02_p1_001.py (缺少类型注解)
  - 02/lucun/star/xj02_p1_003.py (缺少类型注解)
  - 02/lucun/star/xj02_p2_001.py (缺少类型注解)
  - 02/lucun/star/xj02_p2_002.py (缺少类型注解)
  - 02/lucun/star/xj_p3_002.py (缺少类型注解)
  - 04/lianzheng/star/obj_04_001.py (缺少类型注解)
  - 04/lianzheng/star/obj_04_002.py (缺少类型注解)
  - 04/lianzheng/star/obj_04_003.py (缺少类型注解)
  - 04/lianzheng/star/p2_04_009.py (缺少类型注解)
  - 04/lianzheng/star/p2_04_010.py (缺少类型注解)
  - 04/lianzheng/star/p3_04_007.py (缺少类型注解)
  - 04/lianzheng/star/p3_04_008.py (缺少类型注解)
  - 04/lianzheng/star/p4_04_007.py (缺少类型注解)
  - 04/lianzheng/star/p4_04_008.py (缺少类型注解)
  - 04/lianzheng/star/xj04_001.py (缺少类型注解)
  - 04/lianzheng/star/xj04_002.py (缺少类型注解)
  - 04/lianzheng/star/xj04_003.py (缺少类型注解)
  - 04/lianzheng/star/xj04_004.py (缺少类型注解)
  - 04/lianzheng/star/xj04_005.py (缺少类型注解)
  - 04/lianzheng/star/xj04_p1_001.py (缺少类型注解)
  - 04/lianzheng/star/xj04_p1_002.py (缺少类型注解)
  - 04/lianzheng/star/xj04_p1_003.py (缺少类型注解)
  - 04/lianzheng/star/xj04_p1_004.py (缺少类型注解)
  - 04/lianzheng/star/xj04_p1_005.py (缺少类型注解)
  - 04/lianzheng/star/xj04_p2_001.py (缺少类型注解)
  - 04/lianzheng/star/xj04_p2_002.py (缺少类型注解)
  - 05/wuqu/star/obj_05_001.py (缺少类型注解)
  - 05/wuqu/star/obj_05_002.py (缺少类型注解)
  - 05/wuqu/star/obj_05_003.py (缺少类型注解)
  - 05/wuqu/star/p2_05_011.py (缺少类型注解)
  - 05/wuqu/star/p2_05_012.py (缺少类型注解)
  - 05/wuqu/star/p3_05_009.py (缺少类型注解)
  - 05/wuqu/star/p3_05_010.py (缺少类型注解)
  - 05/wuqu/star/p4_05_009.py (缺少类型注解)
  - 05/wuqu/star/p4_05_010.py (缺少类型注解)
  - 05/wuqu/star/xj05_001.py (缺少类型注解)
  - 05/wuqu/star/xj05_002.py (缺少类型注解)
  - 05/wuqu/star/xj05_003.py (缺少类型注解)
  - 05/wuqu/star/xj05_004.py (缺少类型注解)
  - 05/wuqu/star/xj05_005.py (缺少类型注解)
  - 05/wuqu/star/xj05_p1_001.py (缺少类型注解)
  - 05/wuqu/star/xj05_p1_002.py (缺少类型注解)
  - 05/wuqu/star/xj05_p1_003.py (缺少类型注解)
  - 05/wuqu/star/xj05_p1_004.py (缺少类型注解)
  - 05/wuqu/star/xj05_p1_005.py (缺少类型注解)
  - 05/wuqu/star/xj05_p2_001.py (缺少类型注解)
  - 05/wuqu/star/xj05_p2_002.py (缺少类型注解)
  - 06/pojun/star/obj_06_001.py (缺少类型注解)
  - 06/pojun/star/obj_06_002.py (缺少类型注解)
  - 06/pojun/star/obj_06_003.py (缺少类型注解)
  - 06/pojun/star/p2_06_013.py (缺少类型注解)
  - 06/pojun/star/p2_06_014.py (缺少类型注解)
  - 06/pojun/star/p3_06_011.py (缺少类型注解)
  - 06/pojun/star/p3_06_012.py (缺少类型注解)
  - 06/pojun/star/p4_06_011.py (缺少类型注解)
  - 06/pojun/star/p4_06_012.py (缺少类型注解)
  - 06/pojun/star/xj06_001.py (缺少类型注解)
  - 06/pojun/star/xj06_002.py (缺少类型注解)
  - 06/pojun/star/xj06_003.py (缺少类型注解)
  - 06/pojun/star/xj06_004.py (缺少类型注解)
  - 06/pojun/star/xj06_005.py (缺少类型注解)
  - 06/pojun/star/xj06_p1_001.py (缺少类型注解)
  - 06/pojun/star/xj06_p1_002.py (缺少类型注解)
  - 06/pojun/star/xj06_p1_003.py (缺少类型注解)
  - 06/pojun/star/xj06_p1_004.py (缺少类型注解)
  - 06/pojun/star/xj06_p1_005.py (缺少类型注解)
  - 06/pojun/star/xj06_p2_001.py (缺少类型注解)
  - 06/pojun/star/xj06_p2_002.py (缺少类型注解)
  - 07/zuofu/star/obj_07_001.py (缺少类型注解)
  - 07/zuofu/star/obj_07_002.py (缺少类型注解)
  - 07/zuofu/star/obj_07_003.py (缺少类型注解)
  - 07/zuofu/star/obj_07_004.py (缺少类型注解)
  - 07/zuofu/star/p2_07_015.py (缺少类型注解)
  - 07/zuofu/star/p2_07_016.py (缺少类型注解)
  - 07/zuofu/star/p3_07_013.py (缺少类型注解)
  - 07/zuofu/star/p3_07_014.py (缺少类型注解)
  - 07/zuofu/star/p4_07_013.py (缺少类型注解)
  - 07/zuofu/star/p4_07_014.py (缺少类型注解)
  - 07/zuofu/star/xj07_001.py (缺少类型注解)
  - 07/zuofu/star/xj07_002.py (缺少类型注解)
  - 07/zuofu/star/xj07_003.py (缺少类型注解)
  - 07/zuofu/star/xj07_004.py (缺少类型注解)
  - 07/zuofu/star/xj07_005.py (缺少类型注解)
  - 07/zuofu/star/xj07_p1_001.py (缺少类型注解)
  - 07/zuofu/star/xj07_p1_002.py (缺少类型注解)
  - 07/zuofu/star/xj07_p1_003.py (缺少类型注解)
  - 07/zuofu/star/xj07_p1_004.py (缺少类型注解)
  - 07/zuofu/star/xj07_p1_005.py (缺少类型注解)
  - 07/zuofu/star/xj07_p2_001.py (缺少类型注解)
  - 08/youbi/star/obj_08_001.py (缺少类型注解)
  - 08/youbi/star/obj_08_002.py (缺少类型注解)
  - 08/youbi/star/obj_08_003.py (缺少类型注解)
  - 08/youbi/star/p2_08_017.py (缺少类型注解)
  - 08/youbi/star/p2_08_018.py (缺少类型注解)
  - 08/youbi/star/p3_08_015.py (缺少类型注解)
  - 08/youbi/star/p3_08_016.py (缺少类型注解)
  - 08/youbi/star/p4_08_015.py (缺少类型注解)
  - 08/youbi/star/p4_08_016.py (缺少类型注解)
  - 08/youbi/star/xj08_001.py (缺少类型注解)
  - 08/youbi/star/xj08_003.py (缺少类型注解)
  - 08/youbi/star/xj08_004.py (缺少类型注解)
  - 08/youbi/star/xj08_p1_001.py (缺少类型注解)
  - 08/youbi/star/xj08_p1_003.py (缺少类型注解)
  - 08/youbi/star/xj08_p1_004.py (缺少类型注解)
  - 08/youbi/star/xj_p3_006.py (缺少类型注解)
  - 08/youbi/star/xj_p3_007.py (缺少类型注解)
  - 09/tanlang/star/obj_09_001.py (缺少类型注解)
  - 09/tanlang/star/obj_09_002.py (缺少类型注解)
  - 09/tanlang/star/obj_09_003.py (缺少类型注解)
  - 09/tanlang/star/p2_09_019.py (缺少类型注解)
  - 09/tanlang/star/p2_09_020.py (缺少类型注解)
  - 09/tanlang/star/p3_09_017.py (缺少类型注解)
  - 09/tanlang/star/p3_09_018.py (缺少类型注解)
  - 09/tanlang/star/p4_09_017.py (缺少类型注解)
  - 09/tanlang/star/p4_09_018.py (缺少类型注解)
  - 09/tanlang/star/xj09_001.py (缺少类型注解)
  - 09/tanlang/star/xj09_002.py (缺少类型注解)
  - 09/tanlang/star/xj09_003.py (缺少类型注解)
  - 09/tanlang/star/xj09_004.py (缺少类型注解)
  - 09/tanlang/star/xj09_005.py (缺少类型注解)
  - 09/tanlang/star/xj09_p1_001.py (缺少类型注解)
  - 09/tanlang/star/xj09_p1_002.py (缺少类型注解)
  - 09/tanlang/star/xj09_p1_003.py (缺少类型注解)
  - 09/tanlang/star/xj09_p1_004.py (缺少类型注解)
  - 09/tanlang/star/xj09_p1_005.py (缺少类型注解)
  - 10/fubi/star/obj_10_001.py (缺少类型注解)
  - 10/fubi/star/obj_10_002.py (缺少类型注解)
  - 10/fubi/star/obj_10_003.py (缺少类型注解)
  - 10/fubi/star/p2_10_021.py (缺少类型注解)
  - 10/fubi/star/p2_10_022.py (缺少类型注解)
  - 10/fubi/star/p3_10_019.py (缺少类型注解)
  - 10/fubi/star/p3_10_020.py (缺少类型注解)
  - 10/fubi/star/p4_10_019.py (缺少类型注解)
  - 10/fubi/star/p4_10_020.py (缺少类型注解)
  - 10/fubi/star/xj10_001.py (缺少类型注解)
  - 10/fubi/star/xj10_002.py (缺少类型注解)
  - 10/fubi/star/xj10_003.py (缺少类型注解)
  - 10/fubi/star/xj10_004.py (缺少类型注解)
  - 10/fubi/star/xj10_005.py (缺少类型注解)
  - 10/fubi/star/xj10_p1_001.py (缺少类型注解)
  - 10/fubi/star/xj10_p1_002.py (缺少类型注解)
  - 10/fubi/star/xj10_p1_003.py (缺少类型注解)
  - 10/fubi/star/xj10_p1_004.py (缺少类型注解)
  - 10/fubi/star/xj10_p1_005.py (缺少类型注解)

=== 质检完成 ===
发现问题文件: 171 个
=== 张志远(002) 代码质检任务 ===
时间: Sun Mar 22 08:30:01 PM CST 2026

📊 代码统计:
  XJ-01: 38 文件, 1634 行
  XJ-02: 32 文件, 1216 行
  XJ-03: 22 文件, 814 行
  XJ-04: 21 文件, 546 行
  XJ-05: 21 文件, 546 行
  XJ-06: 21 文件, 546 行
  XJ-07: 21 文件, 546 行
  XJ-08: 19 文件, 528 行
  XJ-09: 19 文件, 494 行
  XJ-10: 19 文件, 494 行
  总计: 233 文件, 7364 行

📈 质量指标:
  文档覆盖率: 100.0%
  类型注解覆盖率: 40.3%

⚠️ 需要改进的文件:
  - 02/lucun/star/c_02_001.py (缺少类型注解)
  - 02/lucun/star/c_02_002.py (缺少类型注解)
  - 02/lucun/star/c_02_003.py (缺少类型注解)
  - 02/lucun/star/c_02_004.py (缺少类型注解)
  - 02/lucun/star/c_02_005.py (缺少类型注解)
  - 02/lucun/star/p2_02_004.py (缺少类型注解)
  - 02/lucun/star/p2_02_005.py (缺少类型注解)
  - 02/lucun/star/p2_02_006.py (缺少类型注解)
  - 02/lucun/star/p3_02_003.py (缺少类型注解)
  - 02/lucun/star/p3_02_004.py (缺少类型注解)
  - 02/lucun/star/p4_02_003.py (缺少类型注解)
  - 02/lucun/star/p4_02_004.py (缺少类型注解)
  - 02/lucun/star/task_01.py (缺少类型注解)
  - 02/lucun/star/task_02.py (缺少类型注解)
  - 02/lucun/star/task_03.py (缺少类型注解)
  - 02/lucun/star/task_04.py (缺少类型注解)
  - 02/lucun/star/task_05.py (缺少类型注解)
  - 02/lucun/star/task_06.py (缺少类型注解)
  - 02/lucun/star/task_07.py (缺少类型注解)
  - 02/lucun/star/task_08.py (缺少类型注解)
  - 02/lucun/star/xj02_001.py (缺少类型注解)
  - 02/lucun/star/xj02_002.py (缺少类型注解)
  - 02/lucun/star/xj02_003.py (缺少类型注解)
  - 02/lucun/star/xj02_004.py (缺少类型注解)
  - 02/lucun/star/xj02_p0_001.py (缺少类型注解)
  - 02/lucun/star/xj02_p0_002.py (缺少类型注解)
  - 02/lucun/star/xj02_p0_003.py (缺少类型注解)
  - 02/lucun/star/xj02_p1_001.py (缺少类型注解)
  - 02/lucun/star/xj02_p1_003.py (缺少类型注解)
  - 02/lucun/star/xj02_p2_001.py (缺少类型注解)
  - 02/lucun/star/xj02_p2_002.py (缺少类型注解)
  - 02/lucun/star/xj_p3_002.py (缺少类型注解)
  - 04/lianzheng/star/obj_04_001.py (缺少类型注解)
  - 04/lianzheng/star/obj_04_002.py (缺少类型注解)
  - 04/lianzheng/star/obj_04_003.py (缺少类型注解)
  - 04/lianzheng/star/p2_04_009.py (缺少类型注解)
  - 04/lianzheng/star/p2_04_010.py (缺少类型注解)
  - 04/lianzheng/star/p3_04_007.py (缺少类型注解)
  - 04/lianzheng/star/p3_04_008.py (缺少类型注解)
  - 04/lianzheng/star/p4_04_007.py (缺少类型注解)
  - 04/lianzheng/star/p4_04_008.py (缺少类型注解)
  - 04/lianzheng/star/xj04_001.py (缺少类型注解)
  - 04/lianzheng/star/xj04_002.py (缺少类型注解)
  - 04/lianzheng/star/xj04_003.py (缺少类型注解)
  - 04/lianzheng/star/xj04_004.py (缺少类型注解)
  - 04/lianzheng/star/xj04_005.py (缺少类型注解)
  - 04/lianzheng/star/xj04_p1_001.py (缺少类型注解)
  - 04/lianzheng/star/xj04_p1_002.py (缺少类型注解)
  - 04/lianzheng/star/xj04_p1_003.py (缺少类型注解)
  - 04/lianzheng/star/xj04_p1_004.py (缺少类型注解)
  - 04/lianzheng/star/xj04_p1_005.py (缺少类型注解)
  - 04/lianzheng/star/xj04_p2_001.py (缺少类型注解)
  - 04/lianzheng/star/xj04_p2_002.py (缺少类型注解)
  - 05/wuqu/star/obj_05_001.py (缺少类型注解)
  - 05/wuqu/star/obj_05_002.py (缺少类型注解)
  - 05/wuqu/star/obj_05_003.py (缺少类型注解)
  - 05/wuqu/star/p2_05_011.py (缺少类型注解)
  - 05/wuqu/star/p2_05_012.py (缺少类型注解)
  - 05/wuqu/star/p3_05_009.py (缺少类型注解)
  - 05/wuqu/star/p3_05_010.py (缺少类型注解)
  - 05/wuqu/star/p4_05_009.py (缺少类型注解)
  - 05/wuqu/star/p4_05_010.py (缺少类型注解)
  - 05/wuqu/star/xj05_001.py (缺少类型注解)
  - 05/wuqu/star/xj05_002.py (缺少类型注解)
  - 05/wuqu/star/xj05_003.py (缺少类型注解)
  - 05/wuqu/star/xj05_004.py (缺少类型注解)
  - 05/wuqu/star/xj05_005.py (缺少类型注解)
  - 05/wuqu/star/xj05_p1_001.py (缺少类型注解)
  - 05/wuqu/star/xj05_p1_002.py (缺少类型注解)
  - 05/wuqu/star/xj05_p1_003.py (缺少类型注解)
  - 05/wuqu/star/xj05_p1_004.py (缺少类型注解)
  - 05/wuqu/star/xj05_p1_005.py (缺少类型注解)
  - 05/wuqu/star/xj05_p2_001.py (缺少类型注解)
  - 05/wuqu/star/xj05_p2_002.py (缺少类型注解)
  - 06/pojun/star/obj_06_001.py (缺少类型注解)
  - 06/pojun/star/obj_06_002.py (缺少类型注解)
  - 06/pojun/star/obj_06_003.py (缺少类型注解)
  - 06/pojun/star/p2_06_013.py (缺少类型注解)
  - 06/pojun/star/p2_06_014.py (缺少类型注解)
  - 06/pojun/star/p3_06_011.py (缺少类型注解)
  - 06/pojun/star/p3_06_012.py (缺少类型注解)
  - 06/pojun/star/p4_06_011.py (缺少类型注解)
  - 06/pojun/star/p4_06_012.py (缺少类型注解)
  - 06/pojun/star/xj06_001.py (缺少类型注解)
  - 06/pojun/star/xj06_002.py (缺少类型注解)
  - 06/pojun/star/xj06_003.py (缺少类型注解)
  - 06/pojun/star/xj06_004.py (缺少类型注解)
  - 06/pojun/star/xj06_005.py (缺少类型注解)
  - 06/pojun/star/xj06_p1_001.py (缺少类型注解)
  - 06/pojun/star/xj06_p1_002.py (缺少类型注解)
  - 06/pojun/star/xj06_p1_003.py (缺少类型注解)
  - 06/pojun/star/xj06_p1_004.py (缺少类型注解)
  - 06/pojun/star/xj06_p1_005.py (缺少类型注解)
  - 06/pojun/star/xj06_p2_001.py (缺少类型注解)
  - 06/pojun/star/xj06_p2_002.py (缺少类型注解)
  - 07/zuofu/star/obj_07_001.py (缺少类型注解)
  - 07/zuofu/star/obj_07_002.py (缺少类型注解)
  - 07/zuofu/star/obj_07_003.py (缺少类型注解)
  - 07/zuofu/star/obj_07_004.py (缺少类型注解)
  - 07/zuofu/star/p2_07_015.py (缺少类型注解)
  - 07/zuofu/star/p2_07_016.py (缺少类型注解)
  - 07/zuofu/star/p3_07_013.py (缺少类型注解)
  - 07/zuofu/star/p3_07_014.py (缺少类型注解)
  - 07/zuofu/star/p4_07_013.py (缺少类型注解)
  - 07/zuofu/star/p4_07_014.py (缺少类型注解)
  - 07/zuofu/star/xj07_001.py (缺少类型注解)
  - 07/zuofu/star/xj07_002.py (缺少类型注解)
  - 07/zuofu/star/xj07_003.py (缺少类型注解)
  - 07/zuofu/star/xj07_004.py (缺少类型注解)
  - 07/zuofu/star/xj07_005.py (缺少类型注解)
  - 07/zuofu/star/xj07_p1_001.py (缺少类型注解)
  - 07/zuofu/star/xj07_p1_002.py (缺少类型注解)
  - 07/zuofu/star/xj07_p1_003.py (缺少类型注解)
  - 07/zuofu/star/xj07_p1_004.py (缺少类型注解)
  - 07/zuofu/star/xj07_p1_005.py (缺少类型注解)
  - 07/zuofu/star/xj07_p2_001.py (缺少类型注解)
  - 08/youbi/star/obj_08_001.py (缺少类型注解)
  - 08/youbi/star/obj_08_002.py (缺少类型注解)
  - 08/youbi/star/obj_08_003.py (缺少类型注解)
  - 08/youbi/star/p2_08_017.py (缺少类型注解)
  - 08/youbi/star/p2_08_018.py (缺少类型注解)
  - 08/youbi/star/p3_08_015.py (缺少类型注解)
  - 08/youbi/star/p3_08_016.py (缺少类型注解)
  - 08/youbi/star/p4_08_015.py (缺少类型注解)
  - 08/youbi/star/p4_08_016.py (缺少类型注解)
  - 08/youbi/star/xj08_001.py (缺少类型注解)
  - 08/youbi/star/xj08_003.py (缺少类型注解)
  - 08/youbi/star/xj08_004.py (缺少类型注解)
  - 08/youbi/star/xj08_p1_001.py (缺少类型注解)
  - 08/youbi/star/xj08_p1_003.py (缺少类型注解)
  - 08/youbi/star/xj08_p1_004.py (缺少类型注解)
  - 08/youbi/star/xj_p3_006.py (缺少类型注解)
  - 08/youbi/star/xj_p3_007.py (缺少类型注解)
  - 09/tanlang/star/obj_09_001.py (缺少类型注解)
  - 09/tanlang/star/obj_09_002.py (缺少类型注解)
  - 09/tanlang/star/obj_09_003.py (缺少类型注解)
  - 09/tanlang/star/p2_09_019.py (缺少类型注解)
  - 09/tanlang/star/p2_09_020.py (缺少类型注解)
  - 09/tanlang/star/p3_09_017.py (缺少类型注解)
  - 09/tanlang/star/p3_09_018.py (缺少类型注解)
  - 09/tanlang/star/p4_09_017.py (缺少类型注解)
  - 09/tanlang/star/p4_09_018.py (缺少类型注解)
  - 09/tanlang/star/xj09_001.py (缺少类型注解)
  - 09/tanlang/star/xj09_002.py (缺少类型注解)
  - 09/tanlang/star/xj09_003.py (缺少类型注解)
  - 09/tanlang/star/xj09_004.py (缺少类型注解)
  - 09/tanlang/star/xj09_005.py (缺少类型注解)
  - 09/tanlang/star/xj09_p1_001.py (缺少类型注解)
  - 09/tanlang/star/xj09_p1_002.py (缺少类型注解)
  - 09/tanlang/star/xj09_p1_003.py (缺少类型注解)
  - 09/tanlang/star/xj09_p1_004.py (缺少类型注解)
  - 09/tanlang/star/xj09_p1_005.py (缺少类型注解)
  - 10/fubi/star/obj_10_001.py (缺少类型注解)
  - 10/fubi/star/obj_10_002.py (缺少类型注解)
  - 10/fubi/star/obj_10_003.py (缺少类型注解)
  - 10/fubi/star/p2_10_021.py (缺少类型注解)
  - 10/fubi/star/p2_10_022.py (缺少类型注解)
  - 10/fubi/star/p3_10_019.py (缺少类型注解)
  - 10/fubi/star/p3_10_020.py (缺少类型注解)
  - 10/fubi/star/p4_10_019.py (缺少类型注解)
  - 10/fubi/star/p4_10_020.py (缺少类型注解)
  - 10/fubi/star/xj10_001.py (缺少类型注解)
  - 10/fubi/star/xj10_002.py (缺少类型注解)
  - 10/fubi/star/xj10_003.py (缺少类型注解)
  - 10/fubi/star/xj10_004.py (缺少类型注解)
  - 10/fubi/star/xj10_005.py (缺少类型注解)
  - 10/fubi/star/xj10_p1_001.py (缺少类型注解)
  - 10/fubi/star/xj10_p1_002.py (缺少类型注解)
  - 10/fubi/star/xj10_p1_003.py (缺少类型注解)
  - 10/fubi/star/xj10_p1_004.py (缺少类型注解)
  - 10/fubi/star/xj10_p1_005.py (缺少类型注解)

=== 质检完成 ===
发现问题文件: 171 个
=== 张志远(002) 代码质检任务 ===
时间: Sun Mar 22 09:00:01 PM CST 2026

📊 代码统计:
  XJ-01: 38 文件, 1634 行
  XJ-02: 32 文件, 1216 行
  XJ-03: 22 文件, 814 行
  XJ-04: 21 文件, 546 行
  XJ-05: 21 文件, 546 行
  XJ-06: 21 文件, 546 行
  XJ-07: 21 文件, 546 行
  XJ-08: 19 文件, 528 行
  XJ-09: 19 文件, 494 行
  XJ-10: 19 文件, 494 行
  总计: 233 文件, 7364 行

📈 质量指标:
  文档覆盖率: 100.0%
  类型注解覆盖率: 40.3%

⚠️ 需要改进的文件:
  - 02/lucun/star/c_02_001.py (缺少类型注解)
  - 02/lucun/star/c_02_002.py (缺少类型注解)
  - 02/lucun/star/c_02_003.py (缺少类型注解)
  - 02/lucun/star/c_02_004.py (缺少类型注解)
  - 02/lucun/star/c_02_005.py (缺少类型注解)
  - 02/lucun/star/p2_02_004.py (缺少类型注解)
  - 02/lucun/star/p2_02_005.py (缺少类型注解)
  - 02/lucun/star/p2_02_006.py (缺少类型注解)
  - 02/lucun/star/p3_02_003.py (缺少类型注解)
  - 02/lucun/star/p3_02_004.py (缺少类型注解)
  - 02/lucun/star/p4_02_003.py (缺少类型注解)
  - 02/lucun/star/p4_02_004.py (缺少类型注解)
  - 02/lucun/star/task_01.py (缺少类型注解)
  - 02/lucun/star/task_02.py (缺少类型注解)
  - 02/lucun/star/task_03.py (缺少类型注解)
  - 02/lucun/star/task_04.py (缺少类型注解)
  - 02/lucun/star/task_05.py (缺少类型注解)
  - 02/lucun/star/task_06.py (缺少类型注解)
  - 02/lucun/star/task_07.py (缺少类型注解)
  - 02/lucun/star/task_08.py (缺少类型注解)
  - 02/lucun/star/xj02_001.py (缺少类型注解)
  - 02/lucun/star/xj02_002.py (缺少类型注解)
  - 02/lucun/star/xj02_003.py (缺少类型注解)
  - 02/lucun/star/xj02_004.py (缺少类型注解)
  - 02/lucun/star/xj02_p0_001.py (缺少类型注解)
  - 02/lucun/star/xj02_p0_002.py (缺少类型注解)
  - 02/lucun/star/xj02_p0_003.py (缺少类型注解)
  - 02/lucun/star/xj02_p1_001.py (缺少类型注解)
  - 02/lucun/star/xj02_p1_003.py (缺少类型注解)
  - 02/lucun/star/xj02_p2_001.py (缺少类型注解)
  - 02/lucun/star/xj02_p2_002.py (缺少类型注解)
  - 02/lucun/star/xj_p3_002.py (缺少类型注解)
  - 04/lianzheng/star/obj_04_001.py (缺少类型注解)
  - 04/lianzheng/star/obj_04_002.py (缺少类型注解)
  - 04/lianzheng/star/obj_04_003.py (缺少类型注解)
  - 04/lianzheng/star/p2_04_009.py (缺少类型注解)
  - 04/lianzheng/star/p2_04_010.py (缺少类型注解)
  - 04/lianzheng/star/p3_04_007.py (缺少类型注解)
  - 04/lianzheng/star/p3_04_008.py (缺少类型注解)
  - 04/lianzheng/star/p4_04_007.py (缺少类型注解)
  - 04/lianzheng/star/p4_04_008.py (缺少类型注解)
  - 04/lianzheng/star/xj04_001.py (缺少类型注解)
  - 04/lianzheng/star/xj04_002.py (缺少类型注解)
  - 04/lianzheng/star/xj04_003.py (缺少类型注解)
  - 04/lianzheng/star/xj04_004.py (缺少类型注解)
  - 04/lianzheng/star/xj04_005.py (缺少类型注解)
  - 04/lianzheng/star/xj04_p1_001.py (缺少类型注解)
  - 04/lianzheng/star/xj04_p1_002.py (缺少类型注解)
  - 04/lianzheng/star/xj04_p1_003.py (缺少类型注解)
  - 04/lianzheng/star/xj04_p1_004.py (缺少类型注解)
  - 04/lianzheng/star/xj04_p1_005.py (缺少类型注解)
  - 04/lianzheng/star/xj04_p2_001.py (缺少类型注解)
  - 04/lianzheng/star/xj04_p2_002.py (缺少类型注解)
  - 05/wuqu/star/obj_05_001.py (缺少类型注解)
  - 05/wuqu/star/obj_05_002.py (缺少类型注解)
  - 05/wuqu/star/obj_05_003.py (缺少类型注解)
  - 05/wuqu/star/p2_05_011.py (缺少类型注解)
  - 05/wuqu/star/p2_05_012.py (缺少类型注解)
  - 05/wuqu/star/p3_05_009.py (缺少类型注解)
  - 05/wuqu/star/p3_05_010.py (缺少类型注解)
  - 05/wuqu/star/p4_05_009.py (缺少类型注解)
  - 05/wuqu/star/p4_05_010.py (缺少类型注解)
  - 05/wuqu/star/xj05_001.py (缺少类型注解)
  - 05/wuqu/star/xj05_002.py (缺少类型注解)
  - 05/wuqu/star/xj05_003.py (缺少类型注解)
  - 05/wuqu/star/xj05_004.py (缺少类型注解)
  - 05/wuqu/star/xj05_005.py (缺少类型注解)
  - 05/wuqu/star/xj05_p1_001.py (缺少类型注解)
  - 05/wuqu/star/xj05_p1_002.py (缺少类型注解)
  - 05/wuqu/star/xj05_p1_003.py (缺少类型注解)
  - 05/wuqu/star/xj05_p1_004.py (缺少类型注解)
  - 05/wuqu/star/xj05_p1_005.py (缺少类型注解)
  - 05/wuqu/star/xj05_p2_001.py (缺少类型注解)
  - 05/wuqu/star/xj05_p2_002.py (缺少类型注解)
  - 06/pojun/star/obj_06_001.py (缺少类型注解)
  - 06/pojun/star/obj_06_002.py (缺少类型注解)
  - 06/pojun/star/obj_06_003.py (缺少类型注解)
  - 06/pojun/star/p2_06_013.py (缺少类型注解)
  - 06/pojun/star/p2_06_014.py (缺少类型注解)
  - 06/pojun/star/p3_06_011.py (缺少类型注解)
  - 06/pojun/star/p3_06_012.py (缺少类型注解)
  - 06/pojun/star/p4_06_011.py (缺少类型注解)
  - 06/pojun/star/p4_06_012.py (缺少类型注解)
  - 06/pojun/star/xj06_001.py (缺少类型注解)
  - 06/pojun/star/xj06_002.py (缺少类型注解)
  - 06/pojun/star/xj06_003.py (缺少类型注解)
  - 06/pojun/star/xj06_004.py (缺少类型注解)
  - 06/pojun/star/xj06_005.py (缺少类型注解)
  - 06/pojun/star/xj06_p1_001.py (缺少类型注解)
  - 06/pojun/star/xj06_p1_002.py (缺少类型注解)
  - 06/pojun/star/xj06_p1_003.py (缺少类型注解)
  - 06/pojun/star/xj06_p1_004.py (缺少类型注解)
  - 06/pojun/star/xj06_p1_005.py (缺少类型注解)
  - 06/pojun/star/xj06_p2_001.py (缺少类型注解)
  - 06/pojun/star/xj06_p2_002.py (缺少类型注解)
  - 07/zuofu/star/obj_07_001.py (缺少类型注解)
  - 07/zuofu/star/obj_07_002.py (缺少类型注解)
  - 07/zuofu/star/obj_07_003.py (缺少类型注解)
  - 07/zuofu/star/obj_07_004.py (缺少类型注解)
  - 07/zuofu/star/p2_07_015.py (缺少类型注解)
  - 07/zuofu/star/p2_07_016.py (缺少类型注解)
  - 07/zuofu/star/p3_07_013.py (缺少类型注解)
  - 07/zuofu/star/p3_07_014.py (缺少类型注解)
  - 07/zuofu/star/p4_07_013.py (缺少类型注解)
  - 07/zuofu/star/p4_07_014.py (缺少类型注解)
  - 07/zuofu/star/xj07_001.py (缺少类型注解)
  - 07/zuofu/star/xj07_002.py (缺少类型注解)
  - 07/zuofu/star/xj07_003.py (缺少类型注解)
  - 07/zuofu/star/xj07_004.py (缺少类型注解)
  - 07/zuofu/star/xj07_005.py (缺少类型注解)
  - 07/zuofu/star/xj07_p1_001.py (缺少类型注解)
  - 07/zuofu/star/xj07_p1_002.py (缺少类型注解)
  - 07/zuofu/star/xj07_p1_003.py (缺少类型注解)
  - 07/zuofu/star/xj07_p1_004.py (缺少类型注解)
  - 07/zuofu/star/xj07_p1_005.py (缺少类型注解)
  - 07/zuofu/star/xj07_p2_001.py (缺少类型注解)
  - 08/youbi/star/obj_08_001.py (缺少类型注解)
  - 08/youbi/star/obj_08_002.py (缺少类型注解)
  - 08/youbi/star/obj_08_003.py (缺少类型注解)
  - 08/youbi/star/p2_08_017.py (缺少类型注解)
  - 08/youbi/star/p2_08_018.py (缺少类型注解)
  - 08/youbi/star/p3_08_015.py (缺少类型注解)
  - 08/youbi/star/p3_08_016.py (缺少类型注解)
  - 08/youbi/star/p4_08_015.py (缺少类型注解)
  - 08/youbi/star/p4_08_016.py (缺少类型注解)
  - 08/youbi/star/xj08_001.py (缺少类型注解)
  - 08/youbi/star/xj08_003.py (缺少类型注解)
  - 08/youbi/star/xj08_004.py (缺少类型注解)
  - 08/youbi/star/xj08_p1_001.py (缺少类型注解)
  - 08/youbi/star/xj08_p1_003.py (缺少类型注解)
  - 08/youbi/star/xj08_p1_004.py (缺少类型注解)
  - 08/youbi/star/xj_p3_006.py (缺少类型注解)
  - 08/youbi/star/xj_p3_007.py (缺少类型注解)
  - 09/tanlang/star/obj_09_001.py (缺少类型注解)
  - 09/tanlang/star/obj_09_002.py (缺少类型注解)
  - 09/tanlang/star/obj_09_003.py (缺少类型注解)
  - 09/tanlang/star/p2_09_019.py (缺少类型注解)
  - 09/tanlang/star/p2_09_020.py (缺少类型注解)
  - 09/tanlang/star/p3_09_017.py (缺少类型注解)
  - 09/tanlang/star/p3_09_018.py (缺少类型注解)
  - 09/tanlang/star/p4_09_017.py (缺少类型注解)
  - 09/tanlang/star/p4_09_018.py (缺少类型注解)
  - 09/tanlang/star/xj09_001.py (缺少类型注解)
  - 09/tanlang/star/xj09_002.py (缺少类型注解)
  - 09/tanlang/star/xj09_003.py (缺少类型注解)
  - 09/tanlang/star/xj09_004.py (缺少类型注解)
  - 09/tanlang/star/xj09_005.py (缺少类型注解)
  - 09/tanlang/star/xj09_p1_001.py (缺少类型注解)
  - 09/tanlang/star/xj09_p1_002.py (缺少类型注解)
  - 09/tanlang/star/xj09_p1_003.py (缺少类型注解)
  - 09/tanlang/star/xj09_p1_004.py (缺少类型注解)
  - 09/tanlang/star/xj09_p1_005.py (缺少类型注解)
  - 10/fubi/star/obj_10_001.py (缺少类型注解)
  - 10/fubi/star/obj_10_002.py (缺少类型注解)
  - 10/fubi/star/obj_10_003.py (缺少类型注解)
  - 10/fubi/star/p2_10_021.py (缺少类型注解)
  - 10/fubi/star/p2_10_022.py (缺少类型注解)
  - 10/fubi/star/p3_10_019.py (缺少类型注解)
  - 10/fubi/star/p3_10_020.py (缺少类型注解)
  - 10/fubi/star/p4_10_019.py (缺少类型注解)
  - 10/fubi/star/p4_10_020.py (缺少类型注解)
  - 10/fubi/star/xj10_001.py (缺少类型注解)
  - 10/fubi/star/xj10_002.py (缺少类型注解)
  - 10/fubi/star/xj10_003.py (缺少类型注解)
  - 10/fubi/star/xj10_004.py (缺少类型注解)
  - 10/fubi/star/xj10_005.py (缺少类型注解)
  - 10/fubi/star/xj10_p1_001.py (缺少类型注解)
  - 10/fubi/star/xj10_p1_002.py (缺少类型注解)
  - 10/fubi/star/xj10_p1_003.py (缺少类型注解)
  - 10/fubi/star/xj10_p1_004.py (缺少类型注解)
  - 10/fubi/star/xj10_p1_005.py (缺少类型注解)

=== 质检完成 ===
发现问题文件: 171 个
=== 张志远(002) 代码质检任务 ===
时间: Sun Mar 22 09:30:01 PM CST 2026

📊 代码统计:
  XJ-01: 38 文件, 1634 行
  XJ-02: 32 文件, 1216 行
  XJ-03: 22 文件, 814 行
  XJ-04: 21 文件, 546 行
  XJ-05: 21 文件, 546 行
  XJ-06: 21 文件, 546 行
  XJ-07: 21 文件, 546 行
  XJ-08: 19 文件, 528 行
  XJ-09: 19 文件, 494 行
  XJ-10: 19 文件, 494 行
  总计: 233 文件, 7364 行

📈 质量指标:
  文档覆盖率: 100.0%
  类型注解覆盖率: 40.3%

⚠️ 需要改进的文件:
  - 02/lucun/star/c_02_001.py (缺少类型注解)
  - 02/lucun/star/c_02_002.py (缺少类型注解)
  - 02/lucun/star/c_02_003.py (缺少类型注解)
  - 02/lucun/star/c_02_004.py (缺少类型注解)
  - 02/lucun/star/c_02_005.py (缺少类型注解)
  - 02/lucun/star/p2_02_004.py (缺少类型注解)
  - 02/lucun/star/p2_02_005.py (缺少类型注解)
  - 02/lucun/star/p2_02_006.py (缺少类型注解)
  - 02/lucun/star/p3_02_003.py (缺少类型注解)
  - 02/lucun/star/p3_02_004.py (缺少类型注解)
  - 02/lucun/star/p4_02_003.py (缺少类型注解)
  - 02/lucun/star/p4_02_004.py (缺少类型注解)
  - 02/lucun/star/task_01.py (缺少类型注解)
  - 02/lucun/star/task_02.py (缺少类型注解)
  - 02/lucun/star/task_03.py (缺少类型注解)
  - 02/lucun/star/task_04.py (缺少类型注解)
  - 02/lucun/star/task_05.py (缺少类型注解)
  - 02/lucun/star/task_06.py (缺少类型注解)
  - 02/lucun/star/task_07.py (缺少类型注解)
  - 02/lucun/star/task_08.py (缺少类型注解)
  - 02/lucun/star/xj02_001.py (缺少类型注解)
  - 02/lucun/star/xj02_002.py (缺少类型注解)
  - 02/lucun/star/xj02_003.py (缺少类型注解)
  - 02/lucun/star/xj02_004.py (缺少类型注解)
  - 02/lucun/star/xj02_p0_001.py (缺少类型注解)
  - 02/lucun/star/xj02_p0_002.py (缺少类型注解)
  - 02/lucun/star/xj02_p0_003.py (缺少类型注解)
  - 02/lucun/star/xj02_p1_001.py (缺少类型注解)
  - 02/lucun/star/xj02_p1_003.py (缺少类型注解)
  - 02/lucun/star/xj02_p2_001.py (缺少类型注解)
  - 02/lucun/star/xj02_p2_002.py (缺少类型注解)
  - 02/lucun/star/xj_p3_002.py (缺少类型注解)
  - 04/lianzheng/star/obj_04_001.py (缺少类型注解)
  - 04/lianzheng/star/obj_04_002.py (缺少类型注解)
  - 04/lianzheng/star/obj_04_003.py (缺少类型注解)
  - 04/lianzheng/star/p2_04_009.py (缺少类型注解)
  - 04/lianzheng/star/p2_04_010.py (缺少类型注解)
  - 04/lianzheng/star/p3_04_007.py (缺少类型注解)
  - 04/lianzheng/star/p3_04_008.py (缺少类型注解)
  - 04/lianzheng/star/p4_04_007.py (缺少类型注解)
  - 04/lianzheng/star/p4_04_008.py (缺少类型注解)
  - 04/lianzheng/star/xj04_001.py (缺少类型注解)
  - 04/lianzheng/star/xj04_002.py (缺少类型注解)
  - 04/lianzheng/star/xj04_003.py (缺少类型注解)
  - 04/lianzheng/star/xj04_004.py (缺少类型注解)
  - 04/lianzheng/star/xj04_005.py (缺少类型注解)
  - 04/lianzheng/star/xj04_p1_001.py (缺少类型注解)
  - 04/lianzheng/star/xj04_p1_002.py (缺少类型注解)
  - 04/lianzheng/star/xj04_p1_003.py (缺少类型注解)
  - 04/lianzheng/star/xj04_p1_004.py (缺少类型注解)
  - 04/lianzheng/star/xj04_p1_005.py (缺少类型注解)
  - 04/lianzheng/star/xj04_p2_001.py (缺少类型注解)
  - 04/lianzheng/star/xj04_p2_002.py (缺少类型注解)
  - 05/wuqu/star/obj_05_001.py (缺少类型注解)
  - 05/wuqu/star/obj_05_002.py (缺少类型注解)
  - 05/wuqu/star/obj_05_003.py (缺少类型注解)
  - 05/wuqu/star/p2_05_011.py (缺少类型注解)
  - 05/wuqu/star/p2_05_012.py (缺少类型注解)
  - 05/wuqu/star/p3_05_009.py (缺少类型注解)
  - 05/wuqu/star/p3_05_010.py (缺少类型注解)
  - 05/wuqu/star/p4_05_009.py (缺少类型注解)
  - 05/wuqu/star/p4_05_010.py (缺少类型注解)
  - 05/wuqu/star/xj05_001.py (缺少类型注解)
  - 05/wuqu/star/xj05_002.py (缺少类型注解)
  - 05/wuqu/star/xj05_003.py (缺少类型注解)
  - 05/wuqu/star/xj05_004.py (缺少类型注解)
  - 05/wuqu/star/xj05_005.py (缺少类型注解)
  - 05/wuqu/star/xj05_p1_001.py (缺少类型注解)
  - 05/wuqu/star/xj05_p1_002.py (缺少类型注解)
  - 05/wuqu/star/xj05_p1_003.py (缺少类型注解)
  - 05/wuqu/star/xj05_p1_004.py (缺少类型注解)
  - 05/wuqu/star/xj05_p1_005.py (缺少类型注解)
  - 05/wuqu/star/xj05_p2_001.py (缺少类型注解)
  - 05/wuqu/star/xj05_p2_002.py (缺少类型注解)
  - 06/pojun/star/obj_06_001.py (缺少类型注解)
  - 06/pojun/star/obj_06_002.py (缺少类型注解)
  - 06/pojun/star/obj_06_003.py (缺少类型注解)
  - 06/pojun/star/p2_06_013.py (缺少类型注解)
  - 06/pojun/star/p2_06_014.py (缺少类型注解)
  - 06/pojun/star/p3_06_011.py (缺少类型注解)
  - 06/pojun/star/p3_06_012.py (缺少类型注解)
  - 06/pojun/star/p4_06_011.py (缺少类型注解)
  - 06/pojun/star/p4_06_012.py (缺少类型注解)
  - 06/pojun/star/xj06_001.py (缺少类型注解)
  - 06/pojun/star/xj06_002.py (缺少类型注解)
  - 06/pojun/star/xj06_003.py (缺少类型注解)
  - 06/pojun/star/xj06_004.py (缺少类型注解)
  - 06/pojun/star/xj06_005.py (缺少类型注解)
  - 06/pojun/star/xj06_p1_001.py (缺少类型注解)
  - 06/pojun/star/xj06_p1_002.py (缺少类型注解)
  - 06/pojun/star/xj06_p1_003.py (缺少类型注解)
  - 06/pojun/star/xj06_p1_004.py (缺少类型注解)
  - 06/pojun/star/xj06_p1_005.py (缺少类型注解)
  - 06/pojun/star/xj06_p2_001.py (缺少类型注解)
  - 06/pojun/star/xj06_p2_002.py (缺少类型注解)
  - 07/zuofu/star/obj_07_001.py (缺少类型注解)
  - 07/zuofu/star/obj_07_002.py (缺少类型注解)
  - 07/zuofu/star/obj_07_003.py (缺少类型注解)
  - 07/zuofu/star/obj_07_004.py (缺少类型注解)
  - 07/zuofu/star/p2_07_015.py (缺少类型注解)
  - 07/zuofu/star/p2_07_016.py (缺少类型注解)
  - 07/zuofu/star/p3_07_013.py (缺少类型注解)
  - 07/zuofu/star/p3_07_014.py (缺少类型注解)
  - 07/zuofu/star/p4_07_013.py (缺少类型注解)
  - 07/zuofu/star/p4_07_014.py (缺少类型注解)
  - 07/zuofu/star/xj07_001.py (缺少类型注解)
  - 07/zuofu/star/xj07_002.py (缺少类型注解)
  - 07/zuofu/star/xj07_003.py (缺少类型注解)
  - 07/zuofu/star/xj07_004.py (缺少类型注解)
  - 07/zuofu/star/xj07_005.py (缺少类型注解)
  - 07/zuofu/star/xj07_p1_001.py (缺少类型注解)
  - 07/zuofu/star/xj07_p1_002.py (缺少类型注解)
  - 07/zuofu/star/xj07_p1_003.py (缺少类型注解)
  - 07/zuofu/star/xj07_p1_004.py (缺少类型注解)
  - 07/zuofu/star/xj07_p1_005.py (缺少类型注解)
  - 07/zuofu/star/xj07_p2_001.py (缺少类型注解)
  - 08/youbi/star/obj_08_001.py (缺少类型注解)
  - 08/youbi/star/obj_08_002.py (缺少类型注解)
  - 08/youbi/star/obj_08_003.py (缺少类型注解)
  - 08/youbi/star/p2_08_017.py (缺少类型注解)
  - 08/youbi/star/p2_08_018.py (缺少类型注解)
  - 08/youbi/star/p3_08_015.py (缺少类型注解)
  - 08/youbi/star/p3_08_016.py (缺少类型注解)
  - 08/youbi/star/p4_08_015.py (缺少类型注解)
  - 08/youbi/star/p4_08_016.py (缺少类型注解)
  - 08/youbi/star/xj08_001.py (缺少类型注解)
  - 08/youbi/star/xj08_003.py (缺少类型注解)
  - 08/youbi/star/xj08_004.py (缺少类型注解)
  - 08/youbi/star/xj08_p1_001.py (缺少类型注解)
  - 08/youbi/star/xj08_p1_003.py (缺少类型注解)
  - 08/youbi/star/xj08_p1_004.py (缺少类型注解)
  - 08/youbi/star/xj_p3_006.py (缺少类型注解)
  - 08/youbi/star/xj_p3_007.py (缺少类型注解)
  - 09/tanlang/star/obj_09_001.py (缺少类型注解)
  - 09/tanlang/star/obj_09_002.py (缺少类型注解)
  - 09/tanlang/star/obj_09_003.py (缺少类型注解)
  - 09/tanlang/star/p2_09_019.py (缺少类型注解)
  - 09/tanlang/star/p2_09_020.py (缺少类型注解)
  - 09/tanlang/star/p3_09_017.py (缺少类型注解)
  - 09/tanlang/star/p3_09_018.py (缺少类型注解)
  - 09/tanlang/star/p4_09_017.py (缺少类型注解)
  - 09/tanlang/star/p4_09_018.py (缺少类型注解)
  - 09/tanlang/star/xj09_001.py (缺少类型注解)
  - 09/tanlang/star/xj09_002.py (缺少类型注解)
  - 09/tanlang/star/xj09_003.py (缺少类型注解)
  - 09/tanlang/star/xj09_004.py (缺少类型注解)
  - 09/tanlang/star/xj09_005.py (缺少类型注解)
  - 09/tanlang/star/xj09_p1_001.py (缺少类型注解)
  - 09/tanlang/star/xj09_p1_002.py (缺少类型注解)
  - 09/tanlang/star/xj09_p1_003.py (缺少类型注解)
  - 09/tanlang/star/xj09_p1_004.py (缺少类型注解)
  - 09/tanlang/star/xj09_p1_005.py (缺少类型注解)
  - 10/fubi/star/obj_10_001.py (缺少类型注解)
  - 10/fubi/star/obj_10_002.py (缺少类型注解)
  - 10/fubi/star/obj_10_003.py (缺少类型注解)
  - 10/fubi/star/p2_10_021.py (缺少类型注解)
  - 10/fubi/star/p2_10_022.py (缺少类型注解)
  - 10/fubi/star/p3_10_019.py (缺少类型注解)
  - 10/fubi/star/p3_10_020.py (缺少类型注解)
  - 10/fubi/star/p4_10_019.py (缺少类型注解)
  - 10/fubi/star/p4_10_020.py (缺少类型注解)
  - 10/fubi/star/xj10_001.py (缺少类型注解)
  - 10/fubi/star/xj10_002.py (缺少类型注解)
  - 10/fubi/star/xj10_003.py (缺少类型注解)
  - 10/fubi/star/xj10_004.py (缺少类型注解)
  - 10/fubi/star/xj10_005.py (缺少类型注解)
  - 10/fubi/star/xj10_p1_001.py (缺少类型注解)
  - 10/fubi/star/xj10_p1_002.py (缺少类型注解)
  - 10/fubi/star/xj10_p1_003.py (缺少类型注解)
  - 10/fubi/star/xj10_p1_004.py (缺少类型注解)
  - 10/fubi/star/xj10_p1_005.py (缺少类型注解)

=== 质检完成 ===
发现问题文件: 171 个
=== 张志远(002) 代码质检任务 ===
时间: Sun Mar 22 10:00:01 PM CST 2026

📊 代码统计:
  XJ-01: 38 文件, 1634 行
  XJ-02: 32 文件, 1216 行
  XJ-03: 22 文件, 814 行
  XJ-04: 21 文件, 546 行
  XJ-05: 21 文件, 546 行
  XJ-06: 21 文件, 546 行
  XJ-07: 21 文件, 546 行
  XJ-08: 19 文件, 528 行
  XJ-09: 19 文件, 494 行
  XJ-10: 19 文件, 494 行
  总计: 233 文件, 7364 行

📈 质量指标:
  文档覆盖率: 100.0%
  类型注解覆盖率: 40.3%

⚠️ 需要改进的文件:
  - 02/lucun/star/c_02_001.py (缺少类型注解)
  - 02/lucun/star/c_02_002.py (缺少类型注解)
  - 02/lucun/star/c_02_003.py (缺少类型注解)
  - 02/lucun/star/c_02_004.py (缺少类型注解)
  - 02/lucun/star/c_02_005.py (缺少类型注解)
  - 02/lucun/star/p2_02_004.py (缺少类型注解)
  - 02/lucun/star/p2_02_005.py (缺少类型注解)
  - 02/lucun/star/p2_02_006.py (缺少类型注解)
  - 02/lucun/star/p3_02_003.py (缺少类型注解)
  - 02/lucun/star/p3_02_004.py (缺少类型注解)
  - 02/lucun/star/p4_02_003.py (缺少类型注解)
  - 02/lucun/star/p4_02_004.py (缺少类型注解)
  - 02/lucun/star/task_01.py (缺少类型注解)
  - 02/lucun/star/task_02.py (缺少类型注解)
  - 02/lucun/star/task_03.py (缺少类型注解)
  - 02/lucun/star/task_04.py (缺少类型注解)
  - 02/lucun/star/task_05.py (缺少类型注解)
  - 02/lucun/star/task_06.py (缺少类型注解)
  - 02/lucun/star/task_07.py (缺少类型注解)
  - 02/lucun/star/task_08.py (缺少类型注解)
  - 02/lucun/star/xj02_001.py (缺少类型注解)
  - 02/lucun/star/xj02_002.py (缺少类型注解)
  - 02/lucun/star/xj02_003.py (缺少类型注解)
  - 02/lucun/star/xj02_004.py (缺少类型注解)
  - 02/lucun/star/xj02_p0_001.py (缺少类型注解)
  - 02/lucun/star/xj02_p0_002.py (缺少类型注解)
  - 02/lucun/star/xj02_p0_003.py (缺少类型注解)
  - 02/lucun/star/xj02_p1_001.py (缺少类型注解)
  - 02/lucun/star/xj02_p1_003.py (缺少类型注解)
  - 02/lucun/star/xj02_p2_001.py (缺少类型注解)
  - 02/lucun/star/xj02_p2_002.py (缺少类型注解)
  - 02/lucun/star/xj_p3_002.py (缺少类型注解)
  - 04/lianzheng/star/obj_04_001.py (缺少类型注解)
  - 04/lianzheng/star/obj_04_002.py (缺少类型注解)
  - 04/lianzheng/star/obj_04_003.py (缺少类型注解)
  - 04/lianzheng/star/p2_04_009.py (缺少类型注解)
  - 04/lianzheng/star/p2_04_010.py (缺少类型注解)
  - 04/lianzheng/star/p3_04_007.py (缺少类型注解)
  - 04/lianzheng/star/p3_04_008.py (缺少类型注解)
  - 04/lianzheng/star/p4_04_007.py (缺少类型注解)
  - 04/lianzheng/star/p4_04_008.py (缺少类型注解)
  - 04/lianzheng/star/xj04_001.py (缺少类型注解)
  - 04/lianzheng/star/xj04_002.py (缺少类型注解)
  - 04/lianzheng/star/xj04_003.py (缺少类型注解)
  - 04/lianzheng/star/xj04_004.py (缺少类型注解)
  - 04/lianzheng/star/xj04_005.py (缺少类型注解)
  - 04/lianzheng/star/xj04_p1_001.py (缺少类型注解)
  - 04/lianzheng/star/xj04_p1_002.py (缺少类型注解)
  - 04/lianzheng/star/xj04_p1_003.py (缺少类型注解)
  - 04/lianzheng/star/xj04_p1_004.py (缺少类型注解)
  - 04/lianzheng/star/xj04_p1_005.py (缺少类型注解)
  - 04/lianzheng/star/xj04_p2_001.py (缺少类型注解)
  - 04/lianzheng/star/xj04_p2_002.py (缺少类型注解)
  - 05/wuqu/star/obj_05_001.py (缺少类型注解)
  - 05/wuqu/star/obj_05_002.py (缺少类型注解)
  - 05/wuqu/star/obj_05_003.py (缺少类型注解)
  - 05/wuqu/star/p2_05_011.py (缺少类型注解)
  - 05/wuqu/star/p2_05_012.py (缺少类型注解)
  - 05/wuqu/star/p3_05_009.py (缺少类型注解)
  - 05/wuqu/star/p3_05_010.py (缺少类型注解)
  - 05/wuqu/star/p4_05_009.py (缺少类型注解)
  - 05/wuqu/star/p4_05_010.py (缺少类型注解)
  - 05/wuqu/star/xj05_001.py (缺少类型注解)
  - 05/wuqu/star/xj05_002.py (缺少类型注解)
  - 05/wuqu/star/xj05_003.py (缺少类型注解)
  - 05/wuqu/star/xj05_004.py (缺少类型注解)
  - 05/wuqu/star/xj05_005.py (缺少类型注解)
  - 05/wuqu/star/xj05_p1_001.py (缺少类型注解)
  - 05/wuqu/star/xj05_p1_002.py (缺少类型注解)
  - 05/wuqu/star/xj05_p1_003.py (缺少类型注解)
  - 05/wuqu/star/xj05_p1_004.py (缺少类型注解)
  - 05/wuqu/star/xj05_p1_005.py (缺少类型注解)
  - 05/wuqu/star/xj05_p2_001.py (缺少类型注解)
  - 05/wuqu/star/xj05_p2_002.py (缺少类型注解)
  - 06/pojun/star/obj_06_001.py (缺少类型注解)
  - 06/pojun/star/obj_06_002.py (缺少类型注解)
  - 06/pojun/star/obj_06_003.py (缺少类型注解)
  - 06/pojun/star/p2_06_013.py (缺少类型注解)
  - 06/pojun/star/p2_06_014.py (缺少类型注解)
  - 06/pojun/star/p3_06_011.py (缺少类型注解)
  - 06/pojun/star/p3_06_012.py (缺少类型注解)
  - 06/pojun/star/p4_06_011.py (缺少类型注解)
  - 06/pojun/star/p4_06_012.py (缺少类型注解)
  - 06/pojun/star/xj06_001.py (缺少类型注解)
  - 06/pojun/star/xj06_002.py (缺少类型注解)
  - 06/pojun/star/xj06_003.py (缺少类型注解)
  - 06/pojun/star/xj06_004.py (缺少类型注解)
  - 06/pojun/star/xj06_005.py (缺少类型注解)
  - 06/pojun/star/xj06_p1_001.py (缺少类型注解)
  - 06/pojun/star/xj06_p1_002.py (缺少类型注解)
  - 06/pojun/star/xj06_p1_003.py (缺少类型注解)
  - 06/pojun/star/xj06_p1_004.py (缺少类型注解)
  - 06/pojun/star/xj06_p1_005.py (缺少类型注解)
  - 06/pojun/star/xj06_p2_001.py (缺少类型注解)
  - 06/pojun/star/xj06_p2_002.py (缺少类型注解)
  - 07/zuofu/star/obj_07_001.py (缺少类型注解)
  - 07/zuofu/star/obj_07_002.py (缺少类型注解)
  - 07/zuofu/star/obj_07_003.py (缺少类型注解)
  - 07/zuofu/star/obj_07_004.py (缺少类型注解)
  - 07/zuofu/star/p2_07_015.py (缺少类型注解)
  - 07/zuofu/star/p2_07_016.py (缺少类型注解)
  - 07/zuofu/star/p3_07_013.py (缺少类型注解)
  - 07/zuofu/star/p3_07_014.py (缺少类型注解)
  - 07/zuofu/star/p4_07_013.py (缺少类型注解)
  - 07/zuofu/star/p4_07_014.py (缺少类型注解)
  - 07/zuofu/star/xj07_001.py (缺少类型注解)
  - 07/zuofu/star/xj07_002.py (缺少类型注解)
  - 07/zuofu/star/xj07_003.py (缺少类型注解)
  - 07/zuofu/star/xj07_004.py (缺少类型注解)
  - 07/zuofu/star/xj07_005.py (缺少类型注解)
  - 07/zuofu/star/xj07_p1_001.py (缺少类型注解)
  - 07/zuofu/star/xj07_p1_002.py (缺少类型注解)
  - 07/zuofu/star/xj07_p1_003.py (缺少类型注解)
  - 07/zuofu/star/xj07_p1_004.py (缺少类型注解)
  - 07/zuofu/star/xj07_p1_005.py (缺少类型注解)
  - 07/zuofu/star/xj07_p2_001.py (缺少类型注解)
  - 08/youbi/star/obj_08_001.py (缺少类型注解)
  - 08/youbi/star/obj_08_002.py (缺少类型注解)
  - 08/youbi/star/obj_08_003.py (缺少类型注解)
  - 08/youbi/star/p2_08_017.py (缺少类型注解)
  - 08/youbi/star/p2_08_018.py (缺少类型注解)
  - 08/youbi/star/p3_08_015.py (缺少类型注解)
  - 08/youbi/star/p3_08_016.py (缺少类型注解)
  - 08/youbi/star/p4_08_015.py (缺少类型注解)
  - 08/youbi/star/p4_08_016.py (缺少类型注解)
  - 08/youbi/star/xj08_001.py (缺少类型注解)
  - 08/youbi/star/xj08_003.py (缺少类型注解)
  - 08/youbi/star/xj08_004.py (缺少类型注解)
  - 08/youbi/star/xj08_p1_001.py (缺少类型注解)
  - 08/youbi/star/xj08_p1_003.py (缺少类型注解)
  - 08/youbi/star/xj08_p1_004.py (缺少类型注解)
  - 08/youbi/star/xj_p3_006.py (缺少类型注解)
  - 08/youbi/star/xj_p3_007.py (缺少类型注解)
  - 09/tanlang/star/obj_09_001.py (缺少类型注解)
  - 09/tanlang/star/obj_09_002.py (缺少类型注解)
  - 09/tanlang/star/obj_09_003.py (缺少类型注解)
  - 09/tanlang/star/p2_09_019.py (缺少类型注解)
  - 09/tanlang/star/p2_09_020.py (缺少类型注解)
  - 09/tanlang/star/p3_09_017.py (缺少类型注解)
  - 09/tanlang/star/p3_09_018.py (缺少类型注解)
  - 09/tanlang/star/p4_09_017.py (缺少类型注解)
  - 09/tanlang/star/p4_09_018.py (缺少类型注解)
  - 09/tanlang/star/xj09_001.py (缺少类型注解)
  - 09/tanlang/star/xj09_002.py (缺少类型注解)
  - 09/tanlang/star/xj09_003.py (缺少类型注解)
  - 09/tanlang/star/xj09_004.py (缺少类型注解)
  - 09/tanlang/star/xj09_005.py (缺少类型注解)
  - 09/tanlang/star/xj09_p1_001.py (缺少类型注解)
  - 09/tanlang/star/xj09_p1_002.py (缺少类型注解)
  - 09/tanlang/star/xj09_p1_003.py (缺少类型注解)
  - 09/tanlang/star/xj09_p1_004.py (缺少类型注解)
  - 09/tanlang/star/xj09_p1_005.py (缺少类型注解)
  - 10/fubi/star/obj_10_001.py (缺少类型注解)
  - 10/fubi/star/obj_10_002.py (缺少类型注解)
  - 10/fubi/star/obj_10_003.py (缺少类型注解)
  - 10/fubi/star/p2_10_021.py (缺少类型注解)
  - 10/fubi/star/p2_10_022.py (缺少类型注解)
  - 10/fubi/star/p3_10_019.py (缺少类型注解)
  - 10/fubi/star/p3_10_020.py (缺少类型注解)
  - 10/fubi/star/p4_10_019.py (缺少类型注解)
  - 10/fubi/star/p4_10_020.py (缺少类型注解)
  - 10/fubi/star/xj10_001.py (缺少类型注解)
  - 10/fubi/star/xj10_002.py (缺少类型注解)
  - 10/fubi/star/xj10_003.py (缺少类型注解)
  - 10/fubi/star/xj10_004.py (缺少类型注解)
  - 10/fubi/star/xj10_005.py (缺少类型注解)
  - 10/fubi/star/xj10_p1_001.py (缺少类型注解)
  - 10/fubi/star/xj10_p1_002.py (缺少类型注解)
  - 10/fubi/star/xj10_p1_003.py (缺少类型注解)
  - 10/fubi/star/xj10_p1_004.py (缺少类型注解)
  - 10/fubi/star/xj10_p1_005.py (缺少类型注解)

=== 质检完成 ===
发现问题文件: 171 个
=== 张志远(002) 代码质检任务 ===
时间: Sun Mar 22 10:30:01 PM CST 2026

📊 代码统计:
  XJ-01: 38 文件, 1634 行
  XJ-02: 32 文件, 1216 行
  XJ-03: 22 文件, 814 行
  XJ-04: 21 文件, 546 行
  XJ-05: 21 文件, 546 行
  XJ-06: 21 文件, 546 行
  XJ-07: 21 文件, 546 行
  XJ-08: 19 文件, 528 行
  XJ-09: 19 文件, 494 行
  XJ-10: 19 文件, 494 行
  总计: 233 文件, 7364 行

📈 质量指标:
  文档覆盖率: 100.0%
  类型注解覆盖率: 40.3%

⚠️ 需要改进的文件:
  - 02/lucun/star/c_02_001.py (缺少类型注解)
  - 02/lucun/star/c_02_002.py (缺少类型注解)
  - 02/lucun/star/c_02_003.py (缺少类型注解)
  - 02/lucun/star/c_02_004.py (缺少类型注解)
  - 02/lucun/star/c_02_005.py (缺少类型注解)
  - 02/lucun/star/p2_02_004.py (缺少类型注解)
  - 02/lucun/star/p2_02_005.py (缺少类型注解)
  - 02/lucun/star/p2_02_006.py (缺少类型注解)
  - 02/lucun/star/p3_02_003.py (缺少类型注解)
  - 02/lucun/star/p3_02_004.py (缺少类型注解)
  - 02/lucun/star/p4_02_003.py (缺少类型注解)
  - 02/lucun/star/p4_02_004.py (缺少类型注解)
  - 02/lucun/star/task_01.py (缺少类型注解)
  - 02/lucun/star/task_02.py (缺少类型注解)
  - 02/lucun/star/task_03.py (缺少类型注解)
  - 02/lucun/star/task_04.py (缺少类型注解)
  - 02/lucun/star/task_05.py (缺少类型注解)
  - 02/lucun/star/task_06.py (缺少类型注解)
  - 02/lucun/star/task_07.py (缺少类型注解)
  - 02/lucun/star/task_08.py (缺少类型注解)
  - 02/lucun/star/xj02_001.py (缺少类型注解)
  - 02/lucun/star/xj02_002.py (缺少类型注解)
  - 02/lucun/star/xj02_003.py (缺少类型注解)
  - 02/lucun/star/xj02_004.py (缺少类型注解)
  - 02/lucun/star/xj02_p0_001.py (缺少类型注解)
  - 02/lucun/star/xj02_p0_002.py (缺少类型注解)
  - 02/lucun/star/xj02_p0_003.py (缺少类型注解)
  - 02/lucun/star/xj02_p1_001.py (缺少类型注解)
  - 02/lucun/star/xj02_p1_003.py (缺少类型注解)
  - 02/lucun/star/xj02_p2_001.py (缺少类型注解)
  - 02/lucun/star/xj02_p2_002.py (缺少类型注解)
  - 02/lucun/star/xj_p3_002.py (缺少类型注解)
  - 04/lianzheng/star/obj_04_001.py (缺少类型注解)
  - 04/lianzheng/star/obj_04_002.py (缺少类型注解)
  - 04/lianzheng/star/obj_04_003.py (缺少类型注解)
  - 04/lianzheng/star/p2_04_009.py (缺少类型注解)
  - 04/lianzheng/star/p2_04_010.py (缺少类型注解)
  - 04/lianzheng/star/p3_04_007.py (缺少类型注解)
  - 04/lianzheng/star/p3_04_008.py (缺少类型注解)
  - 04/lianzheng/star/p4_04_007.py (缺少类型注解)
  - 04/lianzheng/star/p4_04_008.py (缺少类型注解)
  - 04/lianzheng/star/xj04_001.py (缺少类型注解)
  - 04/lianzheng/star/xj04_002.py (缺少类型注解)
  - 04/lianzheng/star/xj04_003.py (缺少类型注解)
  - 04/lianzheng/star/xj04_004.py (缺少类型注解)
  - 04/lianzheng/star/xj04_005.py (缺少类型注解)
  - 04/lianzheng/star/xj04_p1_001.py (缺少类型注解)
  - 04/lianzheng/star/xj04_p1_002.py (缺少类型注解)
  - 04/lianzheng/star/xj04_p1_003.py (缺少类型注解)
  - 04/lianzheng/star/xj04_p1_004.py (缺少类型注解)
  - 04/lianzheng/star/xj04_p1_005.py (缺少类型注解)
  - 04/lianzheng/star/xj04_p2_001.py (缺少类型注解)
  - 04/lianzheng/star/xj04_p2_002.py (缺少类型注解)
  - 05/wuqu/star/obj_05_001.py (缺少类型注解)
  - 05/wuqu/star/obj_05_002.py (缺少类型注解)
  - 05/wuqu/star/obj_05_003.py (缺少类型注解)
  - 05/wuqu/star/p2_05_011.py (缺少类型注解)
  - 05/wuqu/star/p2_05_012.py (缺少类型注解)
  - 05/wuqu/star/p3_05_009.py (缺少类型注解)
  - 05/wuqu/star/p3_05_010.py (缺少类型注解)
  - 05/wuqu/star/p4_05_009.py (缺少类型注解)
  - 05/wuqu/star/p4_05_010.py (缺少类型注解)
  - 05/wuqu/star/xj05_001.py (缺少类型注解)
  - 05/wuqu/star/xj05_002.py (缺少类型注解)
  - 05/wuqu/star/xj05_003.py (缺少类型注解)
  - 05/wuqu/star/xj05_004.py (缺少类型注解)
  - 05/wuqu/star/xj05_005.py (缺少类型注解)
  - 05/wuqu/star/xj05_p1_001.py (缺少类型注解)
  - 05/wuqu/star/xj05_p1_002.py (缺少类型注解)
  - 05/wuqu/star/xj05_p1_003.py (缺少类型注解)
  - 05/wuqu/star/xj05_p1_004.py (缺少类型注解)
  - 05/wuqu/star/xj05_p1_005.py (缺少类型注解)
  - 05/wuqu/star/xj05_p2_001.py (缺少类型注解)
  - 05/wuqu/star/xj05_p2_002.py (缺少类型注解)
  - 06/pojun/star/obj_06_001.py (缺少类型注解)
  - 06/pojun/star/obj_06_002.py (缺少类型注解)
  - 06/pojun/star/obj_06_003.py (缺少类型注解)
  - 06/pojun/star/p2_06_013.py (缺少类型注解)
  - 06/pojun/star/p2_06_014.py (缺少类型注解)
  - 06/pojun/star/p3_06_011.py (缺少类型注解)
  - 06/pojun/star/p3_06_012.py (缺少类型注解)
  - 06/pojun/star/p4_06_011.py (缺少类型注解)
  - 06/pojun/star/p4_06_012.py (缺少类型注解)
  - 06/pojun/star/xj06_001.py (缺少类型注解)
  - 06/pojun/star/xj06_002.py (缺少类型注解)
  - 06/pojun/star/xj06_003.py (缺少类型注解)
  - 06/pojun/star/xj06_004.py (缺少类型注解)
  - 06/pojun/star/xj06_005.py (缺少类型注解)
  - 06/pojun/star/xj06_p1_001.py (缺少类型注解)
  - 06/pojun/star/xj06_p1_002.py (缺少类型注解)
  - 06/pojun/star/xj06_p1_003.py (缺少类型注解)
  - 06/pojun/star/xj06_p1_004.py (缺少类型注解)
  - 06/pojun/star/xj06_p1_005.py (缺少类型注解)
  - 06/pojun/star/xj06_p2_001.py (缺少类型注解)
  - 06/pojun/star/xj06_p2_002.py (缺少类型注解)
  - 07/zuofu/star/obj_07_001.py (缺少类型注解)
  - 07/zuofu/star/obj_07_002.py (缺少类型注解)
  - 07/zuofu/star/obj_07_003.py (缺少类型注解)
  - 07/zuofu/star/obj_07_004.py (缺少类型注解)
  - 07/zuofu/star/p2_07_015.py (缺少类型注解)
  - 07/zuofu/star/p2_07_016.py (缺少类型注解)
  - 07/zuofu/star/p3_07_013.py (缺少类型注解)
  - 07/zuofu/star/p3_07_014.py (缺少类型注解)
  - 07/zuofu/star/p4_07_013.py (缺少类型注解)
  - 07/zuofu/star/p4_07_014.py (缺少类型注解)
  - 07/zuofu/star/xj07_001.py (缺少类型注解)
  - 07/zuofu/star/xj07_002.py (缺少类型注解)
  - 07/zuofu/star/xj07_003.py (缺少类型注解)
  - 07/zuofu/star/xj07_004.py (缺少类型注解)
  - 07/zuofu/star/xj07_005.py (缺少类型注解)
  - 07/zuofu/star/xj07_p1_001.py (缺少类型注解)
  - 07/zuofu/star/xj07_p1_002.py (缺少类型注解)
  - 07/zuofu/star/xj07_p1_003.py (缺少类型注解)
  - 07/zuofu/star/xj07_p1_004.py (缺少类型注解)
  - 07/zuofu/star/xj07_p1_005.py (缺少类型注解)
  - 07/zuofu/star/xj07_p2_001.py (缺少类型注解)
  - 08/youbi/star/obj_08_001.py (缺少类型注解)
  - 08/youbi/star/obj_08_002.py (缺少类型注解)
  - 08/youbi/star/obj_08_003.py (缺少类型注解)
  - 08/youbi/star/p2_08_017.py (缺少类型注解)
  - 08/youbi/star/p2_08_018.py (缺少类型注解)
  - 08/youbi/star/p3_08_015.py (缺少类型注解)
  - 08/youbi/star/p3_08_016.py (缺少类型注解)
  - 08/youbi/star/p4_08_015.py (缺少类型注解)
  - 08/youbi/star/p4_08_016.py (缺少类型注解)
  - 08/youbi/star/xj08_001.py (缺少类型注解)
  - 08/youbi/star/xj08_003.py (缺少类型注解)
  - 08/youbi/star/xj08_004.py (缺少类型注解)
  - 08/youbi/star/xj08_p1_001.py (缺少类型注解)
  - 08/youbi/star/xj08_p1_003.py (缺少类型注解)
  - 08/youbi/star/xj08_p1_004.py (缺少类型注解)
  - 08/youbi/star/xj_p3_006.py (缺少类型注解)
  - 08/youbi/star/xj_p3_007.py (缺少类型注解)
  - 09/tanlang/star/obj_09_001.py (缺少类型注解)
  - 09/tanlang/star/obj_09_002.py (缺少类型注解)
  - 09/tanlang/star/obj_09_003.py (缺少类型注解)
  - 09/tanlang/star/p2_09_019.py (缺少类型注解)
  - 09/tanlang/star/p2_09_020.py (缺少类型注解)
  - 09/tanlang/star/p3_09_017.py (缺少类型注解)
  - 09/tanlang/star/p3_09_018.py (缺少类型注解)
  - 09/tanlang/star/p4_09_017.py (缺少类型注解)
  - 09/tanlang/star/p4_09_018.py (缺少类型注解)
  - 09/tanlang/star/xj09_001.py (缺少类型注解)
  - 09/tanlang/star/xj09_002.py (缺少类型注解)
  - 09/tanlang/star/xj09_003.py (缺少类型注解)
  - 09/tanlang/star/xj09_004.py (缺少类型注解)
  - 09/tanlang/star/xj09_005.py (缺少类型注解)
  - 09/tanlang/star/xj09_p1_001.py (缺少类型注解)
  - 09/tanlang/star/xj09_p1_002.py (缺少类型注解)
  - 09/tanlang/star/xj09_p1_003.py (缺少类型注解)
  - 09/tanlang/star/xj09_p1_004.py (缺少类型注解)
  - 09/tanlang/star/xj09_p1_005.py (缺少类型注解)
  - 10/fubi/star/obj_10_001.py (缺少类型注解)
  - 10/fubi/star/obj_10_002.py (缺少类型注解)
  - 10/fubi/star/obj_10_003.py (缺少类型注解)
  - 10/fubi/star/p2_10_021.py (缺少类型注解)
  - 10/fubi/star/p2_10_022.py (缺少类型注解)
  - 10/fubi/star/p3_10_019.py (缺少类型注解)
  - 10/fubi/star/p3_10_020.py (缺少类型注解)
  - 10/fubi/star/p4_10_019.py (缺少类型注解)
  - 10/fubi/star/p4_10_020.py (缺少类型注解)
  - 10/fubi/star/xj10_001.py (缺少类型注解)
  - 10/fubi/star/xj10_002.py (缺少类型注解)
  - 10/fubi/star/xj10_003.py (缺少类型注解)
  - 10/fubi/star/xj10_004.py (缺少类型注解)
  - 10/fubi/star/xj10_005.py (缺少类型注解)
  - 10/fubi/star/xj10_p1_001.py (缺少类型注解)
  - 10/fubi/star/xj10_p1_002.py (缺少类型注解)
  - 10/fubi/star/xj10_p1_003.py (缺少类型注解)
  - 10/fubi/star/xj10_p1_004.py (缺少类型注解)
  - 10/fubi/star/xj10_p1_005.py (缺少类型注解)

=== 质检完成 ===
发现问题文件: 171 个
=== 张志远(002) 代码质检任务 ===
时间: Sun Mar 22 11:00:01 PM CST 2026

📊 代码统计:
  XJ-01: 38 文件, 1634 行
  XJ-02: 32 文件, 1216 行
  XJ-03: 22 文件, 814 行
  XJ-04: 21 文件, 546 行
  XJ-05: 21 文件, 546 行
  XJ-06: 21 文件, 546 行
  XJ-07: 21 文件, 546 行
  XJ-08: 19 文件, 528 行
  XJ-09: 19 文件, 494 行
  XJ-10: 19 文件, 494 行
  总计: 233 文件, 7364 行

📈 质量指标:
  文档覆盖率: 100.0%
  类型注解覆盖率: 40.3%

⚠️ 需要改进的文件:
  - 02/lucun/star/c_02_001.py (缺少类型注解)
  - 02/lucun/star/c_02_002.py (缺少类型注解)
  - 02/lucun/star/c_02_003.py (缺少类型注解)
  - 02/lucun/star/c_02_004.py (缺少类型注解)
  - 02/lucun/star/c_02_005.py (缺少类型注解)
  - 02/lucun/star/p2_02_004.py (缺少类型注解)
  - 02/lucun/star/p2_02_005.py (缺少类型注解)
  - 02/lucun/star/p2_02_006.py (缺少类型注解)
  - 02/lucun/star/p3_02_003.py (缺少类型注解)
  - 02/lucun/star/p3_02_004.py (缺少类型注解)
  - 02/lucun/star/p4_02_003.py (缺少类型注解)
  - 02/lucun/star/p4_02_004.py (缺少类型注解)
  - 02/lucun/star/task_01.py (缺少类型注解)
  - 02/lucun/star/task_02.py (缺少类型注解)
  - 02/lucun/star/task_03.py (缺少类型注解)
  - 02/lucun/star/task_04.py (缺少类型注解)
  - 02/lucun/star/task_05.py (缺少类型注解)
  - 02/lucun/star/task_06.py (缺少类型注解)
  - 02/lucun/star/task_07.py (缺少类型注解)
  - 02/lucun/star/task_08.py (缺少类型注解)
  - 02/lucun/star/xj02_001.py (缺少类型注解)
  - 02/lucun/star/xj02_002.py (缺少类型注解)
  - 02/lucun/star/xj02_003.py (缺少类型注解)
  - 02/lucun/star/xj02_004.py (缺少类型注解)
  - 02/lucun/star/xj02_p0_001.py (缺少类型注解)
  - 02/lucun/star/xj02_p0_002.py (缺少类型注解)
  - 02/lucun/star/xj02_p0_003.py (缺少类型注解)
  - 02/lucun/star/xj02_p1_001.py (缺少类型注解)
  - 02/lucun/star/xj02_p1_003.py (缺少类型注解)
  - 02/lucun/star/xj02_p2_001.py (缺少类型注解)
  - 02/lucun/star/xj02_p2_002.py (缺少类型注解)
  - 02/lucun/star/xj_p3_002.py (缺少类型注解)
  - 04/lianzheng/star/obj_04_001.py (缺少类型注解)
  - 04/lianzheng/star/obj_04_002.py (缺少类型注解)
  - 04/lianzheng/star/obj_04_003.py (缺少类型注解)
  - 04/lianzheng/star/p2_04_009.py (缺少类型注解)
  - 04/lianzheng/star/p2_04_010.py (缺少类型注解)
  - 04/lianzheng/star/p3_04_007.py (缺少类型注解)
  - 04/lianzheng/star/p3_04_008.py (缺少类型注解)
  - 04/lianzheng/star/p4_04_007.py (缺少类型注解)
  - 04/lianzheng/star/p4_04_008.py (缺少类型注解)
  - 04/lianzheng/star/xj04_001.py (缺少类型注解)
  - 04/lianzheng/star/xj04_002.py (缺少类型注解)
  - 04/lianzheng/star/xj04_003.py (缺少类型注解)
  - 04/lianzheng/star/xj04_004.py (缺少类型注解)
  - 04/lianzheng/star/xj04_005.py (缺少类型注解)
  - 04/lianzheng/star/xj04_p1_001.py (缺少类型注解)
  - 04/lianzheng/star/xj04_p1_002.py (缺少类型注解)
  - 04/lianzheng/star/xj04_p1_003.py (缺少类型注解)
  - 04/lianzheng/star/xj04_p1_004.py (缺少类型注解)
  - 04/lianzheng/star/xj04_p1_005.py (缺少类型注解)
  - 04/lianzheng/star/xj04_p2_001.py (缺少类型注解)
  - 04/lianzheng/star/xj04_p2_002.py (缺少类型注解)
  - 05/wuqu/star/obj_05_001.py (缺少类型注解)
  - 05/wuqu/star/obj_05_002.py (缺少类型注解)
  - 05/wuqu/star/obj_05_003.py (缺少类型注解)
  - 05/wuqu/star/p2_05_011.py (缺少类型注解)
  - 05/wuqu/star/p2_05_012.py (缺少类型注解)
  - 05/wuqu/star/p3_05_009.py (缺少类型注解)
  - 05/wuqu/star/p3_05_010.py (缺少类型注解)
  - 05/wuqu/star/p4_05_009.py (缺少类型注解)
  - 05/wuqu/star/p4_05_010.py (缺少类型注解)
  - 05/wuqu/star/xj05_001.py (缺少类型注解)
  - 05/wuqu/star/xj05_002.py (缺少类型注解)
  - 05/wuqu/star/xj05_003.py (缺少类型注解)
  - 05/wuqu/star/xj05_004.py (缺少类型注解)
  - 05/wuqu/star/xj05_005.py (缺少类型注解)
  - 05/wuqu/star/xj05_p1_001.py (缺少类型注解)
  - 05/wuqu/star/xj05_p1_002.py (缺少类型注解)
  - 05/wuqu/star/xj05_p1_003.py (缺少类型注解)
  - 05/wuqu/star/xj05_p1_004.py (缺少类型注解)
  - 05/wuqu/star/xj05_p1_005.py (缺少类型注解)
  - 05/wuqu/star/xj05_p2_001.py (缺少类型注解)
  - 05/wuqu/star/xj05_p2_002.py (缺少类型注解)
  - 06/pojun/star/obj_06_001.py (缺少类型注解)
  - 06/pojun/star/obj_06_002.py (缺少类型注解)
  - 06/pojun/star/obj_06_003.py (缺少类型注解)
  - 06/pojun/star/p2_06_013.py (缺少类型注解)
  - 06/pojun/star/p2_06_014.py (缺少类型注解)
  - 06/pojun/star/p3_06_011.py (缺少类型注解)
  - 06/pojun/star/p3_06_012.py (缺少类型注解)
  - 06/pojun/star/p4_06_011.py (缺少类型注解)
  - 06/pojun/star/p4_06_012.py (缺少类型注解)
  - 06/pojun/star/xj06_001.py (缺少类型注解)
  - 06/pojun/star/xj06_002.py (缺少类型注解)
  - 06/pojun/star/xj06_003.py (缺少类型注解)
  - 06/pojun/star/xj06_004.py (缺少类型注解)
  - 06/pojun/star/xj06_005.py (缺少类型注解)
  - 06/pojun/star/xj06_p1_001.py (缺少类型注解)
  - 06/pojun/star/xj06_p1_002.py (缺少类型注解)
  - 06/pojun/star/xj06_p1_003.py (缺少类型注解)
  - 06/pojun/star/xj06_p1_004.py (缺少类型注解)
  - 06/pojun/star/xj06_p1_005.py (缺少类型注解)
  - 06/pojun/star/xj06_p2_001.py (缺少类型注解)
  - 06/pojun/star/xj06_p2_002.py (缺少类型注解)
  - 07/zuofu/star/obj_07_001.py (缺少类型注解)
  - 07/zuofu/star/obj_07_002.py (缺少类型注解)
  - 07/zuofu/star/obj_07_003.py (缺少类型注解)
  - 07/zuofu/star/obj_07_004.py (缺少类型注解)
  - 07/zuofu/star/p2_07_015.py (缺少类型注解)
  - 07/zuofu/star/p2_07_016.py (缺少类型注解)
  - 07/zuofu/star/p3_07_013.py (缺少类型注解)
  - 07/zuofu/star/p3_07_014.py (缺少类型注解)
  - 07/zuofu/star/p4_07_013.py (缺少类型注解)
  - 07/zuofu/star/p4_07_014.py (缺少类型注解)
  - 07/zuofu/star/xj07_001.py (缺少类型注解)
  - 07/zuofu/star/xj07_002.py (缺少类型注解)
  - 07/zuofu/star/xj07_003.py (缺少类型注解)
  - 07/zuofu/star/xj07_004.py (缺少类型注解)
  - 07/zuofu/star/xj07_005.py (缺少类型注解)
  - 07/zuofu/star/xj07_p1_001.py (缺少类型注解)
  - 07/zuofu/star/xj07_p1_002.py (缺少类型注解)
  - 07/zuofu/star/xj07_p1_003.py (缺少类型注解)
  - 07/zuofu/star/xj07_p1_004.py (缺少类型注解)
  - 07/zuofu/star/xj07_p1_005.py (缺少类型注解)
  - 07/zuofu/star/xj07_p2_001.py (缺少类型注解)
  - 08/youbi/star/obj_08_001.py (缺少类型注解)
  - 08/youbi/star/obj_08_002.py (缺少类型注解)
  - 08/youbi/star/obj_08_003.py (缺少类型注解)
  - 08/youbi/star/p2_08_017.py (缺少类型注解)
  - 08/youbi/star/p2_08_018.py (缺少类型注解)
  - 08/youbi/star/p3_08_015.py (缺少类型注解)
  - 08/youbi/star/p3_08_016.py (缺少类型注解)
  - 08/youbi/star/p4_08_015.py (缺少类型注解)
  - 08/youbi/star/p4_08_016.py (缺少类型注解)
  - 08/youbi/star/xj08_001.py (缺少类型注解)
  - 08/youbi/star/xj08_003.py (缺少类型注解)
  - 08/youbi/star/xj08_004.py (缺少类型注解)
  - 08/youbi/star/xj08_p1_001.py (缺少类型注解)
  - 08/youbi/star/xj08_p1_003.py (缺少类型注解)
  - 08/youbi/star/xj08_p1_004.py (缺少类型注解)
  - 08/youbi/star/xj_p3_006.py (缺少类型注解)
  - 08/youbi/star/xj_p3_007.py (缺少类型注解)
  - 09/tanlang/star/obj_09_001.py (缺少类型注解)
  - 09/tanlang/star/obj_09_002.py (缺少类型注解)
  - 09/tanlang/star/obj_09_003.py (缺少类型注解)
  - 09/tanlang/star/p2_09_019.py (缺少类型注解)
  - 09/tanlang/star/p2_09_020.py (缺少类型注解)
  - 09/tanlang/star/p3_09_017.py (缺少类型注解)
  - 09/tanlang/star/p3_09_018.py (缺少类型注解)
  - 09/tanlang/star/p4_09_017.py (缺少类型注解)
  - 09/tanlang/star/p4_09_018.py (缺少类型注解)
  - 09/tanlang/star/xj09_001.py (缺少类型注解)
  - 09/tanlang/star/xj09_002.py (缺少类型注解)
  - 09/tanlang/star/xj09_003.py (缺少类型注解)
  - 09/tanlang/star/xj09_004.py (缺少类型注解)
  - 09/tanlang/star/xj09_005.py (缺少类型注解)
  - 09/tanlang/star/xj09_p1_001.py (缺少类型注解)
  - 09/tanlang/star/xj09_p1_002.py (缺少类型注解)
  - 09/tanlang/star/xj09_p1_003.py (缺少类型注解)
  - 09/tanlang/star/xj09_p1_004.py (缺少类型注解)
  - 09/tanlang/star/xj09_p1_005.py (缺少类型注解)
  - 10/fubi/star/obj_10_001.py (缺少类型注解)
  - 10/fubi/star/obj_10_002.py (缺少类型注解)
  - 10/fubi/star/obj_10_003.py (缺少类型注解)
  - 10/fubi/star/p2_10_021.py (缺少类型注解)
  - 10/fubi/star/p2_10_022.py (缺少类型注解)
  - 10/fubi/star/p3_10_019.py (缺少类型注解)
  - 10/fubi/star/p3_10_020.py (缺少类型注解)
  - 10/fubi/star/p4_10_019.py (缺少类型注解)
  - 10/fubi/star/p4_10_020.py (缺少类型注解)
  - 10/fubi/star/xj10_001.py (缺少类型注解)
  - 10/fubi/star/xj10_002.py (缺少类型注解)
  - 10/fubi/star/xj10_003.py (缺少类型注解)
  - 10/fubi/star/xj10_004.py (缺少类型注解)
  - 10/fubi/star/xj10_005.py (缺少类型注解)
  - 10/fubi/star/xj10_p1_001.py (缺少类型注解)
  - 10/fubi/star/xj10_p1_002.py (缺少类型注解)
  - 10/fubi/star/xj10_p1_003.py (缺少类型注解)
  - 10/fubi/star/xj10_p1_004.py (缺少类型注解)
  - 10/fubi/star/xj10_p1_005.py (缺少类型注解)

=== 质检完成 ===
发现问题文件: 171 个
=== 张志远(002) 代码质检任务 ===
时间: Sun Mar 22 11:30:01 PM CST 2026

📊 代码统计:
  XJ-01: 38 文件, 1634 行
  XJ-02: 32 文件, 1216 行
  XJ-03: 22 文件, 814 行
  XJ-04: 21 文件, 546 行
  XJ-05: 21 文件, 546 行
  XJ-06: 21 文件, 546 行
  XJ-07: 21 文件, 546 行
  XJ-08: 19 文件, 528 行
  XJ-09: 19 文件, 494 行
  XJ-10: 19 文件, 494 行
  总计: 233 文件, 7364 行

📈 质量指标:
  文档覆盖率: 100.0%
  类型注解覆盖率: 40.3%

⚠️ 需要改进的文件:
  - 02/lucun/star/c_02_001.py (缺少类型注解)
  - 02/lucun/star/c_02_002.py (缺少类型注解)
  - 02/lucun/star/c_02_003.py (缺少类型注解)
  - 02/lucun/star/c_02_004.py (缺少类型注解)
  - 02/lucun/star/c_02_005.py (缺少类型注解)
  - 02/lucun/star/p2_02_004.py (缺少类型注解)
  - 02/lucun/star/p2_02_005.py (缺少类型注解)
  - 02/lucun/star/p2_02_006.py (缺少类型注解)
  - 02/lucun/star/p3_02_003.py (缺少类型注解)
  - 02/lucun/star/p3_02_004.py (缺少类型注解)
  - 02/lucun/star/p4_02_003.py (缺少类型注解)
  - 02/lucun/star/p4_02_004.py (缺少类型注解)
  - 02/lucun/star/task_01.py (缺少类型注解)
  - 02/lucun/star/task_02.py (缺少类型注解)
  - 02/lucun/star/task_03.py (缺少类型注解)
  - 02/lucun/star/task_04.py (缺少类型注解)
  - 02/lucun/star/task_05.py (缺少类型注解)
  - 02/lucun/star/task_06.py (缺少类型注解)
  - 02/lucun/star/task_07.py (缺少类型注解)
  - 02/lucun/star/task_08.py (缺少类型注解)
  - 02/lucun/star/xj02_001.py (缺少类型注解)
  - 02/lucun/star/xj02_002.py (缺少类型注解)
  - 02/lucun/star/xj02_003.py (缺少类型注解)
  - 02/lucun/star/xj02_004.py (缺少类型注解)
  - 02/lucun/star/xj02_p0_001.py (缺少类型注解)
  - 02/lucun/star/xj02_p0_002.py (缺少类型注解)
  - 02/lucun/star/xj02_p0_003.py (缺少类型注解)
  - 02/lucun/star/xj02_p1_001.py (缺少类型注解)
  - 02/lucun/star/xj02_p1_003.py (缺少类型注解)
  - 02/lucun/star/xj02_p2_001.py (缺少类型注解)
  - 02/lucun/star/xj02_p2_002.py (缺少类型注解)
  - 02/lucun/star/xj_p3_002.py (缺少类型注解)
  - 04/lianzheng/star/obj_04_001.py (缺少类型注解)
  - 04/lianzheng/star/obj_04_002.py (缺少类型注解)
  - 04/lianzheng/star/obj_04_003.py (缺少类型注解)
  - 04/lianzheng/star/p2_04_009.py (缺少类型注解)
  - 04/lianzheng/star/p2_04_010.py (缺少类型注解)
  - 04/lianzheng/star/p3_04_007.py (缺少类型注解)
  - 04/lianzheng/star/p3_04_008.py (缺少类型注解)
  - 04/lianzheng/star/p4_04_007.py (缺少类型注解)
  - 04/lianzheng/star/p4_04_008.py (缺少类型注解)
  - 04/lianzheng/star/xj04_001.py (缺少类型注解)
  - 04/lianzheng/star/xj04_002.py (缺少类型注解)
  - 04/lianzheng/star/xj04_003.py (缺少类型注解)
  - 04/lianzheng/star/xj04_004.py (缺少类型注解)
  - 04/lianzheng/star/xj04_005.py (缺少类型注解)
  - 04/lianzheng/star/xj04_p1_001.py (缺少类型注解)
  - 04/lianzheng/star/xj04_p1_002.py (缺少类型注解)
  - 04/lianzheng/star/xj04_p1_003.py (缺少类型注解)
  - 04/lianzheng/star/xj04_p1_004.py (缺少类型注解)
  - 04/lianzheng/star/xj04_p1_005.py (缺少类型注解)
  - 04/lianzheng/star/xj04_p2_001.py (缺少类型注解)
  - 04/lianzheng/star/xj04_p2_002.py (缺少类型注解)
  - 05/wuqu/star/obj_05_001.py (缺少类型注解)
  - 05/wuqu/star/obj_05_002.py (缺少类型注解)
  - 05/wuqu/star/obj_05_003.py (缺少类型注解)
  - 05/wuqu/star/p2_05_011.py (缺少类型注解)
  - 05/wuqu/star/p2_05_012.py (缺少类型注解)
  - 05/wuqu/star/p3_05_009.py (缺少类型注解)
  - 05/wuqu/star/p3_05_010.py (缺少类型注解)
  - 05/wuqu/star/p4_05_009.py (缺少类型注解)
  - 05/wuqu/star/p4_05_010.py (缺少类型注解)
  - 05/wuqu/star/xj05_001.py (缺少类型注解)
  - 05/wuqu/star/xj05_002.py (缺少类型注解)
  - 05/wuqu/star/xj05_003.py (缺少类型注解)
  - 05/wuqu/star/xj05_004.py (缺少类型注解)
  - 05/wuqu/star/xj05_005.py (缺少类型注解)
  - 05/wuqu/star/xj05_p1_001.py (缺少类型注解)
  - 05/wuqu/star/xj05_p1_002.py (缺少类型注解)
  - 05/wuqu/star/xj05_p1_003.py (缺少类型注解)
  - 05/wuqu/star/xj05_p1_004.py (缺少类型注解)
  - 05/wuqu/star/xj05_p1_005.py (缺少类型注解)
  - 05/wuqu/star/xj05_p2_001.py (缺少类型注解)
  - 05/wuqu/star/xj05_p2_002.py (缺少类型注解)
  - 06/pojun/star/obj_06_001.py (缺少类型注解)
  - 06/pojun/star/obj_06_002.py (缺少类型注解)
  - 06/pojun/star/obj_06_003.py (缺少类型注解)
  - 06/pojun/star/p2_06_013.py (缺少类型注解)
  - 06/pojun/star/p2_06_014.py (缺少类型注解)
  - 06/pojun/star/p3_06_011.py (缺少类型注解)
  - 06/pojun/star/p3_06_012.py (缺少类型注解)
  - 06/pojun/star/p4_06_011.py (缺少类型注解)
  - 06/pojun/star/p4_06_012.py (缺少类型注解)
  - 06/pojun/star/xj06_001.py (缺少类型注解)
  - 06/pojun/star/xj06_002.py (缺少类型注解)
  - 06/pojun/star/xj06_003.py (缺少类型注解)
  - 06/pojun/star/xj06_004.py (缺少类型注解)
  - 06/pojun/star/xj06_005.py (缺少类型注解)
  - 06/pojun/star/xj06_p1_001.py (缺少类型注解)
  - 06/pojun/star/xj06_p1_002.py (缺少类型注解)
  - 06/pojun/star/xj06_p1_003.py (缺少类型注解)
  - 06/pojun/star/xj06_p1_004.py (缺少类型注解)
  - 06/pojun/star/xj06_p1_005.py (缺少类型注解)
  - 06/pojun/star/xj06_p2_001.py (缺少类型注解)
  - 06/pojun/star/xj06_p2_002.py (缺少类型注解)
  - 07/zuofu/star/obj_07_001.py (缺少类型注解)
  - 07/zuofu/star/obj_07_002.py (缺少类型注解)
  - 07/zuofu/star/obj_07_003.py (缺少类型注解)
  - 07/zuofu/star/obj_07_004.py (缺少类型注解)
  - 07/zuofu/star/p2_07_015.py (缺少类型注解)
  - 07/zuofu/star/p2_07_016.py (缺少类型注解)
  - 07/zuofu/star/p3_07_013.py (缺少类型注解)
  - 07/zuofu/star/p3_07_014.py (缺少类型注解)
  - 07/zuofu/star/p4_07_013.py (缺少类型注解)
  - 07/zuofu/star/p4_07_014.py (缺少类型注解)
  - 07/zuofu/star/xj07_001.py (缺少类型注解)
  - 07/zuofu/star/xj07_002.py (缺少类型注解)
  - 07/zuofu/star/xj07_003.py (缺少类型注解)
  - 07/zuofu/star/xj07_004.py (缺少类型注解)
  - 07/zuofu/star/xj07_005.py (缺少类型注解)
  - 07/zuofu/star/xj07_p1_001.py (缺少类型注解)
  - 07/zuofu/star/xj07_p1_002.py (缺少类型注解)
  - 07/zuofu/star/xj07_p1_003.py (缺少类型注解)
  - 07/zuofu/star/xj07_p1_004.py (缺少类型注解)
  - 07/zuofu/star/xj07_p1_005.py (缺少类型注解)
  - 07/zuofu/star/xj07_p2_001.py (缺少类型注解)
  - 08/youbi/star/obj_08_001.py (缺少类型注解)
  - 08/youbi/star/obj_08_002.py (缺少类型注解)
  - 08/youbi/star/obj_08_003.py (缺少类型注解)
  - 08/youbi/star/p2_08_017.py (缺少类型注解)
  - 08/youbi/star/p2_08_018.py (缺少类型注解)
  - 08/youbi/star/p3_08_015.py (缺少类型注解)
  - 08/youbi/star/p3_08_016.py (缺少类型注解)
  - 08/youbi/star/p4_08_015.py (缺少类型注解)
  - 08/youbi/star/p4_08_016.py (缺少类型注解)
  - 08/youbi/star/xj08_001.py (缺少类型注解)
  - 08/youbi/star/xj08_003.py (缺少类型注解)
  - 08/youbi/star/xj08_004.py (缺少类型注解)
  - 08/youbi/star/xj08_p1_001.py (缺少类型注解)
  - 08/youbi/star/xj08_p1_003.py (缺少类型注解)
  - 08/youbi/star/xj08_p1_004.py (缺少类型注解)
  - 08/youbi/star/xj_p3_006.py (缺少类型注解)
  - 08/youbi/star/xj_p3_007.py (缺少类型注解)
  - 09/tanlang/star/obj_09_001.py (缺少类型注解)
  - 09/tanlang/star/obj_09_002.py (缺少类型注解)
  - 09/tanlang/star/obj_09_003.py (缺少类型注解)
  - 09/tanlang/star/p2_09_019.py (缺少类型注解)
  - 09/tanlang/star/p2_09_020.py (缺少类型注解)
  - 09/tanlang/star/p3_09_017.py (缺少类型注解)
  - 09/tanlang/star/p3_09_018.py (缺少类型注解)
  - 09/tanlang/star/p4_09_017.py (缺少类型注解)
  - 09/tanlang/star/p4_09_018.py (缺少类型注解)
  - 09/tanlang/star/xj09_001.py (缺少类型注解)
  - 09/tanlang/star/xj09_002.py (缺少类型注解)
  - 09/tanlang/star/xj09_003.py (缺少类型注解)
  - 09/tanlang/star/xj09_004.py (缺少类型注解)
  - 09/tanlang/star/xj09_005.py (缺少类型注解)
  - 09/tanlang/star/xj09_p1_001.py (缺少类型注解)
  - 09/tanlang/star/xj09_p1_002.py (缺少类型注解)
  - 09/tanlang/star/xj09_p1_003.py (缺少类型注解)
  - 09/tanlang/star/xj09_p1_004.py (缺少类型注解)
  - 09/tanlang/star/xj09_p1_005.py (缺少类型注解)
  - 10/fubi/star/obj_10_001.py (缺少类型注解)
  - 10/fubi/star/obj_10_002.py (缺少类型注解)
  - 10/fubi/star/obj_10_003.py (缺少类型注解)
  - 10/fubi/star/p2_10_021.py (缺少类型注解)
  - 10/fubi/star/p2_10_022.py (缺少类型注解)
  - 10/fubi/star/p3_10_019.py (缺少类型注解)
  - 10/fubi/star/p3_10_020.py (缺少类型注解)
  - 10/fubi/star/p4_10_019.py (缺少类型注解)
  - 10/fubi/star/p4_10_020.py (缺少类型注解)
  - 10/fubi/star/xj10_001.py (缺少类型注解)
  - 10/fubi/star/xj10_002.py (缺少类型注解)
  - 10/fubi/star/xj10_003.py (缺少类型注解)
  - 10/fubi/star/xj10_004.py (缺少类型注解)
  - 10/fubi/star/xj10_005.py (缺少类型注解)
  - 10/fubi/star/xj10_p1_001.py (缺少类型注解)
  - 10/fubi/star/xj10_p1_002.py (缺少类型注解)
  - 10/fubi/star/xj10_p1_003.py (缺少类型注解)
  - 10/fubi/star/xj10_p1_004.py (缺少类型注解)
  - 10/fubi/star/xj10_p1_005.py (缺少类型注解)

=== 质检完成 ===
发现问题文件: 171 个
=== 张志远(002) 代码质检任务 ===
时间: Mon Mar 23 12:00:01 AM CST 2026

📊 代码统计:
  XJ-01: 38 文件, 1634 行
  XJ-02: 32 文件, 1216 行
  XJ-03: 22 文件, 814 行
  XJ-04: 21 文件, 546 行
  XJ-05: 21 文件, 546 行
  XJ-06: 21 文件, 546 行
  XJ-07: 21 文件, 546 行
  XJ-08: 19 文件, 528 行
  XJ-09: 19 文件, 494 行
  XJ-10: 19 文件, 494 行
  总计: 233 文件, 7364 行

📈 质量指标:
  文档覆盖率: 100.0%
  类型注解覆盖率: 40.3%

⚠️ 需要改进的文件:
  - 02/lucun/star/c_02_001.py (缺少类型注解)
  - 02/lucun/star/c_02_002.py (缺少类型注解)
  - 02/lucun/star/c_02_003.py (缺少类型注解)
  - 02/lucun/star/c_02_004.py (缺少类型注解)
  - 02/lucun/star/c_02_005.py (缺少类型注解)
  - 02/lucun/star/p2_02_004.py (缺少类型注解)
  - 02/lucun/star/p2_02_005.py (缺少类型注解)
  - 02/lucun/star/p2_02_006.py (缺少类型注解)
  - 02/lucun/star/p3_02_003.py (缺少类型注解)
  - 02/lucun/star/p3_02_004.py (缺少类型注解)
  - 02/lucun/star/p4_02_003.py (缺少类型注解)
  - 02/lucun/star/p4_02_004.py (缺少类型注解)
  - 02/lucun/star/task_01.py (缺少类型注解)
  - 02/lucun/star/task_02.py (缺少类型注解)
  - 02/lucun/star/task_03.py (缺少类型注解)
  - 02/lucun/star/task_04.py (缺少类型注解)
  - 02/lucun/star/task_05.py (缺少类型注解)
  - 02/lucun/star/task_06.py (缺少类型注解)
  - 02/lucun/star/task_07.py (缺少类型注解)
  - 02/lucun/star/task_08.py (缺少类型注解)
  - 02/lucun/star/xj02_001.py (缺少类型注解)
  - 02/lucun/star/xj02_002.py (缺少类型注解)
  - 02/lucun/star/xj02_003.py (缺少类型注解)
  - 02/lucun/star/xj02_004.py (缺少类型注解)
  - 02/lucun/star/xj02_p0_001.py (缺少类型注解)
  - 02/lucun/star/xj02_p0_002.py (缺少类型注解)
  - 02/lucun/star/xj02_p0_003.py (缺少类型注解)
  - 02/lucun/star/xj02_p1_001.py (缺少类型注解)
  - 02/lucun/star/xj02_p1_003.py (缺少类型注解)
  - 02/lucun/star/xj02_p2_001.py (缺少类型注解)
  - 02/lucun/star/xj02_p2_002.py (缺少类型注解)
  - 02/lucun/star/xj_p3_002.py (缺少类型注解)
  - 04/lianzheng/star/obj_04_001.py (缺少类型注解)
  - 04/lianzheng/star/obj_04_002.py (缺少类型注解)
  - 04/lianzheng/star/obj_04_003.py (缺少类型注解)
  - 04/lianzheng/star/p2_04_009.py (缺少类型注解)
  - 04/lianzheng/star/p2_04_010.py (缺少类型注解)
  - 04/lianzheng/star/p3_04_007.py (缺少类型注解)
  - 04/lianzheng/star/p3_04_008.py (缺少类型注解)
  - 04/lianzheng/star/p4_04_007.py (缺少类型注解)
  - 04/lianzheng/star/p4_04_008.py (缺少类型注解)
  - 04/lianzheng/star/xj04_001.py (缺少类型注解)
  - 04/lianzheng/star/xj04_002.py (缺少类型注解)
  - 04/lianzheng/star/xj04_003.py (缺少类型注解)
  - 04/lianzheng/star/xj04_004.py (缺少类型注解)
  - 04/lianzheng/star/xj04_005.py (缺少类型注解)
  - 04/lianzheng/star/xj04_p1_001.py (缺少类型注解)
  - 04/lianzheng/star/xj04_p1_002.py (缺少类型注解)
  - 04/lianzheng/star/xj04_p1_003.py (缺少类型注解)
  - 04/lianzheng/star/xj04_p1_004.py (缺少类型注解)
  - 04/lianzheng/star/xj04_p1_005.py (缺少类型注解)
  - 04/lianzheng/star/xj04_p2_001.py (缺少类型注解)
  - 04/lianzheng/star/xj04_p2_002.py (缺少类型注解)
  - 05/wuqu/star/obj_05_001.py (缺少类型注解)
  - 05/wuqu/star/obj_05_002.py (缺少类型注解)
  - 05/wuqu/star/obj_05_003.py (缺少类型注解)
  - 05/wuqu/star/p2_05_011.py (缺少类型注解)
  - 05/wuqu/star/p2_05_012.py (缺少类型注解)
  - 05/wuqu/star/p3_05_009.py (缺少类型注解)
  - 05/wuqu/star/p3_05_010.py (缺少类型注解)
  - 05/wuqu/star/p4_05_009.py (缺少类型注解)
  - 05/wuqu/star/p4_05_010.py (缺少类型注解)
  - 05/wuqu/star/xj05_001.py (缺少类型注解)
  - 05/wuqu/star/xj05_002.py (缺少类型注解)
  - 05/wuqu/star/xj05_003.py (缺少类型注解)
  - 05/wuqu/star/xj05_004.py (缺少类型注解)
  - 05/wuqu/star/xj05_005.py (缺少类型注解)
  - 05/wuqu/star/xj05_p1_001.py (缺少类型注解)
  - 05/wuqu/star/xj05_p1_002.py (缺少类型注解)
  - 05/wuqu/star/xj05_p1_003.py (缺少类型注解)
  - 05/wuqu/star/xj05_p1_004.py (缺少类型注解)
  - 05/wuqu/star/xj05_p1_005.py (缺少类型注解)
  - 05/wuqu/star/xj05_p2_001.py (缺少类型注解)
  - 05/wuqu/star/xj05_p2_002.py (缺少类型注解)
  - 06/pojun/star/obj_06_001.py (缺少类型注解)
  - 06/pojun/star/obj_06_002.py (缺少类型注解)
  - 06/pojun/star/obj_06_003.py (缺少类型注解)
  - 06/pojun/star/p2_06_013.py (缺少类型注解)
  - 06/pojun/star/p2_06_014.py (缺少类型注解)
  - 06/pojun/star/p3_06_011.py (缺少类型注解)
  - 06/pojun/star/p3_06_012.py (缺少类型注解)
  - 06/pojun/star/p4_06_011.py (缺少类型注解)
  - 06/pojun/star/p4_06_012.py (缺少类型注解)
  - 06/pojun/star/xj06_001.py (缺少类型注解)
  - 06/pojun/star/xj06_002.py (缺少类型注解)
  - 06/pojun/star/xj06_003.py (缺少类型注解)
  - 06/pojun/star/xj06_004.py (缺少类型注解)
  - 06/pojun/star/xj06_005.py (缺少类型注解)
  - 06/pojun/star/xj06_p1_001.py (缺少类型注解)
  - 06/pojun/star/xj06_p1_002.py (缺少类型注解)
  - 06/pojun/star/xj06_p1_003.py (缺少类型注解)
  - 06/pojun/star/xj06_p1_004.py (缺少类型注解)
  - 06/pojun/star/xj06_p1_005.py (缺少类型注解)
  - 06/pojun/star/xj06_p2_001.py (缺少类型注解)
  - 06/pojun/star/xj06_p2_002.py (缺少类型注解)
  - 07/zuofu/star/obj_07_001.py (缺少类型注解)
  - 07/zuofu/star/obj_07_002.py (缺少类型注解)
  - 07/zuofu/star/obj_07_003.py (缺少类型注解)
  - 07/zuofu/star/obj_07_004.py (缺少类型注解)
  - 07/zuofu/star/p2_07_015.py (缺少类型注解)
  - 07/zuofu/star/p2_07_016.py (缺少类型注解)
  - 07/zuofu/star/p3_07_013.py (缺少类型注解)
  - 07/zuofu/star/p3_07_014.py (缺少类型注解)
  - 07/zuofu/star/p4_07_013.py (缺少类型注解)
  - 07/zuofu/star/p4_07_014.py (缺少类型注解)
  - 07/zuofu/star/xj07_001.py (缺少类型注解)
  - 07/zuofu/star/xj07_002.py (缺少类型注解)
  - 07/zuofu/star/xj07_003.py (缺少类型注解)
  - 07/zuofu/star/xj07_004.py (缺少类型注解)
  - 07/zuofu/star/xj07_005.py (缺少类型注解)
  - 07/zuofu/star/xj07_p1_001.py (缺少类型注解)
  - 07/zuofu/star/xj07_p1_002.py (缺少类型注解)
  - 07/zuofu/star/xj07_p1_003.py (缺少类型注解)
  - 07/zuofu/star/xj07_p1_004.py (缺少类型注解)
  - 07/zuofu/star/xj07_p1_005.py (缺少类型注解)
  - 07/zuofu/star/xj07_p2_001.py (缺少类型注解)
  - 08/youbi/star/obj_08_001.py (缺少类型注解)
  - 08/youbi/star/obj_08_002.py (缺少类型注解)
  - 08/youbi/star/obj_08_003.py (缺少类型注解)
  - 08/youbi/star/p2_08_017.py (缺少类型注解)
  - 08/youbi/star/p2_08_018.py (缺少类型注解)
  - 08/youbi/star/p3_08_015.py (缺少类型注解)
  - 08/youbi/star/p3_08_016.py (缺少类型注解)
  - 08/youbi/star/p4_08_015.py (缺少类型注解)
  - 08/youbi/star/p4_08_016.py (缺少类型注解)
  - 08/youbi/star/xj08_001.py (缺少类型注解)
  - 08/youbi/star/xj08_003.py (缺少类型注解)
  - 08/youbi/star/xj08_004.py (缺少类型注解)
  - 08/youbi/star/xj08_p1_001.py (缺少类型注解)
  - 08/youbi/star/xj08_p1_003.py (缺少类型注解)
  - 08/youbi/star/xj08_p1_004.py (缺少类型注解)
  - 08/youbi/star/xj_p3_006.py (缺少类型注解)
  - 08/youbi/star/xj_p3_007.py (缺少类型注解)
  - 09/tanlang/star/obj_09_001.py (缺少类型注解)
  - 09/tanlang/star/obj_09_002.py (缺少类型注解)
  - 09/tanlang/star/obj_09_003.py (缺少类型注解)
  - 09/tanlang/star/p2_09_019.py (缺少类型注解)
  - 09/tanlang/star/p2_09_020.py (缺少类型注解)
  - 09/tanlang/star/p3_09_017.py (缺少类型注解)
  - 09/tanlang/star/p3_09_018.py (缺少类型注解)
  - 09/tanlang/star/p4_09_017.py (缺少类型注解)
  - 09/tanlang/star/p4_09_018.py (缺少类型注解)
  - 09/tanlang/star/xj09_001.py (缺少类型注解)
  - 09/tanlang/star/xj09_002.py (缺少类型注解)
  - 09/tanlang/star/xj09_003.py (缺少类型注解)
  - 09/tanlang/star/xj09_004.py (缺少类型注解)
  - 09/tanlang/star/xj09_005.py (缺少类型注解)
  - 09/tanlang/star/xj09_p1_001.py (缺少类型注解)
  - 09/tanlang/star/xj09_p1_002.py (缺少类型注解)
  - 09/tanlang/star/xj09_p1_003.py (缺少类型注解)
  - 09/tanlang/star/xj09_p1_004.py (缺少类型注解)
  - 09/tanlang/star/xj09_p1_005.py (缺少类型注解)
  - 10/fubi/star/obj_10_001.py (缺少类型注解)
  - 10/fubi/star/obj_10_002.py (缺少类型注解)
  - 10/fubi/star/obj_10_003.py (缺少类型注解)
  - 10/fubi/star/p2_10_021.py (缺少类型注解)
  - 10/fubi/star/p2_10_022.py (缺少类型注解)
  - 10/fubi/star/p3_10_019.py (缺少类型注解)
  - 10/fubi/star/p3_10_020.py (缺少类型注解)
  - 10/fubi/star/p4_10_019.py (缺少类型注解)
  - 10/fubi/star/p4_10_020.py (缺少类型注解)
  - 10/fubi/star/xj10_001.py (缺少类型注解)
  - 10/fubi/star/xj10_002.py (缺少类型注解)
  - 10/fubi/star/xj10_003.py (缺少类型注解)
  - 10/fubi/star/xj10_004.py (缺少类型注解)
  - 10/fubi/star/xj10_005.py (缺少类型注解)
  - 10/fubi/star/xj10_p1_001.py (缺少类型注解)
  - 10/fubi/star/xj10_p1_002.py (缺少类型注解)
  - 10/fubi/star/xj10_p1_003.py (缺少类型注解)
  - 10/fubi/star/xj10_p1_004.py (缺少类型注解)
  - 10/fubi/star/xj10_p1_005.py (缺少类型注解)

=== 质检完成 ===
发现问题文件: 171 个
=== 张志远(002) 代码质检任务 ===
时间: Mon Mar 23 12:30:01 AM CST 2026

📊 代码统计:
  XJ-01: 38 文件, 1634 行
  XJ-02: 32 文件, 1216 行
  XJ-03: 22 文件, 814 行
  XJ-04: 21 文件, 546 行
  XJ-05: 21 文件, 546 行
  XJ-06: 21 文件, 546 行
  XJ-07: 21 文件, 546 行
  XJ-08: 19 文件, 528 行
  XJ-09: 19 文件, 494 行
  XJ-10: 19 文件, 494 行
  总计: 233 文件, 7364 行

📈 质量指标:
  文档覆盖率: 100.0%
  类型注解覆盖率: 40.3%

⚠️ 需要改进的文件:
  - 02/lucun/star/c_02_001.py (缺少类型注解)
  - 02/lucun/star/c_02_002.py (缺少类型注解)
  - 02/lucun/star/c_02_003.py (缺少类型注解)
  - 02/lucun/star/c_02_004.py (缺少类型注解)
  - 02/lucun/star/c_02_005.py (缺少类型注解)
  - 02/lucun/star/p2_02_004.py (缺少类型注解)
  - 02/lucun/star/p2_02_005.py (缺少类型注解)
  - 02/lucun/star/p2_02_006.py (缺少类型注解)
  - 02/lucun/star/p3_02_003.py (缺少类型注解)
  - 02/lucun/star/p3_02_004.py (缺少类型注解)
  - 02/lucun/star/p4_02_003.py (缺少类型注解)
  - 02/lucun/star/p4_02_004.py (缺少类型注解)
  - 02/lucun/star/task_01.py (缺少类型注解)
  - 02/lucun/star/task_02.py (缺少类型注解)
  - 02/lucun/star/task_03.py (缺少类型注解)
  - 02/lucun/star/task_04.py (缺少类型注解)
  - 02/lucun/star/task_05.py (缺少类型注解)
  - 02/lucun/star/task_06.py (缺少类型注解)
  - 02/lucun/star/task_07.py (缺少类型注解)
  - 02/lucun/star/task_08.py (缺少类型注解)
  - 02/lucun/star/xj02_001.py (缺少类型注解)
  - 02/lucun/star/xj02_002.py (缺少类型注解)
  - 02/lucun/star/xj02_003.py (缺少类型注解)
  - 02/lucun/star/xj02_004.py (缺少类型注解)
  - 02/lucun/star/xj02_p0_001.py (缺少类型注解)
  - 02/lucun/star/xj02_p0_002.py (缺少类型注解)
  - 02/lucun/star/xj02_p0_003.py (缺少类型注解)
  - 02/lucun/star/xj02_p1_001.py (缺少类型注解)
  - 02/lucun/star/xj02_p1_003.py (缺少类型注解)
  - 02/lucun/star/xj02_p2_001.py (缺少类型注解)
  - 02/lucun/star/xj02_p2_002.py (缺少类型注解)
  - 02/lucun/star/xj_p3_002.py (缺少类型注解)
  - 04/lianzheng/star/obj_04_001.py (缺少类型注解)
  - 04/lianzheng/star/obj_04_002.py (缺少类型注解)
  - 04/lianzheng/star/obj_04_003.py (缺少类型注解)
  - 04/lianzheng/star/p2_04_009.py (缺少类型注解)
  - 04/lianzheng/star/p2_04_010.py (缺少类型注解)
  - 04/lianzheng/star/p3_04_007.py (缺少类型注解)
  - 04/lianzheng/star/p3_04_008.py (缺少类型注解)
  - 04/lianzheng/star/p4_04_007.py (缺少类型注解)
  - 04/lianzheng/star/p4_04_008.py (缺少类型注解)
  - 04/lianzheng/star/xj04_001.py (缺少类型注解)
  - 04/lianzheng/star/xj04_002.py (缺少类型注解)
  - 04/lianzheng/star/xj04_003.py (缺少类型注解)
  - 04/lianzheng/star/xj04_004.py (缺少类型注解)
  - 04/lianzheng/star/xj04_005.py (缺少类型注解)
  - 04/lianzheng/star/xj04_p1_001.py (缺少类型注解)
  - 04/lianzheng/star/xj04_p1_002.py (缺少类型注解)
  - 04/lianzheng/star/xj04_p1_003.py (缺少类型注解)
  - 04/lianzheng/star/xj04_p1_004.py (缺少类型注解)
  - 04/lianzheng/star/xj04_p1_005.py (缺少类型注解)
  - 04/lianzheng/star/xj04_p2_001.py (缺少类型注解)
  - 04/lianzheng/star/xj04_p2_002.py (缺少类型注解)
  - 05/wuqu/star/obj_05_001.py (缺少类型注解)
  - 05/wuqu/star/obj_05_002.py (缺少类型注解)
  - 05/wuqu/star/obj_05_003.py (缺少类型注解)
  - 05/wuqu/star/p2_05_011.py (缺少类型注解)
  - 05/wuqu/star/p2_05_012.py (缺少类型注解)
  - 05/wuqu/star/p3_05_009.py (缺少类型注解)
  - 05/wuqu/star/p3_05_010.py (缺少类型注解)
  - 05/wuqu/star/p4_05_009.py (缺少类型注解)
  - 05/wuqu/star/p4_05_010.py (缺少类型注解)
  - 05/wuqu/star/xj05_001.py (缺少类型注解)
  - 05/wuqu/star/xj05_002.py (缺少类型注解)
  - 05/wuqu/star/xj05_003.py (缺少类型注解)
  - 05/wuqu/star/xj05_004.py (缺少类型注解)
  - 05/wuqu/star/xj05_005.py (缺少类型注解)
  - 05/wuqu/star/xj05_p1_001.py (缺少类型注解)
  - 05/wuqu/star/xj05_p1_002.py (缺少类型注解)
  - 05/wuqu/star/xj05_p1_003.py (缺少类型注解)
  - 05/wuqu/star/xj05_p1_004.py (缺少类型注解)
  - 05/wuqu/star/xj05_p1_005.py (缺少类型注解)
  - 05/wuqu/star/xj05_p2_001.py (缺少类型注解)
  - 05/wuqu/star/xj05_p2_002.py (缺少类型注解)
  - 06/pojun/star/obj_06_001.py (缺少类型注解)
  - 06/pojun/star/obj_06_002.py (缺少类型注解)
  - 06/pojun/star/obj_06_003.py (缺少类型注解)
  - 06/pojun/star/p2_06_013.py (缺少类型注解)
  - 06/pojun/star/p2_06_014.py (缺少类型注解)
  - 06/pojun/star/p3_06_011.py (缺少类型注解)
  - 06/pojun/star/p3_06_012.py (缺少类型注解)
  - 06/pojun/star/p4_06_011.py (缺少类型注解)
  - 06/pojun/star/p4_06_012.py (缺少类型注解)
  - 06/pojun/star/xj06_001.py (缺少类型注解)
  - 06/pojun/star/xj06_002.py (缺少类型注解)
  - 06/pojun/star/xj06_003.py (缺少类型注解)
  - 06/pojun/star/xj06_004.py (缺少类型注解)
  - 06/pojun/star/xj06_005.py (缺少类型注解)
  - 06/pojun/star/xj06_p1_001.py (缺少类型注解)
  - 06/pojun/star/xj06_p1_002.py (缺少类型注解)
  - 06/pojun/star/xj06_p1_003.py (缺少类型注解)
  - 06/pojun/star/xj06_p1_004.py (缺少类型注解)
  - 06/pojun/star/xj06_p1_005.py (缺少类型注解)
  - 06/pojun/star/xj06_p2_001.py (缺少类型注解)
  - 06/pojun/star/xj06_p2_002.py (缺少类型注解)
  - 07/zuofu/star/obj_07_001.py (缺少类型注解)
  - 07/zuofu/star/obj_07_002.py (缺少类型注解)
  - 07/zuofu/star/obj_07_003.py (缺少类型注解)
  - 07/zuofu/star/obj_07_004.py (缺少类型注解)
  - 07/zuofu/star/p2_07_015.py (缺少类型注解)
  - 07/zuofu/star/p2_07_016.py (缺少类型注解)
  - 07/zuofu/star/p3_07_013.py (缺少类型注解)
  - 07/zuofu/star/p3_07_014.py (缺少类型注解)
  - 07/zuofu/star/p4_07_013.py (缺少类型注解)
  - 07/zuofu/star/p4_07_014.py (缺少类型注解)
  - 07/zuofu/star/xj07_001.py (缺少类型注解)
  - 07/zuofu/star/xj07_002.py (缺少类型注解)
  - 07/zuofu/star/xj07_003.py (缺少类型注解)
  - 07/zuofu/star/xj07_004.py (缺少类型注解)
  - 07/zuofu/star/xj07_005.py (缺少类型注解)
  - 07/zuofu/star/xj07_p1_001.py (缺少类型注解)
  - 07/zuofu/star/xj07_p1_002.py (缺少类型注解)
  - 07/zuofu/star/xj07_p1_003.py (缺少类型注解)
  - 07/zuofu/star/xj07_p1_004.py (缺少类型注解)
  - 07/zuofu/star/xj07_p1_005.py (缺少类型注解)
  - 07/zuofu/star/xj07_p2_001.py (缺少类型注解)
  - 08/youbi/star/obj_08_001.py (缺少类型注解)
  - 08/youbi/star/obj_08_002.py (缺少类型注解)
  - 08/youbi/star/obj_08_003.py (缺少类型注解)
  - 08/youbi/star/p2_08_017.py (缺少类型注解)
  - 08/youbi/star/p2_08_018.py (缺少类型注解)
  - 08/youbi/star/p3_08_015.py (缺少类型注解)
  - 08/youbi/star/p3_08_016.py (缺少类型注解)
  - 08/youbi/star/p4_08_015.py (缺少类型注解)
  - 08/youbi/star/p4_08_016.py (缺少类型注解)
  - 08/youbi/star/xj08_001.py (缺少类型注解)
  - 08/youbi/star/xj08_003.py (缺少类型注解)
  - 08/youbi/star/xj08_004.py (缺少类型注解)
  - 08/youbi/star/xj08_p1_001.py (缺少类型注解)
  - 08/youbi/star/xj08_p1_003.py (缺少类型注解)
  - 08/youbi/star/xj08_p1_004.py (缺少类型注解)
  - 08/youbi/star/xj_p3_006.py (缺少类型注解)
  - 08/youbi/star/xj_p3_007.py (缺少类型注解)
  - 09/tanlang/star/obj_09_001.py (缺少类型注解)
  - 09/tanlang/star/obj_09_002.py (缺少类型注解)
  - 09/tanlang/star/obj_09_003.py (缺少类型注解)
  - 09/tanlang/star/p2_09_019.py (缺少类型注解)
  - 09/tanlang/star/p2_09_020.py (缺少类型注解)
  - 09/tanlang/star/p3_09_017.py (缺少类型注解)
  - 09/tanlang/star/p3_09_018.py (缺少类型注解)
  - 09/tanlang/star/p4_09_017.py (缺少类型注解)
  - 09/tanlang/star/p4_09_018.py (缺少类型注解)
  - 09/tanlang/star/xj09_001.py (缺少类型注解)
  - 09/tanlang/star/xj09_002.py (缺少类型注解)
  - 09/tanlang/star/xj09_003.py (缺少类型注解)
  - 09/tanlang/star/xj09_004.py (缺少类型注解)
  - 09/tanlang/star/xj09_005.py (缺少类型注解)
  - 09/tanlang/star/xj09_p1_001.py (缺少类型注解)
  - 09/tanlang/star/xj09_p1_002.py (缺少类型注解)
  - 09/tanlang/star/xj09_p1_003.py (缺少类型注解)
  - 09/tanlang/star/xj09_p1_004.py (缺少类型注解)
  - 09/tanlang/star/xj09_p1_005.py (缺少类型注解)
  - 10/fubi/star/obj_10_001.py (缺少类型注解)
  - 10/fubi/star/obj_10_002.py (缺少类型注解)
  - 10/fubi/star/obj_10_003.py (缺少类型注解)
  - 10/fubi/star/p2_10_021.py (缺少类型注解)
  - 10/fubi/star/p2_10_022.py (缺少类型注解)
  - 10/fubi/star/p3_10_019.py (缺少类型注解)
  - 10/fubi/star/p3_10_020.py (缺少类型注解)
  - 10/fubi/star/p4_10_019.py (缺少类型注解)
  - 10/fubi/star/p4_10_020.py (缺少类型注解)
  - 10/fubi/star/xj10_001.py (缺少类型注解)
  - 10/fubi/star/xj10_002.py (缺少类型注解)
  - 10/fubi/star/xj10_003.py (缺少类型注解)
  - 10/fubi/star/xj10_004.py (缺少类型注解)
  - 10/fubi/star/xj10_005.py (缺少类型注解)
  - 10/fubi/star/xj10_p1_001.py (缺少类型注解)
  - 10/fubi/star/xj10_p1_002.py (缺少类型注解)
  - 10/fubi/star/xj10_p1_003.py (缺少类型注解)
  - 10/fubi/star/xj10_p1_004.py (缺少类型注解)
  - 10/fubi/star/xj10_p1_005.py (缺少类型注解)

=== 质检完成 ===
发现问题文件: 171 个
=== 张志远(002) 代码质检任务 ===
时间: Mon Mar 23 01:00:01 AM CST 2026

📊 代码统计:
  XJ-01: 38 文件, 1634 行
  XJ-02: 32 文件, 1216 行
  XJ-03: 22 文件, 814 行
  XJ-04: 21 文件, 546 行
  XJ-05: 21 文件, 546 行
  XJ-06: 21 文件, 546 行
  XJ-07: 21 文件, 546 行
  XJ-08: 19 文件, 528 行
  XJ-09: 19 文件, 494 行
  XJ-10: 19 文件, 494 行
  总计: 233 文件, 7364 行

📈 质量指标:
  文档覆盖率: 100.0%
  类型注解覆盖率: 40.3%

⚠️ 需要改进的文件:
  - 02/lucun/star/c_02_001.py (缺少类型注解)
  - 02/lucun/star/c_02_002.py (缺少类型注解)
  - 02/lucun/star/c_02_003.py (缺少类型注解)
  - 02/lucun/star/c_02_004.py (缺少类型注解)
  - 02/lucun/star/c_02_005.py (缺少类型注解)
  - 02/lucun/star/p2_02_004.py (缺少类型注解)
  - 02/lucun/star/p2_02_005.py (缺少类型注解)
  - 02/lucun/star/p2_02_006.py (缺少类型注解)
  - 02/lucun/star/p3_02_003.py (缺少类型注解)
  - 02/lucun/star/p3_02_004.py (缺少类型注解)
  - 02/lucun/star/p4_02_003.py (缺少类型注解)
  - 02/lucun/star/p4_02_004.py (缺少类型注解)
  - 02/lucun/star/task_01.py (缺少类型注解)
  - 02/lucun/star/task_02.py (缺少类型注解)
  - 02/lucun/star/task_03.py (缺少类型注解)
  - 02/lucun/star/task_04.py (缺少类型注解)
  - 02/lucun/star/task_05.py (缺少类型注解)
  - 02/lucun/star/task_06.py (缺少类型注解)
  - 02/lucun/star/task_07.py (缺少类型注解)
  - 02/lucun/star/task_08.py (缺少类型注解)
  - 02/lucun/star/xj02_001.py (缺少类型注解)
  - 02/lucun/star/xj02_002.py (缺少类型注解)
  - 02/lucun/star/xj02_003.py (缺少类型注解)
  - 02/lucun/star/xj02_004.py (缺少类型注解)
  - 02/lucun/star/xj02_p0_001.py (缺少类型注解)
  - 02/lucun/star/xj02_p0_002.py (缺少类型注解)
  - 02/lucun/star/xj02_p0_003.py (缺少类型注解)
  - 02/lucun/star/xj02_p1_001.py (缺少类型注解)
  - 02/lucun/star/xj02_p1_003.py (缺少类型注解)
  - 02/lucun/star/xj02_p2_001.py (缺少类型注解)
  - 02/lucun/star/xj02_p2_002.py (缺少类型注解)
  - 02/lucun/star/xj_p3_002.py (缺少类型注解)
  - 04/lianzheng/star/obj_04_001.py (缺少类型注解)
  - 04/lianzheng/star/obj_04_002.py (缺少类型注解)
  - 04/lianzheng/star/obj_04_003.py (缺少类型注解)
  - 04/lianzheng/star/p2_04_009.py (缺少类型注解)
  - 04/lianzheng/star/p2_04_010.py (缺少类型注解)
  - 04/lianzheng/star/p3_04_007.py (缺少类型注解)
  - 04/lianzheng/star/p3_04_008.py (缺少类型注解)
  - 04/lianzheng/star/p4_04_007.py (缺少类型注解)
  - 04/lianzheng/star/p4_04_008.py (缺少类型注解)
  - 04/lianzheng/star/xj04_001.py (缺少类型注解)
  - 04/lianzheng/star/xj04_002.py (缺少类型注解)
  - 04/lianzheng/star/xj04_003.py (缺少类型注解)
  - 04/lianzheng/star/xj04_004.py (缺少类型注解)
  - 04/lianzheng/star/xj04_005.py (缺少类型注解)
  - 04/lianzheng/star/xj04_p1_001.py (缺少类型注解)
  - 04/lianzheng/star/xj04_p1_002.py (缺少类型注解)
  - 04/lianzheng/star/xj04_p1_003.py (缺少类型注解)
  - 04/lianzheng/star/xj04_p1_004.py (缺少类型注解)
  - 04/lianzheng/star/xj04_p1_005.py (缺少类型注解)
  - 04/lianzheng/star/xj04_p2_001.py (缺少类型注解)
  - 04/lianzheng/star/xj04_p2_002.py (缺少类型注解)
  - 05/wuqu/star/obj_05_001.py (缺少类型注解)
  - 05/wuqu/star/obj_05_002.py (缺少类型注解)
  - 05/wuqu/star/obj_05_003.py (缺少类型注解)
  - 05/wuqu/star/p2_05_011.py (缺少类型注解)
  - 05/wuqu/star/p2_05_012.py (缺少类型注解)
  - 05/wuqu/star/p3_05_009.py (缺少类型注解)
  - 05/wuqu/star/p3_05_010.py (缺少类型注解)
  - 05/wuqu/star/p4_05_009.py (缺少类型注解)
  - 05/wuqu/star/p4_05_010.py (缺少类型注解)
  - 05/wuqu/star/xj05_001.py (缺少类型注解)
  - 05/wuqu/star/xj05_002.py (缺少类型注解)
  - 05/wuqu/star/xj05_003.py (缺少类型注解)
  - 05/wuqu/star/xj05_004.py (缺少类型注解)
  - 05/wuqu/star/xj05_005.py (缺少类型注解)
  - 05/wuqu/star/xj05_p1_001.py (缺少类型注解)
  - 05/wuqu/star/xj05_p1_002.py (缺少类型注解)
  - 05/wuqu/star/xj05_p1_003.py (缺少类型注解)
  - 05/wuqu/star/xj05_p1_004.py (缺少类型注解)
  - 05/wuqu/star/xj05_p1_005.py (缺少类型注解)
  - 05/wuqu/star/xj05_p2_001.py (缺少类型注解)
  - 05/wuqu/star/xj05_p2_002.py (缺少类型注解)
  - 06/pojun/star/obj_06_001.py (缺少类型注解)
  - 06/pojun/star/obj_06_002.py (缺少类型注解)
  - 06/pojun/star/obj_06_003.py (缺少类型注解)
  - 06/pojun/star/p2_06_013.py (缺少类型注解)
  - 06/pojun/star/p2_06_014.py (缺少类型注解)
  - 06/pojun/star/p3_06_011.py (缺少类型注解)
  - 06/pojun/star/p3_06_012.py (缺少类型注解)
  - 06/pojun/star/p4_06_011.py (缺少类型注解)
  - 06/pojun/star/p4_06_012.py (缺少类型注解)
  - 06/pojun/star/xj06_001.py (缺少类型注解)
  - 06/pojun/star/xj06_002.py (缺少类型注解)
  - 06/pojun/star/xj06_003.py (缺少类型注解)
  - 06/pojun/star/xj06_004.py (缺少类型注解)
  - 06/pojun/star/xj06_005.py (缺少类型注解)
  - 06/pojun/star/xj06_p1_001.py (缺少类型注解)
  - 06/pojun/star/xj06_p1_002.py (缺少类型注解)
  - 06/pojun/star/xj06_p1_003.py (缺少类型注解)
  - 06/pojun/star/xj06_p1_004.py (缺少类型注解)
  - 06/pojun/star/xj06_p1_005.py (缺少类型注解)
  - 06/pojun/star/xj06_p2_001.py (缺少类型注解)
  - 06/pojun/star/xj06_p2_002.py (缺少类型注解)
  - 07/zuofu/star/obj_07_001.py (缺少类型注解)
  - 07/zuofu/star/obj_07_002.py (缺少类型注解)
  - 07/zuofu/star/obj_07_003.py (缺少类型注解)
  - 07/zuofu/star/obj_07_004.py (缺少类型注解)
  - 07/zuofu/star/p2_07_015.py (缺少类型注解)
  - 07/zuofu/star/p2_07_016.py (缺少类型注解)
  - 07/zuofu/star/p3_07_013.py (缺少类型注解)
  - 07/zuofu/star/p3_07_014.py (缺少类型注解)
  - 07/zuofu/star/p4_07_013.py (缺少类型注解)
  - 07/zuofu/star/p4_07_014.py (缺少类型注解)
  - 07/zuofu/star/xj07_001.py (缺少类型注解)
  - 07/zuofu/star/xj07_002.py (缺少类型注解)
  - 07/zuofu/star/xj07_003.py (缺少类型注解)
  - 07/zuofu/star/xj07_004.py (缺少类型注解)
  - 07/zuofu/star/xj07_005.py (缺少类型注解)
  - 07/zuofu/star/xj07_p1_001.py (缺少类型注解)
  - 07/zuofu/star/xj07_p1_002.py (缺少类型注解)
  - 07/zuofu/star/xj07_p1_003.py (缺少类型注解)
  - 07/zuofu/star/xj07_p1_004.py (缺少类型注解)
  - 07/zuofu/star/xj07_p1_005.py (缺少类型注解)
  - 07/zuofu/star/xj07_p2_001.py (缺少类型注解)
  - 08/youbi/star/obj_08_001.py (缺少类型注解)
  - 08/youbi/star/obj_08_002.py (缺少类型注解)
  - 08/youbi/star/obj_08_003.py (缺少类型注解)
  - 08/youbi/star/p2_08_017.py (缺少类型注解)
  - 08/youbi/star/p2_08_018.py (缺少类型注解)
  - 08/youbi/star/p3_08_015.py (缺少类型注解)
  - 08/youbi/star/p3_08_016.py (缺少类型注解)
  - 08/youbi/star/p4_08_015.py (缺少类型注解)
  - 08/youbi/star/p4_08_016.py (缺少类型注解)
  - 08/youbi/star/xj08_001.py (缺少类型注解)
  - 08/youbi/star/xj08_003.py (缺少类型注解)
  - 08/youbi/star/xj08_004.py (缺少类型注解)
  - 08/youbi/star/xj08_p1_001.py (缺少类型注解)
  - 08/youbi/star/xj08_p1_003.py (缺少类型注解)
  - 08/youbi/star/xj08_p1_004.py (缺少类型注解)
  - 08/youbi/star/xj_p3_006.py (缺少类型注解)
  - 08/youbi/star/xj_p3_007.py (缺少类型注解)
  - 09/tanlang/star/obj_09_001.py (缺少类型注解)
  - 09/tanlang/star/obj_09_002.py (缺少类型注解)
  - 09/tanlang/star/obj_09_003.py (缺少类型注解)
  - 09/tanlang/star/p2_09_019.py (缺少类型注解)
  - 09/tanlang/star/p2_09_020.py (缺少类型注解)
  - 09/tanlang/star/p3_09_017.py (缺少类型注解)
  - 09/tanlang/star/p3_09_018.py (缺少类型注解)
  - 09/tanlang/star/p4_09_017.py (缺少类型注解)
  - 09/tanlang/star/p4_09_018.py (缺少类型注解)
  - 09/tanlang/star/xj09_001.py (缺少类型注解)
  - 09/tanlang/star/xj09_002.py (缺少类型注解)
  - 09/tanlang/star/xj09_003.py (缺少类型注解)
  - 09/tanlang/star/xj09_004.py (缺少类型注解)
  - 09/tanlang/star/xj09_005.py (缺少类型注解)
  - 09/tanlang/star/xj09_p1_001.py (缺少类型注解)
  - 09/tanlang/star/xj09_p1_002.py (缺少类型注解)
  - 09/tanlang/star/xj09_p1_003.py (缺少类型注解)
  - 09/tanlang/star/xj09_p1_004.py (缺少类型注解)
  - 09/tanlang/star/xj09_p1_005.py (缺少类型注解)
  - 10/fubi/star/obj_10_001.py (缺少类型注解)
  - 10/fubi/star/obj_10_002.py (缺少类型注解)
  - 10/fubi/star/obj_10_003.py (缺少类型注解)
  - 10/fubi/star/p2_10_021.py (缺少类型注解)
  - 10/fubi/star/p2_10_022.py (缺少类型注解)
  - 10/fubi/star/p3_10_019.py (缺少类型注解)
  - 10/fubi/star/p3_10_020.py (缺少类型注解)
  - 10/fubi/star/p4_10_019.py (缺少类型注解)
  - 10/fubi/star/p4_10_020.py (缺少类型注解)
  - 10/fubi/star/xj10_001.py (缺少类型注解)
  - 10/fubi/star/xj10_002.py (缺少类型注解)
  - 10/fubi/star/xj10_003.py (缺少类型注解)
  - 10/fubi/star/xj10_004.py (缺少类型注解)
  - 10/fubi/star/xj10_005.py (缺少类型注解)
  - 10/fubi/star/xj10_p1_001.py (缺少类型注解)
  - 10/fubi/star/xj10_p1_002.py (缺少类型注解)
  - 10/fubi/star/xj10_p1_003.py (缺少类型注解)
  - 10/fubi/star/xj10_p1_004.py (缺少类型注解)
  - 10/fubi/star/xj10_p1_005.py (缺少类型注解)

=== 质检完成 ===
发现问题文件: 171 个
=== 张志远(002) 代码质检任务 ===
时间: Mon Mar 23 01:30:01 AM CST 2026

📊 代码统计:
  XJ-01: 38 文件, 1634 行
  XJ-02: 32 文件, 1216 行
  XJ-03: 22 文件, 814 行
  XJ-04: 21 文件, 546 行
  XJ-05: 21 文件, 546 行
  XJ-06: 21 文件, 546 行
  XJ-07: 21 文件, 546 行
  XJ-08: 19 文件, 528 行
  XJ-09: 19 文件, 494 行
  XJ-10: 19 文件, 494 行
  总计: 233 文件, 7364 行

📈 质量指标:
  文档覆盖率: 100.0%
  类型注解覆盖率: 40.3%

⚠️ 需要改进的文件:
  - 02/lucun/star/c_02_001.py (缺少类型注解)
  - 02/lucun/star/c_02_002.py (缺少类型注解)
  - 02/lucun/star/c_02_003.py (缺少类型注解)
  - 02/lucun/star/c_02_004.py (缺少类型注解)
  - 02/lucun/star/c_02_005.py (缺少类型注解)
  - 02/lucun/star/p2_02_004.py (缺少类型注解)
  - 02/lucun/star/p2_02_005.py (缺少类型注解)
  - 02/lucun/star/p2_02_006.py (缺少类型注解)
  - 02/lucun/star/p3_02_003.py (缺少类型注解)
  - 02/lucun/star/p3_02_004.py (缺少类型注解)
  - 02/lucun/star/p4_02_003.py (缺少类型注解)
  - 02/lucun/star/p4_02_004.py (缺少类型注解)
  - 02/lucun/star/task_01.py (缺少类型注解)
  - 02/lucun/star/task_02.py (缺少类型注解)
  - 02/lucun/star/task_03.py (缺少类型注解)
  - 02/lucun/star/task_04.py (缺少类型注解)
  - 02/lucun/star/task_05.py (缺少类型注解)
  - 02/lucun/star/task_06.py (缺少类型注解)
  - 02/lucun/star/task_07.py (缺少类型注解)
  - 02/lucun/star/task_08.py (缺少类型注解)
  - 02/lucun/star/xj02_001.py (缺少类型注解)
  - 02/lucun/star/xj02_002.py (缺少类型注解)
  - 02/lucun/star/xj02_003.py (缺少类型注解)
  - 02/lucun/star/xj02_004.py (缺少类型注解)
  - 02/lucun/star/xj02_p0_001.py (缺少类型注解)
  - 02/lucun/star/xj02_p0_002.py (缺少类型注解)
  - 02/lucun/star/xj02_p0_003.py (缺少类型注解)
  - 02/lucun/star/xj02_p1_001.py (缺少类型注解)
  - 02/lucun/star/xj02_p1_003.py (缺少类型注解)
  - 02/lucun/star/xj02_p2_001.py (缺少类型注解)
  - 02/lucun/star/xj02_p2_002.py (缺少类型注解)
  - 02/lucun/star/xj_p3_002.py (缺少类型注解)
  - 04/lianzheng/star/obj_04_001.py (缺少类型注解)
  - 04/lianzheng/star/obj_04_002.py (缺少类型注解)
  - 04/lianzheng/star/obj_04_003.py (缺少类型注解)
  - 04/lianzheng/star/p2_04_009.py (缺少类型注解)
  - 04/lianzheng/star/p2_04_010.py (缺少类型注解)
  - 04/lianzheng/star/p3_04_007.py (缺少类型注解)
  - 04/lianzheng/star/p3_04_008.py (缺少类型注解)
  - 04/lianzheng/star/p4_04_007.py (缺少类型注解)
  - 04/lianzheng/star/p4_04_008.py (缺少类型注解)
  - 04/lianzheng/star/xj04_001.py (缺少类型注解)
  - 04/lianzheng/star/xj04_002.py (缺少类型注解)
  - 04/lianzheng/star/xj04_003.py (缺少类型注解)
  - 04/lianzheng/star/xj04_004.py (缺少类型注解)
  - 04/lianzheng/star/xj04_005.py (缺少类型注解)
  - 04/lianzheng/star/xj04_p1_001.py (缺少类型注解)
  - 04/lianzheng/star/xj04_p1_002.py (缺少类型注解)
  - 04/lianzheng/star/xj04_p1_003.py (缺少类型注解)
  - 04/lianzheng/star/xj04_p1_004.py (缺少类型注解)
  - 04/lianzheng/star/xj04_p1_005.py (缺少类型注解)
  - 04/lianzheng/star/xj04_p2_001.py (缺少类型注解)
  - 04/lianzheng/star/xj04_p2_002.py (缺少类型注解)
  - 05/wuqu/star/obj_05_001.py (缺少类型注解)
  - 05/wuqu/star/obj_05_002.py (缺少类型注解)
  - 05/wuqu/star/obj_05_003.py (缺少类型注解)
  - 05/wuqu/star/p2_05_011.py (缺少类型注解)
  - 05/wuqu/star/p2_05_012.py (缺少类型注解)
  - 05/wuqu/star/p3_05_009.py (缺少类型注解)
  - 05/wuqu/star/p3_05_010.py (缺少类型注解)
  - 05/wuqu/star/p4_05_009.py (缺少类型注解)
  - 05/wuqu/star/p4_05_010.py (缺少类型注解)
  - 05/wuqu/star/xj05_001.py (缺少类型注解)
  - 05/wuqu/star/xj05_002.py (缺少类型注解)
  - 05/wuqu/star/xj05_003.py (缺少类型注解)
  - 05/wuqu/star/xj05_004.py (缺少类型注解)
  - 05/wuqu/star/xj05_005.py (缺少类型注解)
  - 05/wuqu/star/xj05_p1_001.py (缺少类型注解)
  - 05/wuqu/star/xj05_p1_002.py (缺少类型注解)
  - 05/wuqu/star/xj05_p1_003.py (缺少类型注解)
  - 05/wuqu/star/xj05_p1_004.py (缺少类型注解)
  - 05/wuqu/star/xj05_p1_005.py (缺少类型注解)
  - 05/wuqu/star/xj05_p2_001.py (缺少类型注解)
  - 05/wuqu/star/xj05_p2_002.py (缺少类型注解)
  - 06/pojun/star/obj_06_001.py (缺少类型注解)
  - 06/pojun/star/obj_06_002.py (缺少类型注解)
  - 06/pojun/star/obj_06_003.py (缺少类型注解)
  - 06/pojun/star/p2_06_013.py (缺少类型注解)
  - 06/pojun/star/p2_06_014.py (缺少类型注解)
  - 06/pojun/star/p3_06_011.py (缺少类型注解)
  - 06/pojun/star/p3_06_012.py (缺少类型注解)
  - 06/pojun/star/p4_06_011.py (缺少类型注解)
  - 06/pojun/star/p4_06_012.py (缺少类型注解)
  - 06/pojun/star/xj06_001.py (缺少类型注解)
  - 06/pojun/star/xj06_002.py (缺少类型注解)
  - 06/pojun/star/xj06_003.py (缺少类型注解)
  - 06/pojun/star/xj06_004.py (缺少类型注解)
  - 06/pojun/star/xj06_005.py (缺少类型注解)
  - 06/pojun/star/xj06_p1_001.py (缺少类型注解)
  - 06/pojun/star/xj06_p1_002.py (缺少类型注解)
  - 06/pojun/star/xj06_p1_003.py (缺少类型注解)
  - 06/pojun/star/xj06_p1_004.py (缺少类型注解)
  - 06/pojun/star/xj06_p1_005.py (缺少类型注解)
  - 06/pojun/star/xj06_p2_001.py (缺少类型注解)
  - 06/pojun/star/xj06_p2_002.py (缺少类型注解)
  - 07/zuofu/star/obj_07_001.py (缺少类型注解)
  - 07/zuofu/star/obj_07_002.py (缺少类型注解)
  - 07/zuofu/star/obj_07_003.py (缺少类型注解)
  - 07/zuofu/star/obj_07_004.py (缺少类型注解)
  - 07/zuofu/star/p2_07_015.py (缺少类型注解)
  - 07/zuofu/star/p2_07_016.py (缺少类型注解)
  - 07/zuofu/star/p3_07_013.py (缺少类型注解)
  - 07/zuofu/star/p3_07_014.py (缺少类型注解)
  - 07/zuofu/star/p4_07_013.py (缺少类型注解)
  - 07/zuofu/star/p4_07_014.py (缺少类型注解)
  - 07/zuofu/star/xj07_001.py (缺少类型注解)
  - 07/zuofu/star/xj07_002.py (缺少类型注解)
  - 07/zuofu/star/xj07_003.py (缺少类型注解)
  - 07/zuofu/star/xj07_004.py (缺少类型注解)
  - 07/zuofu/star/xj07_005.py (缺少类型注解)
  - 07/zuofu/star/xj07_p1_001.py (缺少类型注解)
  - 07/zuofu/star/xj07_p1_002.py (缺少类型注解)
  - 07/zuofu/star/xj07_p1_003.py (缺少类型注解)
  - 07/zuofu/star/xj07_p1_004.py (缺少类型注解)
  - 07/zuofu/star/xj07_p1_005.py (缺少类型注解)
  - 07/zuofu/star/xj07_p2_001.py (缺少类型注解)
  - 08/youbi/star/obj_08_001.py (缺少类型注解)
  - 08/youbi/star/obj_08_002.py (缺少类型注解)
  - 08/youbi/star/obj_08_003.py (缺少类型注解)
  - 08/youbi/star/p2_08_017.py (缺少类型注解)
  - 08/youbi/star/p2_08_018.py (缺少类型注解)
  - 08/youbi/star/p3_08_015.py (缺少类型注解)
  - 08/youbi/star/p3_08_016.py (缺少类型注解)
  - 08/youbi/star/p4_08_015.py (缺少类型注解)
  - 08/youbi/star/p4_08_016.py (缺少类型注解)
  - 08/youbi/star/xj08_001.py (缺少类型注解)
  - 08/youbi/star/xj08_003.py (缺少类型注解)
  - 08/youbi/star/xj08_004.py (缺少类型注解)
  - 08/youbi/star/xj08_p1_001.py (缺少类型注解)
  - 08/youbi/star/xj08_p1_003.py (缺少类型注解)
  - 08/youbi/star/xj08_p1_004.py (缺少类型注解)
  - 08/youbi/star/xj_p3_006.py (缺少类型注解)
  - 08/youbi/star/xj_p3_007.py (缺少类型注解)
  - 09/tanlang/star/obj_09_001.py (缺少类型注解)
  - 09/tanlang/star/obj_09_002.py (缺少类型注解)
  - 09/tanlang/star/obj_09_003.py (缺少类型注解)
  - 09/tanlang/star/p2_09_019.py (缺少类型注解)
  - 09/tanlang/star/p2_09_020.py (缺少类型注解)
  - 09/tanlang/star/p3_09_017.py (缺少类型注解)
  - 09/tanlang/star/p3_09_018.py (缺少类型注解)
  - 09/tanlang/star/p4_09_017.py (缺少类型注解)
  - 09/tanlang/star/p4_09_018.py (缺少类型注解)
  - 09/tanlang/star/xj09_001.py (缺少类型注解)
  - 09/tanlang/star/xj09_002.py (缺少类型注解)
  - 09/tanlang/star/xj09_003.py (缺少类型注解)
  - 09/tanlang/star/xj09_004.py (缺少类型注解)
  - 09/tanlang/star/xj09_005.py (缺少类型注解)
  - 09/tanlang/star/xj09_p1_001.py (缺少类型注解)
  - 09/tanlang/star/xj09_p1_002.py (缺少类型注解)
  - 09/tanlang/star/xj09_p1_003.py (缺少类型注解)
  - 09/tanlang/star/xj09_p1_004.py (缺少类型注解)
  - 09/tanlang/star/xj09_p1_005.py (缺少类型注解)
  - 10/fubi/star/obj_10_001.py (缺少类型注解)
  - 10/fubi/star/obj_10_002.py (缺少类型注解)
  - 10/fubi/star/obj_10_003.py (缺少类型注解)
  - 10/fubi/star/p2_10_021.py (缺少类型注解)
  - 10/fubi/star/p2_10_022.py (缺少类型注解)
  - 10/fubi/star/p3_10_019.py (缺少类型注解)
  - 10/fubi/star/p3_10_020.py (缺少类型注解)
  - 10/fubi/star/p4_10_019.py (缺少类型注解)
  - 10/fubi/star/p4_10_020.py (缺少类型注解)
  - 10/fubi/star/xj10_001.py (缺少类型注解)
  - 10/fubi/star/xj10_002.py (缺少类型注解)
  - 10/fubi/star/xj10_003.py (缺少类型注解)
  - 10/fubi/star/xj10_004.py (缺少类型注解)
  - 10/fubi/star/xj10_005.py (缺少类型注解)
  - 10/fubi/star/xj10_p1_001.py (缺少类型注解)
  - 10/fubi/star/xj10_p1_002.py (缺少类型注解)
  - 10/fubi/star/xj10_p1_003.py (缺少类型注解)
  - 10/fubi/star/xj10_p1_004.py (缺少类型注解)
  - 10/fubi/star/xj10_p1_005.py (缺少类型注解)

=== 质检完成 ===
发现问题文件: 171 个
=== 张志远(002) 代码质检任务 ===
时间: Mon Mar 23 02:00:01 AM CST 2026

📊 代码统计:
  XJ-01: 38 文件, 1634 行
  XJ-02: 32 文件, 1216 行
  XJ-03: 22 文件, 814 行
  XJ-04: 21 文件, 546 行
  XJ-05: 21 文件, 546 行
  XJ-06: 21 文件, 546 行
  XJ-07: 21 文件, 546 行
  XJ-08: 19 文件, 528 行
  XJ-09: 19 文件, 494 行
  XJ-10: 19 文件, 494 行
  总计: 233 文件, 7364 行

📈 质量指标:
  文档覆盖率: 100.0%
  类型注解覆盖率: 40.3%

⚠️ 需要改进的文件:
  - 02/lucun/star/c_02_001.py (缺少类型注解)
  - 02/lucun/star/c_02_002.py (缺少类型注解)
  - 02/lucun/star/c_02_003.py (缺少类型注解)
  - 02/lucun/star/c_02_004.py (缺少类型注解)
  - 02/lucun/star/c_02_005.py (缺少类型注解)
  - 02/lucun/star/p2_02_004.py (缺少类型注解)
  - 02/lucun/star/p2_02_005.py (缺少类型注解)
  - 02/lucun/star/p2_02_006.py (缺少类型注解)
  - 02/lucun/star/p3_02_003.py (缺少类型注解)
  - 02/lucun/star/p3_02_004.py (缺少类型注解)
  - 02/lucun/star/p4_02_003.py (缺少类型注解)
  - 02/lucun/star/p4_02_004.py (缺少类型注解)
  - 02/lucun/star/task_01.py (缺少类型注解)
  - 02/lucun/star/task_02.py (缺少类型注解)
  - 02/lucun/star/task_03.py (缺少类型注解)
  - 02/lucun/star/task_04.py (缺少类型注解)
  - 02/lucun/star/task_05.py (缺少类型注解)
  - 02/lucun/star/task_06.py (缺少类型注解)
  - 02/lucun/star/task_07.py (缺少类型注解)
  - 02/lucun/star/task_08.py (缺少类型注解)
  - 02/lucun/star/xj02_001.py (缺少类型注解)
  - 02/lucun/star/xj02_002.py (缺少类型注解)
  - 02/lucun/star/xj02_003.py (缺少类型注解)
  - 02/lucun/star/xj02_004.py (缺少类型注解)
  - 02/lucun/star/xj02_p0_001.py (缺少类型注解)
  - 02/lucun/star/xj02_p0_002.py (缺少类型注解)
  - 02/lucun/star/xj02_p0_003.py (缺少类型注解)
  - 02/lucun/star/xj02_p1_001.py (缺少类型注解)
  - 02/lucun/star/xj02_p1_003.py (缺少类型注解)
  - 02/lucun/star/xj02_p2_001.py (缺少类型注解)
  - 02/lucun/star/xj02_p2_002.py (缺少类型注解)
  - 02/lucun/star/xj_p3_002.py (缺少类型注解)
  - 04/lianzheng/star/obj_04_001.py (缺少类型注解)
  - 04/lianzheng/star/obj_04_002.py (缺少类型注解)
  - 04/lianzheng/star/obj_04_003.py (缺少类型注解)
  - 04/lianzheng/star/p2_04_009.py (缺少类型注解)
  - 04/lianzheng/star/p2_04_010.py (缺少类型注解)
  - 04/lianzheng/star/p3_04_007.py (缺少类型注解)
  - 04/lianzheng/star/p3_04_008.py (缺少类型注解)
  - 04/lianzheng/star/p4_04_007.py (缺少类型注解)
  - 04/lianzheng/star/p4_04_008.py (缺少类型注解)
  - 04/lianzheng/star/xj04_001.py (缺少类型注解)
  - 04/lianzheng/star/xj04_002.py (缺少类型注解)
  - 04/lianzheng/star/xj04_003.py (缺少类型注解)
  - 04/lianzheng/star/xj04_004.py (缺少类型注解)
  - 04/lianzheng/star/xj04_005.py (缺少类型注解)
  - 04/lianzheng/star/xj04_p1_001.py (缺少类型注解)
  - 04/lianzheng/star/xj04_p1_002.py (缺少类型注解)
  - 04/lianzheng/star/xj04_p1_003.py (缺少类型注解)
  - 04/lianzheng/star/xj04_p1_004.py (缺少类型注解)
  - 04/lianzheng/star/xj04_p1_005.py (缺少类型注解)
  - 04/lianzheng/star/xj04_p2_001.py (缺少类型注解)
  - 04/lianzheng/star/xj04_p2_002.py (缺少类型注解)
  - 05/wuqu/star/obj_05_001.py (缺少类型注解)
  - 05/wuqu/star/obj_05_002.py (缺少类型注解)
  - 05/wuqu/star/obj_05_003.py (缺少类型注解)
  - 05/wuqu/star/p2_05_011.py (缺少类型注解)
  - 05/wuqu/star/p2_05_012.py (缺少类型注解)
  - 05/wuqu/star/p3_05_009.py (缺少类型注解)
  - 05/wuqu/star/p3_05_010.py (缺少类型注解)
  - 05/wuqu/star/p4_05_009.py (缺少类型注解)
  - 05/wuqu/star/p4_05_010.py (缺少类型注解)
  - 05/wuqu/star/xj05_001.py (缺少类型注解)
  - 05/wuqu/star/xj05_002.py (缺少类型注解)
  - 05/wuqu/star/xj05_003.py (缺少类型注解)
  - 05/wuqu/star/xj05_004.py (缺少类型注解)
  - 05/wuqu/star/xj05_005.py (缺少类型注解)
  - 05/wuqu/star/xj05_p1_001.py (缺少类型注解)
  - 05/wuqu/star/xj05_p1_002.py (缺少类型注解)
  - 05/wuqu/star/xj05_p1_003.py (缺少类型注解)
  - 05/wuqu/star/xj05_p1_004.py (缺少类型注解)
  - 05/wuqu/star/xj05_p1_005.py (缺少类型注解)
  - 05/wuqu/star/xj05_p2_001.py (缺少类型注解)
  - 05/wuqu/star/xj05_p2_002.py (缺少类型注解)
  - 06/pojun/star/obj_06_001.py (缺少类型注解)
  - 06/pojun/star/obj_06_002.py (缺少类型注解)
  - 06/pojun/star/obj_06_003.py (缺少类型注解)
  - 06/pojun/star/p2_06_013.py (缺少类型注解)
  - 06/pojun/star/p2_06_014.py (缺少类型注解)
  - 06/pojun/star/p3_06_011.py (缺少类型注解)
  - 06/pojun/star/p3_06_012.py (缺少类型注解)
  - 06/pojun/star/p4_06_011.py (缺少类型注解)
  - 06/pojun/star/p4_06_012.py (缺少类型注解)
  - 06/pojun/star/xj06_001.py (缺少类型注解)
  - 06/pojun/star/xj06_002.py (缺少类型注解)
  - 06/pojun/star/xj06_003.py (缺少类型注解)
  - 06/pojun/star/xj06_004.py (缺少类型注解)
  - 06/pojun/star/xj06_005.py (缺少类型注解)
  - 06/pojun/star/xj06_p1_001.py (缺少类型注解)
  - 06/pojun/star/xj06_p1_002.py (缺少类型注解)
  - 06/pojun/star/xj06_p1_003.py (缺少类型注解)
  - 06/pojun/star/xj06_p1_004.py (缺少类型注解)
  - 06/pojun/star/xj06_p1_005.py (缺少类型注解)
  - 06/pojun/star/xj06_p2_001.py (缺少类型注解)
  - 06/pojun/star/xj06_p2_002.py (缺少类型注解)
  - 07/zuofu/star/obj_07_001.py (缺少类型注解)
  - 07/zuofu/star/obj_07_002.py (缺少类型注解)
  - 07/zuofu/star/obj_07_003.py (缺少类型注解)
  - 07/zuofu/star/obj_07_004.py (缺少类型注解)
  - 07/zuofu/star/p2_07_015.py (缺少类型注解)
  - 07/zuofu/star/p2_07_016.py (缺少类型注解)
  - 07/zuofu/star/p3_07_013.py (缺少类型注解)
  - 07/zuofu/star/p3_07_014.py (缺少类型注解)
  - 07/zuofu/star/p4_07_013.py (缺少类型注解)
  - 07/zuofu/star/p4_07_014.py (缺少类型注解)
  - 07/zuofu/star/xj07_001.py (缺少类型注解)
  - 07/zuofu/star/xj07_002.py (缺少类型注解)
  - 07/zuofu/star/xj07_003.py (缺少类型注解)
  - 07/zuofu/star/xj07_004.py (缺少类型注解)
  - 07/zuofu/star/xj07_005.py (缺少类型注解)
  - 07/zuofu/star/xj07_p1_001.py (缺少类型注解)
  - 07/zuofu/star/xj07_p1_002.py (缺少类型注解)
  - 07/zuofu/star/xj07_p1_003.py (缺少类型注解)
  - 07/zuofu/star/xj07_p1_004.py (缺少类型注解)
  - 07/zuofu/star/xj07_p1_005.py (缺少类型注解)
  - 07/zuofu/star/xj07_p2_001.py (缺少类型注解)
  - 08/youbi/star/obj_08_001.py (缺少类型注解)
  - 08/youbi/star/obj_08_002.py (缺少类型注解)
  - 08/youbi/star/obj_08_003.py (缺少类型注解)
  - 08/youbi/star/p2_08_017.py (缺少类型注解)
  - 08/youbi/star/p2_08_018.py (缺少类型注解)
  - 08/youbi/star/p3_08_015.py (缺少类型注解)
  - 08/youbi/star/p3_08_016.py (缺少类型注解)
  - 08/youbi/star/p4_08_015.py (缺少类型注解)
  - 08/youbi/star/p4_08_016.py (缺少类型注解)
  - 08/youbi/star/xj08_001.py (缺少类型注解)
  - 08/youbi/star/xj08_003.py (缺少类型注解)
  - 08/youbi/star/xj08_004.py (缺少类型注解)
  - 08/youbi/star/xj08_p1_001.py (缺少类型注解)
  - 08/youbi/star/xj08_p1_003.py (缺少类型注解)
  - 08/youbi/star/xj08_p1_004.py (缺少类型注解)
  - 08/youbi/star/xj_p3_006.py (缺少类型注解)
  - 08/youbi/star/xj_p3_007.py (缺少类型注解)
  - 09/tanlang/star/obj_09_001.py (缺少类型注解)
  - 09/tanlang/star/obj_09_002.py (缺少类型注解)
  - 09/tanlang/star/obj_09_003.py (缺少类型注解)
  - 09/tanlang/star/p2_09_019.py (缺少类型注解)
  - 09/tanlang/star/p2_09_020.py (缺少类型注解)
  - 09/tanlang/star/p3_09_017.py (缺少类型注解)
  - 09/tanlang/star/p3_09_018.py (缺少类型注解)
  - 09/tanlang/star/p4_09_017.py (缺少类型注解)
  - 09/tanlang/star/p4_09_018.py (缺少类型注解)
  - 09/tanlang/star/xj09_001.py (缺少类型注解)
  - 09/tanlang/star/xj09_002.py (缺少类型注解)
  - 09/tanlang/star/xj09_003.py (缺少类型注解)
  - 09/tanlang/star/xj09_004.py (缺少类型注解)
  - 09/tanlang/star/xj09_005.py (缺少类型注解)
  - 09/tanlang/star/xj09_p1_001.py (缺少类型注解)
  - 09/tanlang/star/xj09_p1_002.py (缺少类型注解)
  - 09/tanlang/star/xj09_p1_003.py (缺少类型注解)
  - 09/tanlang/star/xj09_p1_004.py (缺少类型注解)
  - 09/tanlang/star/xj09_p1_005.py (缺少类型注解)
  - 10/fubi/star/obj_10_001.py (缺少类型注解)
  - 10/fubi/star/obj_10_002.py (缺少类型注解)
  - 10/fubi/star/obj_10_003.py (缺少类型注解)
  - 10/fubi/star/p2_10_021.py (缺少类型注解)
  - 10/fubi/star/p2_10_022.py (缺少类型注解)
  - 10/fubi/star/p3_10_019.py (缺少类型注解)
  - 10/fubi/star/p3_10_020.py (缺少类型注解)
  - 10/fubi/star/p4_10_019.py (缺少类型注解)
  - 10/fubi/star/p4_10_020.py (缺少类型注解)
  - 10/fubi/star/xj10_001.py (缺少类型注解)
  - 10/fubi/star/xj10_002.py (缺少类型注解)
  - 10/fubi/star/xj10_003.py (缺少类型注解)
  - 10/fubi/star/xj10_004.py (缺少类型注解)
  - 10/fubi/star/xj10_005.py (缺少类型注解)
  - 10/fubi/star/xj10_p1_001.py (缺少类型注解)
  - 10/fubi/star/xj10_p1_002.py (缺少类型注解)
  - 10/fubi/star/xj10_p1_003.py (缺少类型注解)
  - 10/fubi/star/xj10_p1_004.py (缺少类型注解)
  - 10/fubi/star/xj10_p1_005.py (缺少类型注解)

=== 质检完成 ===
发现问题文件: 171 个
=== 张志远(002) 代码质检任务 ===
时间: Mon Mar 23 02:30:01 AM CST 2026

📊 代码统计:
  XJ-01: 38 文件, 1634 行
  XJ-02: 32 文件, 1216 行
  XJ-03: 22 文件, 814 行
  XJ-04: 21 文件, 546 行
  XJ-05: 21 文件, 546 行
  XJ-06: 21 文件, 546 行
  XJ-07: 21 文件, 546 行
  XJ-08: 19 文件, 528 行
  XJ-09: 19 文件, 494 行
  XJ-10: 19 文件, 494 行
  总计: 233 文件, 7364 行

📈 质量指标:
  文档覆盖率: 100.0%
  类型注解覆盖率: 40.3%

⚠️ 需要改进的文件:
  - 02/lucun/star/c_02_001.py (缺少类型注解)
  - 02/lucun/star/c_02_002.py (缺少类型注解)
  - 02/lucun/star/c_02_003.py (缺少类型注解)
  - 02/lucun/star/c_02_004.py (缺少类型注解)
  - 02/lucun/star/c_02_005.py (缺少类型注解)
  - 02/lucun/star/p2_02_004.py (缺少类型注解)
  - 02/lucun/star/p2_02_005.py (缺少类型注解)
  - 02/lucun/star/p2_02_006.py (缺少类型注解)
  - 02/lucun/star/p3_02_003.py (缺少类型注解)
  - 02/lucun/star/p3_02_004.py (缺少类型注解)
  - 02/lucun/star/p4_02_003.py (缺少类型注解)
  - 02/lucun/star/p4_02_004.py (缺少类型注解)
  - 02/lucun/star/task_01.py (缺少类型注解)
  - 02/lucun/star/task_02.py (缺少类型注解)
  - 02/lucun/star/task_03.py (缺少类型注解)
  - 02/lucun/star/task_04.py (缺少类型注解)
  - 02/lucun/star/task_05.py (缺少类型注解)
  - 02/lucun/star/task_06.py (缺少类型注解)
  - 02/lucun/star/task_07.py (缺少类型注解)
  - 02/lucun/star/task_08.py (缺少类型注解)
  - 02/lucun/star/xj02_001.py (缺少类型注解)
  - 02/lucun/star/xj02_002.py (缺少类型注解)
  - 02/lucun/star/xj02_003.py (缺少类型注解)
  - 02/lucun/star/xj02_004.py (缺少类型注解)
  - 02/lucun/star/xj02_p0_001.py (缺少类型注解)
  - 02/lucun/star/xj02_p0_002.py (缺少类型注解)
  - 02/lucun/star/xj02_p0_003.py (缺少类型注解)
  - 02/lucun/star/xj02_p1_001.py (缺少类型注解)
  - 02/lucun/star/xj02_p1_003.py (缺少类型注解)
  - 02/lucun/star/xj02_p2_001.py (缺少类型注解)
  - 02/lucun/star/xj02_p2_002.py (缺少类型注解)
  - 02/lucun/star/xj_p3_002.py (缺少类型注解)
  - 04/lianzheng/star/obj_04_001.py (缺少类型注解)
  - 04/lianzheng/star/obj_04_002.py (缺少类型注解)
  - 04/lianzheng/star/obj_04_003.py (缺少类型注解)
  - 04/lianzheng/star/p2_04_009.py (缺少类型注解)
  - 04/lianzheng/star/p2_04_010.py (缺少类型注解)
  - 04/lianzheng/star/p3_04_007.py (缺少类型注解)
  - 04/lianzheng/star/p3_04_008.py (缺少类型注解)
  - 04/lianzheng/star/p4_04_007.py (缺少类型注解)
  - 04/lianzheng/star/p4_04_008.py (缺少类型注解)
  - 04/lianzheng/star/xj04_001.py (缺少类型注解)
  - 04/lianzheng/star/xj04_002.py (缺少类型注解)
  - 04/lianzheng/star/xj04_003.py (缺少类型注解)
  - 04/lianzheng/star/xj04_004.py (缺少类型注解)
  - 04/lianzheng/star/xj04_005.py (缺少类型注解)
  - 04/lianzheng/star/xj04_p1_001.py (缺少类型注解)
  - 04/lianzheng/star/xj04_p1_002.py (缺少类型注解)
  - 04/lianzheng/star/xj04_p1_003.py (缺少类型注解)
  - 04/lianzheng/star/xj04_p1_004.py (缺少类型注解)
  - 04/lianzheng/star/xj04_p1_005.py (缺少类型注解)
  - 04/lianzheng/star/xj04_p2_001.py (缺少类型注解)
  - 04/lianzheng/star/xj04_p2_002.py (缺少类型注解)
  - 05/wuqu/star/obj_05_001.py (缺少类型注解)
  - 05/wuqu/star/obj_05_002.py (缺少类型注解)
  - 05/wuqu/star/obj_05_003.py (缺少类型注解)
  - 05/wuqu/star/p2_05_011.py (缺少类型注解)
  - 05/wuqu/star/p2_05_012.py (缺少类型注解)
  - 05/wuqu/star/p3_05_009.py (缺少类型注解)
  - 05/wuqu/star/p3_05_010.py (缺少类型注解)
  - 05/wuqu/star/p4_05_009.py (缺少类型注解)
  - 05/wuqu/star/p4_05_010.py (缺少类型注解)
  - 05/wuqu/star/xj05_001.py (缺少类型注解)
  - 05/wuqu/star/xj05_002.py (缺少类型注解)
  - 05/wuqu/star/xj05_003.py (缺少类型注解)
  - 05/wuqu/star/xj05_004.py (缺少类型注解)
  - 05/wuqu/star/xj05_005.py (缺少类型注解)
  - 05/wuqu/star/xj05_p1_001.py (缺少类型注解)
  - 05/wuqu/star/xj05_p1_002.py (缺少类型注解)
  - 05/wuqu/star/xj05_p1_003.py (缺少类型注解)
  - 05/wuqu/star/xj05_p1_004.py (缺少类型注解)
  - 05/wuqu/star/xj05_p1_005.py (缺少类型注解)
  - 05/wuqu/star/xj05_p2_001.py (缺少类型注解)
  - 05/wuqu/star/xj05_p2_002.py (缺少类型注解)
  - 06/pojun/star/obj_06_001.py (缺少类型注解)
  - 06/pojun/star/obj_06_002.py (缺少类型注解)
  - 06/pojun/star/obj_06_003.py (缺少类型注解)
  - 06/pojun/star/p2_06_013.py (缺少类型注解)
  - 06/pojun/star/p2_06_014.py (缺少类型注解)
  - 06/pojun/star/p3_06_011.py (缺少类型注解)
  - 06/pojun/star/p3_06_012.py (缺少类型注解)
  - 06/pojun/star/p4_06_011.py (缺少类型注解)
  - 06/pojun/star/p4_06_012.py (缺少类型注解)
  - 06/pojun/star/xj06_001.py (缺少类型注解)
  - 06/pojun/star/xj06_002.py (缺少类型注解)
  - 06/pojun/star/xj06_003.py (缺少类型注解)
  - 06/pojun/star/xj06_004.py (缺少类型注解)
  - 06/pojun/star/xj06_005.py (缺少类型注解)
  - 06/pojun/star/xj06_p1_001.py (缺少类型注解)
  - 06/pojun/star/xj06_p1_002.py (缺少类型注解)
  - 06/pojun/star/xj06_p1_003.py (缺少类型注解)
  - 06/pojun/star/xj06_p1_004.py (缺少类型注解)
  - 06/pojun/star/xj06_p1_005.py (缺少类型注解)
  - 06/pojun/star/xj06_p2_001.py (缺少类型注解)
  - 06/pojun/star/xj06_p2_002.py (缺少类型注解)
  - 07/zuofu/star/obj_07_001.py (缺少类型注解)
  - 07/zuofu/star/obj_07_002.py (缺少类型注解)
  - 07/zuofu/star/obj_07_003.py (缺少类型注解)
  - 07/zuofu/star/obj_07_004.py (缺少类型注解)
  - 07/zuofu/star/p2_07_015.py (缺少类型注解)
  - 07/zuofu/star/p2_07_016.py (缺少类型注解)
  - 07/zuofu/star/p3_07_013.py (缺少类型注解)
  - 07/zuofu/star/p3_07_014.py (缺少类型注解)
  - 07/zuofu/star/p4_07_013.py (缺少类型注解)
  - 07/zuofu/star/p4_07_014.py (缺少类型注解)
  - 07/zuofu/star/xj07_001.py (缺少类型注解)
  - 07/zuofu/star/xj07_002.py (缺少类型注解)
  - 07/zuofu/star/xj07_003.py (缺少类型注解)
  - 07/zuofu/star/xj07_004.py (缺少类型注解)
  - 07/zuofu/star/xj07_005.py (缺少类型注解)
  - 07/zuofu/star/xj07_p1_001.py (缺少类型注解)
  - 07/zuofu/star/xj07_p1_002.py (缺少类型注解)
  - 07/zuofu/star/xj07_p1_003.py (缺少类型注解)
  - 07/zuofu/star/xj07_p1_004.py (缺少类型注解)
  - 07/zuofu/star/xj07_p1_005.py (缺少类型注解)
  - 07/zuofu/star/xj07_p2_001.py (缺少类型注解)
  - 08/youbi/star/obj_08_001.py (缺少类型注解)
  - 08/youbi/star/obj_08_002.py (缺少类型注解)
  - 08/youbi/star/obj_08_003.py (缺少类型注解)
  - 08/youbi/star/p2_08_017.py (缺少类型注解)
  - 08/youbi/star/p2_08_018.py (缺少类型注解)
  - 08/youbi/star/p3_08_015.py (缺少类型注解)
  - 08/youbi/star/p3_08_016.py (缺少类型注解)
  - 08/youbi/star/p4_08_015.py (缺少类型注解)
  - 08/youbi/star/p4_08_016.py (缺少类型注解)
  - 08/youbi/star/xj08_001.py (缺少类型注解)
  - 08/youbi/star/xj08_003.py (缺少类型注解)
  - 08/youbi/star/xj08_004.py (缺少类型注解)
  - 08/youbi/star/xj08_p1_001.py (缺少类型注解)
  - 08/youbi/star/xj08_p1_003.py (缺少类型注解)
  - 08/youbi/star/xj08_p1_004.py (缺少类型注解)
  - 08/youbi/star/xj_p3_006.py (缺少类型注解)
  - 08/youbi/star/xj_p3_007.py (缺少类型注解)
  - 09/tanlang/star/obj_09_001.py (缺少类型注解)
  - 09/tanlang/star/obj_09_002.py (缺少类型注解)
  - 09/tanlang/star/obj_09_003.py (缺少类型注解)
  - 09/tanlang/star/p2_09_019.py (缺少类型注解)
  - 09/tanlang/star/p2_09_020.py (缺少类型注解)
  - 09/tanlang/star/p3_09_017.py (缺少类型注解)
  - 09/tanlang/star/p3_09_018.py (缺少类型注解)
  - 09/tanlang/star/p4_09_017.py (缺少类型注解)
  - 09/tanlang/star/p4_09_018.py (缺少类型注解)
  - 09/tanlang/star/xj09_001.py (缺少类型注解)
  - 09/tanlang/star/xj09_002.py (缺少类型注解)
  - 09/tanlang/star/xj09_003.py (缺少类型注解)
  - 09/tanlang/star/xj09_004.py (缺少类型注解)
  - 09/tanlang/star/xj09_005.py (缺少类型注解)
  - 09/tanlang/star/xj09_p1_001.py (缺少类型注解)
  - 09/tanlang/star/xj09_p1_002.py (缺少类型注解)
  - 09/tanlang/star/xj09_p1_003.py (缺少类型注解)
  - 09/tanlang/star/xj09_p1_004.py (缺少类型注解)
  - 09/tanlang/star/xj09_p1_005.py (缺少类型注解)
  - 10/fubi/star/obj_10_001.py (缺少类型注解)
  - 10/fubi/star/obj_10_002.py (缺少类型注解)
  - 10/fubi/star/obj_10_003.py (缺少类型注解)
  - 10/fubi/star/p2_10_021.py (缺少类型注解)
  - 10/fubi/star/p2_10_022.py (缺少类型注解)
  - 10/fubi/star/p3_10_019.py (缺少类型注解)
  - 10/fubi/star/p3_10_020.py (缺少类型注解)
  - 10/fubi/star/p4_10_019.py (缺少类型注解)
  - 10/fubi/star/p4_10_020.py (缺少类型注解)
  - 10/fubi/star/xj10_001.py (缺少类型注解)
  - 10/fubi/star/xj10_002.py (缺少类型注解)
  - 10/fubi/star/xj10_003.py (缺少类型注解)
  - 10/fubi/star/xj10_004.py (缺少类型注解)
  - 10/fubi/star/xj10_005.py (缺少类型注解)
  - 10/fubi/star/xj10_p1_001.py (缺少类型注解)
  - 10/fubi/star/xj10_p1_002.py (缺少类型注解)
  - 10/fubi/star/xj10_p1_003.py (缺少类型注解)
  - 10/fubi/star/xj10_p1_004.py (缺少类型注解)
  - 10/fubi/star/xj10_p1_005.py (缺少类型注解)

=== 质检完成 ===
发现问题文件: 171 个
=== 张志远(002) 代码质检任务 ===
时间: Mon Mar 23 03:00:01 AM CST 2026

📊 代码统计:
  XJ-01: 38 文件, 1634 行
  XJ-02: 32 文件, 1216 行
  XJ-03: 22 文件, 814 行
  XJ-04: 21 文件, 546 行
  XJ-05: 21 文件, 546 行
  XJ-06: 21 文件, 546 行
  XJ-07: 21 文件, 546 行
  XJ-08: 19 文件, 528 行
  XJ-09: 19 文件, 494 行
  XJ-10: 19 文件, 494 行
  总计: 233 文件, 7364 行

📈 质量指标:
  文档覆盖率: 100.0%
  类型注解覆盖率: 40.3%

⚠️ 需要改进的文件:
  - 02/lucun/star/c_02_001.py (缺少类型注解)
  - 02/lucun/star/c_02_002.py (缺少类型注解)
  - 02/lucun/star/c_02_003.py (缺少类型注解)
  - 02/lucun/star/c_02_004.py (缺少类型注解)
  - 02/lucun/star/c_02_005.py (缺少类型注解)
  - 02/lucun/star/p2_02_004.py (缺少类型注解)
  - 02/lucun/star/p2_02_005.py (缺少类型注解)
  - 02/lucun/star/p2_02_006.py (缺少类型注解)
  - 02/lucun/star/p3_02_003.py (缺少类型注解)
  - 02/lucun/star/p3_02_004.py (缺少类型注解)
  - 02/lucun/star/p4_02_003.py (缺少类型注解)
  - 02/lucun/star/p4_02_004.py (缺少类型注解)
  - 02/lucun/star/task_01.py (缺少类型注解)
  - 02/lucun/star/task_02.py (缺少类型注解)
  - 02/lucun/star/task_03.py (缺少类型注解)
  - 02/lucun/star/task_04.py (缺少类型注解)
  - 02/lucun/star/task_05.py (缺少类型注解)
  - 02/lucun/star/task_06.py (缺少类型注解)
  - 02/lucun/star/task_07.py (缺少类型注解)
  - 02/lucun/star/task_08.py (缺少类型注解)
  - 02/lucun/star/xj02_001.py (缺少类型注解)
  - 02/lucun/star/xj02_002.py (缺少类型注解)
  - 02/lucun/star/xj02_003.py (缺少类型注解)
  - 02/lucun/star/xj02_004.py (缺少类型注解)
  - 02/lucun/star/xj02_p0_001.py (缺少类型注解)
  - 02/lucun/star/xj02_p0_002.py (缺少类型注解)
  - 02/lucun/star/xj02_p0_003.py (缺少类型注解)
  - 02/lucun/star/xj02_p1_001.py (缺少类型注解)
  - 02/lucun/star/xj02_p1_003.py (缺少类型注解)
  - 02/lucun/star/xj02_p2_001.py (缺少类型注解)
  - 02/lucun/star/xj02_p2_002.py (缺少类型注解)
  - 02/lucun/star/xj_p3_002.py (缺少类型注解)
  - 04/lianzheng/star/obj_04_001.py (缺少类型注解)
  - 04/lianzheng/star/obj_04_002.py (缺少类型注解)
  - 04/lianzheng/star/obj_04_003.py (缺少类型注解)
  - 04/lianzheng/star/p2_04_009.py (缺少类型注解)
  - 04/lianzheng/star/p2_04_010.py (缺少类型注解)
  - 04/lianzheng/star/p3_04_007.py (缺少类型注解)
  - 04/lianzheng/star/p3_04_008.py (缺少类型注解)
  - 04/lianzheng/star/p4_04_007.py (缺少类型注解)
  - 04/lianzheng/star/p4_04_008.py (缺少类型注解)
  - 04/lianzheng/star/xj04_001.py (缺少类型注解)
  - 04/lianzheng/star/xj04_002.py (缺少类型注解)
  - 04/lianzheng/star/xj04_003.py (缺少类型注解)
  - 04/lianzheng/star/xj04_004.py (缺少类型注解)
  - 04/lianzheng/star/xj04_005.py (缺少类型注解)
  - 04/lianzheng/star/xj04_p1_001.py (缺少类型注解)
  - 04/lianzheng/star/xj04_p1_002.py (缺少类型注解)
  - 04/lianzheng/star/xj04_p1_003.py (缺少类型注解)
  - 04/lianzheng/star/xj04_p1_004.py (缺少类型注解)
  - 04/lianzheng/star/xj04_p1_005.py (缺少类型注解)
  - 04/lianzheng/star/xj04_p2_001.py (缺少类型注解)
  - 04/lianzheng/star/xj04_p2_002.py (缺少类型注解)
  - 05/wuqu/star/obj_05_001.py (缺少类型注解)
  - 05/wuqu/star/obj_05_002.py (缺少类型注解)
  - 05/wuqu/star/obj_05_003.py (缺少类型注解)
  - 05/wuqu/star/p2_05_011.py (缺少类型注解)
  - 05/wuqu/star/p2_05_012.py (缺少类型注解)
  - 05/wuqu/star/p3_05_009.py (缺少类型注解)
  - 05/wuqu/star/p3_05_010.py (缺少类型注解)
  - 05/wuqu/star/p4_05_009.py (缺少类型注解)
  - 05/wuqu/star/p4_05_010.py (缺少类型注解)
  - 05/wuqu/star/xj05_001.py (缺少类型注解)
  - 05/wuqu/star/xj05_002.py (缺少类型注解)
  - 05/wuqu/star/xj05_003.py (缺少类型注解)
  - 05/wuqu/star/xj05_004.py (缺少类型注解)
  - 05/wuqu/star/xj05_005.py (缺少类型注解)
  - 05/wuqu/star/xj05_p1_001.py (缺少类型注解)
  - 05/wuqu/star/xj05_p1_002.py (缺少类型注解)
  - 05/wuqu/star/xj05_p1_003.py (缺少类型注解)
  - 05/wuqu/star/xj05_p1_004.py (缺少类型注解)
  - 05/wuqu/star/xj05_p1_005.py (缺少类型注解)
  - 05/wuqu/star/xj05_p2_001.py (缺少类型注解)
  - 05/wuqu/star/xj05_p2_002.py (缺少类型注解)
  - 06/pojun/star/obj_06_001.py (缺少类型注解)
  - 06/pojun/star/obj_06_002.py (缺少类型注解)
  - 06/pojun/star/obj_06_003.py (缺少类型注解)
  - 06/pojun/star/p2_06_013.py (缺少类型注解)
  - 06/pojun/star/p2_06_014.py (缺少类型注解)
  - 06/pojun/star/p3_06_011.py (缺少类型注解)
  - 06/pojun/star/p3_06_012.py (缺少类型注解)
  - 06/pojun/star/p4_06_011.py (缺少类型注解)
  - 06/pojun/star/p4_06_012.py (缺少类型注解)
  - 06/pojun/star/xj06_001.py (缺少类型注解)
  - 06/pojun/star/xj06_002.py (缺少类型注解)
  - 06/pojun/star/xj06_003.py (缺少类型注解)
  - 06/pojun/star/xj06_004.py (缺少类型注解)
  - 06/pojun/star/xj06_005.py (缺少类型注解)
  - 06/pojun/star/xj06_p1_001.py (缺少类型注解)
  - 06/pojun/star/xj06_p1_002.py (缺少类型注解)
  - 06/pojun/star/xj06_p1_003.py (缺少类型注解)
  - 06/pojun/star/xj06_p1_004.py (缺少类型注解)
  - 06/pojun/star/xj06_p1_005.py (缺少类型注解)
  - 06/pojun/star/xj06_p2_001.py (缺少类型注解)
  - 06/pojun/star/xj06_p2_002.py (缺少类型注解)
  - 07/zuofu/star/obj_07_001.py (缺少类型注解)
  - 07/zuofu/star/obj_07_002.py (缺少类型注解)
  - 07/zuofu/star/obj_07_003.py (缺少类型注解)
  - 07/zuofu/star/obj_07_004.py (缺少类型注解)
  - 07/zuofu/star/p2_07_015.py (缺少类型注解)
  - 07/zuofu/star/p2_07_016.py (缺少类型注解)
  - 07/zuofu/star/p3_07_013.py (缺少类型注解)
  - 07/zuofu/star/p3_07_014.py (缺少类型注解)
  - 07/zuofu/star/p4_07_013.py (缺少类型注解)
  - 07/zuofu/star/p4_07_014.py (缺少类型注解)
  - 07/zuofu/star/xj07_001.py (缺少类型注解)
  - 07/zuofu/star/xj07_002.py (缺少类型注解)
  - 07/zuofu/star/xj07_003.py (缺少类型注解)
  - 07/zuofu/star/xj07_004.py (缺少类型注解)
  - 07/zuofu/star/xj07_005.py (缺少类型注解)
  - 07/zuofu/star/xj07_p1_001.py (缺少类型注解)
  - 07/zuofu/star/xj07_p1_002.py (缺少类型注解)
  - 07/zuofu/star/xj07_p1_003.py (缺少类型注解)
  - 07/zuofu/star/xj07_p1_004.py (缺少类型注解)
  - 07/zuofu/star/xj07_p1_005.py (缺少类型注解)
  - 07/zuofu/star/xj07_p2_001.py (缺少类型注解)
  - 08/youbi/star/obj_08_001.py (缺少类型注解)
  - 08/youbi/star/obj_08_002.py (缺少类型注解)
  - 08/youbi/star/obj_08_003.py (缺少类型注解)
  - 08/youbi/star/p2_08_017.py (缺少类型注解)
  - 08/youbi/star/p2_08_018.py (缺少类型注解)
  - 08/youbi/star/p3_08_015.py (缺少类型注解)
  - 08/youbi/star/p3_08_016.py (缺少类型注解)
  - 08/youbi/star/p4_08_015.py (缺少类型注解)
  - 08/youbi/star/p4_08_016.py (缺少类型注解)
  - 08/youbi/star/xj08_001.py (缺少类型注解)
  - 08/youbi/star/xj08_003.py (缺少类型注解)
  - 08/youbi/star/xj08_004.py (缺少类型注解)
  - 08/youbi/star/xj08_p1_001.py (缺少类型注解)
  - 08/youbi/star/xj08_p1_003.py (缺少类型注解)
  - 08/youbi/star/xj08_p1_004.py (缺少类型注解)
  - 08/youbi/star/xj_p3_006.py (缺少类型注解)
  - 08/youbi/star/xj_p3_007.py (缺少类型注解)
  - 09/tanlang/star/obj_09_001.py (缺少类型注解)
  - 09/tanlang/star/obj_09_002.py (缺少类型注解)
  - 09/tanlang/star/obj_09_003.py (缺少类型注解)
  - 09/tanlang/star/p2_09_019.py (缺少类型注解)
  - 09/tanlang/star/p2_09_020.py (缺少类型注解)
  - 09/tanlang/star/p3_09_017.py (缺少类型注解)
  - 09/tanlang/star/p3_09_018.py (缺少类型注解)
  - 09/tanlang/star/p4_09_017.py (缺少类型注解)
  - 09/tanlang/star/p4_09_018.py (缺少类型注解)
  - 09/tanlang/star/xj09_001.py (缺少类型注解)
  - 09/tanlang/star/xj09_002.py (缺少类型注解)
  - 09/tanlang/star/xj09_003.py (缺少类型注解)
  - 09/tanlang/star/xj09_004.py (缺少类型注解)
  - 09/tanlang/star/xj09_005.py (缺少类型注解)
  - 09/tanlang/star/xj09_p1_001.py (缺少类型注解)
  - 09/tanlang/star/xj09_p1_002.py (缺少类型注解)
  - 09/tanlang/star/xj09_p1_003.py (缺少类型注解)
  - 09/tanlang/star/xj09_p1_004.py (缺少类型注解)
  - 09/tanlang/star/xj09_p1_005.py (缺少类型注解)
  - 10/fubi/star/obj_10_001.py (缺少类型注解)
  - 10/fubi/star/obj_10_002.py (缺少类型注解)
  - 10/fubi/star/obj_10_003.py (缺少类型注解)
  - 10/fubi/star/p2_10_021.py (缺少类型注解)
  - 10/fubi/star/p2_10_022.py (缺少类型注解)
  - 10/fubi/star/p3_10_019.py (缺少类型注解)
  - 10/fubi/star/p3_10_020.py (缺少类型注解)
  - 10/fubi/star/p4_10_019.py (缺少类型注解)
  - 10/fubi/star/p4_10_020.py (缺少类型注解)
  - 10/fubi/star/xj10_001.py (缺少类型注解)
  - 10/fubi/star/xj10_002.py (缺少类型注解)
  - 10/fubi/star/xj10_003.py (缺少类型注解)
  - 10/fubi/star/xj10_004.py (缺少类型注解)
  - 10/fubi/star/xj10_005.py (缺少类型注解)
  - 10/fubi/star/xj10_p1_001.py (缺少类型注解)
  - 10/fubi/star/xj10_p1_002.py (缺少类型注解)
  - 10/fubi/star/xj10_p1_003.py (缺少类型注解)
  - 10/fubi/star/xj10_p1_004.py (缺少类型注解)
  - 10/fubi/star/xj10_p1_005.py (缺少类型注解)

=== 质检完成 ===
发现问题文件: 171 个
=== 张志远(002) 代码质检任务 ===
时间: Mon Mar 23 03:30:01 AM CST 2026

📊 代码统计:
  XJ-01: 38 文件, 1634 行
  XJ-02: 32 文件, 1216 行
  XJ-03: 22 文件, 814 行
  XJ-04: 21 文件, 546 行
  XJ-05: 21 文件, 546 行
  XJ-06: 21 文件, 546 行
  XJ-07: 21 文件, 546 行
  XJ-08: 19 文件, 528 行
  XJ-09: 19 文件, 494 行
  XJ-10: 19 文件, 494 行
  总计: 233 文件, 7364 行

📈 质量指标:
  文档覆盖率: 100.0%
  类型注解覆盖率: 40.3%

⚠️ 需要改进的文件:
  - 02/lucun/star/c_02_001.py (缺少类型注解)
  - 02/lucun/star/c_02_002.py (缺少类型注解)
  - 02/lucun/star/c_02_003.py (缺少类型注解)
  - 02/lucun/star/c_02_004.py (缺少类型注解)
  - 02/lucun/star/c_02_005.py (缺少类型注解)
  - 02/lucun/star/p2_02_004.py (缺少类型注解)
  - 02/lucun/star/p2_02_005.py (缺少类型注解)
  - 02/lucun/star/p2_02_006.py (缺少类型注解)
  - 02/lucun/star/p3_02_003.py (缺少类型注解)
  - 02/lucun/star/p3_02_004.py (缺少类型注解)
  - 02/lucun/star/p4_02_003.py (缺少类型注解)
  - 02/lucun/star/p4_02_004.py (缺少类型注解)
  - 02/lucun/star/task_01.py (缺少类型注解)
  - 02/lucun/star/task_02.py (缺少类型注解)
  - 02/lucun/star/task_03.py (缺少类型注解)
  - 02/lucun/star/task_04.py (缺少类型注解)
  - 02/lucun/star/task_05.py (缺少类型注解)
  - 02/lucun/star/task_06.py (缺少类型注解)
  - 02/lucun/star/task_07.py (缺少类型注解)
  - 02/lucun/star/task_08.py (缺少类型注解)
  - 02/lucun/star/xj02_001.py (缺少类型注解)
  - 02/lucun/star/xj02_002.py (缺少类型注解)
  - 02/lucun/star/xj02_003.py (缺少类型注解)
  - 02/lucun/star/xj02_004.py (缺少类型注解)
  - 02/lucun/star/xj02_p0_001.py (缺少类型注解)
  - 02/lucun/star/xj02_p0_002.py (缺少类型注解)
  - 02/lucun/star/xj02_p0_003.py (缺少类型注解)
  - 02/lucun/star/xj02_p1_001.py (缺少类型注解)
  - 02/lucun/star/xj02_p1_003.py (缺少类型注解)
  - 02/lucun/star/xj02_p2_001.py (缺少类型注解)
  - 02/lucun/star/xj02_p2_002.py (缺少类型注解)
  - 02/lucun/star/xj_p3_002.py (缺少类型注解)
  - 04/lianzheng/star/obj_04_001.py (缺少类型注解)
  - 04/lianzheng/star/obj_04_002.py (缺少类型注解)
  - 04/lianzheng/star/obj_04_003.py (缺少类型注解)
  - 04/lianzheng/star/p2_04_009.py (缺少类型注解)
  - 04/lianzheng/star/p2_04_010.py (缺少类型注解)
  - 04/lianzheng/star/p3_04_007.py (缺少类型注解)
  - 04/lianzheng/star/p3_04_008.py (缺少类型注解)
  - 04/lianzheng/star/p4_04_007.py (缺少类型注解)
  - 04/lianzheng/star/p4_04_008.py (缺少类型注解)
  - 04/lianzheng/star/xj04_001.py (缺少类型注解)
  - 04/lianzheng/star/xj04_002.py (缺少类型注解)
  - 04/lianzheng/star/xj04_003.py (缺少类型注解)
  - 04/lianzheng/star/xj04_004.py (缺少类型注解)
  - 04/lianzheng/star/xj04_005.py (缺少类型注解)
  - 04/lianzheng/star/xj04_p1_001.py (缺少类型注解)
  - 04/lianzheng/star/xj04_p1_002.py (缺少类型注解)
  - 04/lianzheng/star/xj04_p1_003.py (缺少类型注解)
  - 04/lianzheng/star/xj04_p1_004.py (缺少类型注解)
  - 04/lianzheng/star/xj04_p1_005.py (缺少类型注解)
  - 04/lianzheng/star/xj04_p2_001.py (缺少类型注解)
  - 04/lianzheng/star/xj04_p2_002.py (缺少类型注解)
  - 05/wuqu/star/obj_05_001.py (缺少类型注解)
  - 05/wuqu/star/obj_05_002.py (缺少类型注解)
  - 05/wuqu/star/obj_05_003.py (缺少类型注解)
  - 05/wuqu/star/p2_05_011.py (缺少类型注解)
  - 05/wuqu/star/p2_05_012.py (缺少类型注解)
  - 05/wuqu/star/p3_05_009.py (缺少类型注解)
  - 05/wuqu/star/p3_05_010.py (缺少类型注解)
  - 05/wuqu/star/p4_05_009.py (缺少类型注解)
  - 05/wuqu/star/p4_05_010.py (缺少类型注解)
  - 05/wuqu/star/xj05_001.py (缺少类型注解)
  - 05/wuqu/star/xj05_002.py (缺少类型注解)
  - 05/wuqu/star/xj05_003.py (缺少类型注解)
  - 05/wuqu/star/xj05_004.py (缺少类型注解)
  - 05/wuqu/star/xj05_005.py (缺少类型注解)
  - 05/wuqu/star/xj05_p1_001.py (缺少类型注解)
  - 05/wuqu/star/xj05_p1_002.py (缺少类型注解)
  - 05/wuqu/star/xj05_p1_003.py (缺少类型注解)
  - 05/wuqu/star/xj05_p1_004.py (缺少类型注解)
  - 05/wuqu/star/xj05_p1_005.py (缺少类型注解)
  - 05/wuqu/star/xj05_p2_001.py (缺少类型注解)
  - 05/wuqu/star/xj05_p2_002.py (缺少类型注解)
  - 06/pojun/star/obj_06_001.py (缺少类型注解)
  - 06/pojun/star/obj_06_002.py (缺少类型注解)
  - 06/pojun/star/obj_06_003.py (缺少类型注解)
  - 06/pojun/star/p2_06_013.py (缺少类型注解)
  - 06/pojun/star/p2_06_014.py (缺少类型注解)
  - 06/pojun/star/p3_06_011.py (缺少类型注解)
  - 06/pojun/star/p3_06_012.py (缺少类型注解)
  - 06/pojun/star/p4_06_011.py (缺少类型注解)
  - 06/pojun/star/p4_06_012.py (缺少类型注解)
  - 06/pojun/star/xj06_001.py (缺少类型注解)
  - 06/pojun/star/xj06_002.py (缺少类型注解)
  - 06/pojun/star/xj06_003.py (缺少类型注解)
  - 06/pojun/star/xj06_004.py (缺少类型注解)
  - 06/pojun/star/xj06_005.py (缺少类型注解)
  - 06/pojun/star/xj06_p1_001.py (缺少类型注解)
  - 06/pojun/star/xj06_p1_002.py (缺少类型注解)
  - 06/pojun/star/xj06_p1_003.py (缺少类型注解)
  - 06/pojun/star/xj06_p1_004.py (缺少类型注解)
  - 06/pojun/star/xj06_p1_005.py (缺少类型注解)
  - 06/pojun/star/xj06_p2_001.py (缺少类型注解)
  - 06/pojun/star/xj06_p2_002.py (缺少类型注解)
  - 07/zuofu/star/obj_07_001.py (缺少类型注解)
  - 07/zuofu/star/obj_07_002.py (缺少类型注解)
  - 07/zuofu/star/obj_07_003.py (缺少类型注解)
  - 07/zuofu/star/obj_07_004.py (缺少类型注解)
  - 07/zuofu/star/p2_07_015.py (缺少类型注解)
  - 07/zuofu/star/p2_07_016.py (缺少类型注解)
  - 07/zuofu/star/p3_07_013.py (缺少类型注解)
  - 07/zuofu/star/p3_07_014.py (缺少类型注解)
  - 07/zuofu/star/p4_07_013.py (缺少类型注解)
  - 07/zuofu/star/p4_07_014.py (缺少类型注解)
  - 07/zuofu/star/xj07_001.py (缺少类型注解)
  - 07/zuofu/star/xj07_002.py (缺少类型注解)
  - 07/zuofu/star/xj07_003.py (缺少类型注解)
  - 07/zuofu/star/xj07_004.py (缺少类型注解)
  - 07/zuofu/star/xj07_005.py (缺少类型注解)
  - 07/zuofu/star/xj07_p1_001.py (缺少类型注解)
  - 07/zuofu/star/xj07_p1_002.py (缺少类型注解)
  - 07/zuofu/star/xj07_p1_003.py (缺少类型注解)
  - 07/zuofu/star/xj07_p1_004.py (缺少类型注解)
  - 07/zuofu/star/xj07_p1_005.py (缺少类型注解)
  - 07/zuofu/star/xj07_p2_001.py (缺少类型注解)
  - 08/youbi/star/obj_08_001.py (缺少类型注解)
  - 08/youbi/star/obj_08_002.py (缺少类型注解)
  - 08/youbi/star/obj_08_003.py (缺少类型注解)
  - 08/youbi/star/p2_08_017.py (缺少类型注解)
  - 08/youbi/star/p2_08_018.py (缺少类型注解)
  - 08/youbi/star/p3_08_015.py (缺少类型注解)
  - 08/youbi/star/p3_08_016.py (缺少类型注解)
  - 08/youbi/star/p4_08_015.py (缺少类型注解)
  - 08/youbi/star/p4_08_016.py (缺少类型注解)
  - 08/youbi/star/xj08_001.py (缺少类型注解)
  - 08/youbi/star/xj08_003.py (缺少类型注解)
  - 08/youbi/star/xj08_004.py (缺少类型注解)
  - 08/youbi/star/xj08_p1_001.py (缺少类型注解)
  - 08/youbi/star/xj08_p1_003.py (缺少类型注解)
  - 08/youbi/star/xj08_p1_004.py (缺少类型注解)
  - 08/youbi/star/xj_p3_006.py (缺少类型注解)
  - 08/youbi/star/xj_p3_007.py (缺少类型注解)
  - 09/tanlang/star/obj_09_001.py (缺少类型注解)
  - 09/tanlang/star/obj_09_002.py (缺少类型注解)
  - 09/tanlang/star/obj_09_003.py (缺少类型注解)
  - 09/tanlang/star/p2_09_019.py (缺少类型注解)
  - 09/tanlang/star/p2_09_020.py (缺少类型注解)
  - 09/tanlang/star/p3_09_017.py (缺少类型注解)
  - 09/tanlang/star/p3_09_018.py (缺少类型注解)
  - 09/tanlang/star/p4_09_017.py (缺少类型注解)
  - 09/tanlang/star/p4_09_018.py (缺少类型注解)
  - 09/tanlang/star/xj09_001.py (缺少类型注解)
  - 09/tanlang/star/xj09_002.py (缺少类型注解)
  - 09/tanlang/star/xj09_003.py (缺少类型注解)
  - 09/tanlang/star/xj09_004.py (缺少类型注解)
  - 09/tanlang/star/xj09_005.py (缺少类型注解)
  - 09/tanlang/star/xj09_p1_001.py (缺少类型注解)
  - 09/tanlang/star/xj09_p1_002.py (缺少类型注解)
  - 09/tanlang/star/xj09_p1_003.py (缺少类型注解)
  - 09/tanlang/star/xj09_p1_004.py (缺少类型注解)
  - 09/tanlang/star/xj09_p1_005.py (缺少类型注解)
  - 10/fubi/star/obj_10_001.py (缺少类型注解)
  - 10/fubi/star/obj_10_002.py (缺少类型注解)
  - 10/fubi/star/obj_10_003.py (缺少类型注解)
  - 10/fubi/star/p2_10_021.py (缺少类型注解)
  - 10/fubi/star/p2_10_022.py (缺少类型注解)
  - 10/fubi/star/p3_10_019.py (缺少类型注解)
  - 10/fubi/star/p3_10_020.py (缺少类型注解)
  - 10/fubi/star/p4_10_019.py (缺少类型注解)
  - 10/fubi/star/p4_10_020.py (缺少类型注解)
  - 10/fubi/star/xj10_001.py (缺少类型注解)
  - 10/fubi/star/xj10_002.py (缺少类型注解)
  - 10/fubi/star/xj10_003.py (缺少类型注解)
  - 10/fubi/star/xj10_004.py (缺少类型注解)
  - 10/fubi/star/xj10_005.py (缺少类型注解)
  - 10/fubi/star/xj10_p1_001.py (缺少类型注解)
  - 10/fubi/star/xj10_p1_002.py (缺少类型注解)
  - 10/fubi/star/xj10_p1_003.py (缺少类型注解)
  - 10/fubi/star/xj10_p1_004.py (缺少类型注解)
  - 10/fubi/star/xj10_p1_005.py (缺少类型注解)

=== 质检完成 ===
发现问题文件: 171 个
=== 张志远(002) 代码质检任务 ===
时间: Mon Mar 23 04:00:01 AM CST 2026

📊 代码统计:
  XJ-01: 38 文件, 1634 行
  XJ-02: 32 文件, 1216 行
  XJ-03: 22 文件, 814 行
  XJ-04: 21 文件, 546 行
  XJ-05: 21 文件, 546 行
  XJ-06: 21 文件, 546 行
  XJ-07: 21 文件, 546 行
  XJ-08: 19 文件, 528 行
  XJ-09: 19 文件, 494 行
  XJ-10: 19 文件, 494 行
  总计: 233 文件, 7364 行

📈 质量指标:
  文档覆盖率: 100.0%
  类型注解覆盖率: 40.3%

⚠️ 需要改进的文件:
  - 02/lucun/star/c_02_001.py (缺少类型注解)
  - 02/lucun/star/c_02_002.py (缺少类型注解)
  - 02/lucun/star/c_02_003.py (缺少类型注解)
  - 02/lucun/star/c_02_004.py (缺少类型注解)
  - 02/lucun/star/c_02_005.py (缺少类型注解)
  - 02/lucun/star/p2_02_004.py (缺少类型注解)
  - 02/lucun/star/p2_02_005.py (缺少类型注解)
  - 02/lucun/star/p2_02_006.py (缺少类型注解)
  - 02/lucun/star/p3_02_003.py (缺少类型注解)
  - 02/lucun/star/p3_02_004.py (缺少类型注解)
  - 02/lucun/star/p4_02_003.py (缺少类型注解)
  - 02/lucun/star/p4_02_004.py (缺少类型注解)
  - 02/lucun/star/task_01.py (缺少类型注解)
  - 02/lucun/star/task_02.py (缺少类型注解)
  - 02/lucun/star/task_03.py (缺少类型注解)
  - 02/lucun/star/task_04.py (缺少类型注解)
  - 02/lucun/star/task_05.py (缺少类型注解)
  - 02/lucun/star/task_06.py (缺少类型注解)
  - 02/lucun/star/task_07.py (缺少类型注解)
  - 02/lucun/star/task_08.py (缺少类型注解)
  - 02/lucun/star/xj02_001.py (缺少类型注解)
  - 02/lucun/star/xj02_002.py (缺少类型注解)
  - 02/lucun/star/xj02_003.py (缺少类型注解)
  - 02/lucun/star/xj02_004.py (缺少类型注解)
  - 02/lucun/star/xj02_p0_001.py (缺少类型注解)
  - 02/lucun/star/xj02_p0_002.py (缺少类型注解)
  - 02/lucun/star/xj02_p0_003.py (缺少类型注解)
  - 02/lucun/star/xj02_p1_001.py (缺少类型注解)
  - 02/lucun/star/xj02_p1_003.py (缺少类型注解)
  - 02/lucun/star/xj02_p2_001.py (缺少类型注解)
  - 02/lucun/star/xj02_p2_002.py (缺少类型注解)
  - 02/lucun/star/xj_p3_002.py (缺少类型注解)
  - 04/lianzheng/star/obj_04_001.py (缺少类型注解)
  - 04/lianzheng/star/obj_04_002.py (缺少类型注解)
  - 04/lianzheng/star/obj_04_003.py (缺少类型注解)
  - 04/lianzheng/star/p2_04_009.py (缺少类型注解)
  - 04/lianzheng/star/p2_04_010.py (缺少类型注解)
  - 04/lianzheng/star/p3_04_007.py (缺少类型注解)
  - 04/lianzheng/star/p3_04_008.py (缺少类型注解)
  - 04/lianzheng/star/p4_04_007.py (缺少类型注解)
  - 04/lianzheng/star/p4_04_008.py (缺少类型注解)
  - 04/lianzheng/star/xj04_001.py (缺少类型注解)
  - 04/lianzheng/star/xj04_002.py (缺少类型注解)
  - 04/lianzheng/star/xj04_003.py (缺少类型注解)
  - 04/lianzheng/star/xj04_004.py (缺少类型注解)
  - 04/lianzheng/star/xj04_005.py (缺少类型注解)
  - 04/lianzheng/star/xj04_p1_001.py (缺少类型注解)
  - 04/lianzheng/star/xj04_p1_002.py (缺少类型注解)
  - 04/lianzheng/star/xj04_p1_003.py (缺少类型注解)
  - 04/lianzheng/star/xj04_p1_004.py (缺少类型注解)
  - 04/lianzheng/star/xj04_p1_005.py (缺少类型注解)
  - 04/lianzheng/star/xj04_p2_001.py (缺少类型注解)
  - 04/lianzheng/star/xj04_p2_002.py (缺少类型注解)
  - 05/wuqu/star/obj_05_001.py (缺少类型注解)
  - 05/wuqu/star/obj_05_002.py (缺少类型注解)
  - 05/wuqu/star/obj_05_003.py (缺少类型注解)
  - 05/wuqu/star/p2_05_011.py (缺少类型注解)
  - 05/wuqu/star/p2_05_012.py (缺少类型注解)
  - 05/wuqu/star/p3_05_009.py (缺少类型注解)
  - 05/wuqu/star/p3_05_010.py (缺少类型注解)
  - 05/wuqu/star/p4_05_009.py (缺少类型注解)
  - 05/wuqu/star/p4_05_010.py (缺少类型注解)
  - 05/wuqu/star/xj05_001.py (缺少类型注解)
  - 05/wuqu/star/xj05_002.py (缺少类型注解)
  - 05/wuqu/star/xj05_003.py (缺少类型注解)
  - 05/wuqu/star/xj05_004.py (缺少类型注解)
  - 05/wuqu/star/xj05_005.py (缺少类型注解)
  - 05/wuqu/star/xj05_p1_001.py (缺少类型注解)
  - 05/wuqu/star/xj05_p1_002.py (缺少类型注解)
  - 05/wuqu/star/xj05_p1_003.py (缺少类型注解)
  - 05/wuqu/star/xj05_p1_004.py (缺少类型注解)
  - 05/wuqu/star/xj05_p1_005.py (缺少类型注解)
  - 05/wuqu/star/xj05_p2_001.py (缺少类型注解)
  - 05/wuqu/star/xj05_p2_002.py (缺少类型注解)
  - 06/pojun/star/obj_06_001.py (缺少类型注解)
  - 06/pojun/star/obj_06_002.py (缺少类型注解)
  - 06/pojun/star/obj_06_003.py (缺少类型注解)
  - 06/pojun/star/p2_06_013.py (缺少类型注解)
  - 06/pojun/star/p2_06_014.py (缺少类型注解)
  - 06/pojun/star/p3_06_011.py (缺少类型注解)
  - 06/pojun/star/p3_06_012.py (缺少类型注解)
  - 06/pojun/star/p4_06_011.py (缺少类型注解)
  - 06/pojun/star/p4_06_012.py (缺少类型注解)
  - 06/pojun/star/xj06_001.py (缺少类型注解)
  - 06/pojun/star/xj06_002.py (缺少类型注解)
  - 06/pojun/star/xj06_003.py (缺少类型注解)
  - 06/pojun/star/xj06_004.py (缺少类型注解)
  - 06/pojun/star/xj06_005.py (缺少类型注解)
  - 06/pojun/star/xj06_p1_001.py (缺少类型注解)
  - 06/pojun/star/xj06_p1_002.py (缺少类型注解)
  - 06/pojun/star/xj06_p1_003.py (缺少类型注解)
  - 06/pojun/star/xj06_p1_004.py (缺少类型注解)
  - 06/pojun/star/xj06_p1_005.py (缺少类型注解)
  - 06/pojun/star/xj06_p2_001.py (缺少类型注解)
  - 06/pojun/star/xj06_p2_002.py (缺少类型注解)
  - 07/zuofu/star/obj_07_001.py (缺少类型注解)
  - 07/zuofu/star/obj_07_002.py (缺少类型注解)
  - 07/zuofu/star/obj_07_003.py (缺少类型注解)
  - 07/zuofu/star/obj_07_004.py (缺少类型注解)
  - 07/zuofu/star/p2_07_015.py (缺少类型注解)
  - 07/zuofu/star/p2_07_016.py (缺少类型注解)
  - 07/zuofu/star/p3_07_013.py (缺少类型注解)
  - 07/zuofu/star/p3_07_014.py (缺少类型注解)
  - 07/zuofu/star/p4_07_013.py (缺少类型注解)
  - 07/zuofu/star/p4_07_014.py (缺少类型注解)
  - 07/zuofu/star/xj07_001.py (缺少类型注解)
  - 07/zuofu/star/xj07_002.py (缺少类型注解)
  - 07/zuofu/star/xj07_003.py (缺少类型注解)
  - 07/zuofu/star/xj07_004.py (缺少类型注解)
  - 07/zuofu/star/xj07_005.py (缺少类型注解)
  - 07/zuofu/star/xj07_p1_001.py (缺少类型注解)
  - 07/zuofu/star/xj07_p1_002.py (缺少类型注解)
  - 07/zuofu/star/xj07_p1_003.py (缺少类型注解)
  - 07/zuofu/star/xj07_p1_004.py (缺少类型注解)
  - 07/zuofu/star/xj07_p1_005.py (缺少类型注解)
  - 07/zuofu/star/xj07_p2_001.py (缺少类型注解)
  - 08/youbi/star/obj_08_001.py (缺少类型注解)
  - 08/youbi/star/obj_08_002.py (缺少类型注解)
  - 08/youbi/star/obj_08_003.py (缺少类型注解)
  - 08/youbi/star/p2_08_017.py (缺少类型注解)
  - 08/youbi/star/p2_08_018.py (缺少类型注解)
  - 08/youbi/star/p3_08_015.py (缺少类型注解)
  - 08/youbi/star/p3_08_016.py (缺少类型注解)
  - 08/youbi/star/p4_08_015.py (缺少类型注解)
  - 08/youbi/star/p4_08_016.py (缺少类型注解)
  - 08/youbi/star/xj08_001.py (缺少类型注解)
  - 08/youbi/star/xj08_003.py (缺少类型注解)
  - 08/youbi/star/xj08_004.py (缺少类型注解)
  - 08/youbi/star/xj08_p1_001.py (缺少类型注解)
  - 08/youbi/star/xj08_p1_003.py (缺少类型注解)
  - 08/youbi/star/xj08_p1_004.py (缺少类型注解)
  - 08/youbi/star/xj_p3_006.py (缺少类型注解)
  - 08/youbi/star/xj_p3_007.py (缺少类型注解)
  - 09/tanlang/star/obj_09_001.py (缺少类型注解)
  - 09/tanlang/star/obj_09_002.py (缺少类型注解)
  - 09/tanlang/star/obj_09_003.py (缺少类型注解)
  - 09/tanlang/star/p2_09_019.py (缺少类型注解)
  - 09/tanlang/star/p2_09_020.py (缺少类型注解)
  - 09/tanlang/star/p3_09_017.py (缺少类型注解)
  - 09/tanlang/star/p3_09_018.py (缺少类型注解)
  - 09/tanlang/star/p4_09_017.py (缺少类型注解)
  - 09/tanlang/star/p4_09_018.py (缺少类型注解)
  - 09/tanlang/star/xj09_001.py (缺少类型注解)
  - 09/tanlang/star/xj09_002.py (缺少类型注解)
  - 09/tanlang/star/xj09_003.py (缺少类型注解)
  - 09/tanlang/star/xj09_004.py (缺少类型注解)
  - 09/tanlang/star/xj09_005.py (缺少类型注解)
  - 09/tanlang/star/xj09_p1_001.py (缺少类型注解)
  - 09/tanlang/star/xj09_p1_002.py (缺少类型注解)
  - 09/tanlang/star/xj09_p1_003.py (缺少类型注解)
  - 09/tanlang/star/xj09_p1_004.py (缺少类型注解)
  - 09/tanlang/star/xj09_p1_005.py (缺少类型注解)
  - 10/fubi/star/obj_10_001.py (缺少类型注解)
  - 10/fubi/star/obj_10_002.py (缺少类型注解)
  - 10/fubi/star/obj_10_003.py (缺少类型注解)
  - 10/fubi/star/p2_10_021.py (缺少类型注解)
  - 10/fubi/star/p2_10_022.py (缺少类型注解)
  - 10/fubi/star/p3_10_019.py (缺少类型注解)
  - 10/fubi/star/p3_10_020.py (缺少类型注解)
  - 10/fubi/star/p4_10_019.py (缺少类型注解)
  - 10/fubi/star/p4_10_020.py (缺少类型注解)
  - 10/fubi/star/xj10_001.py (缺少类型注解)
  - 10/fubi/star/xj10_002.py (缺少类型注解)
  - 10/fubi/star/xj10_003.py (缺少类型注解)
  - 10/fubi/star/xj10_004.py (缺少类型注解)
  - 10/fubi/star/xj10_005.py (缺少类型注解)
  - 10/fubi/star/xj10_p1_001.py (缺少类型注解)
  - 10/fubi/star/xj10_p1_002.py (缺少类型注解)
  - 10/fubi/star/xj10_p1_003.py (缺少类型注解)
  - 10/fubi/star/xj10_p1_004.py (缺少类型注解)
  - 10/fubi/star/xj10_p1_005.py (缺少类型注解)

=== 质检完成 ===
发现问题文件: 171 个
=== 张志远(002) 代码质检任务 ===
时间: Mon Mar 23 04:30:01 AM CST 2026

📊 代码统计:
  XJ-01: 38 文件, 1634 行
  XJ-02: 32 文件, 1216 行
  XJ-03: 22 文件, 814 行
  XJ-04: 21 文件, 546 行
  XJ-05: 21 文件, 546 行
  XJ-06: 21 文件, 546 行
  XJ-07: 21 文件, 546 行
  XJ-08: 19 文件, 528 行
  XJ-09: 19 文件, 494 行
  XJ-10: 19 文件, 494 行
  总计: 233 文件, 7364 行

📈 质量指标:
  文档覆盖率: 100.0%
  类型注解覆盖率: 40.3%

⚠️ 需要改进的文件:
  - 02/lucun/star/c_02_001.py (缺少类型注解)
  - 02/lucun/star/c_02_002.py (缺少类型注解)
  - 02/lucun/star/c_02_003.py (缺少类型注解)
  - 02/lucun/star/c_02_004.py (缺少类型注解)
  - 02/lucun/star/c_02_005.py (缺少类型注解)
  - 02/lucun/star/p2_02_004.py (缺少类型注解)
  - 02/lucun/star/p2_02_005.py (缺少类型注解)
  - 02/lucun/star/p2_02_006.py (缺少类型注解)
  - 02/lucun/star/p3_02_003.py (缺少类型注解)
  - 02/lucun/star/p3_02_004.py (缺少类型注解)
  - 02/lucun/star/p4_02_003.py (缺少类型注解)
  - 02/lucun/star/p4_02_004.py (缺少类型注解)
  - 02/lucun/star/task_01.py (缺少类型注解)
  - 02/lucun/star/task_02.py (缺少类型注解)
  - 02/lucun/star/task_03.py (缺少类型注解)
  - 02/lucun/star/task_04.py (缺少类型注解)
  - 02/lucun/star/task_05.py (缺少类型注解)
  - 02/lucun/star/task_06.py (缺少类型注解)
  - 02/lucun/star/task_07.py (缺少类型注解)
  - 02/lucun/star/task_08.py (缺少类型注解)
  - 02/lucun/star/xj02_001.py (缺少类型注解)
  - 02/lucun/star/xj02_002.py (缺少类型注解)
  - 02/lucun/star/xj02_003.py (缺少类型注解)
  - 02/lucun/star/xj02_004.py (缺少类型注解)
  - 02/lucun/star/xj02_p0_001.py (缺少类型注解)
  - 02/lucun/star/xj02_p0_002.py (缺少类型注解)
  - 02/lucun/star/xj02_p0_003.py (缺少类型注解)
  - 02/lucun/star/xj02_p1_001.py (缺少类型注解)
  - 02/lucun/star/xj02_p1_003.py (缺少类型注解)
  - 02/lucun/star/xj02_p2_001.py (缺少类型注解)
  - 02/lucun/star/xj02_p2_002.py (缺少类型注解)
  - 02/lucun/star/xj_p3_002.py (缺少类型注解)
  - 04/lianzheng/star/obj_04_001.py (缺少类型注解)
  - 04/lianzheng/star/obj_04_002.py (缺少类型注解)
  - 04/lianzheng/star/obj_04_003.py (缺少类型注解)
  - 04/lianzheng/star/p2_04_009.py (缺少类型注解)
  - 04/lianzheng/star/p2_04_010.py (缺少类型注解)
  - 04/lianzheng/star/p3_04_007.py (缺少类型注解)
  - 04/lianzheng/star/p3_04_008.py (缺少类型注解)
  - 04/lianzheng/star/p4_04_007.py (缺少类型注解)
  - 04/lianzheng/star/p4_04_008.py (缺少类型注解)
  - 04/lianzheng/star/xj04_001.py (缺少类型注解)
  - 04/lianzheng/star/xj04_002.py (缺少类型注解)
  - 04/lianzheng/star/xj04_003.py (缺少类型注解)
  - 04/lianzheng/star/xj04_004.py (缺少类型注解)
  - 04/lianzheng/star/xj04_005.py (缺少类型注解)
  - 04/lianzheng/star/xj04_p1_001.py (缺少类型注解)
  - 04/lianzheng/star/xj04_p1_002.py (缺少类型注解)
  - 04/lianzheng/star/xj04_p1_003.py (缺少类型注解)
  - 04/lianzheng/star/xj04_p1_004.py (缺少类型注解)
  - 04/lianzheng/star/xj04_p1_005.py (缺少类型注解)
  - 04/lianzheng/star/xj04_p2_001.py (缺少类型注解)
  - 04/lianzheng/star/xj04_p2_002.py (缺少类型注解)
  - 05/wuqu/star/obj_05_001.py (缺少类型注解)
  - 05/wuqu/star/obj_05_002.py (缺少类型注解)
  - 05/wuqu/star/obj_05_003.py (缺少类型注解)
  - 05/wuqu/star/p2_05_011.py (缺少类型注解)
  - 05/wuqu/star/p2_05_012.py (缺少类型注解)
  - 05/wuqu/star/p3_05_009.py (缺少类型注解)
  - 05/wuqu/star/p3_05_010.py (缺少类型注解)
  - 05/wuqu/star/p4_05_009.py (缺少类型注解)
  - 05/wuqu/star/p4_05_010.py (缺少类型注解)
  - 05/wuqu/star/xj05_001.py (缺少类型注解)
  - 05/wuqu/star/xj05_002.py (缺少类型注解)
  - 05/wuqu/star/xj05_003.py (缺少类型注解)
  - 05/wuqu/star/xj05_004.py (缺少类型注解)
  - 05/wuqu/star/xj05_005.py (缺少类型注解)
  - 05/wuqu/star/xj05_p1_001.py (缺少类型注解)
  - 05/wuqu/star/xj05_p1_002.py (缺少类型注解)
  - 05/wuqu/star/xj05_p1_003.py (缺少类型注解)
  - 05/wuqu/star/xj05_p1_004.py (缺少类型注解)
  - 05/wuqu/star/xj05_p1_005.py (缺少类型注解)
  - 05/wuqu/star/xj05_p2_001.py (缺少类型注解)
  - 05/wuqu/star/xj05_p2_002.py (缺少类型注解)
  - 06/pojun/star/obj_06_001.py (缺少类型注解)
  - 06/pojun/star/obj_06_002.py (缺少类型注解)
  - 06/pojun/star/obj_06_003.py (缺少类型注解)
  - 06/pojun/star/p2_06_013.py (缺少类型注解)
  - 06/pojun/star/p2_06_014.py (缺少类型注解)
  - 06/pojun/star/p3_06_011.py (缺少类型注解)
  - 06/pojun/star/p3_06_012.py (缺少类型注解)
  - 06/pojun/star/p4_06_011.py (缺少类型注解)
  - 06/pojun/star/p4_06_012.py (缺少类型注解)
  - 06/pojun/star/xj06_001.py (缺少类型注解)
  - 06/pojun/star/xj06_002.py (缺少类型注解)
  - 06/pojun/star/xj06_003.py (缺少类型注解)
  - 06/pojun/star/xj06_004.py (缺少类型注解)
  - 06/pojun/star/xj06_005.py (缺少类型注解)
  - 06/pojun/star/xj06_p1_001.py (缺少类型注解)
  - 06/pojun/star/xj06_p1_002.py (缺少类型注解)
  - 06/pojun/star/xj06_p1_003.py (缺少类型注解)
  - 06/pojun/star/xj06_p1_004.py (缺少类型注解)
  - 06/pojun/star/xj06_p1_005.py (缺少类型注解)
  - 06/pojun/star/xj06_p2_001.py (缺少类型注解)
  - 06/pojun/star/xj06_p2_002.py (缺少类型注解)
  - 07/zuofu/star/obj_07_001.py (缺少类型注解)
  - 07/zuofu/star/obj_07_002.py (缺少类型注解)
  - 07/zuofu/star/obj_07_003.py (缺少类型注解)
  - 07/zuofu/star/obj_07_004.py (缺少类型注解)
  - 07/zuofu/star/p2_07_015.py (缺少类型注解)
  - 07/zuofu/star/p2_07_016.py (缺少类型注解)
  - 07/zuofu/star/p3_07_013.py (缺少类型注解)
  - 07/zuofu/star/p3_07_014.py (缺少类型注解)
  - 07/zuofu/star/p4_07_013.py (缺少类型注解)
  - 07/zuofu/star/p4_07_014.py (缺少类型注解)
  - 07/zuofu/star/xj07_001.py (缺少类型注解)
  - 07/zuofu/star/xj07_002.py (缺少类型注解)
  - 07/zuofu/star/xj07_003.py (缺少类型注解)
  - 07/zuofu/star/xj07_004.py (缺少类型注解)
  - 07/zuofu/star/xj07_005.py (缺少类型注解)
  - 07/zuofu/star/xj07_p1_001.py (缺少类型注解)
  - 07/zuofu/star/xj07_p1_002.py (缺少类型注解)
  - 07/zuofu/star/xj07_p1_003.py (缺少类型注解)
  - 07/zuofu/star/xj07_p1_004.py (缺少类型注解)
  - 07/zuofu/star/xj07_p1_005.py (缺少类型注解)
  - 07/zuofu/star/xj07_p2_001.py (缺少类型注解)
  - 08/youbi/star/obj_08_001.py (缺少类型注解)
  - 08/youbi/star/obj_08_002.py (缺少类型注解)
  - 08/youbi/star/obj_08_003.py (缺少类型注解)
  - 08/youbi/star/p2_08_017.py (缺少类型注解)
  - 08/youbi/star/p2_08_018.py (缺少类型注解)
  - 08/youbi/star/p3_08_015.py (缺少类型注解)
  - 08/youbi/star/p3_08_016.py (缺少类型注解)
  - 08/youbi/star/p4_08_015.py (缺少类型注解)
  - 08/youbi/star/p4_08_016.py (缺少类型注解)
  - 08/youbi/star/xj08_001.py (缺少类型注解)
  - 08/youbi/star/xj08_003.py (缺少类型注解)
  - 08/youbi/star/xj08_004.py (缺少类型注解)
  - 08/youbi/star/xj08_p1_001.py (缺少类型注解)
  - 08/youbi/star/xj08_p1_003.py (缺少类型注解)
  - 08/youbi/star/xj08_p1_004.py (缺少类型注解)
  - 08/youbi/star/xj_p3_006.py (缺少类型注解)
  - 08/youbi/star/xj_p3_007.py (缺少类型注解)
  - 09/tanlang/star/obj_09_001.py (缺少类型注解)
  - 09/tanlang/star/obj_09_002.py (缺少类型注解)
  - 09/tanlang/star/obj_09_003.py (缺少类型注解)
  - 09/tanlang/star/p2_09_019.py (缺少类型注解)
  - 09/tanlang/star/p2_09_020.py (缺少类型注解)
  - 09/tanlang/star/p3_09_017.py (缺少类型注解)
  - 09/tanlang/star/p3_09_018.py (缺少类型注解)
  - 09/tanlang/star/p4_09_017.py (缺少类型注解)
  - 09/tanlang/star/p4_09_018.py (缺少类型注解)
  - 09/tanlang/star/xj09_001.py (缺少类型注解)
  - 09/tanlang/star/xj09_002.py (缺少类型注解)
  - 09/tanlang/star/xj09_003.py (缺少类型注解)
  - 09/tanlang/star/xj09_004.py (缺少类型注解)
  - 09/tanlang/star/xj09_005.py (缺少类型注解)
  - 09/tanlang/star/xj09_p1_001.py (缺少类型注解)
  - 09/tanlang/star/xj09_p1_002.py (缺少类型注解)
  - 09/tanlang/star/xj09_p1_003.py (缺少类型注解)
  - 09/tanlang/star/xj09_p1_004.py (缺少类型注解)
  - 09/tanlang/star/xj09_p1_005.py (缺少类型注解)
  - 10/fubi/star/obj_10_001.py (缺少类型注解)
  - 10/fubi/star/obj_10_002.py (缺少类型注解)
  - 10/fubi/star/obj_10_003.py (缺少类型注解)
  - 10/fubi/star/p2_10_021.py (缺少类型注解)
  - 10/fubi/star/p2_10_022.py (缺少类型注解)
  - 10/fubi/star/p3_10_019.py (缺少类型注解)
  - 10/fubi/star/p3_10_020.py (缺少类型注解)
  - 10/fubi/star/p4_10_019.py (缺少类型注解)
  - 10/fubi/star/p4_10_020.py (缺少类型注解)
  - 10/fubi/star/xj10_001.py (缺少类型注解)
  - 10/fubi/star/xj10_002.py (缺少类型注解)
  - 10/fubi/star/xj10_003.py (缺少类型注解)
  - 10/fubi/star/xj10_004.py (缺少类型注解)
  - 10/fubi/star/xj10_005.py (缺少类型注解)
  - 10/fubi/star/xj10_p1_001.py (缺少类型注解)
  - 10/fubi/star/xj10_p1_002.py (缺少类型注解)
  - 10/fubi/star/xj10_p1_003.py (缺少类型注解)
  - 10/fubi/star/xj10_p1_004.py (缺少类型注解)
  - 10/fubi/star/xj10_p1_005.py (缺少类型注解)

=== 质检完成 ===
发现问题文件: 171 个
=== 张志远(002) 代码质检任务 ===
时间: Mon Mar 23 05:00:01 AM CST 2026

📊 代码统计:
  XJ-01: 38 文件, 1634 行
  XJ-02: 32 文件, 1216 行
  XJ-03: 22 文件, 814 行
  XJ-04: 21 文件, 546 行
  XJ-05: 21 文件, 546 行
  XJ-06: 21 文件, 546 行
  XJ-07: 21 文件, 546 行
  XJ-08: 19 文件, 528 行
  XJ-09: 19 文件, 494 行
  XJ-10: 19 文件, 494 行
  总计: 233 文件, 7364 行

📈 质量指标:
  文档覆盖率: 100.0%
  类型注解覆盖率: 40.3%

⚠️ 需要改进的文件:
  - 02/lucun/star/c_02_001.py (缺少类型注解)
  - 02/lucun/star/c_02_002.py (缺少类型注解)
  - 02/lucun/star/c_02_003.py (缺少类型注解)
  - 02/lucun/star/c_02_004.py (缺少类型注解)
  - 02/lucun/star/c_02_005.py (缺少类型注解)
  - 02/lucun/star/p2_02_004.py (缺少类型注解)
  - 02/lucun/star/p2_02_005.py (缺少类型注解)
  - 02/lucun/star/p2_02_006.py (缺少类型注解)
  - 02/lucun/star/p3_02_003.py (缺少类型注解)
  - 02/lucun/star/p3_02_004.py (缺少类型注解)
  - 02/lucun/star/p4_02_003.py (缺少类型注解)
  - 02/lucun/star/p4_02_004.py (缺少类型注解)
  - 02/lucun/star/task_01.py (缺少类型注解)
  - 02/lucun/star/task_02.py (缺少类型注解)
  - 02/lucun/star/task_03.py (缺少类型注解)
  - 02/lucun/star/task_04.py (缺少类型注解)
  - 02/lucun/star/task_05.py (缺少类型注解)
  - 02/lucun/star/task_06.py (缺少类型注解)
  - 02/lucun/star/task_07.py (缺少类型注解)
  - 02/lucun/star/task_08.py (缺少类型注解)
  - 02/lucun/star/xj02_001.py (缺少类型注解)
  - 02/lucun/star/xj02_002.py (缺少类型注解)
  - 02/lucun/star/xj02_003.py (缺少类型注解)
  - 02/lucun/star/xj02_004.py (缺少类型注解)
  - 02/lucun/star/xj02_p0_001.py (缺少类型注解)
  - 02/lucun/star/xj02_p0_002.py (缺少类型注解)
  - 02/lucun/star/xj02_p0_003.py (缺少类型注解)
  - 02/lucun/star/xj02_p1_001.py (缺少类型注解)
  - 02/lucun/star/xj02_p1_003.py (缺少类型注解)
  - 02/lucun/star/xj02_p2_001.py (缺少类型注解)
  - 02/lucun/star/xj02_p2_002.py (缺少类型注解)
  - 02/lucun/star/xj_p3_002.py (缺少类型注解)
  - 04/lianzheng/star/obj_04_001.py (缺少类型注解)
  - 04/lianzheng/star/obj_04_002.py (缺少类型注解)
  - 04/lianzheng/star/obj_04_003.py (缺少类型注解)
  - 04/lianzheng/star/p2_04_009.py (缺少类型注解)
  - 04/lianzheng/star/p2_04_010.py (缺少类型注解)
  - 04/lianzheng/star/p3_04_007.py (缺少类型注解)
  - 04/lianzheng/star/p3_04_008.py (缺少类型注解)
  - 04/lianzheng/star/p4_04_007.py (缺少类型注解)
  - 04/lianzheng/star/p4_04_008.py (缺少类型注解)
  - 04/lianzheng/star/xj04_001.py (缺少类型注解)
  - 04/lianzheng/star/xj04_002.py (缺少类型注解)
  - 04/lianzheng/star/xj04_003.py (缺少类型注解)
  - 04/lianzheng/star/xj04_004.py (缺少类型注解)
  - 04/lianzheng/star/xj04_005.py (缺少类型注解)
  - 04/lianzheng/star/xj04_p1_001.py (缺少类型注解)
  - 04/lianzheng/star/xj04_p1_002.py (缺少类型注解)
  - 04/lianzheng/star/xj04_p1_003.py (缺少类型注解)
  - 04/lianzheng/star/xj04_p1_004.py (缺少类型注解)
  - 04/lianzheng/star/xj04_p1_005.py (缺少类型注解)
  - 04/lianzheng/star/xj04_p2_001.py (缺少类型注解)
  - 04/lianzheng/star/xj04_p2_002.py (缺少类型注解)
  - 05/wuqu/star/obj_05_001.py (缺少类型注解)
  - 05/wuqu/star/obj_05_002.py (缺少类型注解)
  - 05/wuqu/star/obj_05_003.py (缺少类型注解)
  - 05/wuqu/star/p2_05_011.py (缺少类型注解)
  - 05/wuqu/star/p2_05_012.py (缺少类型注解)
  - 05/wuqu/star/p3_05_009.py (缺少类型注解)
  - 05/wuqu/star/p3_05_010.py (缺少类型注解)
  - 05/wuqu/star/p4_05_009.py (缺少类型注解)
  - 05/wuqu/star/p4_05_010.py (缺少类型注解)
  - 05/wuqu/star/xj05_001.py (缺少类型注解)
  - 05/wuqu/star/xj05_002.py (缺少类型注解)
  - 05/wuqu/star/xj05_003.py (缺少类型注解)
  - 05/wuqu/star/xj05_004.py (缺少类型注解)
  - 05/wuqu/star/xj05_005.py (缺少类型注解)
  - 05/wuqu/star/xj05_p1_001.py (缺少类型注解)
  - 05/wuqu/star/xj05_p1_002.py (缺少类型注解)
  - 05/wuqu/star/xj05_p1_003.py (缺少类型注解)
  - 05/wuqu/star/xj05_p1_004.py (缺少类型注解)
  - 05/wuqu/star/xj05_p1_005.py (缺少类型注解)
  - 05/wuqu/star/xj05_p2_001.py (缺少类型注解)
  - 05/wuqu/star/xj05_p2_002.py (缺少类型注解)
  - 06/pojun/star/obj_06_001.py (缺少类型注解)
  - 06/pojun/star/obj_06_002.py (缺少类型注解)
  - 06/pojun/star/obj_06_003.py (缺少类型注解)
  - 06/pojun/star/p2_06_013.py (缺少类型注解)
  - 06/pojun/star/p2_06_014.py (缺少类型注解)
  - 06/pojun/star/p3_06_011.py (缺少类型注解)
  - 06/pojun/star/p3_06_012.py (缺少类型注解)
  - 06/pojun/star/p4_06_011.py (缺少类型注解)
  - 06/pojun/star/p4_06_012.py (缺少类型注解)
  - 06/pojun/star/xj06_001.py (缺少类型注解)
  - 06/pojun/star/xj06_002.py (缺少类型注解)
  - 06/pojun/star/xj06_003.py (缺少类型注解)
  - 06/pojun/star/xj06_004.py (缺少类型注解)
  - 06/pojun/star/xj06_005.py (缺少类型注解)
  - 06/pojun/star/xj06_p1_001.py (缺少类型注解)
  - 06/pojun/star/xj06_p1_002.py (缺少类型注解)
  - 06/pojun/star/xj06_p1_003.py (缺少类型注解)
  - 06/pojun/star/xj06_p1_004.py (缺少类型注解)
  - 06/pojun/star/xj06_p1_005.py (缺少类型注解)
  - 06/pojun/star/xj06_p2_001.py (缺少类型注解)
  - 06/pojun/star/xj06_p2_002.py (缺少类型注解)
  - 07/zuofu/star/obj_07_001.py (缺少类型注解)
  - 07/zuofu/star/obj_07_002.py (缺少类型注解)
  - 07/zuofu/star/obj_07_003.py (缺少类型注解)
  - 07/zuofu/star/obj_07_004.py (缺少类型注解)
  - 07/zuofu/star/p2_07_015.py (缺少类型注解)
  - 07/zuofu/star/p2_07_016.py (缺少类型注解)
  - 07/zuofu/star/p3_07_013.py (缺少类型注解)
  - 07/zuofu/star/p3_07_014.py (缺少类型注解)
  - 07/zuofu/star/p4_07_013.py (缺少类型注解)
  - 07/zuofu/star/p4_07_014.py (缺少类型注解)
  - 07/zuofu/star/xj07_001.py (缺少类型注解)
  - 07/zuofu/star/xj07_002.py (缺少类型注解)
  - 07/zuofu/star/xj07_003.py (缺少类型注解)
  - 07/zuofu/star/xj07_004.py (缺少类型注解)
  - 07/zuofu/star/xj07_005.py (缺少类型注解)
  - 07/zuofu/star/xj07_p1_001.py (缺少类型注解)
  - 07/zuofu/star/xj07_p1_002.py (缺少类型注解)
  - 07/zuofu/star/xj07_p1_003.py (缺少类型注解)
  - 07/zuofu/star/xj07_p1_004.py (缺少类型注解)
  - 07/zuofu/star/xj07_p1_005.py (缺少类型注解)
  - 07/zuofu/star/xj07_p2_001.py (缺少类型注解)
  - 08/youbi/star/obj_08_001.py (缺少类型注解)
  - 08/youbi/star/obj_08_002.py (缺少类型注解)
  - 08/youbi/star/obj_08_003.py (缺少类型注解)
  - 08/youbi/star/p2_08_017.py (缺少类型注解)
  - 08/youbi/star/p2_08_018.py (缺少类型注解)
  - 08/youbi/star/p3_08_015.py (缺少类型注解)
  - 08/youbi/star/p3_08_016.py (缺少类型注解)
  - 08/youbi/star/p4_08_015.py (缺少类型注解)
  - 08/youbi/star/p4_08_016.py (缺少类型注解)
  - 08/youbi/star/xj08_001.py (缺少类型注解)
  - 08/youbi/star/xj08_003.py (缺少类型注解)
  - 08/youbi/star/xj08_004.py (缺少类型注解)
  - 08/youbi/star/xj08_p1_001.py (缺少类型注解)
  - 08/youbi/star/xj08_p1_003.py (缺少类型注解)
  - 08/youbi/star/xj08_p1_004.py (缺少类型注解)
  - 08/youbi/star/xj_p3_006.py (缺少类型注解)
  - 08/youbi/star/xj_p3_007.py (缺少类型注解)
  - 09/tanlang/star/obj_09_001.py (缺少类型注解)
  - 09/tanlang/star/obj_09_002.py (缺少类型注解)
  - 09/tanlang/star/obj_09_003.py (缺少类型注解)
  - 09/tanlang/star/p2_09_019.py (缺少类型注解)
  - 09/tanlang/star/p2_09_020.py (缺少类型注解)
  - 09/tanlang/star/p3_09_017.py (缺少类型注解)
  - 09/tanlang/star/p3_09_018.py (缺少类型注解)
  - 09/tanlang/star/p4_09_017.py (缺少类型注解)
  - 09/tanlang/star/p4_09_018.py (缺少类型注解)
  - 09/tanlang/star/xj09_001.py (缺少类型注解)
  - 09/tanlang/star/xj09_002.py (缺少类型注解)
  - 09/tanlang/star/xj09_003.py (缺少类型注解)
  - 09/tanlang/star/xj09_004.py (缺少类型注解)
  - 09/tanlang/star/xj09_005.py (缺少类型注解)
  - 09/tanlang/star/xj09_p1_001.py (缺少类型注解)
  - 09/tanlang/star/xj09_p1_002.py (缺少类型注解)
  - 09/tanlang/star/xj09_p1_003.py (缺少类型注解)
  - 09/tanlang/star/xj09_p1_004.py (缺少类型注解)
  - 09/tanlang/star/xj09_p1_005.py (缺少类型注解)
  - 10/fubi/star/obj_10_001.py (缺少类型注解)
  - 10/fubi/star/obj_10_002.py (缺少类型注解)
  - 10/fubi/star/obj_10_003.py (缺少类型注解)
  - 10/fubi/star/p2_10_021.py (缺少类型注解)
  - 10/fubi/star/p2_10_022.py (缺少类型注解)
  - 10/fubi/star/p3_10_019.py (缺少类型注解)
  - 10/fubi/star/p3_10_020.py (缺少类型注解)
  - 10/fubi/star/p4_10_019.py (缺少类型注解)
  - 10/fubi/star/p4_10_020.py (缺少类型注解)
  - 10/fubi/star/xj10_001.py (缺少类型注解)
  - 10/fubi/star/xj10_002.py (缺少类型注解)
  - 10/fubi/star/xj10_003.py (缺少类型注解)
  - 10/fubi/star/xj10_004.py (缺少类型注解)
  - 10/fubi/star/xj10_005.py (缺少类型注解)
  - 10/fubi/star/xj10_p1_001.py (缺少类型注解)
  - 10/fubi/star/xj10_p1_002.py (缺少类型注解)
  - 10/fubi/star/xj10_p1_003.py (缺少类型注解)
  - 10/fubi/star/xj10_p1_004.py (缺少类型注解)
  - 10/fubi/star/xj10_p1_005.py (缺少类型注解)

=== 质检完成 ===
发现问题文件: 171 个
=== 张志远(002) 代码质检任务 ===
时间: Mon Mar 23 05:30:01 AM CST 2026

📊 代码统计:
  XJ-01: 38 文件, 1634 行
  XJ-02: 32 文件, 1216 行
  XJ-03: 22 文件, 814 行
  XJ-04: 21 文件, 546 行
  XJ-05: 21 文件, 546 行
  XJ-06: 21 文件, 546 行
  XJ-07: 21 文件, 546 行
  XJ-08: 19 文件, 528 行
  XJ-09: 19 文件, 494 行
  XJ-10: 19 文件, 494 行
  总计: 233 文件, 7364 行

📈 质量指标:
  文档覆盖率: 100.0%
  类型注解覆盖率: 40.3%

⚠️ 需要改进的文件:
  - 02/lucun/star/c_02_001.py (缺少类型注解)
  - 02/lucun/star/c_02_002.py (缺少类型注解)
  - 02/lucun/star/c_02_003.py (缺少类型注解)
  - 02/lucun/star/c_02_004.py (缺少类型注解)
  - 02/lucun/star/c_02_005.py (缺少类型注解)
  - 02/lucun/star/p2_02_004.py (缺少类型注解)
  - 02/lucun/star/p2_02_005.py (缺少类型注解)
  - 02/lucun/star/p2_02_006.py (缺少类型注解)
  - 02/lucun/star/p3_02_003.py (缺少类型注解)
  - 02/lucun/star/p3_02_004.py (缺少类型注解)
  - 02/lucun/star/p4_02_003.py (缺少类型注解)
  - 02/lucun/star/p4_02_004.py (缺少类型注解)
  - 02/lucun/star/task_01.py (缺少类型注解)
  - 02/lucun/star/task_02.py (缺少类型注解)
  - 02/lucun/star/task_03.py (缺少类型注解)
  - 02/lucun/star/task_04.py (缺少类型注解)
  - 02/lucun/star/task_05.py (缺少类型注解)
  - 02/lucun/star/task_06.py (缺少类型注解)
  - 02/lucun/star/task_07.py (缺少类型注解)
  - 02/lucun/star/task_08.py (缺少类型注解)
  - 02/lucun/star/xj02_001.py (缺少类型注解)
  - 02/lucun/star/xj02_002.py (缺少类型注解)
  - 02/lucun/star/xj02_003.py (缺少类型注解)
  - 02/lucun/star/xj02_004.py (缺少类型注解)
  - 02/lucun/star/xj02_p0_001.py (缺少类型注解)
  - 02/lucun/star/xj02_p0_002.py (缺少类型注解)
  - 02/lucun/star/xj02_p0_003.py (缺少类型注解)
  - 02/lucun/star/xj02_p1_001.py (缺少类型注解)
  - 02/lucun/star/xj02_p1_003.py (缺少类型注解)
  - 02/lucun/star/xj02_p2_001.py (缺少类型注解)
  - 02/lucun/star/xj02_p2_002.py (缺少类型注解)
  - 02/lucun/star/xj_p3_002.py (缺少类型注解)
  - 04/lianzheng/star/obj_04_001.py (缺少类型注解)
  - 04/lianzheng/star/obj_04_002.py (缺少类型注解)
  - 04/lianzheng/star/obj_04_003.py (缺少类型注解)
  - 04/lianzheng/star/p2_04_009.py (缺少类型注解)
  - 04/lianzheng/star/p2_04_010.py (缺少类型注解)
  - 04/lianzheng/star/p3_04_007.py (缺少类型注解)
  - 04/lianzheng/star/p3_04_008.py (缺少类型注解)
  - 04/lianzheng/star/p4_04_007.py (缺少类型注解)
  - 04/lianzheng/star/p4_04_008.py (缺少类型注解)
  - 04/lianzheng/star/xj04_001.py (缺少类型注解)
  - 04/lianzheng/star/xj04_002.py (缺少类型注解)
  - 04/lianzheng/star/xj04_003.py (缺少类型注解)
  - 04/lianzheng/star/xj04_004.py (缺少类型注解)
  - 04/lianzheng/star/xj04_005.py (缺少类型注解)
  - 04/lianzheng/star/xj04_p1_001.py (缺少类型注解)
  - 04/lianzheng/star/xj04_p1_002.py (缺少类型注解)
  - 04/lianzheng/star/xj04_p1_003.py (缺少类型注解)
  - 04/lianzheng/star/xj04_p1_004.py (缺少类型注解)
  - 04/lianzheng/star/xj04_p1_005.py (缺少类型注解)
  - 04/lianzheng/star/xj04_p2_001.py (缺少类型注解)
  - 04/lianzheng/star/xj04_p2_002.py (缺少类型注解)
  - 05/wuqu/star/obj_05_001.py (缺少类型注解)
  - 05/wuqu/star/obj_05_002.py (缺少类型注解)
  - 05/wuqu/star/obj_05_003.py (缺少类型注解)
  - 05/wuqu/star/p2_05_011.py (缺少类型注解)
  - 05/wuqu/star/p2_05_012.py (缺少类型注解)
  - 05/wuqu/star/p3_05_009.py (缺少类型注解)
  - 05/wuqu/star/p3_05_010.py (缺少类型注解)
  - 05/wuqu/star/p4_05_009.py (缺少类型注解)
  - 05/wuqu/star/p4_05_010.py (缺少类型注解)
  - 05/wuqu/star/xj05_001.py (缺少类型注解)
  - 05/wuqu/star/xj05_002.py (缺少类型注解)
  - 05/wuqu/star/xj05_003.py (缺少类型注解)
  - 05/wuqu/star/xj05_004.py (缺少类型注解)
  - 05/wuqu/star/xj05_005.py (缺少类型注解)
  - 05/wuqu/star/xj05_p1_001.py (缺少类型注解)
  - 05/wuqu/star/xj05_p1_002.py (缺少类型注解)
  - 05/wuqu/star/xj05_p1_003.py (缺少类型注解)
  - 05/wuqu/star/xj05_p1_004.py (缺少类型注解)
  - 05/wuqu/star/xj05_p1_005.py (缺少类型注解)
  - 05/wuqu/star/xj05_p2_001.py (缺少类型注解)
  - 05/wuqu/star/xj05_p2_002.py (缺少类型注解)
  - 06/pojun/star/obj_06_001.py (缺少类型注解)
  - 06/pojun/star/obj_06_002.py (缺少类型注解)
  - 06/pojun/star/obj_06_003.py (缺少类型注解)
  - 06/pojun/star/p2_06_013.py (缺少类型注解)
  - 06/pojun/star/p2_06_014.py (缺少类型注解)
  - 06/pojun/star/p3_06_011.py (缺少类型注解)
  - 06/pojun/star/p3_06_012.py (缺少类型注解)
  - 06/pojun/star/p4_06_011.py (缺少类型注解)
  - 06/pojun/star/p4_06_012.py (缺少类型注解)
  - 06/pojun/star/xj06_001.py (缺少类型注解)
  - 06/pojun/star/xj06_002.py (缺少类型注解)
  - 06/pojun/star/xj06_003.py (缺少类型注解)
  - 06/pojun/star/xj06_004.py (缺少类型注解)
  - 06/pojun/star/xj06_005.py (缺少类型注解)
  - 06/pojun/star/xj06_p1_001.py (缺少类型注解)
  - 06/pojun/star/xj06_p1_002.py (缺少类型注解)
  - 06/pojun/star/xj06_p1_003.py (缺少类型注解)
  - 06/pojun/star/xj06_p1_004.py (缺少类型注解)
  - 06/pojun/star/xj06_p1_005.py (缺少类型注解)
  - 06/pojun/star/xj06_p2_001.py (缺少类型注解)
  - 06/pojun/star/xj06_p2_002.py (缺少类型注解)
  - 07/zuofu/star/obj_07_001.py (缺少类型注解)
  - 07/zuofu/star/obj_07_002.py (缺少类型注解)
  - 07/zuofu/star/obj_07_003.py (缺少类型注解)
  - 07/zuofu/star/obj_07_004.py (缺少类型注解)
  - 07/zuofu/star/p2_07_015.py (缺少类型注解)
  - 07/zuofu/star/p2_07_016.py (缺少类型注解)
  - 07/zuofu/star/p3_07_013.py (缺少类型注解)
  - 07/zuofu/star/p3_07_014.py (缺少类型注解)
  - 07/zuofu/star/p4_07_013.py (缺少类型注解)
  - 07/zuofu/star/p4_07_014.py (缺少类型注解)
  - 07/zuofu/star/xj07_001.py (缺少类型注解)
  - 07/zuofu/star/xj07_002.py (缺少类型注解)
  - 07/zuofu/star/xj07_003.py (缺少类型注解)
  - 07/zuofu/star/xj07_004.py (缺少类型注解)
  - 07/zuofu/star/xj07_005.py (缺少类型注解)
  - 07/zuofu/star/xj07_p1_001.py (缺少类型注解)
  - 07/zuofu/star/xj07_p1_002.py (缺少类型注解)
  - 07/zuofu/star/xj07_p1_003.py (缺少类型注解)
  - 07/zuofu/star/xj07_p1_004.py (缺少类型注解)
  - 07/zuofu/star/xj07_p1_005.py (缺少类型注解)
  - 07/zuofu/star/xj07_p2_001.py (缺少类型注解)
  - 08/youbi/star/obj_08_001.py (缺少类型注解)
  - 08/youbi/star/obj_08_002.py (缺少类型注解)
  - 08/youbi/star/obj_08_003.py (缺少类型注解)
  - 08/youbi/star/p2_08_017.py (缺少类型注解)
  - 08/youbi/star/p2_08_018.py (缺少类型注解)
  - 08/youbi/star/p3_08_015.py (缺少类型注解)
  - 08/youbi/star/p3_08_016.py (缺少类型注解)
  - 08/youbi/star/p4_08_015.py (缺少类型注解)
  - 08/youbi/star/p4_08_016.py (缺少类型注解)
  - 08/youbi/star/xj08_001.py (缺少类型注解)
  - 08/youbi/star/xj08_003.py (缺少类型注解)
  - 08/youbi/star/xj08_004.py (缺少类型注解)
  - 08/youbi/star/xj08_p1_001.py (缺少类型注解)
  - 08/youbi/star/xj08_p1_003.py (缺少类型注解)
  - 08/youbi/star/xj08_p1_004.py (缺少类型注解)
  - 08/youbi/star/xj_p3_006.py (缺少类型注解)
  - 08/youbi/star/xj_p3_007.py (缺少类型注解)
  - 09/tanlang/star/obj_09_001.py (缺少类型注解)
  - 09/tanlang/star/obj_09_002.py (缺少类型注解)
  - 09/tanlang/star/obj_09_003.py (缺少类型注解)
  - 09/tanlang/star/p2_09_019.py (缺少类型注解)
  - 09/tanlang/star/p2_09_020.py (缺少类型注解)
  - 09/tanlang/star/p3_09_017.py (缺少类型注解)
  - 09/tanlang/star/p3_09_018.py (缺少类型注解)
  - 09/tanlang/star/p4_09_017.py (缺少类型注解)
  - 09/tanlang/star/p4_09_018.py (缺少类型注解)
  - 09/tanlang/star/xj09_001.py (缺少类型注解)
  - 09/tanlang/star/xj09_002.py (缺少类型注解)
  - 09/tanlang/star/xj09_003.py (缺少类型注解)
  - 09/tanlang/star/xj09_004.py (缺少类型注解)
  - 09/tanlang/star/xj09_005.py (缺少类型注解)
  - 09/tanlang/star/xj09_p1_001.py (缺少类型注解)
  - 09/tanlang/star/xj09_p1_002.py (缺少类型注解)
  - 09/tanlang/star/xj09_p1_003.py (缺少类型注解)
  - 09/tanlang/star/xj09_p1_004.py (缺少类型注解)
  - 09/tanlang/star/xj09_p1_005.py (缺少类型注解)
  - 10/fubi/star/obj_10_001.py (缺少类型注解)
  - 10/fubi/star/obj_10_002.py (缺少类型注解)
  - 10/fubi/star/obj_10_003.py (缺少类型注解)
  - 10/fubi/star/p2_10_021.py (缺少类型注解)
  - 10/fubi/star/p2_10_022.py (缺少类型注解)
  - 10/fubi/star/p3_10_019.py (缺少类型注解)
  - 10/fubi/star/p3_10_020.py (缺少类型注解)
  - 10/fubi/star/p4_10_019.py (缺少类型注解)
  - 10/fubi/star/p4_10_020.py (缺少类型注解)
  - 10/fubi/star/xj10_001.py (缺少类型注解)
  - 10/fubi/star/xj10_002.py (缺少类型注解)
  - 10/fubi/star/xj10_003.py (缺少类型注解)
  - 10/fubi/star/xj10_004.py (缺少类型注解)
  - 10/fubi/star/xj10_005.py (缺少类型注解)
  - 10/fubi/star/xj10_p1_001.py (缺少类型注解)
  - 10/fubi/star/xj10_p1_002.py (缺少类型注解)
  - 10/fubi/star/xj10_p1_003.py (缺少类型注解)
  - 10/fubi/star/xj10_p1_004.py (缺少类型注解)
  - 10/fubi/star/xj10_p1_005.py (缺少类型注解)

=== 质检完成 ===
发现问题文件: 171 个
=== 张志远(002) 代码质检任务 ===
时间: Mon Mar 23 06:00:01 AM CST 2026

📊 代码统计:
  XJ-01: 38 文件, 1634 行
  XJ-02: 32 文件, 1216 行
  XJ-03: 22 文件, 814 行
  XJ-04: 21 文件, 546 行
  XJ-05: 21 文件, 546 行
  XJ-06: 21 文件, 546 行
  XJ-07: 21 文件, 546 行
  XJ-08: 19 文件, 528 行
  XJ-09: 19 文件, 494 行
  XJ-10: 19 文件, 494 行
  总计: 233 文件, 7364 行

📈 质量指标:
  文档覆盖率: 100.0%
  类型注解覆盖率: 40.3%

⚠️ 需要改进的文件:
  - 02/lucun/star/c_02_001.py (缺少类型注解)
  - 02/lucun/star/c_02_002.py (缺少类型注解)
  - 02/lucun/star/c_02_003.py (缺少类型注解)
  - 02/lucun/star/c_02_004.py (缺少类型注解)
  - 02/lucun/star/c_02_005.py (缺少类型注解)
  - 02/lucun/star/p2_02_004.py (缺少类型注解)
  - 02/lucun/star/p2_02_005.py (缺少类型注解)
  - 02/lucun/star/p2_02_006.py (缺少类型注解)
  - 02/lucun/star/p3_02_003.py (缺少类型注解)
  - 02/lucun/star/p3_02_004.py (缺少类型注解)
  - 02/lucun/star/p4_02_003.py (缺少类型注解)
  - 02/lucun/star/p4_02_004.py (缺少类型注解)
  - 02/lucun/star/task_01.py (缺少类型注解)
  - 02/lucun/star/task_02.py (缺少类型注解)
  - 02/lucun/star/task_03.py (缺少类型注解)
  - 02/lucun/star/task_04.py (缺少类型注解)
  - 02/lucun/star/task_05.py (缺少类型注解)
  - 02/lucun/star/task_06.py (缺少类型注解)
  - 02/lucun/star/task_07.py (缺少类型注解)
  - 02/lucun/star/task_08.py (缺少类型注解)
  - 02/lucun/star/xj02_001.py (缺少类型注解)
  - 02/lucun/star/xj02_002.py (缺少类型注解)
  - 02/lucun/star/xj02_003.py (缺少类型注解)
  - 02/lucun/star/xj02_004.py (缺少类型注解)
  - 02/lucun/star/xj02_p0_001.py (缺少类型注解)
  - 02/lucun/star/xj02_p0_002.py (缺少类型注解)
  - 02/lucun/star/xj02_p0_003.py (缺少类型注解)
  - 02/lucun/star/xj02_p1_001.py (缺少类型注解)
  - 02/lucun/star/xj02_p1_003.py (缺少类型注解)
  - 02/lucun/star/xj02_p2_001.py (缺少类型注解)
  - 02/lucun/star/xj02_p2_002.py (缺少类型注解)
  - 02/lucun/star/xj_p3_002.py (缺少类型注解)
  - 04/lianzheng/star/obj_04_001.py (缺少类型注解)
  - 04/lianzheng/star/obj_04_002.py (缺少类型注解)
  - 04/lianzheng/star/obj_04_003.py (缺少类型注解)
  - 04/lianzheng/star/p2_04_009.py (缺少类型注解)
  - 04/lianzheng/star/p2_04_010.py (缺少类型注解)
  - 04/lianzheng/star/p3_04_007.py (缺少类型注解)
  - 04/lianzheng/star/p3_04_008.py (缺少类型注解)
  - 04/lianzheng/star/p4_04_007.py (缺少类型注解)
  - 04/lianzheng/star/p4_04_008.py (缺少类型注解)
  - 04/lianzheng/star/xj04_001.py (缺少类型注解)
  - 04/lianzheng/star/xj04_002.py (缺少类型注解)
  - 04/lianzheng/star/xj04_003.py (缺少类型注解)
  - 04/lianzheng/star/xj04_004.py (缺少类型注解)
  - 04/lianzheng/star/xj04_005.py (缺少类型注解)
  - 04/lianzheng/star/xj04_p1_001.py (缺少类型注解)
  - 04/lianzheng/star/xj04_p1_002.py (缺少类型注解)
  - 04/lianzheng/star/xj04_p1_003.py (缺少类型注解)
  - 04/lianzheng/star/xj04_p1_004.py (缺少类型注解)
  - 04/lianzheng/star/xj04_p1_005.py (缺少类型注解)
  - 04/lianzheng/star/xj04_p2_001.py (缺少类型注解)
  - 04/lianzheng/star/xj04_p2_002.py (缺少类型注解)
  - 05/wuqu/star/obj_05_001.py (缺少类型注解)
  - 05/wuqu/star/obj_05_002.py (缺少类型注解)
  - 05/wuqu/star/obj_05_003.py (缺少类型注解)
  - 05/wuqu/star/p2_05_011.py (缺少类型注解)
  - 05/wuqu/star/p2_05_012.py (缺少类型注解)
  - 05/wuqu/star/p3_05_009.py (缺少类型注解)
  - 05/wuqu/star/p3_05_010.py (缺少类型注解)
  - 05/wuqu/star/p4_05_009.py (缺少类型注解)
  - 05/wuqu/star/p4_05_010.py (缺少类型注解)
  - 05/wuqu/star/xj05_001.py (缺少类型注解)
  - 05/wuqu/star/xj05_002.py (缺少类型注解)
  - 05/wuqu/star/xj05_003.py (缺少类型注解)
  - 05/wuqu/star/xj05_004.py (缺少类型注解)
  - 05/wuqu/star/xj05_005.py (缺少类型注解)
  - 05/wuqu/star/xj05_p1_001.py (缺少类型注解)
  - 05/wuqu/star/xj05_p1_002.py (缺少类型注解)
  - 05/wuqu/star/xj05_p1_003.py (缺少类型注解)
  - 05/wuqu/star/xj05_p1_004.py (缺少类型注解)
  - 05/wuqu/star/xj05_p1_005.py (缺少类型注解)
  - 05/wuqu/star/xj05_p2_001.py (缺少类型注解)
  - 05/wuqu/star/xj05_p2_002.py (缺少类型注解)
  - 06/pojun/star/obj_06_001.py (缺少类型注解)
  - 06/pojun/star/obj_06_002.py (缺少类型注解)
  - 06/pojun/star/obj_06_003.py (缺少类型注解)
  - 06/pojun/star/p2_06_013.py (缺少类型注解)
  - 06/pojun/star/p2_06_014.py (缺少类型注解)
  - 06/pojun/star/p3_06_011.py (缺少类型注解)
  - 06/pojun/star/p3_06_012.py (缺少类型注解)
  - 06/pojun/star/p4_06_011.py (缺少类型注解)
  - 06/pojun/star/p4_06_012.py (缺少类型注解)
  - 06/pojun/star/xj06_001.py (缺少类型注解)
  - 06/pojun/star/xj06_002.py (缺少类型注解)
  - 06/pojun/star/xj06_003.py (缺少类型注解)
  - 06/pojun/star/xj06_004.py (缺少类型注解)
  - 06/pojun/star/xj06_005.py (缺少类型注解)
  - 06/pojun/star/xj06_p1_001.py (缺少类型注解)
  - 06/pojun/star/xj06_p1_002.py (缺少类型注解)
  - 06/pojun/star/xj06_p1_003.py (缺少类型注解)
  - 06/pojun/star/xj06_p1_004.py (缺少类型注解)
  - 06/pojun/star/xj06_p1_005.py (缺少类型注解)
  - 06/pojun/star/xj06_p2_001.py (缺少类型注解)
  - 06/pojun/star/xj06_p2_002.py (缺少类型注解)
  - 07/zuofu/star/obj_07_001.py (缺少类型注解)
  - 07/zuofu/star/obj_07_002.py (缺少类型注解)
  - 07/zuofu/star/obj_07_003.py (缺少类型注解)
  - 07/zuofu/star/obj_07_004.py (缺少类型注解)
  - 07/zuofu/star/p2_07_015.py (缺少类型注解)
  - 07/zuofu/star/p2_07_016.py (缺少类型注解)
  - 07/zuofu/star/p3_07_013.py (缺少类型注解)
  - 07/zuofu/star/p3_07_014.py (缺少类型注解)
  - 07/zuofu/star/p4_07_013.py (缺少类型注解)
  - 07/zuofu/star/p4_07_014.py (缺少类型注解)
  - 07/zuofu/star/xj07_001.py (缺少类型注解)
  - 07/zuofu/star/xj07_002.py (缺少类型注解)
  - 07/zuofu/star/xj07_003.py (缺少类型注解)
  - 07/zuofu/star/xj07_004.py (缺少类型注解)
  - 07/zuofu/star/xj07_005.py (缺少类型注解)
  - 07/zuofu/star/xj07_p1_001.py (缺少类型注解)
  - 07/zuofu/star/xj07_p1_002.py (缺少类型注解)
  - 07/zuofu/star/xj07_p1_003.py (缺少类型注解)
  - 07/zuofu/star/xj07_p1_004.py (缺少类型注解)
  - 07/zuofu/star/xj07_p1_005.py (缺少类型注解)
  - 07/zuofu/star/xj07_p2_001.py (缺少类型注解)
  - 08/youbi/star/obj_08_001.py (缺少类型注解)
  - 08/youbi/star/obj_08_002.py (缺少类型注解)
  - 08/youbi/star/obj_08_003.py (缺少类型注解)
  - 08/youbi/star/p2_08_017.py (缺少类型注解)
  - 08/youbi/star/p2_08_018.py (缺少类型注解)
  - 08/youbi/star/p3_08_015.py (缺少类型注解)
  - 08/youbi/star/p3_08_016.py (缺少类型注解)
  - 08/youbi/star/p4_08_015.py (缺少类型注解)
  - 08/youbi/star/p4_08_016.py (缺少类型注解)
  - 08/youbi/star/xj08_001.py (缺少类型注解)
  - 08/youbi/star/xj08_003.py (缺少类型注解)
  - 08/youbi/star/xj08_004.py (缺少类型注解)
  - 08/youbi/star/xj08_p1_001.py (缺少类型注解)
  - 08/youbi/star/xj08_p1_003.py (缺少类型注解)
  - 08/youbi/star/xj08_p1_004.py (缺少类型注解)
  - 08/youbi/star/xj_p3_006.py (缺少类型注解)
  - 08/youbi/star/xj_p3_007.py (缺少类型注解)
  - 09/tanlang/star/obj_09_001.py (缺少类型注解)
  - 09/tanlang/star/obj_09_002.py (缺少类型注解)
  - 09/tanlang/star/obj_09_003.py (缺少类型注解)
  - 09/tanlang/star/p2_09_019.py (缺少类型注解)
  - 09/tanlang/star/p2_09_020.py (缺少类型注解)
  - 09/tanlang/star/p3_09_017.py (缺少类型注解)
  - 09/tanlang/star/p3_09_018.py (缺少类型注解)
  - 09/tanlang/star/p4_09_017.py (缺少类型注解)
  - 09/tanlang/star/p4_09_018.py (缺少类型注解)
  - 09/tanlang/star/xj09_001.py (缺少类型注解)
  - 09/tanlang/star/xj09_002.py (缺少类型注解)
  - 09/tanlang/star/xj09_003.py (缺少类型注解)
  - 09/tanlang/star/xj09_004.py (缺少类型注解)
  - 09/tanlang/star/xj09_005.py (缺少类型注解)
  - 09/tanlang/star/xj09_p1_001.py (缺少类型注解)
  - 09/tanlang/star/xj09_p1_002.py (缺少类型注解)
  - 09/tanlang/star/xj09_p1_003.py (缺少类型注解)
  - 09/tanlang/star/xj09_p1_004.py (缺少类型注解)
  - 09/tanlang/star/xj09_p1_005.py (缺少类型注解)
  - 10/fubi/star/obj_10_001.py (缺少类型注解)
  - 10/fubi/star/obj_10_002.py (缺少类型注解)
  - 10/fubi/star/obj_10_003.py (缺少类型注解)
  - 10/fubi/star/p2_10_021.py (缺少类型注解)
  - 10/fubi/star/p2_10_022.py (缺少类型注解)
  - 10/fubi/star/p3_10_019.py (缺少类型注解)
  - 10/fubi/star/p3_10_020.py (缺少类型注解)
  - 10/fubi/star/p4_10_019.py (缺少类型注解)
  - 10/fubi/star/p4_10_020.py (缺少类型注解)
  - 10/fubi/star/xj10_001.py (缺少类型注解)
  - 10/fubi/star/xj10_002.py (缺少类型注解)
  - 10/fubi/star/xj10_003.py (缺少类型注解)
  - 10/fubi/star/xj10_004.py (缺少类型注解)
  - 10/fubi/star/xj10_005.py (缺少类型注解)
  - 10/fubi/star/xj10_p1_001.py (缺少类型注解)
  - 10/fubi/star/xj10_p1_002.py (缺少类型注解)
  - 10/fubi/star/xj10_p1_003.py (缺少类型注解)
  - 10/fubi/star/xj10_p1_004.py (缺少类型注解)
  - 10/fubi/star/xj10_p1_005.py (缺少类型注解)

=== 质检完成 ===
发现问题文件: 171 个
=== 张志远(002) 代码质检任务 ===
时间: Mon Mar 23 06:30:01 AM CST 2026

📊 代码统计:
  XJ-01: 38 文件, 1634 行
  XJ-02: 32 文件, 1216 行
  XJ-03: 22 文件, 814 行
  XJ-04: 21 文件, 546 行
  XJ-05: 21 文件, 546 行
  XJ-06: 21 文件, 546 行
  XJ-07: 21 文件, 546 行
  XJ-08: 19 文件, 528 行
  XJ-09: 19 文件, 494 行
  XJ-10: 19 文件, 494 行
  总计: 233 文件, 7364 行

📈 质量指标:
  文档覆盖率: 100.0%
  类型注解覆盖率: 40.3%

⚠️ 需要改进的文件:
  - 02/lucun/star/c_02_001.py (缺少类型注解)
  - 02/lucun/star/c_02_002.py (缺少类型注解)
  - 02/lucun/star/c_02_003.py (缺少类型注解)
  - 02/lucun/star/c_02_004.py (缺少类型注解)
  - 02/lucun/star/c_02_005.py (缺少类型注解)
  - 02/lucun/star/p2_02_004.py (缺少类型注解)
  - 02/lucun/star/p2_02_005.py (缺少类型注解)
  - 02/lucun/star/p2_02_006.py (缺少类型注解)
  - 02/lucun/star/p3_02_003.py (缺少类型注解)
  - 02/lucun/star/p3_02_004.py (缺少类型注解)
  - 02/lucun/star/p4_02_003.py (缺少类型注解)
  - 02/lucun/star/p4_02_004.py (缺少类型注解)
  - 02/lucun/star/task_01.py (缺少类型注解)
  - 02/lucun/star/task_02.py (缺少类型注解)
  - 02/lucun/star/task_03.py (缺少类型注解)
  - 02/lucun/star/task_04.py (缺少类型注解)
  - 02/lucun/star/task_05.py (缺少类型注解)
  - 02/lucun/star/task_06.py (缺少类型注解)
  - 02/lucun/star/task_07.py (缺少类型注解)
  - 02/lucun/star/task_08.py (缺少类型注解)
  - 02/lucun/star/xj02_001.py (缺少类型注解)
  - 02/lucun/star/xj02_002.py (缺少类型注解)
  - 02/lucun/star/xj02_003.py (缺少类型注解)
  - 02/lucun/star/xj02_004.py (缺少类型注解)
  - 02/lucun/star/xj02_p0_001.py (缺少类型注解)
  - 02/lucun/star/xj02_p0_002.py (缺少类型注解)
  - 02/lucun/star/xj02_p0_003.py (缺少类型注解)
  - 02/lucun/star/xj02_p1_001.py (缺少类型注解)
  - 02/lucun/star/xj02_p1_003.py (缺少类型注解)
  - 02/lucun/star/xj02_p2_001.py (缺少类型注解)
  - 02/lucun/star/xj02_p2_002.py (缺少类型注解)
  - 02/lucun/star/xj_p3_002.py (缺少类型注解)
  - 04/lianzheng/star/obj_04_001.py (缺少类型注解)
  - 04/lianzheng/star/obj_04_002.py (缺少类型注解)
  - 04/lianzheng/star/obj_04_003.py (缺少类型注解)
  - 04/lianzheng/star/p2_04_009.py (缺少类型注解)
  - 04/lianzheng/star/p2_04_010.py (缺少类型注解)
  - 04/lianzheng/star/p3_04_007.py (缺少类型注解)
  - 04/lianzheng/star/p3_04_008.py (缺少类型注解)
  - 04/lianzheng/star/p4_04_007.py (缺少类型注解)
  - 04/lianzheng/star/p4_04_008.py (缺少类型注解)
  - 04/lianzheng/star/xj04_001.py (缺少类型注解)
  - 04/lianzheng/star/xj04_002.py (缺少类型注解)
  - 04/lianzheng/star/xj04_003.py (缺少类型注解)
  - 04/lianzheng/star/xj04_004.py (缺少类型注解)
  - 04/lianzheng/star/xj04_005.py (缺少类型注解)
  - 04/lianzheng/star/xj04_p1_001.py (缺少类型注解)
  - 04/lianzheng/star/xj04_p1_002.py (缺少类型注解)
  - 04/lianzheng/star/xj04_p1_003.py (缺少类型注解)
  - 04/lianzheng/star/xj04_p1_004.py (缺少类型注解)
  - 04/lianzheng/star/xj04_p1_005.py (缺少类型注解)
  - 04/lianzheng/star/xj04_p2_001.py (缺少类型注解)
  - 04/lianzheng/star/xj04_p2_002.py (缺少类型注解)
  - 05/wuqu/star/obj_05_001.py (缺少类型注解)
  - 05/wuqu/star/obj_05_002.py (缺少类型注解)
  - 05/wuqu/star/obj_05_003.py (缺少类型注解)
  - 05/wuqu/star/p2_05_011.py (缺少类型注解)
  - 05/wuqu/star/p2_05_012.py (缺少类型注解)
  - 05/wuqu/star/p3_05_009.py (缺少类型注解)
  - 05/wuqu/star/p3_05_010.py (缺少类型注解)
  - 05/wuqu/star/p4_05_009.py (缺少类型注解)
  - 05/wuqu/star/p4_05_010.py (缺少类型注解)
  - 05/wuqu/star/xj05_001.py (缺少类型注解)
  - 05/wuqu/star/xj05_002.py (缺少类型注解)
  - 05/wuqu/star/xj05_003.py (缺少类型注解)
  - 05/wuqu/star/xj05_004.py (缺少类型注解)
  - 05/wuqu/star/xj05_005.py (缺少类型注解)
  - 05/wuqu/star/xj05_p1_001.py (缺少类型注解)
  - 05/wuqu/star/xj05_p1_002.py (缺少类型注解)
  - 05/wuqu/star/xj05_p1_003.py (缺少类型注解)
  - 05/wuqu/star/xj05_p1_004.py (缺少类型注解)
  - 05/wuqu/star/xj05_p1_005.py (缺少类型注解)
  - 05/wuqu/star/xj05_p2_001.py (缺少类型注解)
  - 05/wuqu/star/xj05_p2_002.py (缺少类型注解)
  - 06/pojun/star/obj_06_001.py (缺少类型注解)
  - 06/pojun/star/obj_06_002.py (缺少类型注解)
  - 06/pojun/star/obj_06_003.py (缺少类型注解)
  - 06/pojun/star/p2_06_013.py (缺少类型注解)
  - 06/pojun/star/p2_06_014.py (缺少类型注解)
  - 06/pojun/star/p3_06_011.py (缺少类型注解)
  - 06/pojun/star/p3_06_012.py (缺少类型注解)
  - 06/pojun/star/p4_06_011.py (缺少类型注解)
  - 06/pojun/star/p4_06_012.py (缺少类型注解)
  - 06/pojun/star/xj06_001.py (缺少类型注解)
  - 06/pojun/star/xj06_002.py (缺少类型注解)
  - 06/pojun/star/xj06_003.py (缺少类型注解)
  - 06/pojun/star/xj06_004.py (缺少类型注解)
  - 06/pojun/star/xj06_005.py (缺少类型注解)
  - 06/pojun/star/xj06_p1_001.py (缺少类型注解)
  - 06/pojun/star/xj06_p1_002.py (缺少类型注解)
  - 06/pojun/star/xj06_p1_003.py (缺少类型注解)
  - 06/pojun/star/xj06_p1_004.py (缺少类型注解)
  - 06/pojun/star/xj06_p1_005.py (缺少类型注解)
  - 06/pojun/star/xj06_p2_001.py (缺少类型注解)
  - 06/pojun/star/xj06_p2_002.py (缺少类型注解)
  - 07/zuofu/star/obj_07_001.py (缺少类型注解)
  - 07/zuofu/star/obj_07_002.py (缺少类型注解)
  - 07/zuofu/star/obj_07_003.py (缺少类型注解)
  - 07/zuofu/star/obj_07_004.py (缺少类型注解)
  - 07/zuofu/star/p2_07_015.py (缺少类型注解)
  - 07/zuofu/star/p2_07_016.py (缺少类型注解)
  - 07/zuofu/star/p3_07_013.py (缺少类型注解)
  - 07/zuofu/star/p3_07_014.py (缺少类型注解)
  - 07/zuofu/star/p4_07_013.py (缺少类型注解)
  - 07/zuofu/star/p4_07_014.py (缺少类型注解)
  - 07/zuofu/star/xj07_001.py (缺少类型注解)
  - 07/zuofu/star/xj07_002.py (缺少类型注解)
  - 07/zuofu/star/xj07_003.py (缺少类型注解)
  - 07/zuofu/star/xj07_004.py (缺少类型注解)
  - 07/zuofu/star/xj07_005.py (缺少类型注解)
  - 07/zuofu/star/xj07_p1_001.py (缺少类型注解)
  - 07/zuofu/star/xj07_p1_002.py (缺少类型注解)
  - 07/zuofu/star/xj07_p1_003.py (缺少类型注解)
  - 07/zuofu/star/xj07_p1_004.py (缺少类型注解)
  - 07/zuofu/star/xj07_p1_005.py (缺少类型注解)
  - 07/zuofu/star/xj07_p2_001.py (缺少类型注解)
  - 08/youbi/star/obj_08_001.py (缺少类型注解)
  - 08/youbi/star/obj_08_002.py (缺少类型注解)
  - 08/youbi/star/obj_08_003.py (缺少类型注解)
  - 08/youbi/star/p2_08_017.py (缺少类型注解)
  - 08/youbi/star/p2_08_018.py (缺少类型注解)
  - 08/youbi/star/p3_08_015.py (缺少类型注解)
  - 08/youbi/star/p3_08_016.py (缺少类型注解)
  - 08/youbi/star/p4_08_015.py (缺少类型注解)
  - 08/youbi/star/p4_08_016.py (缺少类型注解)
  - 08/youbi/star/xj08_001.py (缺少类型注解)
  - 08/youbi/star/xj08_003.py (缺少类型注解)
  - 08/youbi/star/xj08_004.py (缺少类型注解)
  - 08/youbi/star/xj08_p1_001.py (缺少类型注解)
  - 08/youbi/star/xj08_p1_003.py (缺少类型注解)
  - 08/youbi/star/xj08_p1_004.py (缺少类型注解)
  - 08/youbi/star/xj_p3_006.py (缺少类型注解)
  - 08/youbi/star/xj_p3_007.py (缺少类型注解)
  - 09/tanlang/star/obj_09_001.py (缺少类型注解)
  - 09/tanlang/star/obj_09_002.py (缺少类型注解)
  - 09/tanlang/star/obj_09_003.py (缺少类型注解)
  - 09/tanlang/star/p2_09_019.py (缺少类型注解)
  - 09/tanlang/star/p2_09_020.py (缺少类型注解)
  - 09/tanlang/star/p3_09_017.py (缺少类型注解)
  - 09/tanlang/star/p3_09_018.py (缺少类型注解)
  - 09/tanlang/star/p4_09_017.py (缺少类型注解)
  - 09/tanlang/star/p4_09_018.py (缺少类型注解)
  - 09/tanlang/star/xj09_001.py (缺少类型注解)
  - 09/tanlang/star/xj09_002.py (缺少类型注解)
  - 09/tanlang/star/xj09_003.py (缺少类型注解)
  - 09/tanlang/star/xj09_004.py (缺少类型注解)
  - 09/tanlang/star/xj09_005.py (缺少类型注解)
  - 09/tanlang/star/xj09_p1_001.py (缺少类型注解)
  - 09/tanlang/star/xj09_p1_002.py (缺少类型注解)
  - 09/tanlang/star/xj09_p1_003.py (缺少类型注解)
  - 09/tanlang/star/xj09_p1_004.py (缺少类型注解)
  - 09/tanlang/star/xj09_p1_005.py (缺少类型注解)
  - 10/fubi/star/obj_10_001.py (缺少类型注解)
  - 10/fubi/star/obj_10_002.py (缺少类型注解)
  - 10/fubi/star/obj_10_003.py (缺少类型注解)
  - 10/fubi/star/p2_10_021.py (缺少类型注解)
  - 10/fubi/star/p2_10_022.py (缺少类型注解)
  - 10/fubi/star/p3_10_019.py (缺少类型注解)
  - 10/fubi/star/p3_10_020.py (缺少类型注解)
  - 10/fubi/star/p4_10_019.py (缺少类型注解)
  - 10/fubi/star/p4_10_020.py (缺少类型注解)
  - 10/fubi/star/xj10_001.py (缺少类型注解)
  - 10/fubi/star/xj10_002.py (缺少类型注解)
  - 10/fubi/star/xj10_003.py (缺少类型注解)
  - 10/fubi/star/xj10_004.py (缺少类型注解)
  - 10/fubi/star/xj10_005.py (缺少类型注解)
  - 10/fubi/star/xj10_p1_001.py (缺少类型注解)
  - 10/fubi/star/xj10_p1_002.py (缺少类型注解)
  - 10/fubi/star/xj10_p1_003.py (缺少类型注解)
  - 10/fubi/star/xj10_p1_004.py (缺少类型注解)
  - 10/fubi/star/xj10_p1_005.py (缺少类型注解)

=== 质检完成 ===
发现问题文件: 171 个
=== 张志远(002) 代码质检任务 ===
时间: Mon Mar 23 07:00:01 AM CST 2026

📊 代码统计:
  XJ-01: 38 文件, 1634 行
  XJ-02: 32 文件, 1216 行
  XJ-03: 22 文件, 814 行
  XJ-04: 21 文件, 546 行
  XJ-05: 21 文件, 546 行
  XJ-06: 21 文件, 546 行
  XJ-07: 21 文件, 546 行
  XJ-08: 19 文件, 528 行
  XJ-09: 19 文件, 494 行
  XJ-10: 19 文件, 494 行
  总计: 233 文件, 7364 行

📈 质量指标:
  文档覆盖率: 100.0%
  类型注解覆盖率: 40.3%

⚠️ 需要改进的文件:
  - 02/lucun/star/c_02_001.py (缺少类型注解)
  - 02/lucun/star/c_02_002.py (缺少类型注解)
  - 02/lucun/star/c_02_003.py (缺少类型注解)
  - 02/lucun/star/c_02_004.py (缺少类型注解)
  - 02/lucun/star/c_02_005.py (缺少类型注解)
  - 02/lucun/star/p2_02_004.py (缺少类型注解)
  - 02/lucun/star/p2_02_005.py (缺少类型注解)
  - 02/lucun/star/p2_02_006.py (缺少类型注解)
  - 02/lucun/star/p3_02_003.py (缺少类型注解)
  - 02/lucun/star/p3_02_004.py (缺少类型注解)
  - 02/lucun/star/p4_02_003.py (缺少类型注解)
  - 02/lucun/star/p4_02_004.py (缺少类型注解)
  - 02/lucun/star/task_01.py (缺少类型注解)
  - 02/lucun/star/task_02.py (缺少类型注解)
  - 02/lucun/star/task_03.py (缺少类型注解)
  - 02/lucun/star/task_04.py (缺少类型注解)
  - 02/lucun/star/task_05.py (缺少类型注解)
  - 02/lucun/star/task_06.py (缺少类型注解)
  - 02/lucun/star/task_07.py (缺少类型注解)
  - 02/lucun/star/task_08.py (缺少类型注解)
  - 02/lucun/star/xj02_001.py (缺少类型注解)
  - 02/lucun/star/xj02_002.py (缺少类型注解)
  - 02/lucun/star/xj02_003.py (缺少类型注解)
  - 02/lucun/star/xj02_004.py (缺少类型注解)
  - 02/lucun/star/xj02_p0_001.py (缺少类型注解)
  - 02/lucun/star/xj02_p0_002.py (缺少类型注解)
  - 02/lucun/star/xj02_p0_003.py (缺少类型注解)
  - 02/lucun/star/xj02_p1_001.py (缺少类型注解)
  - 02/lucun/star/xj02_p1_003.py (缺少类型注解)
  - 02/lucun/star/xj02_p2_001.py (缺少类型注解)
  - 02/lucun/star/xj02_p2_002.py (缺少类型注解)
  - 02/lucun/star/xj_p3_002.py (缺少类型注解)
  - 04/lianzheng/star/obj_04_001.py (缺少类型注解)
  - 04/lianzheng/star/obj_04_002.py (缺少类型注解)
  - 04/lianzheng/star/obj_04_003.py (缺少类型注解)
  - 04/lianzheng/star/p2_04_009.py (缺少类型注解)
  - 04/lianzheng/star/p2_04_010.py (缺少类型注解)
  - 04/lianzheng/star/p3_04_007.py (缺少类型注解)
  - 04/lianzheng/star/p3_04_008.py (缺少类型注解)
  - 04/lianzheng/star/p4_04_007.py (缺少类型注解)
  - 04/lianzheng/star/p4_04_008.py (缺少类型注解)
  - 04/lianzheng/star/xj04_001.py (缺少类型注解)
  - 04/lianzheng/star/xj04_002.py (缺少类型注解)
  - 04/lianzheng/star/xj04_003.py (缺少类型注解)
  - 04/lianzheng/star/xj04_004.py (缺少类型注解)
  - 04/lianzheng/star/xj04_005.py (缺少类型注解)
  - 04/lianzheng/star/xj04_p1_001.py (缺少类型注解)
  - 04/lianzheng/star/xj04_p1_002.py (缺少类型注解)
  - 04/lianzheng/star/xj04_p1_003.py (缺少类型注解)
  - 04/lianzheng/star/xj04_p1_004.py (缺少类型注解)
  - 04/lianzheng/star/xj04_p1_005.py (缺少类型注解)
  - 04/lianzheng/star/xj04_p2_001.py (缺少类型注解)
  - 04/lianzheng/star/xj04_p2_002.py (缺少类型注解)
  - 05/wuqu/star/obj_05_001.py (缺少类型注解)
  - 05/wuqu/star/obj_05_002.py (缺少类型注解)
  - 05/wuqu/star/obj_05_003.py (缺少类型注解)
  - 05/wuqu/star/p2_05_011.py (缺少类型注解)
  - 05/wuqu/star/p2_05_012.py (缺少类型注解)
  - 05/wuqu/star/p3_05_009.py (缺少类型注解)
  - 05/wuqu/star/p3_05_010.py (缺少类型注解)
  - 05/wuqu/star/p4_05_009.py (缺少类型注解)
  - 05/wuqu/star/p4_05_010.py (缺少类型注解)
  - 05/wuqu/star/xj05_001.py (缺少类型注解)
  - 05/wuqu/star/xj05_002.py (缺少类型注解)
  - 05/wuqu/star/xj05_003.py (缺少类型注解)
  - 05/wuqu/star/xj05_004.py (缺少类型注解)
  - 05/wuqu/star/xj05_005.py (缺少类型注解)
  - 05/wuqu/star/xj05_p1_001.py (缺少类型注解)
  - 05/wuqu/star/xj05_p1_002.py (缺少类型注解)
  - 05/wuqu/star/xj05_p1_003.py (缺少类型注解)
  - 05/wuqu/star/xj05_p1_004.py (缺少类型注解)
  - 05/wuqu/star/xj05_p1_005.py (缺少类型注解)
  - 05/wuqu/star/xj05_p2_001.py (缺少类型注解)
  - 05/wuqu/star/xj05_p2_002.py (缺少类型注解)
  - 06/pojun/star/obj_06_001.py (缺少类型注解)
  - 06/pojun/star/obj_06_002.py (缺少类型注解)
  - 06/pojun/star/obj_06_003.py (缺少类型注解)
  - 06/pojun/star/p2_06_013.py (缺少类型注解)
  - 06/pojun/star/p2_06_014.py (缺少类型注解)
  - 06/pojun/star/p3_06_011.py (缺少类型注解)
  - 06/pojun/star/p3_06_012.py (缺少类型注解)
  - 06/pojun/star/p4_06_011.py (缺少类型注解)
  - 06/pojun/star/p4_06_012.py (缺少类型注解)
  - 06/pojun/star/xj06_001.py (缺少类型注解)
  - 06/pojun/star/xj06_002.py (缺少类型注解)
  - 06/pojun/star/xj06_003.py (缺少类型注解)
  - 06/pojun/star/xj06_004.py (缺少类型注解)
  - 06/pojun/star/xj06_005.py (缺少类型注解)
  - 06/pojun/star/xj06_p1_001.py (缺少类型注解)
  - 06/pojun/star/xj06_p1_002.py (缺少类型注解)
  - 06/pojun/star/xj06_p1_003.py (缺少类型注解)
  - 06/pojun/star/xj06_p1_004.py (缺少类型注解)
  - 06/pojun/star/xj06_p1_005.py (缺少类型注解)
  - 06/pojun/star/xj06_p2_001.py (缺少类型注解)
  - 06/pojun/star/xj06_p2_002.py (缺少类型注解)
  - 07/zuofu/star/obj_07_001.py (缺少类型注解)
  - 07/zuofu/star/obj_07_002.py (缺少类型注解)
  - 07/zuofu/star/obj_07_003.py (缺少类型注解)
  - 07/zuofu/star/obj_07_004.py (缺少类型注解)
  - 07/zuofu/star/p2_07_015.py (缺少类型注解)
  - 07/zuofu/star/p2_07_016.py (缺少类型注解)
  - 07/zuofu/star/p3_07_013.py (缺少类型注解)
  - 07/zuofu/star/p3_07_014.py (缺少类型注解)
  - 07/zuofu/star/p4_07_013.py (缺少类型注解)
  - 07/zuofu/star/p4_07_014.py (缺少类型注解)
  - 07/zuofu/star/xj07_001.py (缺少类型注解)
  - 07/zuofu/star/xj07_002.py (缺少类型注解)
  - 07/zuofu/star/xj07_003.py (缺少类型注解)
  - 07/zuofu/star/xj07_004.py (缺少类型注解)
  - 07/zuofu/star/xj07_005.py (缺少类型注解)
  - 07/zuofu/star/xj07_p1_001.py (缺少类型注解)
  - 07/zuofu/star/xj07_p1_002.py (缺少类型注解)
  - 07/zuofu/star/xj07_p1_003.py (缺少类型注解)
  - 07/zuofu/star/xj07_p1_004.py (缺少类型注解)
  - 07/zuofu/star/xj07_p1_005.py (缺少类型注解)
  - 07/zuofu/star/xj07_p2_001.py (缺少类型注解)
  - 08/youbi/star/obj_08_001.py (缺少类型注解)
  - 08/youbi/star/obj_08_002.py (缺少类型注解)
  - 08/youbi/star/obj_08_003.py (缺少类型注解)
  - 08/youbi/star/p2_08_017.py (缺少类型注解)
  - 08/youbi/star/p2_08_018.py (缺少类型注解)
  - 08/youbi/star/p3_08_015.py (缺少类型注解)
  - 08/youbi/star/p3_08_016.py (缺少类型注解)
  - 08/youbi/star/p4_08_015.py (缺少类型注解)
  - 08/youbi/star/p4_08_016.py (缺少类型注解)
  - 08/youbi/star/xj08_001.py (缺少类型注解)
  - 08/youbi/star/xj08_003.py (缺少类型注解)
  - 08/youbi/star/xj08_004.py (缺少类型注解)
  - 08/youbi/star/xj08_p1_001.py (缺少类型注解)
  - 08/youbi/star/xj08_p1_003.py (缺少类型注解)
  - 08/youbi/star/xj08_p1_004.py (缺少类型注解)
  - 08/youbi/star/xj_p3_006.py (缺少类型注解)
  - 08/youbi/star/xj_p3_007.py (缺少类型注解)
  - 09/tanlang/star/obj_09_001.py (缺少类型注解)
  - 09/tanlang/star/obj_09_002.py (缺少类型注解)
  - 09/tanlang/star/obj_09_003.py (缺少类型注解)
  - 09/tanlang/star/p2_09_019.py (缺少类型注解)
  - 09/tanlang/star/p2_09_020.py (缺少类型注解)
  - 09/tanlang/star/p3_09_017.py (缺少类型注解)
  - 09/tanlang/star/p3_09_018.py (缺少类型注解)
  - 09/tanlang/star/p4_09_017.py (缺少类型注解)
  - 09/tanlang/star/p4_09_018.py (缺少类型注解)
  - 09/tanlang/star/xj09_001.py (缺少类型注解)
  - 09/tanlang/star/xj09_002.py (缺少类型注解)
  - 09/tanlang/star/xj09_003.py (缺少类型注解)
  - 09/tanlang/star/xj09_004.py (缺少类型注解)
  - 09/tanlang/star/xj09_005.py (缺少类型注解)
  - 09/tanlang/star/xj09_p1_001.py (缺少类型注解)
  - 09/tanlang/star/xj09_p1_002.py (缺少类型注解)
  - 09/tanlang/star/xj09_p1_003.py (缺少类型注解)
  - 09/tanlang/star/xj09_p1_004.py (缺少类型注解)
  - 09/tanlang/star/xj09_p1_005.py (缺少类型注解)
  - 10/fubi/star/obj_10_001.py (缺少类型注解)
  - 10/fubi/star/obj_10_002.py (缺少类型注解)
  - 10/fubi/star/obj_10_003.py (缺少类型注解)
  - 10/fubi/star/p2_10_021.py (缺少类型注解)
  - 10/fubi/star/p2_10_022.py (缺少类型注解)
  - 10/fubi/star/p3_10_019.py (缺少类型注解)
  - 10/fubi/star/p3_10_020.py (缺少类型注解)
  - 10/fubi/star/p4_10_019.py (缺少类型注解)
  - 10/fubi/star/p4_10_020.py (缺少类型注解)
  - 10/fubi/star/xj10_001.py (缺少类型注解)
  - 10/fubi/star/xj10_002.py (缺少类型注解)
  - 10/fubi/star/xj10_003.py (缺少类型注解)
  - 10/fubi/star/xj10_004.py (缺少类型注解)
  - 10/fubi/star/xj10_005.py (缺少类型注解)
  - 10/fubi/star/xj10_p1_001.py (缺少类型注解)
  - 10/fubi/star/xj10_p1_002.py (缺少类型注解)
  - 10/fubi/star/xj10_p1_003.py (缺少类型注解)
  - 10/fubi/star/xj10_p1_004.py (缺少类型注解)
  - 10/fubi/star/xj10_p1_005.py (缺少类型注解)

=== 质检完成 ===
发现问题文件: 171 个
=== 张志远(002) 代码质检任务 ===
时间: Mon Mar 23 07:30:01 AM CST 2026

📊 代码统计:
  XJ-01: 38 文件, 1634 行
  XJ-02: 32 文件, 1216 行
  XJ-03: 22 文件, 814 行
  XJ-04: 21 文件, 546 行
  XJ-05: 21 文件, 546 行
  XJ-06: 21 文件, 546 行
  XJ-07: 21 文件, 546 行
  XJ-08: 19 文件, 528 行
  XJ-09: 19 文件, 494 行
  XJ-10: 19 文件, 494 行
  总计: 233 文件, 7364 行

📈 质量指标:
  文档覆盖率: 100.0%
  类型注解覆盖率: 40.3%

⚠️ 需要改进的文件:
  - 02/lucun/star/c_02_001.py (缺少类型注解)
  - 02/lucun/star/c_02_002.py (缺少类型注解)
  - 02/lucun/star/c_02_003.py (缺少类型注解)
  - 02/lucun/star/c_02_004.py (缺少类型注解)
  - 02/lucun/star/c_02_005.py (缺少类型注解)
  - 02/lucun/star/p2_02_004.py (缺少类型注解)
  - 02/lucun/star/p2_02_005.py (缺少类型注解)
  - 02/lucun/star/p2_02_006.py (缺少类型注解)
  - 02/lucun/star/p3_02_003.py (缺少类型注解)
  - 02/lucun/star/p3_02_004.py (缺少类型注解)
  - 02/lucun/star/p4_02_003.py (缺少类型注解)
  - 02/lucun/star/p4_02_004.py (缺少类型注解)
  - 02/lucun/star/task_01.py (缺少类型注解)
  - 02/lucun/star/task_02.py (缺少类型注解)
  - 02/lucun/star/task_03.py (缺少类型注解)
  - 02/lucun/star/task_04.py (缺少类型注解)
  - 02/lucun/star/task_05.py (缺少类型注解)
  - 02/lucun/star/task_06.py (缺少类型注解)
  - 02/lucun/star/task_07.py (缺少类型注解)
  - 02/lucun/star/task_08.py (缺少类型注解)
  - 02/lucun/star/xj02_001.py (缺少类型注解)
  - 02/lucun/star/xj02_002.py (缺少类型注解)
  - 02/lucun/star/xj02_003.py (缺少类型注解)
  - 02/lucun/star/xj02_004.py (缺少类型注解)
  - 02/lucun/star/xj02_p0_001.py (缺少类型注解)
  - 02/lucun/star/xj02_p0_002.py (缺少类型注解)
  - 02/lucun/star/xj02_p0_003.py (缺少类型注解)
  - 02/lucun/star/xj02_p1_001.py (缺少类型注解)
  - 02/lucun/star/xj02_p1_003.py (缺少类型注解)
  - 02/lucun/star/xj02_p2_001.py (缺少类型注解)
  - 02/lucun/star/xj02_p2_002.py (缺少类型注解)
  - 02/lucun/star/xj_p3_002.py (缺少类型注解)
  - 04/lianzheng/star/obj_04_001.py (缺少类型注解)
  - 04/lianzheng/star/obj_04_002.py (缺少类型注解)
  - 04/lianzheng/star/obj_04_003.py (缺少类型注解)
  - 04/lianzheng/star/p2_04_009.py (缺少类型注解)
  - 04/lianzheng/star/p2_04_010.py (缺少类型注解)
  - 04/lianzheng/star/p3_04_007.py (缺少类型注解)
  - 04/lianzheng/star/p3_04_008.py (缺少类型注解)
  - 04/lianzheng/star/p4_04_007.py (缺少类型注解)
  - 04/lianzheng/star/p4_04_008.py (缺少类型注解)
  - 04/lianzheng/star/xj04_001.py (缺少类型注解)
  - 04/lianzheng/star/xj04_002.py (缺少类型注解)
  - 04/lianzheng/star/xj04_003.py (缺少类型注解)
  - 04/lianzheng/star/xj04_004.py (缺少类型注解)
  - 04/lianzheng/star/xj04_005.py (缺少类型注解)
  - 04/lianzheng/star/xj04_p1_001.py (缺少类型注解)
  - 04/lianzheng/star/xj04_p1_002.py (缺少类型注解)
  - 04/lianzheng/star/xj04_p1_003.py (缺少类型注解)
  - 04/lianzheng/star/xj04_p1_004.py (缺少类型注解)
  - 04/lianzheng/star/xj04_p1_005.py (缺少类型注解)
  - 04/lianzheng/star/xj04_p2_001.py (缺少类型注解)
  - 04/lianzheng/star/xj04_p2_002.py (缺少类型注解)
  - 05/wuqu/star/obj_05_001.py (缺少类型注解)
  - 05/wuqu/star/obj_05_002.py (缺少类型注解)
  - 05/wuqu/star/obj_05_003.py (缺少类型注解)
  - 05/wuqu/star/p2_05_011.py (缺少类型注解)
  - 05/wuqu/star/p2_05_012.py (缺少类型注解)
  - 05/wuqu/star/p3_05_009.py (缺少类型注解)
  - 05/wuqu/star/p3_05_010.py (缺少类型注解)
  - 05/wuqu/star/p4_05_009.py (缺少类型注解)
  - 05/wuqu/star/p4_05_010.py (缺少类型注解)
  - 05/wuqu/star/xj05_001.py (缺少类型注解)
  - 05/wuqu/star/xj05_002.py (缺少类型注解)
  - 05/wuqu/star/xj05_003.py (缺少类型注解)
  - 05/wuqu/star/xj05_004.py (缺少类型注解)
  - 05/wuqu/star/xj05_005.py (缺少类型注解)
  - 05/wuqu/star/xj05_p1_001.py (缺少类型注解)
  - 05/wuqu/star/xj05_p1_002.py (缺少类型注解)
  - 05/wuqu/star/xj05_p1_003.py (缺少类型注解)
  - 05/wuqu/star/xj05_p1_004.py (缺少类型注解)
  - 05/wuqu/star/xj05_p1_005.py (缺少类型注解)
  - 05/wuqu/star/xj05_p2_001.py (缺少类型注解)
  - 05/wuqu/star/xj05_p2_002.py (缺少类型注解)
  - 06/pojun/star/obj_06_001.py (缺少类型注解)
  - 06/pojun/star/obj_06_002.py (缺少类型注解)
  - 06/pojun/star/obj_06_003.py (缺少类型注解)
  - 06/pojun/star/p2_06_013.py (缺少类型注解)
  - 06/pojun/star/p2_06_014.py (缺少类型注解)
  - 06/pojun/star/p3_06_011.py (缺少类型注解)
  - 06/pojun/star/p3_06_012.py (缺少类型注解)
  - 06/pojun/star/p4_06_011.py (缺少类型注解)
  - 06/pojun/star/p4_06_012.py (缺少类型注解)
  - 06/pojun/star/xj06_001.py (缺少类型注解)
  - 06/pojun/star/xj06_002.py (缺少类型注解)
  - 06/pojun/star/xj06_003.py (缺少类型注解)
  - 06/pojun/star/xj06_004.py (缺少类型注解)
  - 06/pojun/star/xj06_005.py (缺少类型注解)
  - 06/pojun/star/xj06_p1_001.py (缺少类型注解)
  - 06/pojun/star/xj06_p1_002.py (缺少类型注解)
  - 06/pojun/star/xj06_p1_003.py (缺少类型注解)
  - 06/pojun/star/xj06_p1_004.py (缺少类型注解)
  - 06/pojun/star/xj06_p1_005.py (缺少类型注解)
  - 06/pojun/star/xj06_p2_001.py (缺少类型注解)
  - 06/pojun/star/xj06_p2_002.py (缺少类型注解)
  - 07/zuofu/star/obj_07_001.py (缺少类型注解)
  - 07/zuofu/star/obj_07_002.py (缺少类型注解)
  - 07/zuofu/star/obj_07_003.py (缺少类型注解)
  - 07/zuofu/star/obj_07_004.py (缺少类型注解)
  - 07/zuofu/star/p2_07_015.py (缺少类型注解)
  - 07/zuofu/star/p2_07_016.py (缺少类型注解)
  - 07/zuofu/star/p3_07_013.py (缺少类型注解)
  - 07/zuofu/star/p3_07_014.py (缺少类型注解)
  - 07/zuofu/star/p4_07_013.py (缺少类型注解)
  - 07/zuofu/star/p4_07_014.py (缺少类型注解)
  - 07/zuofu/star/xj07_001.py (缺少类型注解)
  - 07/zuofu/star/xj07_002.py (缺少类型注解)
  - 07/zuofu/star/xj07_003.py (缺少类型注解)
  - 07/zuofu/star/xj07_004.py (缺少类型注解)
  - 07/zuofu/star/xj07_005.py (缺少类型注解)
  - 07/zuofu/star/xj07_p1_001.py (缺少类型注解)
  - 07/zuofu/star/xj07_p1_002.py (缺少类型注解)
  - 07/zuofu/star/xj07_p1_003.py (缺少类型注解)
  - 07/zuofu/star/xj07_p1_004.py (缺少类型注解)
  - 07/zuofu/star/xj07_p1_005.py (缺少类型注解)
  - 07/zuofu/star/xj07_p2_001.py (缺少类型注解)
  - 08/youbi/star/obj_08_001.py (缺少类型注解)
  - 08/youbi/star/obj_08_002.py (缺少类型注解)
  - 08/youbi/star/obj_08_003.py (缺少类型注解)
  - 08/youbi/star/p2_08_017.py (缺少类型注解)
  - 08/youbi/star/p2_08_018.py (缺少类型注解)
  - 08/youbi/star/p3_08_015.py (缺少类型注解)
  - 08/youbi/star/p3_08_016.py (缺少类型注解)
  - 08/youbi/star/p4_08_015.py (缺少类型注解)
  - 08/youbi/star/p4_08_016.py (缺少类型注解)
  - 08/youbi/star/xj08_001.py (缺少类型注解)
  - 08/youbi/star/xj08_003.py (缺少类型注解)
  - 08/youbi/star/xj08_004.py (缺少类型注解)
  - 08/youbi/star/xj08_p1_001.py (缺少类型注解)
  - 08/youbi/star/xj08_p1_003.py (缺少类型注解)
  - 08/youbi/star/xj08_p1_004.py (缺少类型注解)
  - 08/youbi/star/xj_p3_006.py (缺少类型注解)
  - 08/youbi/star/xj_p3_007.py (缺少类型注解)
  - 09/tanlang/star/obj_09_001.py (缺少类型注解)
  - 09/tanlang/star/obj_09_002.py (缺少类型注解)
  - 09/tanlang/star/obj_09_003.py (缺少类型注解)
  - 09/tanlang/star/p2_09_019.py (缺少类型注解)
  - 09/tanlang/star/p2_09_020.py (缺少类型注解)
  - 09/tanlang/star/p3_09_017.py (缺少类型注解)
  - 09/tanlang/star/p3_09_018.py (缺少类型注解)
  - 09/tanlang/star/p4_09_017.py (缺少类型注解)
  - 09/tanlang/star/p4_09_018.py (缺少类型注解)
  - 09/tanlang/star/xj09_001.py (缺少类型注解)
  - 09/tanlang/star/xj09_002.py (缺少类型注解)
  - 09/tanlang/star/xj09_003.py (缺少类型注解)
  - 09/tanlang/star/xj09_004.py (缺少类型注解)
  - 09/tanlang/star/xj09_005.py (缺少类型注解)
  - 09/tanlang/star/xj09_p1_001.py (缺少类型注解)
  - 09/tanlang/star/xj09_p1_002.py (缺少类型注解)
  - 09/tanlang/star/xj09_p1_003.py (缺少类型注解)
  - 09/tanlang/star/xj09_p1_004.py (缺少类型注解)
  - 09/tanlang/star/xj09_p1_005.py (缺少类型注解)
  - 10/fubi/star/obj_10_001.py (缺少类型注解)
  - 10/fubi/star/obj_10_002.py (缺少类型注解)
  - 10/fubi/star/obj_10_003.py (缺少类型注解)
  - 10/fubi/star/p2_10_021.py (缺少类型注解)
  - 10/fubi/star/p2_10_022.py (缺少类型注解)
  - 10/fubi/star/p3_10_019.py (缺少类型注解)
  - 10/fubi/star/p3_10_020.py (缺少类型注解)
  - 10/fubi/star/p4_10_019.py (缺少类型注解)
  - 10/fubi/star/p4_10_020.py (缺少类型注解)
  - 10/fubi/star/xj10_001.py (缺少类型注解)
  - 10/fubi/star/xj10_002.py (缺少类型注解)
  - 10/fubi/star/xj10_003.py (缺少类型注解)
  - 10/fubi/star/xj10_004.py (缺少类型注解)
  - 10/fubi/star/xj10_005.py (缺少类型注解)
  - 10/fubi/star/xj10_p1_001.py (缺少类型注解)
  - 10/fubi/star/xj10_p1_002.py (缺少类型注解)
  - 10/fubi/star/xj10_p1_003.py (缺少类型注解)
  - 10/fubi/star/xj10_p1_004.py (缺少类型注解)
  - 10/fubi/star/xj10_p1_005.py (缺少类型注解)

=== 质检完成 ===
发现问题文件: 171 个
=== 张志远(002) 代码质检任务 ===
时间: Mon Mar 23 08:00:01 AM CST 2026

📊 代码统计:
  XJ-01: 38 文件, 1634 行
  XJ-02: 32 文件, 1216 行
  XJ-03: 22 文件, 814 行
  XJ-04: 21 文件, 546 行
  XJ-05: 21 文件, 546 行
  XJ-06: 21 文件, 546 行
  XJ-07: 21 文件, 546 行
  XJ-08: 19 文件, 528 行
  XJ-09: 19 文件, 494 行
  XJ-10: 19 文件, 494 行
  总计: 233 文件, 7364 行

📈 质量指标:
  文档覆盖率: 100.0%
  类型注解覆盖率: 40.3%

⚠️ 需要改进的文件:
  - 02/lucun/star/c_02_001.py (缺少类型注解)
  - 02/lucun/star/c_02_002.py (缺少类型注解)
  - 02/lucun/star/c_02_003.py (缺少类型注解)
  - 02/lucun/star/c_02_004.py (缺少类型注解)
  - 02/lucun/star/c_02_005.py (缺少类型注解)
  - 02/lucun/star/p2_02_004.py (缺少类型注解)
  - 02/lucun/star/p2_02_005.py (缺少类型注解)
  - 02/lucun/star/p2_02_006.py (缺少类型注解)
  - 02/lucun/star/p3_02_003.py (缺少类型注解)
  - 02/lucun/star/p3_02_004.py (缺少类型注解)
  - 02/lucun/star/p4_02_003.py (缺少类型注解)
  - 02/lucun/star/p4_02_004.py (缺少类型注解)
  - 02/lucun/star/task_01.py (缺少类型注解)
  - 02/lucun/star/task_02.py (缺少类型注解)
  - 02/lucun/star/task_03.py (缺少类型注解)
  - 02/lucun/star/task_04.py (缺少类型注解)
  - 02/lucun/star/task_05.py (缺少类型注解)
  - 02/lucun/star/task_06.py (缺少类型注解)
  - 02/lucun/star/task_07.py (缺少类型注解)
  - 02/lucun/star/task_08.py (缺少类型注解)
  - 02/lucun/star/xj02_001.py (缺少类型注解)
  - 02/lucun/star/xj02_002.py (缺少类型注解)
  - 02/lucun/star/xj02_003.py (缺少类型注解)
  - 02/lucun/star/xj02_004.py (缺少类型注解)
  - 02/lucun/star/xj02_p0_001.py (缺少类型注解)
  - 02/lucun/star/xj02_p0_002.py (缺少类型注解)
  - 02/lucun/star/xj02_p0_003.py (缺少类型注解)
  - 02/lucun/star/xj02_p1_001.py (缺少类型注解)
  - 02/lucun/star/xj02_p1_003.py (缺少类型注解)
  - 02/lucun/star/xj02_p2_001.py (缺少类型注解)
  - 02/lucun/star/xj02_p2_002.py (缺少类型注解)
  - 02/lucun/star/xj_p3_002.py (缺少类型注解)
  - 04/lianzheng/star/obj_04_001.py (缺少类型注解)
  - 04/lianzheng/star/obj_04_002.py (缺少类型注解)
  - 04/lianzheng/star/obj_04_003.py (缺少类型注解)
  - 04/lianzheng/star/p2_04_009.py (缺少类型注解)
  - 04/lianzheng/star/p2_04_010.py (缺少类型注解)
  - 04/lianzheng/star/p3_04_007.py (缺少类型注解)
  - 04/lianzheng/star/p3_04_008.py (缺少类型注解)
  - 04/lianzheng/star/p4_04_007.py (缺少类型注解)
  - 04/lianzheng/star/p4_04_008.py (缺少类型注解)
  - 04/lianzheng/star/xj04_001.py (缺少类型注解)
  - 04/lianzheng/star/xj04_002.py (缺少类型注解)
  - 04/lianzheng/star/xj04_003.py (缺少类型注解)
  - 04/lianzheng/star/xj04_004.py (缺少类型注解)
  - 04/lianzheng/star/xj04_005.py (缺少类型注解)
  - 04/lianzheng/star/xj04_p1_001.py (缺少类型注解)
  - 04/lianzheng/star/xj04_p1_002.py (缺少类型注解)
  - 04/lianzheng/star/xj04_p1_003.py (缺少类型注解)
  - 04/lianzheng/star/xj04_p1_004.py (缺少类型注解)
  - 04/lianzheng/star/xj04_p1_005.py (缺少类型注解)
  - 04/lianzheng/star/xj04_p2_001.py (缺少类型注解)
  - 04/lianzheng/star/xj04_p2_002.py (缺少类型注解)
  - 05/wuqu/star/obj_05_001.py (缺少类型注解)
  - 05/wuqu/star/obj_05_002.py (缺少类型注解)
  - 05/wuqu/star/obj_05_003.py (缺少类型注解)
  - 05/wuqu/star/p2_05_011.py (缺少类型注解)
  - 05/wuqu/star/p2_05_012.py (缺少类型注解)
  - 05/wuqu/star/p3_05_009.py (缺少类型注解)
  - 05/wuqu/star/p3_05_010.py (缺少类型注解)
  - 05/wuqu/star/p4_05_009.py (缺少类型注解)
  - 05/wuqu/star/p4_05_010.py (缺少类型注解)
  - 05/wuqu/star/xj05_001.py (缺少类型注解)
  - 05/wuqu/star/xj05_002.py (缺少类型注解)
  - 05/wuqu/star/xj05_003.py (缺少类型注解)
  - 05/wuqu/star/xj05_004.py (缺少类型注解)
  - 05/wuqu/star/xj05_005.py (缺少类型注解)
  - 05/wuqu/star/xj05_p1_001.py (缺少类型注解)
  - 05/wuqu/star/xj05_p1_002.py (缺少类型注解)
  - 05/wuqu/star/xj05_p1_003.py (缺少类型注解)
  - 05/wuqu/star/xj05_p1_004.py (缺少类型注解)
  - 05/wuqu/star/xj05_p1_005.py (缺少类型注解)
  - 05/wuqu/star/xj05_p2_001.py (缺少类型注解)
  - 05/wuqu/star/xj05_p2_002.py (缺少类型注解)
  - 06/pojun/star/obj_06_001.py (缺少类型注解)
  - 06/pojun/star/obj_06_002.py (缺少类型注解)
  - 06/pojun/star/obj_06_003.py (缺少类型注解)
  - 06/pojun/star/p2_06_013.py (缺少类型注解)
  - 06/pojun/star/p2_06_014.py (缺少类型注解)
  - 06/pojun/star/p3_06_011.py (缺少类型注解)
  - 06/pojun/star/p3_06_012.py (缺少类型注解)
  - 06/pojun/star/p4_06_011.py (缺少类型注解)
  - 06/pojun/star/p4_06_012.py (缺少类型注解)
  - 06/pojun/star/xj06_001.py (缺少类型注解)
  - 06/pojun/star/xj06_002.py (缺少类型注解)
  - 06/pojun/star/xj06_003.py (缺少类型注解)
  - 06/pojun/star/xj06_004.py (缺少类型注解)
  - 06/pojun/star/xj06_005.py (缺少类型注解)
  - 06/pojun/star/xj06_p1_001.py (缺少类型注解)
  - 06/pojun/star/xj06_p1_002.py (缺少类型注解)
  - 06/pojun/star/xj06_p1_003.py (缺少类型注解)
  - 06/pojun/star/xj06_p1_004.py (缺少类型注解)
  - 06/pojun/star/xj06_p1_005.py (缺少类型注解)
  - 06/pojun/star/xj06_p2_001.py (缺少类型注解)
  - 06/pojun/star/xj06_p2_002.py (缺少类型注解)
  - 07/zuofu/star/obj_07_001.py (缺少类型注解)
  - 07/zuofu/star/obj_07_002.py (缺少类型注解)
  - 07/zuofu/star/obj_07_003.py (缺少类型注解)
  - 07/zuofu/star/obj_07_004.py (缺少类型注解)
  - 07/zuofu/star/p2_07_015.py (缺少类型注解)
  - 07/zuofu/star/p2_07_016.py (缺少类型注解)
  - 07/zuofu/star/p3_07_013.py (缺少类型注解)
  - 07/zuofu/star/p3_07_014.py (缺少类型注解)
  - 07/zuofu/star/p4_07_013.py (缺少类型注解)
  - 07/zuofu/star/p4_07_014.py (缺少类型注解)
  - 07/zuofu/star/xj07_001.py (缺少类型注解)
  - 07/zuofu/star/xj07_002.py (缺少类型注解)
  - 07/zuofu/star/xj07_003.py (缺少类型注解)
  - 07/zuofu/star/xj07_004.py (缺少类型注解)
  - 07/zuofu/star/xj07_005.py (缺少类型注解)
  - 07/zuofu/star/xj07_p1_001.py (缺少类型注解)
  - 07/zuofu/star/xj07_p1_002.py (缺少类型注解)
  - 07/zuofu/star/xj07_p1_003.py (缺少类型注解)
  - 07/zuofu/star/xj07_p1_004.py (缺少类型注解)
  - 07/zuofu/star/xj07_p1_005.py (缺少类型注解)
  - 07/zuofu/star/xj07_p2_001.py (缺少类型注解)
  - 08/youbi/star/obj_08_001.py (缺少类型注解)
  - 08/youbi/star/obj_08_002.py (缺少类型注解)
  - 08/youbi/star/obj_08_003.py (缺少类型注解)
  - 08/youbi/star/p2_08_017.py (缺少类型注解)
  - 08/youbi/star/p2_08_018.py (缺少类型注解)
  - 08/youbi/star/p3_08_015.py (缺少类型注解)
  - 08/youbi/star/p3_08_016.py (缺少类型注解)
  - 08/youbi/star/p4_08_015.py (缺少类型注解)
  - 08/youbi/star/p4_08_016.py (缺少类型注解)
  - 08/youbi/star/xj08_001.py (缺少类型注解)
  - 08/youbi/star/xj08_003.py (缺少类型注解)
  - 08/youbi/star/xj08_004.py (缺少类型注解)
  - 08/youbi/star/xj08_p1_001.py (缺少类型注解)
  - 08/youbi/star/xj08_p1_003.py (缺少类型注解)
  - 08/youbi/star/xj08_p1_004.py (缺少类型注解)
  - 08/youbi/star/xj_p3_006.py (缺少类型注解)
  - 08/youbi/star/xj_p3_007.py (缺少类型注解)
  - 09/tanlang/star/obj_09_001.py (缺少类型注解)
  - 09/tanlang/star/obj_09_002.py (缺少类型注解)
  - 09/tanlang/star/obj_09_003.py (缺少类型注解)
  - 09/tanlang/star/p2_09_019.py (缺少类型注解)
  - 09/tanlang/star/p2_09_020.py (缺少类型注解)
  - 09/tanlang/star/p3_09_017.py (缺少类型注解)
  - 09/tanlang/star/p3_09_018.py (缺少类型注解)
  - 09/tanlang/star/p4_09_017.py (缺少类型注解)
  - 09/tanlang/star/p4_09_018.py (缺少类型注解)
  - 09/tanlang/star/xj09_001.py (缺少类型注解)
  - 09/tanlang/star/xj09_002.py (缺少类型注解)
  - 09/tanlang/star/xj09_003.py (缺少类型注解)
  - 09/tanlang/star/xj09_004.py (缺少类型注解)
  - 09/tanlang/star/xj09_005.py (缺少类型注解)
  - 09/tanlang/star/xj09_p1_001.py (缺少类型注解)
  - 09/tanlang/star/xj09_p1_002.py (缺少类型注解)
  - 09/tanlang/star/xj09_p1_003.py (缺少类型注解)
  - 09/tanlang/star/xj09_p1_004.py (缺少类型注解)
  - 09/tanlang/star/xj09_p1_005.py (缺少类型注解)
  - 10/fubi/star/obj_10_001.py (缺少类型注解)
  - 10/fubi/star/obj_10_002.py (缺少类型注解)
  - 10/fubi/star/obj_10_003.py (缺少类型注解)
  - 10/fubi/star/p2_10_021.py (缺少类型注解)
  - 10/fubi/star/p2_10_022.py (缺少类型注解)
  - 10/fubi/star/p3_10_019.py (缺少类型注解)
  - 10/fubi/star/p3_10_020.py (缺少类型注解)
  - 10/fubi/star/p4_10_019.py (缺少类型注解)
  - 10/fubi/star/p4_10_020.py (缺少类型注解)
  - 10/fubi/star/xj10_001.py (缺少类型注解)
  - 10/fubi/star/xj10_002.py (缺少类型注解)
  - 10/fubi/star/xj10_003.py (缺少类型注解)
  - 10/fubi/star/xj10_004.py (缺少类型注解)
  - 10/fubi/star/xj10_005.py (缺少类型注解)
  - 10/fubi/star/xj10_p1_001.py (缺少类型注解)
  - 10/fubi/star/xj10_p1_002.py (缺少类型注解)
  - 10/fubi/star/xj10_p1_003.py (缺少类型注解)
  - 10/fubi/star/xj10_p1_004.py (缺少类型注解)
  - 10/fubi/star/xj10_p1_005.py (缺少类型注解)

=== 质检完成 ===
发现问题文件: 171 个
=== 张志远(002) 代码质检任务 ===
时间: Mon Mar 23 08:30:01 AM CST 2026

📊 代码统计:
  XJ-01: 38 文件, 1634 行
  XJ-02: 33 文件, 1254 行
  XJ-03: 23 文件, 851 行
  XJ-04: 23 文件, 598 行
  XJ-05: 22 文件, 572 行
  XJ-06: 22 文件, 572 行
  XJ-07: 21 文件, 546 行
  XJ-08: 22 文件, 606 行
  XJ-09: 22 文件, 572 行
  XJ-10: 19 文件, 494 行
  总计: 245 文件, 7699 行

📈 质量指标:
  文档覆盖率: 100.0%
  类型注解覆盖率: 39.2%

⚠️ 需要改进的文件:
  - 02/lucun/star/c_02_001.py (缺少类型注解)
  - 02/lucun/star/c_02_002.py (缺少类型注解)
  - 02/lucun/star/c_02_003.py (缺少类型注解)
  - 02/lucun/star/c_02_004.py (缺少类型注解)
  - 02/lucun/star/c_02_005.py (缺少类型注解)
  - 02/lucun/star/p2_02_004.py (缺少类型注解)
  - 02/lucun/star/p2_02_005.py (缺少类型注解)
  - 02/lucun/star/p2_02_006.py (缺少类型注解)
  - 02/lucun/star/p3_02_003.py (缺少类型注解)
  - 02/lucun/star/p3_02_004.py (缺少类型注解)
  - 02/lucun/star/p4_02_003.py (缺少类型注解)
  - 02/lucun/star/p4_02_004.py (缺少类型注解)
  - 02/lucun/star/task_01.py (缺少类型注解)
  - 02/lucun/star/task_02.py (缺少类型注解)
  - 02/lucun/star/task_03.py (缺少类型注解)
  - 02/lucun/star/task_04.py (缺少类型注解)
  - 02/lucun/star/task_05.py (缺少类型注解)
  - 02/lucun/star/task_06.py (缺少类型注解)
  - 02/lucun/star/task_07.py (缺少类型注解)
  - 02/lucun/star/task_08.py (缺少类型注解)
  - 02/lucun/star/task_9.py (缺少类型注解)
  - 02/lucun/star/xj02_001.py (缺少类型注解)
  - 02/lucun/star/xj02_002.py (缺少类型注解)
  - 02/lucun/star/xj02_003.py (缺少类型注解)
  - 02/lucun/star/xj02_004.py (缺少类型注解)
  - 02/lucun/star/xj02_p0_001.py (缺少类型注解)
  - 02/lucun/star/xj02_p0_002.py (缺少类型注解)
  - 02/lucun/star/xj02_p0_003.py (缺少类型注解)
  - 02/lucun/star/xj02_p1_001.py (缺少类型注解)
  - 02/lucun/star/xj02_p1_003.py (缺少类型注解)
  - 02/lucun/star/xj02_p2_001.py (缺少类型注解)
  - 02/lucun/star/xj02_p2_002.py (缺少类型注解)
  - 02/lucun/star/xj_p3_002.py (缺少类型注解)
  - 04/lianzheng/star/obj_04_001.py (缺少类型注解)
  - 04/lianzheng/star/obj_04_002.py (缺少类型注解)
  - 04/lianzheng/star/obj_04_003.py (缺少类型注解)
  - 04/lianzheng/star/p2_04_009.py (缺少类型注解)
  - 04/lianzheng/star/p2_04_010.py (缺少类型注解)
  - 04/lianzheng/star/p3_04_007.py (缺少类型注解)
  - 04/lianzheng/star/p3_04_008.py (缺少类型注解)
  - 04/lianzheng/star/p4_04_007.py (缺少类型注解)
  - 04/lianzheng/star/p4_04_008.py (缺少类型注解)
  - 04/lianzheng/star/task_11.py (缺少类型注解)
  - 04/lianzheng/star/task_12.py (缺少类型注解)
  - 04/lianzheng/star/xj04_001.py (缺少类型注解)
  - 04/lianzheng/star/xj04_002.py (缺少类型注解)
  - 04/lianzheng/star/xj04_003.py (缺少类型注解)
  - 04/lianzheng/star/xj04_004.py (缺少类型注解)
  - 04/lianzheng/star/xj04_005.py (缺少类型注解)
  - 04/lianzheng/star/xj04_p1_001.py (缺少类型注解)
  - 04/lianzheng/star/xj04_p1_002.py (缺少类型注解)
  - 04/lianzheng/star/xj04_p1_003.py (缺少类型注解)
  - 04/lianzheng/star/xj04_p1_004.py (缺少类型注解)
  - 04/lianzheng/star/xj04_p1_005.py (缺少类型注解)
  - 04/lianzheng/star/xj04_p2_001.py (缺少类型注解)
  - 04/lianzheng/star/xj04_p2_002.py (缺少类型注解)
  - 05/wuqu/star/obj_05_001.py (缺少类型注解)
  - 05/wuqu/star/obj_05_002.py (缺少类型注解)
  - 05/wuqu/star/obj_05_003.py (缺少类型注解)
  - 05/wuqu/star/p2_05_011.py (缺少类型注解)
  - 05/wuqu/star/p2_05_012.py (缺少类型注解)
  - 05/wuqu/star/p3_05_009.py (缺少类型注解)
  - 05/wuqu/star/p3_05_010.py (缺少类型注解)
  - 05/wuqu/star/p4_05_009.py (缺少类型注解)
  - 05/wuqu/star/p4_05_010.py (缺少类型注解)
  - 05/wuqu/star/task_13.py (缺少类型注解)
  - 05/wuqu/star/xj05_001.py (缺少类型注解)
  - 05/wuqu/star/xj05_002.py (缺少类型注解)
  - 05/wuqu/star/xj05_003.py (缺少类型注解)
  - 05/wuqu/star/xj05_004.py (缺少类型注解)
  - 05/wuqu/star/xj05_005.py (缺少类型注解)
  - 05/wuqu/star/xj05_p1_001.py (缺少类型注解)
  - 05/wuqu/star/xj05_p1_002.py (缺少类型注解)
  - 05/wuqu/star/xj05_p1_003.py (缺少类型注解)
  - 05/wuqu/star/xj05_p1_004.py (缺少类型注解)
  - 05/wuqu/star/xj05_p1_005.py (缺少类型注解)
  - 05/wuqu/star/xj05_p2_001.py (缺少类型注解)
  - 05/wuqu/star/xj05_p2_002.py (缺少类型注解)
  - 06/pojun/star/obj_06_001.py (缺少类型注解)
  - 06/pojun/star/obj_06_002.py (缺少类型注解)
  - 06/pojun/star/obj_06_003.py (缺少类型注解)
  - 06/pojun/star/p2_06_013.py (缺少类型注解)
  - 06/pojun/star/p2_06_014.py (缺少类型注解)
  - 06/pojun/star/p3_06_011.py (缺少类型注解)
  - 06/pojun/star/p3_06_012.py (缺少类型注解)
  - 06/pojun/star/p4_06_011.py (缺少类型注解)
  - 06/pojun/star/p4_06_012.py (缺少类型注解)
  - 06/pojun/star/task_14.py (缺少类型注解)
  - 06/pojun/star/xj06_001.py (缺少类型注解)
  - 06/pojun/star/xj06_002.py (缺少类型注解)
  - 06/pojun/star/xj06_003.py (缺少类型注解)
  - 06/pojun/star/xj06_004.py (缺少类型注解)
  - 06/pojun/star/xj06_005.py (缺少类型注解)
  - 06/pojun/star/xj06_p1_001.py (缺少类型注解)
  - 06/pojun/star/xj06_p1_002.py (缺少类型注解)
  - 06/pojun/star/xj06_p1_003.py (缺少类型注解)
  - 06/pojun/star/xj06_p1_004.py (缺少类型注解)
  - 06/pojun/star/xj06_p1_005.py (缺少类型注解)
  - 06/pojun/star/xj06_p2_001.py (缺少类型注解)
  - 06/pojun/star/xj06_p2_002.py (缺少类型注解)
  - 07/zuofu/star/obj_07_001.py (缺少类型注解)
  - 07/zuofu/star/obj_07_002.py (缺少类型注解)
  - 07/zuofu/star/obj_07_003.py (缺少类型注解)
  - 07/zuofu/star/obj_07_004.py (缺少类型注解)
  - 07/zuofu/star/p2_07_015.py (缺少类型注解)
  - 07/zuofu/star/p2_07_016.py (缺少类型注解)
  - 07/zuofu/star/p3_07_013.py (缺少类型注解)
  - 07/zuofu/star/p3_07_014.py (缺少类型注解)
  - 07/zuofu/star/p4_07_013.py (缺少类型注解)
  - 07/zuofu/star/p4_07_014.py (缺少类型注解)
  - 07/zuofu/star/xj07_001.py (缺少类型注解)
  - 07/zuofu/star/xj07_002.py (缺少类型注解)
  - 07/zuofu/star/xj07_003.py (缺少类型注解)
  - 07/zuofu/star/xj07_004.py (缺少类型注解)
  - 07/zuofu/star/xj07_005.py (缺少类型注解)
  - 07/zuofu/star/xj07_p1_001.py (缺少类型注解)
  - 07/zuofu/star/xj07_p1_002.py (缺少类型注解)
  - 07/zuofu/star/xj07_p1_003.py (缺少类型注解)
  - 07/zuofu/star/xj07_p1_004.py (缺少类型注解)
  - 07/zuofu/star/xj07_p1_005.py (缺少类型注解)
  - 07/zuofu/star/xj07_p2_001.py (缺少类型注解)
  - 08/youbi/star/obj_08_001.py (缺少类型注解)
  - 08/youbi/star/obj_08_002.py (缺少类型注解)
  - 08/youbi/star/obj_08_003.py (缺少类型注解)
  - 08/youbi/star/p2_08_017.py (缺少类型注解)
  - 08/youbi/star/p2_08_018.py (缺少类型注解)
  - 08/youbi/star/p3_08_015.py (缺少类型注解)
  - 08/youbi/star/p3_08_016.py (缺少类型注解)
  - 08/youbi/star/p4_08_015.py (缺少类型注解)
  - 08/youbi/star/p4_08_016.py (缺少类型注解)
  - 08/youbi/star/task_15.py (缺少类型注解)
  - 08/youbi/star/task_16.py (缺少类型注解)
  - 08/youbi/star/task_17.py (缺少类型注解)
  - 08/youbi/star/xj08_001.py (缺少类型注解)
  - 08/youbi/star/xj08_003.py (缺少类型注解)
  - 08/youbi/star/xj08_004.py (缺少类型注解)
  - 08/youbi/star/xj08_p1_001.py (缺少类型注解)
  - 08/youbi/star/xj08_p1_003.py (缺少类型注解)
  - 08/youbi/star/xj08_p1_004.py (缺少类型注解)
  - 08/youbi/star/xj_p3_006.py (缺少类型注解)
  - 08/youbi/star/xj_p3_007.py (缺少类型注解)
  - 09/tanlang/star/obj_09_001.py (缺少类型注解)
  - 09/tanlang/star/obj_09_002.py (缺少类型注解)
  - 09/tanlang/star/obj_09_003.py (缺少类型注解)
  - 09/tanlang/star/p2_09_019.py (缺少类型注解)
  - 09/tanlang/star/p2_09_020.py (缺少类型注解)
  - 09/tanlang/star/p3_09_017.py (缺少类型注解)
  - 09/tanlang/star/p3_09_018.py (缺少类型注解)
  - 09/tanlang/star/p4_09_017.py (缺少类型注解)
  - 09/tanlang/star/p4_09_018.py (缺少类型注解)
  - 09/tanlang/star/task_18.py (缺少类型注解)
  - 09/tanlang/star/task_19.py (缺少类型注解)
  - 09/tanlang/star/task_20.py (缺少类型注解)
  - 09/tanlang/star/xj09_001.py (缺少类型注解)
  - 09/tanlang/star/xj09_002.py (缺少类型注解)
  - 09/tanlang/star/xj09_003.py (缺少类型注解)
  - 09/tanlang/star/xj09_004.py (缺少类型注解)
  - 09/tanlang/star/xj09_005.py (缺少类型注解)
  - 09/tanlang/star/xj09_p1_001.py (缺少类型注解)
  - 09/tanlang/star/xj09_p1_002.py (缺少类型注解)
  - 09/tanlang/star/xj09_p1_003.py (缺少类型注解)
  - 09/tanlang/star/xj09_p1_004.py (缺少类型注解)
  - 09/tanlang/star/xj09_p1_005.py (缺少类型注解)
  - 10/fubi/star/obj_10_001.py (缺少类型注解)
  - 10/fubi/star/obj_10_002.py (缺少类型注解)
  - 10/fubi/star/obj_10_003.py (缺少类型注解)
  - 10/fubi/star/p2_10_021.py (缺少类型注解)
  - 10/fubi/star/p2_10_022.py (缺少类型注解)
  - 10/fubi/star/p3_10_019.py (缺少类型注解)
  - 10/fubi/star/p3_10_020.py (缺少类型注解)
  - 10/fubi/star/p4_10_019.py (缺少类型注解)
  - 10/fubi/star/p4_10_020.py (缺少类型注解)
  - 10/fubi/star/xj10_001.py (缺少类型注解)
  - 10/fubi/star/xj10_002.py (缺少类型注解)
  - 10/fubi/star/xj10_003.py (缺少类型注解)
  - 10/fubi/star/xj10_004.py (缺少类型注解)
  - 10/fubi/star/xj10_005.py (缺少类型注解)
  - 10/fubi/star/xj10_p1_001.py (缺少类型注解)
  - 10/fubi/star/xj10_p1_002.py (缺少类型注解)
  - 10/fubi/star/xj10_p1_003.py (缺少类型注解)
  - 10/fubi/star/xj10_p1_004.py (缺少类型注解)
  - 10/fubi/star/xj10_p1_005.py (缺少类型注解)

=== 质检完成 ===
发现问题文件: 182 个
=== 张志远(002) 代码质检任务 ===
时间: Mon Mar 23 09:00:01 AM CST 2026

📊 代码统计:
  XJ-01: 38 文件, 1634 行
  XJ-02: 33 文件, 1254 行
  XJ-03: 23 文件, 851 行
  XJ-04: 23 文件, 598 行
  XJ-05: 22 文件, 572 行
  XJ-06: 22 文件, 572 行
  XJ-07: 21 文件, 546 行
  XJ-08: 22 文件, 606 行
  XJ-09: 22 文件, 572 行
  XJ-10: 19 文件, 494 行
  总计: 245 文件, 7699 行

📈 质量指标:
  文档覆盖率: 100.0%
  类型注解覆盖率: 39.2%

⚠️ 需要改进的文件:
  - 02/lucun/star/c_02_001.py (缺少类型注解)
  - 02/lucun/star/c_02_002.py (缺少类型注解)
  - 02/lucun/star/c_02_003.py (缺少类型注解)
  - 02/lucun/star/c_02_004.py (缺少类型注解)
  - 02/lucun/star/c_02_005.py (缺少类型注解)
  - 02/lucun/star/p2_02_004.py (缺少类型注解)
  - 02/lucun/star/p2_02_005.py (缺少类型注解)
  - 02/lucun/star/p2_02_006.py (缺少类型注解)
  - 02/lucun/star/p3_02_003.py (缺少类型注解)
  - 02/lucun/star/p3_02_004.py (缺少类型注解)
  - 02/lucun/star/p4_02_003.py (缺少类型注解)
  - 02/lucun/star/p4_02_004.py (缺少类型注解)
  - 02/lucun/star/task_01.py (缺少类型注解)
  - 02/lucun/star/task_02.py (缺少类型注解)
  - 02/lucun/star/task_03.py (缺少类型注解)
  - 02/lucun/star/task_04.py (缺少类型注解)
  - 02/lucun/star/task_05.py (缺少类型注解)
  - 02/lucun/star/task_06.py (缺少类型注解)
  - 02/lucun/star/task_07.py (缺少类型注解)
  - 02/lucun/star/task_08.py (缺少类型注解)
  - 02/lucun/star/task_9.py (缺少类型注解)
  - 02/lucun/star/xj02_001.py (缺少类型注解)
  - 02/lucun/star/xj02_002.py (缺少类型注解)
  - 02/lucun/star/xj02_003.py (缺少类型注解)
  - 02/lucun/star/xj02_004.py (缺少类型注解)
  - 02/lucun/star/xj02_p0_001.py (缺少类型注解)
  - 02/lucun/star/xj02_p0_002.py (缺少类型注解)
  - 02/lucun/star/xj02_p0_003.py (缺少类型注解)
  - 02/lucun/star/xj02_p1_001.py (缺少类型注解)
  - 02/lucun/star/xj02_p1_003.py (缺少类型注解)
  - 02/lucun/star/xj02_p2_001.py (缺少类型注解)
  - 02/lucun/star/xj02_p2_002.py (缺少类型注解)
  - 02/lucun/star/xj_p3_002.py (缺少类型注解)
  - 04/lianzheng/star/obj_04_001.py (缺少类型注解)
  - 04/lianzheng/star/obj_04_002.py (缺少类型注解)
  - 04/lianzheng/star/obj_04_003.py (缺少类型注解)
  - 04/lianzheng/star/p2_04_009.py (缺少类型注解)
  - 04/lianzheng/star/p2_04_010.py (缺少类型注解)
  - 04/lianzheng/star/p3_04_007.py (缺少类型注解)
  - 04/lianzheng/star/p3_04_008.py (缺少类型注解)
  - 04/lianzheng/star/p4_04_007.py (缺少类型注解)
  - 04/lianzheng/star/p4_04_008.py (缺少类型注解)
  - 04/lianzheng/star/task_11.py (缺少类型注解)
  - 04/lianzheng/star/task_12.py (缺少类型注解)
  - 04/lianzheng/star/xj04_001.py (缺少类型注解)
  - 04/lianzheng/star/xj04_002.py (缺少类型注解)
  - 04/lianzheng/star/xj04_003.py (缺少类型注解)
  - 04/lianzheng/star/xj04_004.py (缺少类型注解)
  - 04/lianzheng/star/xj04_005.py (缺少类型注解)
  - 04/lianzheng/star/xj04_p1_001.py (缺少类型注解)
  - 04/lianzheng/star/xj04_p1_002.py (缺少类型注解)
  - 04/lianzheng/star/xj04_p1_003.py (缺少类型注解)
  - 04/lianzheng/star/xj04_p1_004.py (缺少类型注解)
  - 04/lianzheng/star/xj04_p1_005.py (缺少类型注解)
  - 04/lianzheng/star/xj04_p2_001.py (缺少类型注解)
  - 04/lianzheng/star/xj04_p2_002.py (缺少类型注解)
  - 05/wuqu/star/obj_05_001.py (缺少类型注解)
  - 05/wuqu/star/obj_05_002.py (缺少类型注解)
  - 05/wuqu/star/obj_05_003.py (缺少类型注解)
  - 05/wuqu/star/p2_05_011.py (缺少类型注解)
  - 05/wuqu/star/p2_05_012.py (缺少类型注解)
  - 05/wuqu/star/p3_05_009.py (缺少类型注解)
  - 05/wuqu/star/p3_05_010.py (缺少类型注解)
  - 05/wuqu/star/p4_05_009.py (缺少类型注解)
  - 05/wuqu/star/p4_05_010.py (缺少类型注解)
  - 05/wuqu/star/task_13.py (缺少类型注解)
  - 05/wuqu/star/xj05_001.py (缺少类型注解)
  - 05/wuqu/star/xj05_002.py (缺少类型注解)
  - 05/wuqu/star/xj05_003.py (缺少类型注解)
  - 05/wuqu/star/xj05_004.py (缺少类型注解)
  - 05/wuqu/star/xj05_005.py (缺少类型注解)
  - 05/wuqu/star/xj05_p1_001.py (缺少类型注解)
  - 05/wuqu/star/xj05_p1_002.py (缺少类型注解)
  - 05/wuqu/star/xj05_p1_003.py (缺少类型注解)
  - 05/wuqu/star/xj05_p1_004.py (缺少类型注解)
  - 05/wuqu/star/xj05_p1_005.py (缺少类型注解)
  - 05/wuqu/star/xj05_p2_001.py (缺少类型注解)
  - 05/wuqu/star/xj05_p2_002.py (缺少类型注解)
  - 06/pojun/star/obj_06_001.py (缺少类型注解)
  - 06/pojun/star/obj_06_002.py (缺少类型注解)
  - 06/pojun/star/obj_06_003.py (缺少类型注解)
  - 06/pojun/star/p2_06_013.py (缺少类型注解)
  - 06/pojun/star/p2_06_014.py (缺少类型注解)
  - 06/pojun/star/p3_06_011.py (缺少类型注解)
  - 06/pojun/star/p3_06_012.py (缺少类型注解)
  - 06/pojun/star/p4_06_011.py (缺少类型注解)
  - 06/pojun/star/p4_06_012.py (缺少类型注解)
  - 06/pojun/star/task_14.py (缺少类型注解)
  - 06/pojun/star/xj06_001.py (缺少类型注解)
  - 06/pojun/star/xj06_002.py (缺少类型注解)
  - 06/pojun/star/xj06_003.py (缺少类型注解)
  - 06/pojun/star/xj06_004.py (缺少类型注解)
  - 06/pojun/star/xj06_005.py (缺少类型注解)
  - 06/pojun/star/xj06_p1_001.py (缺少类型注解)
  - 06/pojun/star/xj06_p1_002.py (缺少类型注解)
  - 06/pojun/star/xj06_p1_003.py (缺少类型注解)
  - 06/pojun/star/xj06_p1_004.py (缺少类型注解)
  - 06/pojun/star/xj06_p1_005.py (缺少类型注解)
  - 06/pojun/star/xj06_p2_001.py (缺少类型注解)
  - 06/pojun/star/xj06_p2_002.py (缺少类型注解)
  - 07/zuofu/star/obj_07_001.py (缺少类型注解)
  - 07/zuofu/star/obj_07_002.py (缺少类型注解)
  - 07/zuofu/star/obj_07_003.py (缺少类型注解)
  - 07/zuofu/star/obj_07_004.py (缺少类型注解)
  - 07/zuofu/star/p2_07_015.py (缺少类型注解)
  - 07/zuofu/star/p2_07_016.py (缺少类型注解)
  - 07/zuofu/star/p3_07_013.py (缺少类型注解)
  - 07/zuofu/star/p3_07_014.py (缺少类型注解)
  - 07/zuofu/star/p4_07_013.py (缺少类型注解)
  - 07/zuofu/star/p4_07_014.py (缺少类型注解)
  - 07/zuofu/star/xj07_001.py (缺少类型注解)
  - 07/zuofu/star/xj07_002.py (缺少类型注解)
  - 07/zuofu/star/xj07_003.py (缺少类型注解)
  - 07/zuofu/star/xj07_004.py (缺少类型注解)
  - 07/zuofu/star/xj07_005.py (缺少类型注解)
  - 07/zuofu/star/xj07_p1_001.py (缺少类型注解)
  - 07/zuofu/star/xj07_p1_002.py (缺少类型注解)
  - 07/zuofu/star/xj07_p1_003.py (缺少类型注解)
  - 07/zuofu/star/xj07_p1_004.py (缺少类型注解)
  - 07/zuofu/star/xj07_p1_005.py (缺少类型注解)
  - 07/zuofu/star/xj07_p2_001.py (缺少类型注解)
  - 08/youbi/star/obj_08_001.py (缺少类型注解)
  - 08/youbi/star/obj_08_002.py (缺少类型注解)
  - 08/youbi/star/obj_08_003.py (缺少类型注解)
  - 08/youbi/star/p2_08_017.py (缺少类型注解)
  - 08/youbi/star/p2_08_018.py (缺少类型注解)
  - 08/youbi/star/p3_08_015.py (缺少类型注解)
  - 08/youbi/star/p3_08_016.py (缺少类型注解)
  - 08/youbi/star/p4_08_015.py (缺少类型注解)
  - 08/youbi/star/p4_08_016.py (缺少类型注解)
  - 08/youbi/star/task_15.py (缺少类型注解)
  - 08/youbi/star/task_16.py (缺少类型注解)
  - 08/youbi/star/task_17.py (缺少类型注解)
  - 08/youbi/star/xj08_001.py (缺少类型注解)
  - 08/youbi/star/xj08_003.py (缺少类型注解)
  - 08/youbi/star/xj08_004.py (缺少类型注解)
  - 08/youbi/star/xj08_p1_001.py (缺少类型注解)
  - 08/youbi/star/xj08_p1_003.py (缺少类型注解)
  - 08/youbi/star/xj08_p1_004.py (缺少类型注解)
  - 08/youbi/star/xj_p3_006.py (缺少类型注解)
  - 08/youbi/star/xj_p3_007.py (缺少类型注解)
  - 09/tanlang/star/obj_09_001.py (缺少类型注解)
  - 09/tanlang/star/obj_09_002.py (缺少类型注解)
  - 09/tanlang/star/obj_09_003.py (缺少类型注解)
  - 09/tanlang/star/p2_09_019.py (缺少类型注解)
  - 09/tanlang/star/p2_09_020.py (缺少类型注解)
  - 09/tanlang/star/p3_09_017.py (缺少类型注解)
  - 09/tanlang/star/p3_09_018.py (缺少类型注解)
  - 09/tanlang/star/p4_09_017.py (缺少类型注解)
  - 09/tanlang/star/p4_09_018.py (缺少类型注解)
  - 09/tanlang/star/task_18.py (缺少类型注解)
  - 09/tanlang/star/task_19.py (缺少类型注解)
  - 09/tanlang/star/task_20.py (缺少类型注解)
  - 09/tanlang/star/xj09_001.py (缺少类型注解)
  - 09/tanlang/star/xj09_002.py (缺少类型注解)
  - 09/tanlang/star/xj09_003.py (缺少类型注解)
  - 09/tanlang/star/xj09_004.py (缺少类型注解)
  - 09/tanlang/star/xj09_005.py (缺少类型注解)
  - 09/tanlang/star/xj09_p1_001.py (缺少类型注解)
  - 09/tanlang/star/xj09_p1_002.py (缺少类型注解)
  - 09/tanlang/star/xj09_p1_003.py (缺少类型注解)
  - 09/tanlang/star/xj09_p1_004.py (缺少类型注解)
  - 09/tanlang/star/xj09_p1_005.py (缺少类型注解)
  - 10/fubi/star/obj_10_001.py (缺少类型注解)
  - 10/fubi/star/obj_10_002.py (缺少类型注解)
  - 10/fubi/star/obj_10_003.py (缺少类型注解)
  - 10/fubi/star/p2_10_021.py (缺少类型注解)
  - 10/fubi/star/p2_10_022.py (缺少类型注解)
  - 10/fubi/star/p3_10_019.py (缺少类型注解)
  - 10/fubi/star/p3_10_020.py (缺少类型注解)
  - 10/fubi/star/p4_10_019.py (缺少类型注解)
  - 10/fubi/star/p4_10_020.py (缺少类型注解)
  - 10/fubi/star/xj10_001.py (缺少类型注解)
  - 10/fubi/star/xj10_002.py (缺少类型注解)
  - 10/fubi/star/xj10_003.py (缺少类型注解)
  - 10/fubi/star/xj10_004.py (缺少类型注解)
  - 10/fubi/star/xj10_005.py (缺少类型注解)
  - 10/fubi/star/xj10_p1_001.py (缺少类型注解)
  - 10/fubi/star/xj10_p1_002.py (缺少类型注解)
  - 10/fubi/star/xj10_p1_003.py (缺少类型注解)
  - 10/fubi/star/xj10_p1_004.py (缺少类型注解)
  - 10/fubi/star/xj10_p1_005.py (缺少类型注解)

=== 质检完成 ===
发现问题文件: 182 个
=== 张志远(002) 代码质检任务 ===
时间: Mon Mar 23 09:30:01 AM CST 2026

📊 代码统计:
  XJ-01: 38 文件, 1634 行
  XJ-02: 33 文件, 1254 行
  XJ-03: 23 文件, 851 行
  XJ-04: 23 文件, 598 行
  XJ-05: 22 文件, 572 行
  XJ-06: 22 文件, 572 行
  XJ-07: 21 文件, 546 行
  XJ-08: 22 文件, 606 行
  XJ-09: 22 文件, 572 行
  XJ-10: 19 文件, 494 行
  总计: 245 文件, 7699 行

📈 质量指标:
  文档覆盖率: 100.0%
  类型注解覆盖率: 39.2%

⚠️ 需要改进的文件:
  - 02/lucun/star/c_02_001.py (缺少类型注解)
  - 02/lucun/star/c_02_002.py (缺少类型注解)
  - 02/lucun/star/c_02_003.py (缺少类型注解)
  - 02/lucun/star/c_02_004.py (缺少类型注解)
  - 02/lucun/star/c_02_005.py (缺少类型注解)
  - 02/lucun/star/p2_02_004.py (缺少类型注解)
  - 02/lucun/star/p2_02_005.py (缺少类型注解)
  - 02/lucun/star/p2_02_006.py (缺少类型注解)
  - 02/lucun/star/p3_02_003.py (缺少类型注解)
  - 02/lucun/star/p3_02_004.py (缺少类型注解)
  - 02/lucun/star/p4_02_003.py (缺少类型注解)
  - 02/lucun/star/p4_02_004.py (缺少类型注解)
  - 02/lucun/star/task_01.py (缺少类型注解)
  - 02/lucun/star/task_02.py (缺少类型注解)
  - 02/lucun/star/task_03.py (缺少类型注解)
  - 02/lucun/star/task_04.py (缺少类型注解)
  - 02/lucun/star/task_05.py (缺少类型注解)
  - 02/lucun/star/task_06.py (缺少类型注解)
  - 02/lucun/star/task_07.py (缺少类型注解)
  - 02/lucun/star/task_08.py (缺少类型注解)
  - 02/lucun/star/task_9.py (缺少类型注解)
  - 02/lucun/star/xj02_001.py (缺少类型注解)
  - 02/lucun/star/xj02_002.py (缺少类型注解)
  - 02/lucun/star/xj02_003.py (缺少类型注解)
  - 02/lucun/star/xj02_004.py (缺少类型注解)
  - 02/lucun/star/xj02_p0_001.py (缺少类型注解)
  - 02/lucun/star/xj02_p0_002.py (缺少类型注解)
  - 02/lucun/star/xj02_p0_003.py (缺少类型注解)
  - 02/lucun/star/xj02_p1_001.py (缺少类型注解)
  - 02/lucun/star/xj02_p1_003.py (缺少类型注解)
  - 02/lucun/star/xj02_p2_001.py (缺少类型注解)
  - 02/lucun/star/xj02_p2_002.py (缺少类型注解)
  - 02/lucun/star/xj_p3_002.py (缺少类型注解)
  - 04/lianzheng/star/obj_04_001.py (缺少类型注解)
  - 04/lianzheng/star/obj_04_002.py (缺少类型注解)
  - 04/lianzheng/star/obj_04_003.py (缺少类型注解)
  - 04/lianzheng/star/p2_04_009.py (缺少类型注解)
  - 04/lianzheng/star/p2_04_010.py (缺少类型注解)
  - 04/lianzheng/star/p3_04_007.py (缺少类型注解)
  - 04/lianzheng/star/p3_04_008.py (缺少类型注解)
  - 04/lianzheng/star/p4_04_007.py (缺少类型注解)
  - 04/lianzheng/star/p4_04_008.py (缺少类型注解)
  - 04/lianzheng/star/task_11.py (缺少类型注解)
  - 04/lianzheng/star/task_12.py (缺少类型注解)
  - 04/lianzheng/star/xj04_001.py (缺少类型注解)
  - 04/lianzheng/star/xj04_002.py (缺少类型注解)
  - 04/lianzheng/star/xj04_003.py (缺少类型注解)
  - 04/lianzheng/star/xj04_004.py (缺少类型注解)
  - 04/lianzheng/star/xj04_005.py (缺少类型注解)
  - 04/lianzheng/star/xj04_p1_001.py (缺少类型注解)
  - 04/lianzheng/star/xj04_p1_002.py (缺少类型注解)
  - 04/lianzheng/star/xj04_p1_003.py (缺少类型注解)
  - 04/lianzheng/star/xj04_p1_004.py (缺少类型注解)
  - 04/lianzheng/star/xj04_p1_005.py (缺少类型注解)
  - 04/lianzheng/star/xj04_p2_001.py (缺少类型注解)
  - 04/lianzheng/star/xj04_p2_002.py (缺少类型注解)
  - 05/wuqu/star/obj_05_001.py (缺少类型注解)
  - 05/wuqu/star/obj_05_002.py (缺少类型注解)
  - 05/wuqu/star/obj_05_003.py (缺少类型注解)
  - 05/wuqu/star/p2_05_011.py (缺少类型注解)
  - 05/wuqu/star/p2_05_012.py (缺少类型注解)
  - 05/wuqu/star/p3_05_009.py (缺少类型注解)
  - 05/wuqu/star/p3_05_010.py (缺少类型注解)
  - 05/wuqu/star/p4_05_009.py (缺少类型注解)
  - 05/wuqu/star/p4_05_010.py (缺少类型注解)
  - 05/wuqu/star/task_13.py (缺少类型注解)
  - 05/wuqu/star/xj05_001.py (缺少类型注解)
  - 05/wuqu/star/xj05_002.py (缺少类型注解)
  - 05/wuqu/star/xj05_003.py (缺少类型注解)
  - 05/wuqu/star/xj05_004.py (缺少类型注解)
  - 05/wuqu/star/xj05_005.py (缺少类型注解)
  - 05/wuqu/star/xj05_p1_001.py (缺少类型注解)
  - 05/wuqu/star/xj05_p1_002.py (缺少类型注解)
  - 05/wuqu/star/xj05_p1_003.py (缺少类型注解)
  - 05/wuqu/star/xj05_p1_004.py (缺少类型注解)
  - 05/wuqu/star/xj05_p1_005.py (缺少类型注解)
  - 05/wuqu/star/xj05_p2_001.py (缺少类型注解)
  - 05/wuqu/star/xj05_p2_002.py (缺少类型注解)
  - 06/pojun/star/obj_06_001.py (缺少类型注解)
  - 06/pojun/star/obj_06_002.py (缺少类型注解)
  - 06/pojun/star/obj_06_003.py (缺少类型注解)
  - 06/pojun/star/p2_06_013.py (缺少类型注解)
  - 06/pojun/star/p2_06_014.py (缺少类型注解)
  - 06/pojun/star/p3_06_011.py (缺少类型注解)
  - 06/pojun/star/p3_06_012.py (缺少类型注解)
  - 06/pojun/star/p4_06_011.py (缺少类型注解)
  - 06/pojun/star/p4_06_012.py (缺少类型注解)
  - 06/pojun/star/task_14.py (缺少类型注解)
  - 06/pojun/star/xj06_001.py (缺少类型注解)
  - 06/pojun/star/xj06_002.py (缺少类型注解)
  - 06/pojun/star/xj06_003.py (缺少类型注解)
  - 06/pojun/star/xj06_004.py (缺少类型注解)
  - 06/pojun/star/xj06_005.py (缺少类型注解)
  - 06/pojun/star/xj06_p1_001.py (缺少类型注解)
  - 06/pojun/star/xj06_p1_002.py (缺少类型注解)
  - 06/pojun/star/xj06_p1_003.py (缺少类型注解)
  - 06/pojun/star/xj06_p1_004.py (缺少类型注解)
  - 06/pojun/star/xj06_p1_005.py (缺少类型注解)
  - 06/pojun/star/xj06_p2_001.py (缺少类型注解)
  - 06/pojun/star/xj06_p2_002.py (缺少类型注解)
  - 07/zuofu/star/obj_07_001.py (缺少类型注解)
  - 07/zuofu/star/obj_07_002.py (缺少类型注解)
  - 07/zuofu/star/obj_07_003.py (缺少类型注解)
  - 07/zuofu/star/obj_07_004.py (缺少类型注解)
  - 07/zuofu/star/p2_07_015.py (缺少类型注解)
  - 07/zuofu/star/p2_07_016.py (缺少类型注解)
  - 07/zuofu/star/p3_07_013.py (缺少类型注解)
  - 07/zuofu/star/p3_07_014.py (缺少类型注解)
  - 07/zuofu/star/p4_07_013.py (缺少类型注解)
  - 07/zuofu/star/p4_07_014.py (缺少类型注解)
  - 07/zuofu/star/xj07_001.py (缺少类型注解)
  - 07/zuofu/star/xj07_002.py (缺少类型注解)
  - 07/zuofu/star/xj07_003.py (缺少类型注解)
  - 07/zuofu/star/xj07_004.py (缺少类型注解)
  - 07/zuofu/star/xj07_005.py (缺少类型注解)
  - 07/zuofu/star/xj07_p1_001.py (缺少类型注解)
  - 07/zuofu/star/xj07_p1_002.py (缺少类型注解)
  - 07/zuofu/star/xj07_p1_003.py (缺少类型注解)
  - 07/zuofu/star/xj07_p1_004.py (缺少类型注解)
  - 07/zuofu/star/xj07_p1_005.py (缺少类型注解)
  - 07/zuofu/star/xj07_p2_001.py (缺少类型注解)
  - 08/youbi/star/obj_08_001.py (缺少类型注解)
  - 08/youbi/star/obj_08_002.py (缺少类型注解)
  - 08/youbi/star/obj_08_003.py (缺少类型注解)
  - 08/youbi/star/p2_08_017.py (缺少类型注解)
  - 08/youbi/star/p2_08_018.py (缺少类型注解)
  - 08/youbi/star/p3_08_015.py (缺少类型注解)
  - 08/youbi/star/p3_08_016.py (缺少类型注解)
  - 08/youbi/star/p4_08_015.py (缺少类型注解)
  - 08/youbi/star/p4_08_016.py (缺少类型注解)
  - 08/youbi/star/task_15.py (缺少类型注解)
  - 08/youbi/star/task_16.py (缺少类型注解)
  - 08/youbi/star/task_17.py (缺少类型注解)
  - 08/youbi/star/xj08_001.py (缺少类型注解)
  - 08/youbi/star/xj08_003.py (缺少类型注解)
  - 08/youbi/star/xj08_004.py (缺少类型注解)
  - 08/youbi/star/xj08_p1_001.py (缺少类型注解)
  - 08/youbi/star/xj08_p1_003.py (缺少类型注解)
  - 08/youbi/star/xj08_p1_004.py (缺少类型注解)
  - 08/youbi/star/xj_p3_006.py (缺少类型注解)
  - 08/youbi/star/xj_p3_007.py (缺少类型注解)
  - 09/tanlang/star/obj_09_001.py (缺少类型注解)
  - 09/tanlang/star/obj_09_002.py (缺少类型注解)
  - 09/tanlang/star/obj_09_003.py (缺少类型注解)
  - 09/tanlang/star/p2_09_019.py (缺少类型注解)
  - 09/tanlang/star/p2_09_020.py (缺少类型注解)
  - 09/tanlang/star/p3_09_017.py (缺少类型注解)
  - 09/tanlang/star/p3_09_018.py (缺少类型注解)
  - 09/tanlang/star/p4_09_017.py (缺少类型注解)
  - 09/tanlang/star/p4_09_018.py (缺少类型注解)
  - 09/tanlang/star/task_18.py (缺少类型注解)
  - 09/tanlang/star/task_19.py (缺少类型注解)
  - 09/tanlang/star/task_20.py (缺少类型注解)
  - 09/tanlang/star/xj09_001.py (缺少类型注解)
  - 09/tanlang/star/xj09_002.py (缺少类型注解)
  - 09/tanlang/star/xj09_003.py (缺少类型注解)
  - 09/tanlang/star/xj09_004.py (缺少类型注解)
  - 09/tanlang/star/xj09_005.py (缺少类型注解)
  - 09/tanlang/star/xj09_p1_001.py (缺少类型注解)
  - 09/tanlang/star/xj09_p1_002.py (缺少类型注解)
  - 09/tanlang/star/xj09_p1_003.py (缺少类型注解)
  - 09/tanlang/star/xj09_p1_004.py (缺少类型注解)
  - 09/tanlang/star/xj09_p1_005.py (缺少类型注解)
  - 10/fubi/star/obj_10_001.py (缺少类型注解)
  - 10/fubi/star/obj_10_002.py (缺少类型注解)
  - 10/fubi/star/obj_10_003.py (缺少类型注解)
  - 10/fubi/star/p2_10_021.py (缺少类型注解)
  - 10/fubi/star/p2_10_022.py (缺少类型注解)
  - 10/fubi/star/p3_10_019.py (缺少类型注解)
  - 10/fubi/star/p3_10_020.py (缺少类型注解)
  - 10/fubi/star/p4_10_019.py (缺少类型注解)
  - 10/fubi/star/p4_10_020.py (缺少类型注解)
  - 10/fubi/star/xj10_001.py (缺少类型注解)
  - 10/fubi/star/xj10_002.py (缺少类型注解)
  - 10/fubi/star/xj10_003.py (缺少类型注解)
  - 10/fubi/star/xj10_004.py (缺少类型注解)
  - 10/fubi/star/xj10_005.py (缺少类型注解)
  - 10/fubi/star/xj10_p1_001.py (缺少类型注解)
  - 10/fubi/star/xj10_p1_002.py (缺少类型注解)
  - 10/fubi/star/xj10_p1_003.py (缺少类型注解)
  - 10/fubi/star/xj10_p1_004.py (缺少类型注解)
  - 10/fubi/star/xj10_p1_005.py (缺少类型注解)

=== 质检完成 ===
发现问题文件: 182 个
=== 张志远(002) 代码质检任务 ===
时间: Mon Mar 23 10:00:01 AM CST 2026

📊 代码统计:
  XJ-01: 38 文件, 1634 行
  XJ-02: 33 文件, 1254 行
  XJ-03: 23 文件, 851 行
  XJ-04: 23 文件, 598 行
  XJ-05: 22 文件, 572 行
  XJ-06: 22 文件, 572 行
  XJ-07: 21 文件, 546 行
  XJ-08: 22 文件, 606 行
  XJ-09: 22 文件, 572 行
  XJ-10: 19 文件, 494 行
  总计: 245 文件, 7699 行

📈 质量指标:
  文档覆盖率: 100.0%
  类型注解覆盖率: 39.2%

⚠️ 需要改进的文件:
  - 02/lucun/star/c_02_001.py (缺少类型注解)
  - 02/lucun/star/c_02_002.py (缺少类型注解)
  - 02/lucun/star/c_02_003.py (缺少类型注解)
  - 02/lucun/star/c_02_004.py (缺少类型注解)
  - 02/lucun/star/c_02_005.py (缺少类型注解)
  - 02/lucun/star/p2_02_004.py (缺少类型注解)
  - 02/lucun/star/p2_02_005.py (缺少类型注解)
  - 02/lucun/star/p2_02_006.py (缺少类型注解)
  - 02/lucun/star/p3_02_003.py (缺少类型注解)
  - 02/lucun/star/p3_02_004.py (缺少类型注解)
  - 02/lucun/star/p4_02_003.py (缺少类型注解)
  - 02/lucun/star/p4_02_004.py (缺少类型注解)
  - 02/lucun/star/task_01.py (缺少类型注解)
  - 02/lucun/star/task_02.py (缺少类型注解)
  - 02/lucun/star/task_03.py (缺少类型注解)
  - 02/lucun/star/task_04.py (缺少类型注解)
  - 02/lucun/star/task_05.py (缺少类型注解)
  - 02/lucun/star/task_06.py (缺少类型注解)
  - 02/lucun/star/task_07.py (缺少类型注解)
  - 02/lucun/star/task_08.py (缺少类型注解)
  - 02/lucun/star/task_9.py (缺少类型注解)
  - 02/lucun/star/xj02_001.py (缺少类型注解)
  - 02/lucun/star/xj02_002.py (缺少类型注解)
  - 02/lucun/star/xj02_003.py (缺少类型注解)
  - 02/lucun/star/xj02_004.py (缺少类型注解)
  - 02/lucun/star/xj02_p0_001.py (缺少类型注解)
  - 02/lucun/star/xj02_p0_002.py (缺少类型注解)
  - 02/lucun/star/xj02_p0_003.py (缺少类型注解)
  - 02/lucun/star/xj02_p1_001.py (缺少类型注解)
  - 02/lucun/star/xj02_p1_003.py (缺少类型注解)
  - 02/lucun/star/xj02_p2_001.py (缺少类型注解)
  - 02/lucun/star/xj02_p2_002.py (缺少类型注解)
  - 02/lucun/star/xj_p3_002.py (缺少类型注解)
  - 04/lianzheng/star/obj_04_001.py (缺少类型注解)
  - 04/lianzheng/star/obj_04_002.py (缺少类型注解)
  - 04/lianzheng/star/obj_04_003.py (缺少类型注解)
  - 04/lianzheng/star/p2_04_009.py (缺少类型注解)
  - 04/lianzheng/star/p2_04_010.py (缺少类型注解)
  - 04/lianzheng/star/p3_04_007.py (缺少类型注解)
  - 04/lianzheng/star/p3_04_008.py (缺少类型注解)
  - 04/lianzheng/star/p4_04_007.py (缺少类型注解)
  - 04/lianzheng/star/p4_04_008.py (缺少类型注解)
  - 04/lianzheng/star/task_11.py (缺少类型注解)
  - 04/lianzheng/star/task_12.py (缺少类型注解)
  - 04/lianzheng/star/xj04_001.py (缺少类型注解)
  - 04/lianzheng/star/xj04_002.py (缺少类型注解)
  - 04/lianzheng/star/xj04_003.py (缺少类型注解)
  - 04/lianzheng/star/xj04_004.py (缺少类型注解)
  - 04/lianzheng/star/xj04_005.py (缺少类型注解)
  - 04/lianzheng/star/xj04_p1_001.py (缺少类型注解)
  - 04/lianzheng/star/xj04_p1_002.py (缺少类型注解)
  - 04/lianzheng/star/xj04_p1_003.py (缺少类型注解)
  - 04/lianzheng/star/xj04_p1_004.py (缺少类型注解)
  - 04/lianzheng/star/xj04_p1_005.py (缺少类型注解)
  - 04/lianzheng/star/xj04_p2_001.py (缺少类型注解)
  - 04/lianzheng/star/xj04_p2_002.py (缺少类型注解)
  - 05/wuqu/star/obj_05_001.py (缺少类型注解)
  - 05/wuqu/star/obj_05_002.py (缺少类型注解)
  - 05/wuqu/star/obj_05_003.py (缺少类型注解)
  - 05/wuqu/star/p2_05_011.py (缺少类型注解)
  - 05/wuqu/star/p2_05_012.py (缺少类型注解)
  - 05/wuqu/star/p3_05_009.py (缺少类型注解)
  - 05/wuqu/star/p3_05_010.py (缺少类型注解)
  - 05/wuqu/star/p4_05_009.py (缺少类型注解)
  - 05/wuqu/star/p4_05_010.py (缺少类型注解)
  - 05/wuqu/star/task_13.py (缺少类型注解)
  - 05/wuqu/star/xj05_001.py (缺少类型注解)
  - 05/wuqu/star/xj05_002.py (缺少类型注解)
  - 05/wuqu/star/xj05_003.py (缺少类型注解)
  - 05/wuqu/star/xj05_004.py (缺少类型注解)
  - 05/wuqu/star/xj05_005.py (缺少类型注解)
  - 05/wuqu/star/xj05_p1_001.py (缺少类型注解)
  - 05/wuqu/star/xj05_p1_002.py (缺少类型注解)
  - 05/wuqu/star/xj05_p1_003.py (缺少类型注解)
  - 05/wuqu/star/xj05_p1_004.py (缺少类型注解)
  - 05/wuqu/star/xj05_p1_005.py (缺少类型注解)
  - 05/wuqu/star/xj05_p2_001.py (缺少类型注解)
  - 05/wuqu/star/xj05_p2_002.py (缺少类型注解)
  - 06/pojun/star/obj_06_001.py (缺少类型注解)
  - 06/pojun/star/obj_06_002.py (缺少类型注解)
  - 06/pojun/star/obj_06_003.py (缺少类型注解)
  - 06/pojun/star/p2_06_013.py (缺少类型注解)
  - 06/pojun/star/p2_06_014.py (缺少类型注解)
  - 06/pojun/star/p3_06_011.py (缺少类型注解)
  - 06/pojun/star/p3_06_012.py (缺少类型注解)
  - 06/pojun/star/p4_06_011.py (缺少类型注解)
  - 06/pojun/star/p4_06_012.py (缺少类型注解)
  - 06/pojun/star/task_14.py (缺少类型注解)
  - 06/pojun/star/xj06_001.py (缺少类型注解)
  - 06/pojun/star/xj06_002.py (缺少类型注解)
  - 06/pojun/star/xj06_003.py (缺少类型注解)
  - 06/pojun/star/xj06_004.py (缺少类型注解)
  - 06/pojun/star/xj06_005.py (缺少类型注解)
  - 06/pojun/star/xj06_p1_001.py (缺少类型注解)
  - 06/pojun/star/xj06_p1_002.py (缺少类型注解)
  - 06/pojun/star/xj06_p1_003.py (缺少类型注解)
  - 06/pojun/star/xj06_p1_004.py (缺少类型注解)
  - 06/pojun/star/xj06_p1_005.py (缺少类型注解)
  - 06/pojun/star/xj06_p2_001.py (缺少类型注解)
  - 06/pojun/star/xj06_p2_002.py (缺少类型注解)
  - 07/zuofu/star/obj_07_001.py (缺少类型注解)
  - 07/zuofu/star/obj_07_002.py (缺少类型注解)
  - 07/zuofu/star/obj_07_003.py (缺少类型注解)
  - 07/zuofu/star/obj_07_004.py (缺少类型注解)
  - 07/zuofu/star/p2_07_015.py (缺少类型注解)
  - 07/zuofu/star/p2_07_016.py (缺少类型注解)
  - 07/zuofu/star/p3_07_013.py (缺少类型注解)
  - 07/zuofu/star/p3_07_014.py (缺少类型注解)
  - 07/zuofu/star/p4_07_013.py (缺少类型注解)
  - 07/zuofu/star/p4_07_014.py (缺少类型注解)
  - 07/zuofu/star/xj07_001.py (缺少类型注解)
  - 07/zuofu/star/xj07_002.py (缺少类型注解)
  - 07/zuofu/star/xj07_003.py (缺少类型注解)
  - 07/zuofu/star/xj07_004.py (缺少类型注解)
  - 07/zuofu/star/xj07_005.py (缺少类型注解)
  - 07/zuofu/star/xj07_p1_001.py (缺少类型注解)
  - 07/zuofu/star/xj07_p1_002.py (缺少类型注解)
  - 07/zuofu/star/xj07_p1_003.py (缺少类型注解)
  - 07/zuofu/star/xj07_p1_004.py (缺少类型注解)
  - 07/zuofu/star/xj07_p1_005.py (缺少类型注解)
  - 07/zuofu/star/xj07_p2_001.py (缺少类型注解)
  - 08/youbi/star/obj_08_001.py (缺少类型注解)
  - 08/youbi/star/obj_08_002.py (缺少类型注解)
  - 08/youbi/star/obj_08_003.py (缺少类型注解)
  - 08/youbi/star/p2_08_017.py (缺少类型注解)
  - 08/youbi/star/p2_08_018.py (缺少类型注解)
  - 08/youbi/star/p3_08_015.py (缺少类型注解)
  - 08/youbi/star/p3_08_016.py (缺少类型注解)
  - 08/youbi/star/p4_08_015.py (缺少类型注解)
  - 08/youbi/star/p4_08_016.py (缺少类型注解)
  - 08/youbi/star/task_15.py (缺少类型注解)
  - 08/youbi/star/task_16.py (缺少类型注解)
  - 08/youbi/star/task_17.py (缺少类型注解)
  - 08/youbi/star/xj08_001.py (缺少类型注解)
  - 08/youbi/star/xj08_003.py (缺少类型注解)
  - 08/youbi/star/xj08_004.py (缺少类型注解)
  - 08/youbi/star/xj08_p1_001.py (缺少类型注解)
  - 08/youbi/star/xj08_p1_003.py (缺少类型注解)
  - 08/youbi/star/xj08_p1_004.py (缺少类型注解)
  - 08/youbi/star/xj_p3_006.py (缺少类型注解)
  - 08/youbi/star/xj_p3_007.py (缺少类型注解)
  - 09/tanlang/star/obj_09_001.py (缺少类型注解)
  - 09/tanlang/star/obj_09_002.py (缺少类型注解)
  - 09/tanlang/star/obj_09_003.py (缺少类型注解)
  - 09/tanlang/star/p2_09_019.py (缺少类型注解)
  - 09/tanlang/star/p2_09_020.py (缺少类型注解)
  - 09/tanlang/star/p3_09_017.py (缺少类型注解)
  - 09/tanlang/star/p3_09_018.py (缺少类型注解)
  - 09/tanlang/star/p4_09_017.py (缺少类型注解)
  - 09/tanlang/star/p4_09_018.py (缺少类型注解)
  - 09/tanlang/star/task_18.py (缺少类型注解)
  - 09/tanlang/star/task_19.py (缺少类型注解)
  - 09/tanlang/star/task_20.py (缺少类型注解)
  - 09/tanlang/star/xj09_001.py (缺少类型注解)
  - 09/tanlang/star/xj09_002.py (缺少类型注解)
  - 09/tanlang/star/xj09_003.py (缺少类型注解)
  - 09/tanlang/star/xj09_004.py (缺少类型注解)
  - 09/tanlang/star/xj09_005.py (缺少类型注解)
  - 09/tanlang/star/xj09_p1_001.py (缺少类型注解)
  - 09/tanlang/star/xj09_p1_002.py (缺少类型注解)
  - 09/tanlang/star/xj09_p1_003.py (缺少类型注解)
  - 09/tanlang/star/xj09_p1_004.py (缺少类型注解)
  - 09/tanlang/star/xj09_p1_005.py (缺少类型注解)
  - 10/fubi/star/obj_10_001.py (缺少类型注解)
  - 10/fubi/star/obj_10_002.py (缺少类型注解)
  - 10/fubi/star/obj_10_003.py (缺少类型注解)
  - 10/fubi/star/p2_10_021.py (缺少类型注解)
  - 10/fubi/star/p2_10_022.py (缺少类型注解)
  - 10/fubi/star/p3_10_019.py (缺少类型注解)
  - 10/fubi/star/p3_10_020.py (缺少类型注解)
  - 10/fubi/star/p4_10_019.py (缺少类型注解)
  - 10/fubi/star/p4_10_020.py (缺少类型注解)
  - 10/fubi/star/xj10_001.py (缺少类型注解)
  - 10/fubi/star/xj10_002.py (缺少类型注解)
  - 10/fubi/star/xj10_003.py (缺少类型注解)
  - 10/fubi/star/xj10_004.py (缺少类型注解)
  - 10/fubi/star/xj10_005.py (缺少类型注解)
  - 10/fubi/star/xj10_p1_001.py (缺少类型注解)
  - 10/fubi/star/xj10_p1_002.py (缺少类型注解)
  - 10/fubi/star/xj10_p1_003.py (缺少类型注解)
  - 10/fubi/star/xj10_p1_004.py (缺少类型注解)
  - 10/fubi/star/xj10_p1_005.py (缺少类型注解)

=== 质检完成 ===
发现问题文件: 182 个
=== 张志远(002) 代码质检任务 ===
时间: Mon Mar 23 10:30:01 AM CST 2026

📊 代码统计:
  XJ-01: 38 文件, 1634 行
  XJ-02: 33 文件, 1254 行
  XJ-03: 23 文件, 851 行
  XJ-04: 23 文件, 598 行
  XJ-05: 22 文件, 572 行
  XJ-06: 22 文件, 572 行
  XJ-07: 21 文件, 546 行
  XJ-08: 22 文件, 606 行
  XJ-09: 22 文件, 572 行
  XJ-10: 19 文件, 494 行
  总计: 245 文件, 7699 行

📈 质量指标:
  文档覆盖率: 100.0%
  类型注解覆盖率: 39.2%

⚠️ 需要改进的文件:
  - 02/lucun/star/c_02_001.py (缺少类型注解)
  - 02/lucun/star/c_02_002.py (缺少类型注解)
  - 02/lucun/star/c_02_003.py (缺少类型注解)
  - 02/lucun/star/c_02_004.py (缺少类型注解)
  - 02/lucun/star/c_02_005.py (缺少类型注解)
  - 02/lucun/star/p2_02_004.py (缺少类型注解)
  - 02/lucun/star/p2_02_005.py (缺少类型注解)
  - 02/lucun/star/p2_02_006.py (缺少类型注解)
  - 02/lucun/star/p3_02_003.py (缺少类型注解)
  - 02/lucun/star/p3_02_004.py (缺少类型注解)
  - 02/lucun/star/p4_02_003.py (缺少类型注解)
  - 02/lucun/star/p4_02_004.py (缺少类型注解)
  - 02/lucun/star/task_01.py (缺少类型注解)
  - 02/lucun/star/task_02.py (缺少类型注解)
  - 02/lucun/star/task_03.py (缺少类型注解)
  - 02/lucun/star/task_04.py (缺少类型注解)
  - 02/lucun/star/task_05.py (缺少类型注解)
  - 02/lucun/star/task_06.py (缺少类型注解)
  - 02/lucun/star/task_07.py (缺少类型注解)
  - 02/lucun/star/task_08.py (缺少类型注解)
  - 02/lucun/star/task_9.py (缺少类型注解)
  - 02/lucun/star/xj02_001.py (缺少类型注解)
  - 02/lucun/star/xj02_002.py (缺少类型注解)
  - 02/lucun/star/xj02_003.py (缺少类型注解)
  - 02/lucun/star/xj02_004.py (缺少类型注解)
  - 02/lucun/star/xj02_p0_001.py (缺少类型注解)
  - 02/lucun/star/xj02_p0_002.py (缺少类型注解)
  - 02/lucun/star/xj02_p0_003.py (缺少类型注解)
  - 02/lucun/star/xj02_p1_001.py (缺少类型注解)
  - 02/lucun/star/xj02_p1_003.py (缺少类型注解)
  - 02/lucun/star/xj02_p2_001.py (缺少类型注解)
  - 02/lucun/star/xj02_p2_002.py (缺少类型注解)
  - 02/lucun/star/xj_p3_002.py (缺少类型注解)
  - 04/lianzheng/star/obj_04_001.py (缺少类型注解)
  - 04/lianzheng/star/obj_04_002.py (缺少类型注解)
  - 04/lianzheng/star/obj_04_003.py (缺少类型注解)
  - 04/lianzheng/star/p2_04_009.py (缺少类型注解)
  - 04/lianzheng/star/p2_04_010.py (缺少类型注解)
  - 04/lianzheng/star/p3_04_007.py (缺少类型注解)
  - 04/lianzheng/star/p3_04_008.py (缺少类型注解)
  - 04/lianzheng/star/p4_04_007.py (缺少类型注解)
  - 04/lianzheng/star/p4_04_008.py (缺少类型注解)
  - 04/lianzheng/star/task_11.py (缺少类型注解)
  - 04/lianzheng/star/task_12.py (缺少类型注解)
  - 04/lianzheng/star/xj04_001.py (缺少类型注解)
  - 04/lianzheng/star/xj04_002.py (缺少类型注解)
  - 04/lianzheng/star/xj04_003.py (缺少类型注解)
  - 04/lianzheng/star/xj04_004.py (缺少类型注解)
  - 04/lianzheng/star/xj04_005.py (缺少类型注解)
  - 04/lianzheng/star/xj04_p1_001.py (缺少类型注解)
  - 04/lianzheng/star/xj04_p1_002.py (缺少类型注解)
  - 04/lianzheng/star/xj04_p1_003.py (缺少类型注解)
  - 04/lianzheng/star/xj04_p1_004.py (缺少类型注解)
  - 04/lianzheng/star/xj04_p1_005.py (缺少类型注解)
  - 04/lianzheng/star/xj04_p2_001.py (缺少类型注解)
  - 04/lianzheng/star/xj04_p2_002.py (缺少类型注解)
  - 05/wuqu/star/obj_05_001.py (缺少类型注解)
  - 05/wuqu/star/obj_05_002.py (缺少类型注解)
  - 05/wuqu/star/obj_05_003.py (缺少类型注解)
  - 05/wuqu/star/p2_05_011.py (缺少类型注解)
  - 05/wuqu/star/p2_05_012.py (缺少类型注解)
  - 05/wuqu/star/p3_05_009.py (缺少类型注解)
  - 05/wuqu/star/p3_05_010.py (缺少类型注解)
  - 05/wuqu/star/p4_05_009.py (缺少类型注解)
  - 05/wuqu/star/p4_05_010.py (缺少类型注解)
  - 05/wuqu/star/task_13.py (缺少类型注解)
  - 05/wuqu/star/xj05_001.py (缺少类型注解)
  - 05/wuqu/star/xj05_002.py (缺少类型注解)
  - 05/wuqu/star/xj05_003.py (缺少类型注解)
  - 05/wuqu/star/xj05_004.py (缺少类型注解)
  - 05/wuqu/star/xj05_005.py (缺少类型注解)
  - 05/wuqu/star/xj05_p1_001.py (缺少类型注解)
  - 05/wuqu/star/xj05_p1_002.py (缺少类型注解)
  - 05/wuqu/star/xj05_p1_003.py (缺少类型注解)
  - 05/wuqu/star/xj05_p1_004.py (缺少类型注解)
  - 05/wuqu/star/xj05_p1_005.py (缺少类型注解)
  - 05/wuqu/star/xj05_p2_001.py (缺少类型注解)
  - 05/wuqu/star/xj05_p2_002.py (缺少类型注解)
  - 06/pojun/star/obj_06_001.py (缺少类型注解)
  - 06/pojun/star/obj_06_002.py (缺少类型注解)
  - 06/pojun/star/obj_06_003.py (缺少类型注解)
  - 06/pojun/star/p2_06_013.py (缺少类型注解)
  - 06/pojun/star/p2_06_014.py (缺少类型注解)
  - 06/pojun/star/p3_06_011.py (缺少类型注解)
  - 06/pojun/star/p3_06_012.py (缺少类型注解)
  - 06/pojun/star/p4_06_011.py (缺少类型注解)
  - 06/pojun/star/p4_06_012.py (缺少类型注解)
  - 06/pojun/star/task_14.py (缺少类型注解)
  - 06/pojun/star/xj06_001.py (缺少类型注解)
  - 06/pojun/star/xj06_002.py (缺少类型注解)
  - 06/pojun/star/xj06_003.py (缺少类型注解)
  - 06/pojun/star/xj06_004.py (缺少类型注解)
  - 06/pojun/star/xj06_005.py (缺少类型注解)
  - 06/pojun/star/xj06_p1_001.py (缺少类型注解)
  - 06/pojun/star/xj06_p1_002.py (缺少类型注解)
  - 06/pojun/star/xj06_p1_003.py (缺少类型注解)
  - 06/pojun/star/xj06_p1_004.py (缺少类型注解)
  - 06/pojun/star/xj06_p1_005.py (缺少类型注解)
  - 06/pojun/star/xj06_p2_001.py (缺少类型注解)
  - 06/pojun/star/xj06_p2_002.py (缺少类型注解)
  - 07/zuofu/star/obj_07_001.py (缺少类型注解)
  - 07/zuofu/star/obj_07_002.py (缺少类型注解)
  - 07/zuofu/star/obj_07_003.py (缺少类型注解)
  - 07/zuofu/star/obj_07_004.py (缺少类型注解)
  - 07/zuofu/star/p2_07_015.py (缺少类型注解)
  - 07/zuofu/star/p2_07_016.py (缺少类型注解)
  - 07/zuofu/star/p3_07_013.py (缺少类型注解)
  - 07/zuofu/star/p3_07_014.py (缺少类型注解)
  - 07/zuofu/star/p4_07_013.py (缺少类型注解)
  - 07/zuofu/star/p4_07_014.py (缺少类型注解)
  - 07/zuofu/star/xj07_001.py (缺少类型注解)
  - 07/zuofu/star/xj07_002.py (缺少类型注解)
  - 07/zuofu/star/xj07_003.py (缺少类型注解)
  - 07/zuofu/star/xj07_004.py (缺少类型注解)
  - 07/zuofu/star/xj07_005.py (缺少类型注解)
  - 07/zuofu/star/xj07_p1_001.py (缺少类型注解)
  - 07/zuofu/star/xj07_p1_002.py (缺少类型注解)
  - 07/zuofu/star/xj07_p1_003.py (缺少类型注解)
  - 07/zuofu/star/xj07_p1_004.py (缺少类型注解)
  - 07/zuofu/star/xj07_p1_005.py (缺少类型注解)
  - 07/zuofu/star/xj07_p2_001.py (缺少类型注解)
  - 08/youbi/star/obj_08_001.py (缺少类型注解)
  - 08/youbi/star/obj_08_002.py (缺少类型注解)
  - 08/youbi/star/obj_08_003.py (缺少类型注解)
  - 08/youbi/star/p2_08_017.py (缺少类型注解)
  - 08/youbi/star/p2_08_018.py (缺少类型注解)
  - 08/youbi/star/p3_08_015.py (缺少类型注解)
  - 08/youbi/star/p3_08_016.py (缺少类型注解)
  - 08/youbi/star/p4_08_015.py (缺少类型注解)
  - 08/youbi/star/p4_08_016.py (缺少类型注解)
  - 08/youbi/star/task_15.py (缺少类型注解)
  - 08/youbi/star/task_16.py (缺少类型注解)
  - 08/youbi/star/task_17.py (缺少类型注解)
  - 08/youbi/star/xj08_001.py (缺少类型注解)
  - 08/youbi/star/xj08_003.py (缺少类型注解)
  - 08/youbi/star/xj08_004.py (缺少类型注解)
  - 08/youbi/star/xj08_p1_001.py (缺少类型注解)
  - 08/youbi/star/xj08_p1_003.py (缺少类型注解)
  - 08/youbi/star/xj08_p1_004.py (缺少类型注解)
  - 08/youbi/star/xj_p3_006.py (缺少类型注解)
  - 08/youbi/star/xj_p3_007.py (缺少类型注解)
  - 09/tanlang/star/obj_09_001.py (缺少类型注解)
  - 09/tanlang/star/obj_09_002.py (缺少类型注解)
  - 09/tanlang/star/obj_09_003.py (缺少类型注解)
  - 09/tanlang/star/p2_09_019.py (缺少类型注解)
  - 09/tanlang/star/p2_09_020.py (缺少类型注解)
  - 09/tanlang/star/p3_09_017.py (缺少类型注解)
  - 09/tanlang/star/p3_09_018.py (缺少类型注解)
  - 09/tanlang/star/p4_09_017.py (缺少类型注解)
  - 09/tanlang/star/p4_09_018.py (缺少类型注解)
  - 09/tanlang/star/task_18.py (缺少类型注解)
  - 09/tanlang/star/task_19.py (缺少类型注解)
  - 09/tanlang/star/task_20.py (缺少类型注解)
  - 09/tanlang/star/xj09_001.py (缺少类型注解)
  - 09/tanlang/star/xj09_002.py (缺少类型注解)
  - 09/tanlang/star/xj09_003.py (缺少类型注解)
  - 09/tanlang/star/xj09_004.py (缺少类型注解)
  - 09/tanlang/star/xj09_005.py (缺少类型注解)
  - 09/tanlang/star/xj09_p1_001.py (缺少类型注解)
  - 09/tanlang/star/xj09_p1_002.py (缺少类型注解)
  - 09/tanlang/star/xj09_p1_003.py (缺少类型注解)
  - 09/tanlang/star/xj09_p1_004.py (缺少类型注解)
  - 09/tanlang/star/xj09_p1_005.py (缺少类型注解)
  - 10/fubi/star/obj_10_001.py (缺少类型注解)
  - 10/fubi/star/obj_10_002.py (缺少类型注解)
  - 10/fubi/star/obj_10_003.py (缺少类型注解)
  - 10/fubi/star/p2_10_021.py (缺少类型注解)
  - 10/fubi/star/p2_10_022.py (缺少类型注解)
  - 10/fubi/star/p3_10_019.py (缺少类型注解)
  - 10/fubi/star/p3_10_020.py (缺少类型注解)
  - 10/fubi/star/p4_10_019.py (缺少类型注解)
  - 10/fubi/star/p4_10_020.py (缺少类型注解)
  - 10/fubi/star/xj10_001.py (缺少类型注解)
  - 10/fubi/star/xj10_002.py (缺少类型注解)
  - 10/fubi/star/xj10_003.py (缺少类型注解)
  - 10/fubi/star/xj10_004.py (缺少类型注解)
  - 10/fubi/star/xj10_005.py (缺少类型注解)
  - 10/fubi/star/xj10_p1_001.py (缺少类型注解)
  - 10/fubi/star/xj10_p1_002.py (缺少类型注解)
  - 10/fubi/star/xj10_p1_003.py (缺少类型注解)
  - 10/fubi/star/xj10_p1_004.py (缺少类型注解)
  - 10/fubi/star/xj10_p1_005.py (缺少类型注解)

=== 质检完成 ===
发现问题文件: 182 个
=== 张志远(002) 代码质检任务 ===
时间: Mon Mar 23 11:00:01 AM CST 2026

📊 代码统计:
  XJ-01: 38 文件, 1634 行
  XJ-02: 33 文件, 1254 行
  XJ-03: 23 文件, 851 行
  XJ-04: 23 文件, 598 行
  XJ-05: 22 文件, 572 行
  XJ-06: 22 文件, 572 行
  XJ-07: 21 文件, 546 行
  XJ-08: 22 文件, 606 行
  XJ-09: 22 文件, 572 行
  XJ-10: 19 文件, 494 行
  总计: 245 文件, 7699 行

📈 质量指标:
  文档覆盖率: 100.0%
  类型注解覆盖率: 39.2%

⚠️ 需要改进的文件:
  - 02/lucun/star/c_02_001.py (缺少类型注解)
  - 02/lucun/star/c_02_002.py (缺少类型注解)
  - 02/lucun/star/c_02_003.py (缺少类型注解)
  - 02/lucun/star/c_02_004.py (缺少类型注解)
  - 02/lucun/star/c_02_005.py (缺少类型注解)
  - 02/lucun/star/p2_02_004.py (缺少类型注解)
  - 02/lucun/star/p2_02_005.py (缺少类型注解)
  - 02/lucun/star/p2_02_006.py (缺少类型注解)
  - 02/lucun/star/p3_02_003.py (缺少类型注解)
  - 02/lucun/star/p3_02_004.py (缺少类型注解)
  - 02/lucun/star/p4_02_003.py (缺少类型注解)
  - 02/lucun/star/p4_02_004.py (缺少类型注解)
  - 02/lucun/star/task_01.py (缺少类型注解)
  - 02/lucun/star/task_02.py (缺少类型注解)
  - 02/lucun/star/task_03.py (缺少类型注解)
  - 02/lucun/star/task_04.py (缺少类型注解)
  - 02/lucun/star/task_05.py (缺少类型注解)
  - 02/lucun/star/task_06.py (缺少类型注解)
  - 02/lucun/star/task_07.py (缺少类型注解)
  - 02/lucun/star/task_08.py (缺少类型注解)
  - 02/lucun/star/task_9.py (缺少类型注解)
  - 02/lucun/star/xj02_001.py (缺少类型注解)
  - 02/lucun/star/xj02_002.py (缺少类型注解)
  - 02/lucun/star/xj02_003.py (缺少类型注解)
  - 02/lucun/star/xj02_004.py (缺少类型注解)
  - 02/lucun/star/xj02_p0_001.py (缺少类型注解)
  - 02/lucun/star/xj02_p0_002.py (缺少类型注解)
  - 02/lucun/star/xj02_p0_003.py (缺少类型注解)
  - 02/lucun/star/xj02_p1_001.py (缺少类型注解)
  - 02/lucun/star/xj02_p1_003.py (缺少类型注解)
  - 02/lucun/star/xj02_p2_001.py (缺少类型注解)
  - 02/lucun/star/xj02_p2_002.py (缺少类型注解)
  - 02/lucun/star/xj_p3_002.py (缺少类型注解)
  - 04/lianzheng/star/obj_04_001.py (缺少类型注解)
  - 04/lianzheng/star/obj_04_002.py (缺少类型注解)
  - 04/lianzheng/star/obj_04_003.py (缺少类型注解)
  - 04/lianzheng/star/p2_04_009.py (缺少类型注解)
  - 04/lianzheng/star/p2_04_010.py (缺少类型注解)
  - 04/lianzheng/star/p3_04_007.py (缺少类型注解)
  - 04/lianzheng/star/p3_04_008.py (缺少类型注解)
  - 04/lianzheng/star/p4_04_007.py (缺少类型注解)
  - 04/lianzheng/star/p4_04_008.py (缺少类型注解)
  - 04/lianzheng/star/task_11.py (缺少类型注解)
  - 04/lianzheng/star/task_12.py (缺少类型注解)
  - 04/lianzheng/star/xj04_001.py (缺少类型注解)
  - 04/lianzheng/star/xj04_002.py (缺少类型注解)
  - 04/lianzheng/star/xj04_003.py (缺少类型注解)
  - 04/lianzheng/star/xj04_004.py (缺少类型注解)
  - 04/lianzheng/star/xj04_005.py (缺少类型注解)
  - 04/lianzheng/star/xj04_p1_001.py (缺少类型注解)
  - 04/lianzheng/star/xj04_p1_002.py (缺少类型注解)
  - 04/lianzheng/star/xj04_p1_003.py (缺少类型注解)
  - 04/lianzheng/star/xj04_p1_004.py (缺少类型注解)
  - 04/lianzheng/star/xj04_p1_005.py (缺少类型注解)
  - 04/lianzheng/star/xj04_p2_001.py (缺少类型注解)
  - 04/lianzheng/star/xj04_p2_002.py (缺少类型注解)
  - 05/wuqu/star/obj_05_001.py (缺少类型注解)
  - 05/wuqu/star/obj_05_002.py (缺少类型注解)
  - 05/wuqu/star/obj_05_003.py (缺少类型注解)
  - 05/wuqu/star/p2_05_011.py (缺少类型注解)
  - 05/wuqu/star/p2_05_012.py (缺少类型注解)
  - 05/wuqu/star/p3_05_009.py (缺少类型注解)
  - 05/wuqu/star/p3_05_010.py (缺少类型注解)
  - 05/wuqu/star/p4_05_009.py (缺少类型注解)
  - 05/wuqu/star/p4_05_010.py (缺少类型注解)
  - 05/wuqu/star/task_13.py (缺少类型注解)
  - 05/wuqu/star/xj05_001.py (缺少类型注解)
  - 05/wuqu/star/xj05_002.py (缺少类型注解)
  - 05/wuqu/star/xj05_003.py (缺少类型注解)
  - 05/wuqu/star/xj05_004.py (缺少类型注解)
  - 05/wuqu/star/xj05_005.py (缺少类型注解)
  - 05/wuqu/star/xj05_p1_001.py (缺少类型注解)
  - 05/wuqu/star/xj05_p1_002.py (缺少类型注解)
  - 05/wuqu/star/xj05_p1_003.py (缺少类型注解)
  - 05/wuqu/star/xj05_p1_004.py (缺少类型注解)
  - 05/wuqu/star/xj05_p1_005.py (缺少类型注解)
  - 05/wuqu/star/xj05_p2_001.py (缺少类型注解)
  - 05/wuqu/star/xj05_p2_002.py (缺少类型注解)
  - 06/pojun/star/obj_06_001.py (缺少类型注解)
  - 06/pojun/star/obj_06_002.py (缺少类型注解)
  - 06/pojun/star/obj_06_003.py (缺少类型注解)
  - 06/pojun/star/p2_06_013.py (缺少类型注解)
  - 06/pojun/star/p2_06_014.py (缺少类型注解)
  - 06/pojun/star/p3_06_011.py (缺少类型注解)
  - 06/pojun/star/p3_06_012.py (缺少类型注解)
  - 06/pojun/star/p4_06_011.py (缺少类型注解)
  - 06/pojun/star/p4_06_012.py (缺少类型注解)
  - 06/pojun/star/task_14.py (缺少类型注解)
  - 06/pojun/star/xj06_001.py (缺少类型注解)
  - 06/pojun/star/xj06_002.py (缺少类型注解)
  - 06/pojun/star/xj06_003.py (缺少类型注解)
  - 06/pojun/star/xj06_004.py (缺少类型注解)
  - 06/pojun/star/xj06_005.py (缺少类型注解)
  - 06/pojun/star/xj06_p1_001.py (缺少类型注解)
  - 06/pojun/star/xj06_p1_002.py (缺少类型注解)
  - 06/pojun/star/xj06_p1_003.py (缺少类型注解)
  - 06/pojun/star/xj06_p1_004.py (缺少类型注解)
  - 06/pojun/star/xj06_p1_005.py (缺少类型注解)
  - 06/pojun/star/xj06_p2_001.py (缺少类型注解)
  - 06/pojun/star/xj06_p2_002.py (缺少类型注解)
  - 07/zuofu/star/obj_07_001.py (缺少类型注解)
  - 07/zuofu/star/obj_07_002.py (缺少类型注解)
  - 07/zuofu/star/obj_07_003.py (缺少类型注解)
  - 07/zuofu/star/obj_07_004.py (缺少类型注解)
  - 07/zuofu/star/p2_07_015.py (缺少类型注解)
  - 07/zuofu/star/p2_07_016.py (缺少类型注解)
  - 07/zuofu/star/p3_07_013.py (缺少类型注解)
  - 07/zuofu/star/p3_07_014.py (缺少类型注解)
  - 07/zuofu/star/p4_07_013.py (缺少类型注解)
  - 07/zuofu/star/p4_07_014.py (缺少类型注解)
  - 07/zuofu/star/xj07_001.py (缺少类型注解)
  - 07/zuofu/star/xj07_002.py (缺少类型注解)
  - 07/zuofu/star/xj07_003.py (缺少类型注解)
  - 07/zuofu/star/xj07_004.py (缺少类型注解)
  - 07/zuofu/star/xj07_005.py (缺少类型注解)
  - 07/zuofu/star/xj07_p1_001.py (缺少类型注解)
  - 07/zuofu/star/xj07_p1_002.py (缺少类型注解)
  - 07/zuofu/star/xj07_p1_003.py (缺少类型注解)
  - 07/zuofu/star/xj07_p1_004.py (缺少类型注解)
  - 07/zuofu/star/xj07_p1_005.py (缺少类型注解)
  - 07/zuofu/star/xj07_p2_001.py (缺少类型注解)
  - 08/youbi/star/obj_08_001.py (缺少类型注解)
  - 08/youbi/star/obj_08_002.py (缺少类型注解)
  - 08/youbi/star/obj_08_003.py (缺少类型注解)
  - 08/youbi/star/p2_08_017.py (缺少类型注解)
  - 08/youbi/star/p2_08_018.py (缺少类型注解)
  - 08/youbi/star/p3_08_015.py (缺少类型注解)
  - 08/youbi/star/p3_08_016.py (缺少类型注解)
  - 08/youbi/star/p4_08_015.py (缺少类型注解)
  - 08/youbi/star/p4_08_016.py (缺少类型注解)
  - 08/youbi/star/task_15.py (缺少类型注解)
  - 08/youbi/star/task_16.py (缺少类型注解)
  - 08/youbi/star/task_17.py (缺少类型注解)
  - 08/youbi/star/xj08_001.py (缺少类型注解)
  - 08/youbi/star/xj08_003.py (缺少类型注解)
  - 08/youbi/star/xj08_004.py (缺少类型注解)
  - 08/youbi/star/xj08_p1_001.py (缺少类型注解)
  - 08/youbi/star/xj08_p1_003.py (缺少类型注解)
  - 08/youbi/star/xj08_p1_004.py (缺少类型注解)
  - 08/youbi/star/xj_p3_006.py (缺少类型注解)
  - 08/youbi/star/xj_p3_007.py (缺少类型注解)
  - 09/tanlang/star/obj_09_001.py (缺少类型注解)
  - 09/tanlang/star/obj_09_002.py (缺少类型注解)
  - 09/tanlang/star/obj_09_003.py (缺少类型注解)
  - 09/tanlang/star/p2_09_019.py (缺少类型注解)
  - 09/tanlang/star/p2_09_020.py (缺少类型注解)
  - 09/tanlang/star/p3_09_017.py (缺少类型注解)
  - 09/tanlang/star/p3_09_018.py (缺少类型注解)
  - 09/tanlang/star/p4_09_017.py (缺少类型注解)
  - 09/tanlang/star/p4_09_018.py (缺少类型注解)
  - 09/tanlang/star/task_18.py (缺少类型注解)
  - 09/tanlang/star/task_19.py (缺少类型注解)
  - 09/tanlang/star/task_20.py (缺少类型注解)
  - 09/tanlang/star/xj09_001.py (缺少类型注解)
  - 09/tanlang/star/xj09_002.py (缺少类型注解)
  - 09/tanlang/star/xj09_003.py (缺少类型注解)
  - 09/tanlang/star/xj09_004.py (缺少类型注解)
  - 09/tanlang/star/xj09_005.py (缺少类型注解)
  - 09/tanlang/star/xj09_p1_001.py (缺少类型注解)
  - 09/tanlang/star/xj09_p1_002.py (缺少类型注解)
  - 09/tanlang/star/xj09_p1_003.py (缺少类型注解)
  - 09/tanlang/star/xj09_p1_004.py (缺少类型注解)
  - 09/tanlang/star/xj09_p1_005.py (缺少类型注解)
  - 10/fubi/star/obj_10_001.py (缺少类型注解)
  - 10/fubi/star/obj_10_002.py (缺少类型注解)
  - 10/fubi/star/obj_10_003.py (缺少类型注解)
  - 10/fubi/star/p2_10_021.py (缺少类型注解)
  - 10/fubi/star/p2_10_022.py (缺少类型注解)
  - 10/fubi/star/p3_10_019.py (缺少类型注解)
  - 10/fubi/star/p3_10_020.py (缺少类型注解)
  - 10/fubi/star/p4_10_019.py (缺少类型注解)
  - 10/fubi/star/p4_10_020.py (缺少类型注解)
  - 10/fubi/star/xj10_001.py (缺少类型注解)
  - 10/fubi/star/xj10_002.py (缺少类型注解)
  - 10/fubi/star/xj10_003.py (缺少类型注解)
  - 10/fubi/star/xj10_004.py (缺少类型注解)
  - 10/fubi/star/xj10_005.py (缺少类型注解)
  - 10/fubi/star/xj10_p1_001.py (缺少类型注解)
  - 10/fubi/star/xj10_p1_002.py (缺少类型注解)
  - 10/fubi/star/xj10_p1_003.py (缺少类型注解)
  - 10/fubi/star/xj10_p1_004.py (缺少类型注解)
  - 10/fubi/star/xj10_p1_005.py (缺少类型注解)

=== 质检完成 ===
发现问题文件: 182 个
=== 张志远(002) 代码质检任务 ===
时间: Mon Mar 23 11:30:01 AM CST 2026

📊 代码统计:
  XJ-01: 38 文件, 1634 行
  XJ-02: 33 文件, 1254 行
  XJ-03: 23 文件, 851 行
  XJ-04: 23 文件, 598 行
  XJ-05: 22 文件, 572 行
  XJ-06: 22 文件, 572 行
  XJ-07: 21 文件, 546 行
  XJ-08: 22 文件, 606 行
  XJ-09: 22 文件, 572 行
  XJ-10: 19 文件, 494 行
  总计: 245 文件, 7699 行

📈 质量指标:
  文档覆盖率: 100.0%
  类型注解覆盖率: 39.2%

⚠️ 需要改进的文件:
  - 02/lucun/star/c_02_001.py (缺少类型注解)
  - 02/lucun/star/c_02_002.py (缺少类型注解)
  - 02/lucun/star/c_02_003.py (缺少类型注解)
  - 02/lucun/star/c_02_004.py (缺少类型注解)
  - 02/lucun/star/c_02_005.py (缺少类型注解)
  - 02/lucun/star/p2_02_004.py (缺少类型注解)
  - 02/lucun/star/p2_02_005.py (缺少类型注解)
  - 02/lucun/star/p2_02_006.py (缺少类型注解)
  - 02/lucun/star/p3_02_003.py (缺少类型注解)
  - 02/lucun/star/p3_02_004.py (缺少类型注解)
  - 02/lucun/star/p4_02_003.py (缺少类型注解)
  - 02/lucun/star/p4_02_004.py (缺少类型注解)
  - 02/lucun/star/task_01.py (缺少类型注解)
  - 02/lucun/star/task_02.py (缺少类型注解)
  - 02/lucun/star/task_03.py (缺少类型注解)
  - 02/lucun/star/task_04.py (缺少类型注解)
  - 02/lucun/star/task_05.py (缺少类型注解)
  - 02/lucun/star/task_06.py (缺少类型注解)
  - 02/lucun/star/task_07.py (缺少类型注解)
  - 02/lucun/star/task_08.py (缺少类型注解)
  - 02/lucun/star/task_9.py (缺少类型注解)
  - 02/lucun/star/xj02_001.py (缺少类型注解)
  - 02/lucun/star/xj02_002.py (缺少类型注解)
  - 02/lucun/star/xj02_003.py (缺少类型注解)
  - 02/lucun/star/xj02_004.py (缺少类型注解)
  - 02/lucun/star/xj02_p0_001.py (缺少类型注解)
  - 02/lucun/star/xj02_p0_002.py (缺少类型注解)
  - 02/lucun/star/xj02_p0_003.py (缺少类型注解)
  - 02/lucun/star/xj02_p1_001.py (缺少类型注解)
  - 02/lucun/star/xj02_p1_003.py (缺少类型注解)
  - 02/lucun/star/xj02_p2_001.py (缺少类型注解)
  - 02/lucun/star/xj02_p2_002.py (缺少类型注解)
  - 02/lucun/star/xj_p3_002.py (缺少类型注解)
  - 04/lianzheng/star/obj_04_001.py (缺少类型注解)
  - 04/lianzheng/star/obj_04_002.py (缺少类型注解)
  - 04/lianzheng/star/obj_04_003.py (缺少类型注解)
  - 04/lianzheng/star/p2_04_009.py (缺少类型注解)
  - 04/lianzheng/star/p2_04_010.py (缺少类型注解)
  - 04/lianzheng/star/p3_04_007.py (缺少类型注解)
  - 04/lianzheng/star/p3_04_008.py (缺少类型注解)
  - 04/lianzheng/star/p4_04_007.py (缺少类型注解)
  - 04/lianzheng/star/p4_04_008.py (缺少类型注解)
  - 04/lianzheng/star/task_11.py (缺少类型注解)
  - 04/lianzheng/star/task_12.py (缺少类型注解)
  - 04/lianzheng/star/xj04_001.py (缺少类型注解)
  - 04/lianzheng/star/xj04_002.py (缺少类型注解)
  - 04/lianzheng/star/xj04_003.py (缺少类型注解)
  - 04/lianzheng/star/xj04_004.py (缺少类型注解)
  - 04/lianzheng/star/xj04_005.py (缺少类型注解)
  - 04/lianzheng/star/xj04_p1_001.py (缺少类型注解)
  - 04/lianzheng/star/xj04_p1_002.py (缺少类型注解)
  - 04/lianzheng/star/xj04_p1_003.py (缺少类型注解)
  - 04/lianzheng/star/xj04_p1_004.py (缺少类型注解)
  - 04/lianzheng/star/xj04_p1_005.py (缺少类型注解)
  - 04/lianzheng/star/xj04_p2_001.py (缺少类型注解)
  - 04/lianzheng/star/xj04_p2_002.py (缺少类型注解)
  - 05/wuqu/star/obj_05_001.py (缺少类型注解)
  - 05/wuqu/star/obj_05_002.py (缺少类型注解)
  - 05/wuqu/star/obj_05_003.py (缺少类型注解)
  - 05/wuqu/star/p2_05_011.py (缺少类型注解)
  - 05/wuqu/star/p2_05_012.py (缺少类型注解)
  - 05/wuqu/star/p3_05_009.py (缺少类型注解)
  - 05/wuqu/star/p3_05_010.py (缺少类型注解)
  - 05/wuqu/star/p4_05_009.py (缺少类型注解)
  - 05/wuqu/star/p4_05_010.py (缺少类型注解)
  - 05/wuqu/star/task_13.py (缺少类型注解)
  - 05/wuqu/star/xj05_001.py (缺少类型注解)
  - 05/wuqu/star/xj05_002.py (缺少类型注解)
  - 05/wuqu/star/xj05_003.py (缺少类型注解)
  - 05/wuqu/star/xj05_004.py (缺少类型注解)
  - 05/wuqu/star/xj05_005.py (缺少类型注解)
  - 05/wuqu/star/xj05_p1_001.py (缺少类型注解)
  - 05/wuqu/star/xj05_p1_002.py (缺少类型注解)
  - 05/wuqu/star/xj05_p1_003.py (缺少类型注解)
  - 05/wuqu/star/xj05_p1_004.py (缺少类型注解)
  - 05/wuqu/star/xj05_p1_005.py (缺少类型注解)
  - 05/wuqu/star/xj05_p2_001.py (缺少类型注解)
  - 05/wuqu/star/xj05_p2_002.py (缺少类型注解)
  - 06/pojun/star/obj_06_001.py (缺少类型注解)
  - 06/pojun/star/obj_06_002.py (缺少类型注解)
  - 06/pojun/star/obj_06_003.py (缺少类型注解)
  - 06/pojun/star/p2_06_013.py (缺少类型注解)
  - 06/pojun/star/p2_06_014.py (缺少类型注解)
  - 06/pojun/star/p3_06_011.py (缺少类型注解)
  - 06/pojun/star/p3_06_012.py (缺少类型注解)
  - 06/pojun/star/p4_06_011.py (缺少类型注解)
  - 06/pojun/star/p4_06_012.py (缺少类型注解)
  - 06/pojun/star/task_14.py (缺少类型注解)
  - 06/pojun/star/xj06_001.py (缺少类型注解)
  - 06/pojun/star/xj06_002.py (缺少类型注解)
  - 06/pojun/star/xj06_003.py (缺少类型注解)
  - 06/pojun/star/xj06_004.py (缺少类型注解)
  - 06/pojun/star/xj06_005.py (缺少类型注解)
  - 06/pojun/star/xj06_p1_001.py (缺少类型注解)
  - 06/pojun/star/xj06_p1_002.py (缺少类型注解)
  - 06/pojun/star/xj06_p1_003.py (缺少类型注解)
  - 06/pojun/star/xj06_p1_004.py (缺少类型注解)
  - 06/pojun/star/xj06_p1_005.py (缺少类型注解)
  - 06/pojun/star/xj06_p2_001.py (缺少类型注解)
  - 06/pojun/star/xj06_p2_002.py (缺少类型注解)
  - 07/zuofu/star/obj_07_001.py (缺少类型注解)
  - 07/zuofu/star/obj_07_002.py (缺少类型注解)
  - 07/zuofu/star/obj_07_003.py (缺少类型注解)
  - 07/zuofu/star/obj_07_004.py (缺少类型注解)
  - 07/zuofu/star/p2_07_015.py (缺少类型注解)
  - 07/zuofu/star/p2_07_016.py (缺少类型注解)
  - 07/zuofu/star/p3_07_013.py (缺少类型注解)
  - 07/zuofu/star/p3_07_014.py (缺少类型注解)
  - 07/zuofu/star/p4_07_013.py (缺少类型注解)
  - 07/zuofu/star/p4_07_014.py (缺少类型注解)
  - 07/zuofu/star/xj07_001.py (缺少类型注解)
  - 07/zuofu/star/xj07_002.py (缺少类型注解)
  - 07/zuofu/star/xj07_003.py (缺少类型注解)
  - 07/zuofu/star/xj07_004.py (缺少类型注解)
  - 07/zuofu/star/xj07_005.py (缺少类型注解)
  - 07/zuofu/star/xj07_p1_001.py (缺少类型注解)
  - 07/zuofu/star/xj07_p1_002.py (缺少类型注解)
  - 07/zuofu/star/xj07_p1_003.py (缺少类型注解)
  - 07/zuofu/star/xj07_p1_004.py (缺少类型注解)
  - 07/zuofu/star/xj07_p1_005.py (缺少类型注解)
  - 07/zuofu/star/xj07_p2_001.py (缺少类型注解)
  - 08/youbi/star/obj_08_001.py (缺少类型注解)
  - 08/youbi/star/obj_08_002.py (缺少类型注解)
  - 08/youbi/star/obj_08_003.py (缺少类型注解)
  - 08/youbi/star/p2_08_017.py (缺少类型注解)
  - 08/youbi/star/p2_08_018.py (缺少类型注解)
  - 08/youbi/star/p3_08_015.py (缺少类型注解)
  - 08/youbi/star/p3_08_016.py (缺少类型注解)
  - 08/youbi/star/p4_08_015.py (缺少类型注解)
  - 08/youbi/star/p4_08_016.py (缺少类型注解)
  - 08/youbi/star/task_15.py (缺少类型注解)
  - 08/youbi/star/task_16.py (缺少类型注解)
  - 08/youbi/star/task_17.py (缺少类型注解)
  - 08/youbi/star/xj08_001.py (缺少类型注解)
  - 08/youbi/star/xj08_003.py (缺少类型注解)
  - 08/youbi/star/xj08_004.py (缺少类型注解)
  - 08/youbi/star/xj08_p1_001.py (缺少类型注解)
  - 08/youbi/star/xj08_p1_003.py (缺少类型注解)
  - 08/youbi/star/xj08_p1_004.py (缺少类型注解)
  - 08/youbi/star/xj_p3_006.py (缺少类型注解)
  - 08/youbi/star/xj_p3_007.py (缺少类型注解)
  - 09/tanlang/star/obj_09_001.py (缺少类型注解)
  - 09/tanlang/star/obj_09_002.py (缺少类型注解)
  - 09/tanlang/star/obj_09_003.py (缺少类型注解)
  - 09/tanlang/star/p2_09_019.py (缺少类型注解)
  - 09/tanlang/star/p2_09_020.py (缺少类型注解)
  - 09/tanlang/star/p3_09_017.py (缺少类型注解)
  - 09/tanlang/star/p3_09_018.py (缺少类型注解)
  - 09/tanlang/star/p4_09_017.py (缺少类型注解)
  - 09/tanlang/star/p4_09_018.py (缺少类型注解)
  - 09/tanlang/star/task_18.py (缺少类型注解)
  - 09/tanlang/star/task_19.py (缺少类型注解)
  - 09/tanlang/star/task_20.py (缺少类型注解)
  - 09/tanlang/star/xj09_001.py (缺少类型注解)
  - 09/tanlang/star/xj09_002.py (缺少类型注解)
  - 09/tanlang/star/xj09_003.py (缺少类型注解)
  - 09/tanlang/star/xj09_004.py (缺少类型注解)
  - 09/tanlang/star/xj09_005.py (缺少类型注解)
  - 09/tanlang/star/xj09_p1_001.py (缺少类型注解)
  - 09/tanlang/star/xj09_p1_002.py (缺少类型注解)
  - 09/tanlang/star/xj09_p1_003.py (缺少类型注解)
  - 09/tanlang/star/xj09_p1_004.py (缺少类型注解)
  - 09/tanlang/star/xj09_p1_005.py (缺少类型注解)
  - 10/fubi/star/obj_10_001.py (缺少类型注解)
  - 10/fubi/star/obj_10_002.py (缺少类型注解)
  - 10/fubi/star/obj_10_003.py (缺少类型注解)
  - 10/fubi/star/p2_10_021.py (缺少类型注解)
  - 10/fubi/star/p2_10_022.py (缺少类型注解)
  - 10/fubi/star/p3_10_019.py (缺少类型注解)
  - 10/fubi/star/p3_10_020.py (缺少类型注解)
  - 10/fubi/star/p4_10_019.py (缺少类型注解)
  - 10/fubi/star/p4_10_020.py (缺少类型注解)
  - 10/fubi/star/xj10_001.py (缺少类型注解)
  - 10/fubi/star/xj10_002.py (缺少类型注解)
  - 10/fubi/star/xj10_003.py (缺少类型注解)
  - 10/fubi/star/xj10_004.py (缺少类型注解)
  - 10/fubi/star/xj10_005.py (缺少类型注解)
  - 10/fubi/star/xj10_p1_001.py (缺少类型注解)
  - 10/fubi/star/xj10_p1_002.py (缺少类型注解)
  - 10/fubi/star/xj10_p1_003.py (缺少类型注解)
  - 10/fubi/star/xj10_p1_004.py (缺少类型注解)
  - 10/fubi/star/xj10_p1_005.py (缺少类型注解)

=== 质检完成 ===
发现问题文件: 182 个
=== 张志远(002) 代码质检任务 ===
时间: Mon Mar 23 12:00:01 PM CST 2026

📊 代码统计:
  XJ-01: 40 文件, 1720 行
  XJ-02: 35 文件, 1330 行
  XJ-03: 25 文件, 925 行
  XJ-04: 25 文件, 650 行
  XJ-05: 24 文件, 624 行
  XJ-06: 24 文件, 624 行
  XJ-07: 23 文件, 598 行
  XJ-08: 24 文件, 658 行
  XJ-09: 29 文件, 754 行
  XJ-10: 26 文件, 676 行
  总计: 275 文件, 8559 行

📈 质量指标:
  文档覆盖率: 100.0%
  类型注解覆盖率: 37.1%

⚠️ 需要改进的文件:
  - 02/lucun/star/c_02_001.py (缺少类型注解)
  - 02/lucun/star/c_02_002.py (缺少类型注解)
  - 02/lucun/star/c_02_003.py (缺少类型注解)
  - 02/lucun/star/c_02_004.py (缺少类型注解)
  - 02/lucun/star/c_02_005.py (缺少类型注解)
  - 02/lucun/star/p2_02_004.py (缺少类型注解)
  - 02/lucun/star/p2_02_005.py (缺少类型注解)
  - 02/lucun/star/p2_02_006.py (缺少类型注解)
  - 02/lucun/star/p3_02_003.py (缺少类型注解)
  - 02/lucun/star/p3_02_004.py (缺少类型注解)
  - 02/lucun/star/p4_02_003.py (缺少类型注解)
  - 02/lucun/star/p4_02_004.py (缺少类型注解)
  - 02/lucun/star/p5_02_003.py (缺少类型注解)
  - 02/lucun/star/p5_02_004.py (缺少类型注解)
  - 02/lucun/star/task_01.py (缺少类型注解)
  - 02/lucun/star/task_02.py (缺少类型注解)
  - 02/lucun/star/task_03.py (缺少类型注解)
  - 02/lucun/star/task_04.py (缺少类型注解)
  - 02/lucun/star/task_05.py (缺少类型注解)
  - 02/lucun/star/task_06.py (缺少类型注解)
  - 02/lucun/star/task_07.py (缺少类型注解)
  - 02/lucun/star/task_08.py (缺少类型注解)
  - 02/lucun/star/task_9.py (缺少类型注解)
  - 02/lucun/star/xj02_001.py (缺少类型注解)
  - 02/lucun/star/xj02_002.py (缺少类型注解)
  - 02/lucun/star/xj02_003.py (缺少类型注解)
  - 02/lucun/star/xj02_004.py (缺少类型注解)
  - 02/lucun/star/xj02_p0_001.py (缺少类型注解)
  - 02/lucun/star/xj02_p0_002.py (缺少类型注解)
  - 02/lucun/star/xj02_p0_003.py (缺少类型注解)
  - 02/lucun/star/xj02_p1_001.py (缺少类型注解)
  - 02/lucun/star/xj02_p1_003.py (缺少类型注解)
  - 02/lucun/star/xj02_p2_001.py (缺少类型注解)
  - 02/lucun/star/xj02_p2_002.py (缺少类型注解)
  - 02/lucun/star/xj_p3_002.py (缺少类型注解)
  - 04/lianzheng/star/obj_04_001.py (缺少类型注解)
  - 04/lianzheng/star/obj_04_002.py (缺少类型注解)
  - 04/lianzheng/star/obj_04_003.py (缺少类型注解)
  - 04/lianzheng/star/p2_04_009.py (缺少类型注解)
  - 04/lianzheng/star/p2_04_010.py (缺少类型注解)
  - 04/lianzheng/star/p3_04_007.py (缺少类型注解)
  - 04/lianzheng/star/p3_04_008.py (缺少类型注解)
  - 04/lianzheng/star/p4_04_007.py (缺少类型注解)
  - 04/lianzheng/star/p4_04_008.py (缺少类型注解)
  - 04/lianzheng/star/p5_04_007.py (缺少类型注解)
  - 04/lianzheng/star/p5_04_008.py (缺少类型注解)
  - 04/lianzheng/star/task_11.py (缺少类型注解)
  - 04/lianzheng/star/task_12.py (缺少类型注解)
  - 04/lianzheng/star/xj04_001.py (缺少类型注解)
  - 04/lianzheng/star/xj04_002.py (缺少类型注解)
  - 04/lianzheng/star/xj04_003.py (缺少类型注解)
  - 04/lianzheng/star/xj04_004.py (缺少类型注解)
  - 04/lianzheng/star/xj04_005.py (缺少类型注解)
  - 04/lianzheng/star/xj04_p1_001.py (缺少类型注解)
  - 04/lianzheng/star/xj04_p1_002.py (缺少类型注解)
  - 04/lianzheng/star/xj04_p1_003.py (缺少类型注解)
  - 04/lianzheng/star/xj04_p1_004.py (缺少类型注解)
  - 04/lianzheng/star/xj04_p1_005.py (缺少类型注解)
  - 04/lianzheng/star/xj04_p2_001.py (缺少类型注解)
  - 04/lianzheng/star/xj04_p2_002.py (缺少类型注解)
  - 05/wuqu/star/obj_05_001.py (缺少类型注解)
  - 05/wuqu/star/obj_05_002.py (缺少类型注解)
  - 05/wuqu/star/obj_05_003.py (缺少类型注解)
  - 05/wuqu/star/p2_05_011.py (缺少类型注解)
  - 05/wuqu/star/p2_05_012.py (缺少类型注解)
  - 05/wuqu/star/p3_05_009.py (缺少类型注解)
  - 05/wuqu/star/p3_05_010.py (缺少类型注解)
  - 05/wuqu/star/p4_05_009.py (缺少类型注解)
  - 05/wuqu/star/p4_05_010.py (缺少类型注解)
  - 05/wuqu/star/p5_05_009.py (缺少类型注解)
  - 05/wuqu/star/p5_05_010.py (缺少类型注解)
  - 05/wuqu/star/task_13.py (缺少类型注解)
  - 05/wuqu/star/xj05_001.py (缺少类型注解)
  - 05/wuqu/star/xj05_002.py (缺少类型注解)
  - 05/wuqu/star/xj05_003.py (缺少类型注解)
  - 05/wuqu/star/xj05_004.py (缺少类型注解)
  - 05/wuqu/star/xj05_005.py (缺少类型注解)
  - 05/wuqu/star/xj05_p1_001.py (缺少类型注解)
  - 05/wuqu/star/xj05_p1_002.py (缺少类型注解)
  - 05/wuqu/star/xj05_p1_003.py (缺少类型注解)
  - 05/wuqu/star/xj05_p1_004.py (缺少类型注解)
  - 05/wuqu/star/xj05_p1_005.py (缺少类型注解)
  - 05/wuqu/star/xj05_p2_001.py (缺少类型注解)
  - 05/wuqu/star/xj05_p2_002.py (缺少类型注解)
  - 06/pojun/star/obj_06_001.py (缺少类型注解)
  - 06/pojun/star/obj_06_002.py (缺少类型注解)
  - 06/pojun/star/obj_06_003.py (缺少类型注解)
  - 06/pojun/star/p2_06_013.py (缺少类型注解)
  - 06/pojun/star/p2_06_014.py (缺少类型注解)
  - 06/pojun/star/p3_06_011.py (缺少类型注解)
  - 06/pojun/star/p3_06_012.py (缺少类型注解)
  - 06/pojun/star/p4_06_011.py (缺少类型注解)
  - 06/pojun/star/p4_06_012.py (缺少类型注解)
  - 06/pojun/star/p5_06_011.py (缺少类型注解)
  - 06/pojun/star/p5_06_012.py (缺少类型注解)
  - 06/pojun/star/task_14.py (缺少类型注解)
  - 06/pojun/star/xj06_001.py (缺少类型注解)
  - 06/pojun/star/xj06_002.py (缺少类型注解)
  - 06/pojun/star/xj06_003.py (缺少类型注解)
  - 06/pojun/star/xj06_004.py (缺少类型注解)
  - 06/pojun/star/xj06_005.py (缺少类型注解)
  - 06/pojun/star/xj06_p1_001.py (缺少类型注解)
  - 06/pojun/star/xj06_p1_002.py (缺少类型注解)
  - 06/pojun/star/xj06_p1_003.py (缺少类型注解)
  - 06/pojun/star/xj06_p1_004.py (缺少类型注解)
  - 06/pojun/star/xj06_p1_005.py (缺少类型注解)
  - 06/pojun/star/xj06_p2_001.py (缺少类型注解)
  - 06/pojun/star/xj06_p2_002.py (缺少类型注解)
  - 07/zuofu/star/obj_07_001.py (缺少类型注解)
  - 07/zuofu/star/obj_07_002.py (缺少类型注解)
  - 07/zuofu/star/obj_07_003.py (缺少类型注解)
  - 07/zuofu/star/obj_07_004.py (缺少类型注解)
  - 07/zuofu/star/p2_07_015.py (缺少类型注解)
  - 07/zuofu/star/p2_07_016.py (缺少类型注解)
  - 07/zuofu/star/p3_07_013.py (缺少类型注解)
  - 07/zuofu/star/p3_07_014.py (缺少类型注解)
  - 07/zuofu/star/p4_07_013.py (缺少类型注解)
  - 07/zuofu/star/p4_07_014.py (缺少类型注解)
  - 07/zuofu/star/p5_07_013.py (缺少类型注解)
  - 07/zuofu/star/p5_07_014.py (缺少类型注解)
  - 07/zuofu/star/xj07_001.py (缺少类型注解)
  - 07/zuofu/star/xj07_002.py (缺少类型注解)
  - 07/zuofu/star/xj07_003.py (缺少类型注解)
  - 07/zuofu/star/xj07_004.py (缺少类型注解)
  - 07/zuofu/star/xj07_005.py (缺少类型注解)
  - 07/zuofu/star/xj07_p1_001.py (缺少类型注解)
  - 07/zuofu/star/xj07_p1_002.py (缺少类型注解)
  - 07/zuofu/star/xj07_p1_003.py (缺少类型注解)
  - 07/zuofu/star/xj07_p1_004.py (缺少类型注解)
  - 07/zuofu/star/xj07_p1_005.py (缺少类型注解)
  - 07/zuofu/star/xj07_p2_001.py (缺少类型注解)
  - 08/youbi/star/obj_08_001.py (缺少类型注解)
  - 08/youbi/star/obj_08_002.py (缺少类型注解)
  - 08/youbi/star/obj_08_003.py (缺少类型注解)
  - 08/youbi/star/p2_08_017.py (缺少类型注解)
  - 08/youbi/star/p2_08_018.py (缺少类型注解)
  - 08/youbi/star/p3_08_015.py (缺少类型注解)
  - 08/youbi/star/p3_08_016.py (缺少类型注解)
  - 08/youbi/star/p4_08_015.py (缺少类型注解)
  - 08/youbi/star/p4_08_016.py (缺少类型注解)
  - 08/youbi/star/p5_08_015.py (缺少类型注解)
  - 08/youbi/star/p5_08_016.py (缺少类型注解)
  - 08/youbi/star/task_15.py (缺少类型注解)
  - 08/youbi/star/task_16.py (缺少类型注解)
  - 08/youbi/star/task_17.py (缺少类型注解)
  - 08/youbi/star/xj08_001.py (缺少类型注解)
  - 08/youbi/star/xj08_003.py (缺少类型注解)
  - 08/youbi/star/xj08_004.py (缺少类型注解)
  - 08/youbi/star/xj08_p1_001.py (缺少类型注解)
  - 08/youbi/star/xj08_p1_003.py (缺少类型注解)
  - 08/youbi/star/xj08_p1_004.py (缺少类型注解)
  - 08/youbi/star/xj_p3_006.py (缺少类型注解)
  - 08/youbi/star/xj_p3_007.py (缺少类型注解)
  - 09/tanlang/star/obj_09_001.py (缺少类型注解)
  - 09/tanlang/star/obj_09_002.py (缺少类型注解)
  - 09/tanlang/star/obj_09_003.py (缺少类型注解)
  - 09/tanlang/star/p2_09_019.py (缺少类型注解)
  - 09/tanlang/star/p2_09_020.py (缺少类型注解)
  - 09/tanlang/star/p3_09_017.py (缺少类型注解)
  - 09/tanlang/star/p3_09_018.py (缺少类型注解)
  - 09/tanlang/star/p4_09_017.py (缺少类型注解)
  - 09/tanlang/star/p4_09_018.py (缺少类型注解)
  - 09/tanlang/star/p5_09_017.py (缺少类型注解)
  - 09/tanlang/star/p5_09_018.py (缺少类型注解)
  - 09/tanlang/star/task_18.py (缺少类型注解)
  - 09/tanlang/star/task_19.py (缺少类型注解)
  - 09/tanlang/star/task_20.py (缺少类型注解)
  - 09/tanlang/star/web_001.py (缺少类型注解)
  - 09/tanlang/star/web_002.py (缺少类型注解)
  - 09/tanlang/star/web_003.py (缺少类型注解)
  - 09/tanlang/star/web_004.py (缺少类型注解)
  - 09/tanlang/star/web_005.py (缺少类型注解)
  - 09/tanlang/star/xj09_001.py (缺少类型注解)
  - 09/tanlang/star/xj09_002.py (缺少类型注解)
  - 09/tanlang/star/xj09_003.py (缺少类型注解)
  - 09/tanlang/star/xj09_004.py (缺少类型注解)
  - 09/tanlang/star/xj09_005.py (缺少类型注解)
  - 09/tanlang/star/xj09_p1_001.py (缺少类型注解)
  - 09/tanlang/star/xj09_p1_002.py (缺少类型注解)
  - 09/tanlang/star/xj09_p1_003.py (缺少类型注解)
  - 09/tanlang/star/xj09_p1_004.py (缺少类型注解)
  - 09/tanlang/star/xj09_p1_005.py (缺少类型注解)
  - 10/fubi/star/doc_001.py (缺少类型注解)
  - 10/fubi/star/doc_002.py (缺少类型注解)
  - 10/fubi/star/doc_003.py (缺少类型注解)
  - 10/fubi/star/doc_004.py (缺少类型注解)
  - 10/fubi/star/doc_005.py (缺少类型注解)
  - 10/fubi/star/obj_10_001.py (缺少类型注解)
  - 10/fubi/star/obj_10_002.py (缺少类型注解)
  - 10/fubi/star/obj_10_003.py (缺少类型注解)
  - 10/fubi/star/p2_10_021.py (缺少类型注解)
  - 10/fubi/star/p2_10_022.py (缺少类型注解)
  - 10/fubi/star/p3_10_019.py (缺少类型注解)
  - 10/fubi/star/p3_10_020.py (缺少类型注解)
  - 10/fubi/star/p4_10_019.py (缺少类型注解)
  - 10/fubi/star/p4_10_020.py (缺少类型注解)
  - 10/fubi/star/p5_10_019.py (缺少类型注解)
  - 10/fubi/star/p5_10_020.py (缺少类型注解)
  - 10/fubi/star/xj10_001.py (缺少类型注解)
  - 10/fubi/star/xj10_002.py (缺少类型注解)
  - 10/fubi/star/xj10_003.py (缺少类型注解)
  - 10/fubi/star/xj10_004.py (缺少类型注解)
  - 10/fubi/star/xj10_005.py (缺少类型注解)
  - 10/fubi/star/xj10_p1_001.py (缺少类型注解)
  - 10/fubi/star/xj10_p1_002.py (缺少类型注解)
  - 10/fubi/star/xj10_p1_003.py (缺少类型注解)
  - 10/fubi/star/xj10_p1_004.py (缺少类型注解)
  - 10/fubi/star/xj10_p1_005.py (缺少类型注解)

=== 质检完成 ===
发现问题文件: 208 个
=== 张志远(002) 代码质检任务 ===
时间: Mon Mar 23 12:30:01 PM CST 2026

📊 代码统计:
  XJ-01: 40 文件, 1720 行
  XJ-02: 35 文件, 1330 行
  XJ-03: 25 文件, 925 行
  XJ-04: 25 文件, 650 行
  XJ-05: 24 文件, 624 行
  XJ-06: 24 文件, 624 行
  XJ-07: 23 文件, 598 行
  XJ-08: 24 文件, 658 行
  XJ-09: 29 文件, 754 行
  XJ-10: 26 文件, 676 行
  总计: 275 文件, 8559 行

📈 质量指标:
  文档覆盖率: 100.0%
  类型注解覆盖率: 37.1%

⚠️ 需要改进的文件:
  - 02/lucun/star/c_02_001.py (缺少类型注解)
  - 02/lucun/star/c_02_002.py (缺少类型注解)
  - 02/lucun/star/c_02_003.py (缺少类型注解)
  - 02/lucun/star/c_02_004.py (缺少类型注解)
  - 02/lucun/star/c_02_005.py (缺少类型注解)
  - 02/lucun/star/p2_02_004.py (缺少类型注解)
  - 02/lucun/star/p2_02_005.py (缺少类型注解)
  - 02/lucun/star/p2_02_006.py (缺少类型注解)
  - 02/lucun/star/p3_02_003.py (缺少类型注解)
  - 02/lucun/star/p3_02_004.py (缺少类型注解)
  - 02/lucun/star/p4_02_003.py (缺少类型注解)
  - 02/lucun/star/p4_02_004.py (缺少类型注解)
  - 02/lucun/star/p5_02_003.py (缺少类型注解)
  - 02/lucun/star/p5_02_004.py (缺少类型注解)
  - 02/lucun/star/task_01.py (缺少类型注解)
  - 02/lucun/star/task_02.py (缺少类型注解)
  - 02/lucun/star/task_03.py (缺少类型注解)
  - 02/lucun/star/task_04.py (缺少类型注解)
  - 02/lucun/star/task_05.py (缺少类型注解)
  - 02/lucun/star/task_06.py (缺少类型注解)
  - 02/lucun/star/task_07.py (缺少类型注解)
  - 02/lucun/star/task_08.py (缺少类型注解)
  - 02/lucun/star/task_9.py (缺少类型注解)
  - 02/lucun/star/xj02_001.py (缺少类型注解)
  - 02/lucun/star/xj02_002.py (缺少类型注解)
  - 02/lucun/star/xj02_003.py (缺少类型注解)
  - 02/lucun/star/xj02_004.py (缺少类型注解)
  - 02/lucun/star/xj02_p0_001.py (缺少类型注解)
  - 02/lucun/star/xj02_p0_002.py (缺少类型注解)
  - 02/lucun/star/xj02_p0_003.py (缺少类型注解)
  - 02/lucun/star/xj02_p1_001.py (缺少类型注解)
  - 02/lucun/star/xj02_p1_003.py (缺少类型注解)
  - 02/lucun/star/xj02_p2_001.py (缺少类型注解)
  - 02/lucun/star/xj02_p2_002.py (缺少类型注解)
  - 02/lucun/star/xj_p3_002.py (缺少类型注解)
  - 04/lianzheng/star/obj_04_001.py (缺少类型注解)
  - 04/lianzheng/star/obj_04_002.py (缺少类型注解)
  - 04/lianzheng/star/obj_04_003.py (缺少类型注解)
  - 04/lianzheng/star/p2_04_009.py (缺少类型注解)
  - 04/lianzheng/star/p2_04_010.py (缺少类型注解)
  - 04/lianzheng/star/p3_04_007.py (缺少类型注解)
  - 04/lianzheng/star/p3_04_008.py (缺少类型注解)
  - 04/lianzheng/star/p4_04_007.py (缺少类型注解)
  - 04/lianzheng/star/p4_04_008.py (缺少类型注解)
  - 04/lianzheng/star/p5_04_007.py (缺少类型注解)
  - 04/lianzheng/star/p5_04_008.py (缺少类型注解)
  - 04/lianzheng/star/task_11.py (缺少类型注解)
  - 04/lianzheng/star/task_12.py (缺少类型注解)
  - 04/lianzheng/star/xj04_001.py (缺少类型注解)
  - 04/lianzheng/star/xj04_002.py (缺少类型注解)
  - 04/lianzheng/star/xj04_003.py (缺少类型注解)
  - 04/lianzheng/star/xj04_004.py (缺少类型注解)
  - 04/lianzheng/star/xj04_005.py (缺少类型注解)
  - 04/lianzheng/star/xj04_p1_001.py (缺少类型注解)
  - 04/lianzheng/star/xj04_p1_002.py (缺少类型注解)
  - 04/lianzheng/star/xj04_p1_003.py (缺少类型注解)
  - 04/lianzheng/star/xj04_p1_004.py (缺少类型注解)
  - 04/lianzheng/star/xj04_p1_005.py (缺少类型注解)
  - 04/lianzheng/star/xj04_p2_001.py (缺少类型注解)
  - 04/lianzheng/star/xj04_p2_002.py (缺少类型注解)
  - 05/wuqu/star/obj_05_001.py (缺少类型注解)
  - 05/wuqu/star/obj_05_002.py (缺少类型注解)
  - 05/wuqu/star/obj_05_003.py (缺少类型注解)
  - 05/wuqu/star/p2_05_011.py (缺少类型注解)
  - 05/wuqu/star/p2_05_012.py (缺少类型注解)
  - 05/wuqu/star/p3_05_009.py (缺少类型注解)
  - 05/wuqu/star/p3_05_010.py (缺少类型注解)
  - 05/wuqu/star/p4_05_009.py (缺少类型注解)
  - 05/wuqu/star/p4_05_010.py (缺少类型注解)
  - 05/wuqu/star/p5_05_009.py (缺少类型注解)
  - 05/wuqu/star/p5_05_010.py (缺少类型注解)
  - 05/wuqu/star/task_13.py (缺少类型注解)
  - 05/wuqu/star/xj05_001.py (缺少类型注解)
  - 05/wuqu/star/xj05_002.py (缺少类型注解)
  - 05/wuqu/star/xj05_003.py (缺少类型注解)
  - 05/wuqu/star/xj05_004.py (缺少类型注解)
  - 05/wuqu/star/xj05_005.py (缺少类型注解)
  - 05/wuqu/star/xj05_p1_001.py (缺少类型注解)
  - 05/wuqu/star/xj05_p1_002.py (缺少类型注解)
  - 05/wuqu/star/xj05_p1_003.py (缺少类型注解)
  - 05/wuqu/star/xj05_p1_004.py (缺少类型注解)
  - 05/wuqu/star/xj05_p1_005.py (缺少类型注解)
  - 05/wuqu/star/xj05_p2_001.py (缺少类型注解)
  - 05/wuqu/star/xj05_p2_002.py (缺少类型注解)
  - 06/pojun/star/obj_06_001.py (缺少类型注解)
  - 06/pojun/star/obj_06_002.py (缺少类型注解)
  - 06/pojun/star/obj_06_003.py (缺少类型注解)
  - 06/pojun/star/p2_06_013.py (缺少类型注解)
  - 06/pojun/star/p2_06_014.py (缺少类型注解)
  - 06/pojun/star/p3_06_011.py (缺少类型注解)
  - 06/pojun/star/p3_06_012.py (缺少类型注解)
  - 06/pojun/star/p4_06_011.py (缺少类型注解)
  - 06/pojun/star/p4_06_012.py (缺少类型注解)
  - 06/pojun/star/p5_06_011.py (缺少类型注解)
  - 06/pojun/star/p5_06_012.py (缺少类型注解)
  - 06/pojun/star/task_14.py (缺少类型注解)
  - 06/pojun/star/xj06_001.py (缺少类型注解)
  - 06/pojun/star/xj06_002.py (缺少类型注解)
  - 06/pojun/star/xj06_003.py (缺少类型注解)
  - 06/pojun/star/xj06_004.py (缺少类型注解)
  - 06/pojun/star/xj06_005.py (缺少类型注解)
  - 06/pojun/star/xj06_p1_001.py (缺少类型注解)
  - 06/pojun/star/xj06_p1_002.py (缺少类型注解)
  - 06/pojun/star/xj06_p1_003.py (缺少类型注解)
  - 06/pojun/star/xj06_p1_004.py (缺少类型注解)
  - 06/pojun/star/xj06_p1_005.py (缺少类型注解)
  - 06/pojun/star/xj06_p2_001.py (缺少类型注解)
  - 06/pojun/star/xj06_p2_002.py (缺少类型注解)
  - 07/zuofu/star/obj_07_001.py (缺少类型注解)
  - 07/zuofu/star/obj_07_002.py (缺少类型注解)
  - 07/zuofu/star/obj_07_003.py (缺少类型注解)
  - 07/zuofu/star/obj_07_004.py (缺少类型注解)
  - 07/zuofu/star/p2_07_015.py (缺少类型注解)
  - 07/zuofu/star/p2_07_016.py (缺少类型注解)
  - 07/zuofu/star/p3_07_013.py (缺少类型注解)
  - 07/zuofu/star/p3_07_014.py (缺少类型注解)
  - 07/zuofu/star/p4_07_013.py (缺少类型注解)
  - 07/zuofu/star/p4_07_014.py (缺少类型注解)
  - 07/zuofu/star/p5_07_013.py (缺少类型注解)
  - 07/zuofu/star/p5_07_014.py (缺少类型注解)
  - 07/zuofu/star/xj07_001.py (缺少类型注解)
  - 07/zuofu/star/xj07_002.py (缺少类型注解)
  - 07/zuofu/star/xj07_003.py (缺少类型注解)
  - 07/zuofu/star/xj07_004.py (缺少类型注解)
  - 07/zuofu/star/xj07_005.py (缺少类型注解)
  - 07/zuofu/star/xj07_p1_001.py (缺少类型注解)
  - 07/zuofu/star/xj07_p1_002.py (缺少类型注解)
  - 07/zuofu/star/xj07_p1_003.py (缺少类型注解)
  - 07/zuofu/star/xj07_p1_004.py (缺少类型注解)
  - 07/zuofu/star/xj07_p1_005.py (缺少类型注解)
  - 07/zuofu/star/xj07_p2_001.py (缺少类型注解)
  - 08/youbi/star/obj_08_001.py (缺少类型注解)
  - 08/youbi/star/obj_08_002.py (缺少类型注解)
  - 08/youbi/star/obj_08_003.py (缺少类型注解)
  - 08/youbi/star/p2_08_017.py (缺少类型注解)
  - 08/youbi/star/p2_08_018.py (缺少类型注解)
  - 08/youbi/star/p3_08_015.py (缺少类型注解)
  - 08/youbi/star/p3_08_016.py (缺少类型注解)
  - 08/youbi/star/p4_08_015.py (缺少类型注解)
  - 08/youbi/star/p4_08_016.py (缺少类型注解)
  - 08/youbi/star/p5_08_015.py (缺少类型注解)
  - 08/youbi/star/p5_08_016.py (缺少类型注解)
  - 08/youbi/star/task_15.py (缺少类型注解)
  - 08/youbi/star/task_16.py (缺少类型注解)
  - 08/youbi/star/task_17.py (缺少类型注解)
  - 08/youbi/star/xj08_001.py (缺少类型注解)
  - 08/youbi/star/xj08_003.py (缺少类型注解)
  - 08/youbi/star/xj08_004.py (缺少类型注解)
  - 08/youbi/star/xj08_p1_001.py (缺少类型注解)
  - 08/youbi/star/xj08_p1_003.py (缺少类型注解)
  - 08/youbi/star/xj08_p1_004.py (缺少类型注解)
  - 08/youbi/star/xj_p3_006.py (缺少类型注解)
  - 08/youbi/star/xj_p3_007.py (缺少类型注解)
  - 09/tanlang/star/obj_09_001.py (缺少类型注解)
  - 09/tanlang/star/obj_09_002.py (缺少类型注解)
  - 09/tanlang/star/obj_09_003.py (缺少类型注解)
  - 09/tanlang/star/p2_09_019.py (缺少类型注解)
  - 09/tanlang/star/p2_09_020.py (缺少类型注解)
  - 09/tanlang/star/p3_09_017.py (缺少类型注解)
  - 09/tanlang/star/p3_09_018.py (缺少类型注解)
  - 09/tanlang/star/p4_09_017.py (缺少类型注解)
  - 09/tanlang/star/p4_09_018.py (缺少类型注解)
  - 09/tanlang/star/p5_09_017.py (缺少类型注解)
  - 09/tanlang/star/p5_09_018.py (缺少类型注解)
  - 09/tanlang/star/task_18.py (缺少类型注解)
  - 09/tanlang/star/task_19.py (缺少类型注解)
  - 09/tanlang/star/task_20.py (缺少类型注解)
  - 09/tanlang/star/web_001.py (缺少类型注解)
  - 09/tanlang/star/web_002.py (缺少类型注解)
  - 09/tanlang/star/web_003.py (缺少类型注解)
  - 09/tanlang/star/web_004.py (缺少类型注解)
  - 09/tanlang/star/web_005.py (缺少类型注解)
  - 09/tanlang/star/xj09_001.py (缺少类型注解)
  - 09/tanlang/star/xj09_002.py (缺少类型注解)
  - 09/tanlang/star/xj09_003.py (缺少类型注解)
  - 09/tanlang/star/xj09_004.py (缺少类型注解)
  - 09/tanlang/star/xj09_005.py (缺少类型注解)
  - 09/tanlang/star/xj09_p1_001.py (缺少类型注解)
  - 09/tanlang/star/xj09_p1_002.py (缺少类型注解)
  - 09/tanlang/star/xj09_p1_003.py (缺少类型注解)
  - 09/tanlang/star/xj09_p1_004.py (缺少类型注解)
  - 09/tanlang/star/xj09_p1_005.py (缺少类型注解)
  - 10/fubi/star/doc_001.py (缺少类型注解)
  - 10/fubi/star/doc_002.py (缺少类型注解)
  - 10/fubi/star/doc_003.py (缺少类型注解)
  - 10/fubi/star/doc_004.py (缺少类型注解)
  - 10/fubi/star/doc_005.py (缺少类型注解)
  - 10/fubi/star/obj_10_001.py (缺少类型注解)
  - 10/fubi/star/obj_10_002.py (缺少类型注解)
  - 10/fubi/star/obj_10_003.py (缺少类型注解)
  - 10/fubi/star/p2_10_021.py (缺少类型注解)
  - 10/fubi/star/p2_10_022.py (缺少类型注解)
  - 10/fubi/star/p3_10_019.py (缺少类型注解)
  - 10/fubi/star/p3_10_020.py (缺少类型注解)
  - 10/fubi/star/p4_10_019.py (缺少类型注解)
  - 10/fubi/star/p4_10_020.py (缺少类型注解)
  - 10/fubi/star/p5_10_019.py (缺少类型注解)
  - 10/fubi/star/p5_10_020.py (缺少类型注解)
  - 10/fubi/star/xj10_001.py (缺少类型注解)
  - 10/fubi/star/xj10_002.py (缺少类型注解)
  - 10/fubi/star/xj10_003.py (缺少类型注解)
  - 10/fubi/star/xj10_004.py (缺少类型注解)
  - 10/fubi/star/xj10_005.py (缺少类型注解)
  - 10/fubi/star/xj10_p1_001.py (缺少类型注解)
  - 10/fubi/star/xj10_p1_002.py (缺少类型注解)
  - 10/fubi/star/xj10_p1_003.py (缺少类型注解)
  - 10/fubi/star/xj10_p1_004.py (缺少类型注解)
  - 10/fubi/star/xj10_p1_005.py (缺少类型注解)

=== 质检完成 ===
发现问题文件: 208 个
=== 张志远(002) 代码质检任务 ===
时间: Mon Mar 23 01:00:01 PM CST 2026

📊 代码统计:
  XJ-01: 40 文件, 1720 行
  XJ-02: 35 文件, 1330 行
  XJ-03: 25 文件, 925 行
  XJ-04: 25 文件, 650 行
  XJ-05: 24 文件, 624 行
  XJ-06: 24 文件, 624 行
  XJ-07: 23 文件, 598 行
  XJ-08: 24 文件, 658 行
  XJ-09: 29 文件, 754 行
  XJ-10: 26 文件, 676 行
  总计: 275 文件, 8559 行

📈 质量指标:
  文档覆盖率: 100.0%
  类型注解覆盖率: 37.1%

⚠️ 需要改进的文件:
  - 02/lucun/star/c_02_001.py (缺少类型注解)
  - 02/lucun/star/c_02_002.py (缺少类型注解)
  - 02/lucun/star/c_02_003.py (缺少类型注解)
  - 02/lucun/star/c_02_004.py (缺少类型注解)
  - 02/lucun/star/c_02_005.py (缺少类型注解)
  - 02/lucun/star/p2_02_004.py (缺少类型注解)
  - 02/lucun/star/p2_02_005.py (缺少类型注解)
  - 02/lucun/star/p2_02_006.py (缺少类型注解)
  - 02/lucun/star/p3_02_003.py (缺少类型注解)
  - 02/lucun/star/p3_02_004.py (缺少类型注解)
  - 02/lucun/star/p4_02_003.py (缺少类型注解)
  - 02/lucun/star/p4_02_004.py (缺少类型注解)
  - 02/lucun/star/p5_02_003.py (缺少类型注解)
  - 02/lucun/star/p5_02_004.py (缺少类型注解)
  - 02/lucun/star/task_01.py (缺少类型注解)
  - 02/lucun/star/task_02.py (缺少类型注解)
  - 02/lucun/star/task_03.py (缺少类型注解)
  - 02/lucun/star/task_04.py (缺少类型注解)
  - 02/lucun/star/task_05.py (缺少类型注解)
  - 02/lucun/star/task_06.py (缺少类型注解)
  - 02/lucun/star/task_07.py (缺少类型注解)
  - 02/lucun/star/task_08.py (缺少类型注解)
  - 02/lucun/star/task_9.py (缺少类型注解)
  - 02/lucun/star/xj02_001.py (缺少类型注解)
  - 02/lucun/star/xj02_002.py (缺少类型注解)
  - 02/lucun/star/xj02_003.py (缺少类型注解)
  - 02/lucun/star/xj02_004.py (缺少类型注解)
  - 02/lucun/star/xj02_p0_001.py (缺少类型注解)
  - 02/lucun/star/xj02_p0_002.py (缺少类型注解)
  - 02/lucun/star/xj02_p0_003.py (缺少类型注解)
  - 02/lucun/star/xj02_p1_001.py (缺少类型注解)
  - 02/lucun/star/xj02_p1_003.py (缺少类型注解)
  - 02/lucun/star/xj02_p2_001.py (缺少类型注解)
  - 02/lucun/star/xj02_p2_002.py (缺少类型注解)
  - 02/lucun/star/xj_p3_002.py (缺少类型注解)
  - 04/lianzheng/star/obj_04_001.py (缺少类型注解)
  - 04/lianzheng/star/obj_04_002.py (缺少类型注解)
  - 04/lianzheng/star/obj_04_003.py (缺少类型注解)
  - 04/lianzheng/star/p2_04_009.py (缺少类型注解)
  - 04/lianzheng/star/p2_04_010.py (缺少类型注解)
  - 04/lianzheng/star/p3_04_007.py (缺少类型注解)
  - 04/lianzheng/star/p3_04_008.py (缺少类型注解)
  - 04/lianzheng/star/p4_04_007.py (缺少类型注解)
  - 04/lianzheng/star/p4_04_008.py (缺少类型注解)
  - 04/lianzheng/star/p5_04_007.py (缺少类型注解)
  - 04/lianzheng/star/p5_04_008.py (缺少类型注解)
  - 04/lianzheng/star/task_11.py (缺少类型注解)
  - 04/lianzheng/star/task_12.py (缺少类型注解)
  - 04/lianzheng/star/xj04_001.py (缺少类型注解)
  - 04/lianzheng/star/xj04_002.py (缺少类型注解)
  - 04/lianzheng/star/xj04_003.py (缺少类型注解)
  - 04/lianzheng/star/xj04_004.py (缺少类型注解)
  - 04/lianzheng/star/xj04_005.py (缺少类型注解)
  - 04/lianzheng/star/xj04_p1_001.py (缺少类型注解)
  - 04/lianzheng/star/xj04_p1_002.py (缺少类型注解)
  - 04/lianzheng/star/xj04_p1_003.py (缺少类型注解)
  - 04/lianzheng/star/xj04_p1_004.py (缺少类型注解)
  - 04/lianzheng/star/xj04_p1_005.py (缺少类型注解)
  - 04/lianzheng/star/xj04_p2_001.py (缺少类型注解)
  - 04/lianzheng/star/xj04_p2_002.py (缺少类型注解)
  - 05/wuqu/star/obj_05_001.py (缺少类型注解)
  - 05/wuqu/star/obj_05_002.py (缺少类型注解)
  - 05/wuqu/star/obj_05_003.py (缺少类型注解)
  - 05/wuqu/star/p2_05_011.py (缺少类型注解)
  - 05/wuqu/star/p2_05_012.py (缺少类型注解)
  - 05/wuqu/star/p3_05_009.py (缺少类型注解)
  - 05/wuqu/star/p3_05_010.py (缺少类型注解)
  - 05/wuqu/star/p4_05_009.py (缺少类型注解)
  - 05/wuqu/star/p4_05_010.py (缺少类型注解)
  - 05/wuqu/star/p5_05_009.py (缺少类型注解)
  - 05/wuqu/star/p5_05_010.py (缺少类型注解)
  - 05/wuqu/star/task_13.py (缺少类型注解)
  - 05/wuqu/star/xj05_001.py (缺少类型注解)
  - 05/wuqu/star/xj05_002.py (缺少类型注解)
  - 05/wuqu/star/xj05_003.py (缺少类型注解)
  - 05/wuqu/star/xj05_004.py (缺少类型注解)
  - 05/wuqu/star/xj05_005.py (缺少类型注解)
  - 05/wuqu/star/xj05_p1_001.py (缺少类型注解)
  - 05/wuqu/star/xj05_p1_002.py (缺少类型注解)
  - 05/wuqu/star/xj05_p1_003.py (缺少类型注解)
  - 05/wuqu/star/xj05_p1_004.py (缺少类型注解)
  - 05/wuqu/star/xj05_p1_005.py (缺少类型注解)
  - 05/wuqu/star/xj05_p2_001.py (缺少类型注解)
  - 05/wuqu/star/xj05_p2_002.py (缺少类型注解)
  - 06/pojun/star/obj_06_001.py (缺少类型注解)
  - 06/pojun/star/obj_06_002.py (缺少类型注解)
  - 06/pojun/star/obj_06_003.py (缺少类型注解)
  - 06/pojun/star/p2_06_013.py (缺少类型注解)
  - 06/pojun/star/p2_06_014.py (缺少类型注解)
  - 06/pojun/star/p3_06_011.py (缺少类型注解)
  - 06/pojun/star/p3_06_012.py (缺少类型注解)
  - 06/pojun/star/p4_06_011.py (缺少类型注解)
  - 06/pojun/star/p4_06_012.py (缺少类型注解)
  - 06/pojun/star/p5_06_011.py (缺少类型注解)
  - 06/pojun/star/p5_06_012.py (缺少类型注解)
  - 06/pojun/star/task_14.py (缺少类型注解)
  - 06/pojun/star/xj06_001.py (缺少类型注解)
  - 06/pojun/star/xj06_002.py (缺少类型注解)
  - 06/pojun/star/xj06_003.py (缺少类型注解)
  - 06/pojun/star/xj06_004.py (缺少类型注解)
  - 06/pojun/star/xj06_005.py (缺少类型注解)
  - 06/pojun/star/xj06_p1_001.py (缺少类型注解)
  - 06/pojun/star/xj06_p1_002.py (缺少类型注解)
  - 06/pojun/star/xj06_p1_003.py (缺少类型注解)
  - 06/pojun/star/xj06_p1_004.py (缺少类型注解)
  - 06/pojun/star/xj06_p1_005.py (缺少类型注解)
  - 06/pojun/star/xj06_p2_001.py (缺少类型注解)
  - 06/pojun/star/xj06_p2_002.py (缺少类型注解)
  - 07/zuofu/star/obj_07_001.py (缺少类型注解)
  - 07/zuofu/star/obj_07_002.py (缺少类型注解)
  - 07/zuofu/star/obj_07_003.py (缺少类型注解)
  - 07/zuofu/star/obj_07_004.py (缺少类型注解)
  - 07/zuofu/star/p2_07_015.py (缺少类型注解)
  - 07/zuofu/star/p2_07_016.py (缺少类型注解)
  - 07/zuofu/star/p3_07_013.py (缺少类型注解)
  - 07/zuofu/star/p3_07_014.py (缺少类型注解)
  - 07/zuofu/star/p4_07_013.py (缺少类型注解)
  - 07/zuofu/star/p4_07_014.py (缺少类型注解)
  - 07/zuofu/star/p5_07_013.py (缺少类型注解)
  - 07/zuofu/star/p5_07_014.py (缺少类型注解)
  - 07/zuofu/star/xj07_001.py (缺少类型注解)
  - 07/zuofu/star/xj07_002.py (缺少类型注解)
  - 07/zuofu/star/xj07_003.py (缺少类型注解)
  - 07/zuofu/star/xj07_004.py (缺少类型注解)
  - 07/zuofu/star/xj07_005.py (缺少类型注解)
  - 07/zuofu/star/xj07_p1_001.py (缺少类型注解)
  - 07/zuofu/star/xj07_p1_002.py (缺少类型注解)
  - 07/zuofu/star/xj07_p1_003.py (缺少类型注解)
  - 07/zuofu/star/xj07_p1_004.py (缺少类型注解)
  - 07/zuofu/star/xj07_p1_005.py (缺少类型注解)
  - 07/zuofu/star/xj07_p2_001.py (缺少类型注解)
  - 08/youbi/star/obj_08_001.py (缺少类型注解)
  - 08/youbi/star/obj_08_002.py (缺少类型注解)
  - 08/youbi/star/obj_08_003.py (缺少类型注解)
  - 08/youbi/star/p2_08_017.py (缺少类型注解)
  - 08/youbi/star/p2_08_018.py (缺少类型注解)
  - 08/youbi/star/p3_08_015.py (缺少类型注解)
  - 08/youbi/star/p3_08_016.py (缺少类型注解)
  - 08/youbi/star/p4_08_015.py (缺少类型注解)
  - 08/youbi/star/p4_08_016.py (缺少类型注解)
  - 08/youbi/star/p5_08_015.py (缺少类型注解)
  - 08/youbi/star/p5_08_016.py (缺少类型注解)
  - 08/youbi/star/task_15.py (缺少类型注解)
  - 08/youbi/star/task_16.py (缺少类型注解)
  - 08/youbi/star/task_17.py (缺少类型注解)
  - 08/youbi/star/xj08_001.py (缺少类型注解)
  - 08/youbi/star/xj08_003.py (缺少类型注解)
  - 08/youbi/star/xj08_004.py (缺少类型注解)
  - 08/youbi/star/xj08_p1_001.py (缺少类型注解)
  - 08/youbi/star/xj08_p1_003.py (缺少类型注解)
  - 08/youbi/star/xj08_p1_004.py (缺少类型注解)
  - 08/youbi/star/xj_p3_006.py (缺少类型注解)
  - 08/youbi/star/xj_p3_007.py (缺少类型注解)
  - 09/tanlang/star/obj_09_001.py (缺少类型注解)
  - 09/tanlang/star/obj_09_002.py (缺少类型注解)
  - 09/tanlang/star/obj_09_003.py (缺少类型注解)
  - 09/tanlang/star/p2_09_019.py (缺少类型注解)
  - 09/tanlang/star/p2_09_020.py (缺少类型注解)
  - 09/tanlang/star/p3_09_017.py (缺少类型注解)
  - 09/tanlang/star/p3_09_018.py (缺少类型注解)
  - 09/tanlang/star/p4_09_017.py (缺少类型注解)
  - 09/tanlang/star/p4_09_018.py (缺少类型注解)
  - 09/tanlang/star/p5_09_017.py (缺少类型注解)
  - 09/tanlang/star/p5_09_018.py (缺少类型注解)
  - 09/tanlang/star/task_18.py (缺少类型注解)
  - 09/tanlang/star/task_19.py (缺少类型注解)
  - 09/tanlang/star/task_20.py (缺少类型注解)
  - 09/tanlang/star/web_001.py (缺少类型注解)
  - 09/tanlang/star/web_002.py (缺少类型注解)
  - 09/tanlang/star/web_003.py (缺少类型注解)
  - 09/tanlang/star/web_004.py (缺少类型注解)
  - 09/tanlang/star/web_005.py (缺少类型注解)
  - 09/tanlang/star/xj09_001.py (缺少类型注解)
  - 09/tanlang/star/xj09_002.py (缺少类型注解)
  - 09/tanlang/star/xj09_003.py (缺少类型注解)
  - 09/tanlang/star/xj09_004.py (缺少类型注解)
  - 09/tanlang/star/xj09_005.py (缺少类型注解)
  - 09/tanlang/star/xj09_p1_001.py (缺少类型注解)
  - 09/tanlang/star/xj09_p1_002.py (缺少类型注解)
  - 09/tanlang/star/xj09_p1_003.py (缺少类型注解)
  - 09/tanlang/star/xj09_p1_004.py (缺少类型注解)
  - 09/tanlang/star/xj09_p1_005.py (缺少类型注解)
  - 10/fubi/star/doc_001.py (缺少类型注解)
  - 10/fubi/star/doc_002.py (缺少类型注解)
  - 10/fubi/star/doc_003.py (缺少类型注解)
  - 10/fubi/star/doc_004.py (缺少类型注解)
  - 10/fubi/star/doc_005.py (缺少类型注解)
  - 10/fubi/star/obj_10_001.py (缺少类型注解)
  - 10/fubi/star/obj_10_002.py (缺少类型注解)
  - 10/fubi/star/obj_10_003.py (缺少类型注解)
  - 10/fubi/star/p2_10_021.py (缺少类型注解)
  - 10/fubi/star/p2_10_022.py (缺少类型注解)
  - 10/fubi/star/p3_10_019.py (缺少类型注解)
  - 10/fubi/star/p3_10_020.py (缺少类型注解)
  - 10/fubi/star/p4_10_019.py (缺少类型注解)
  - 10/fubi/star/p4_10_020.py (缺少类型注解)
  - 10/fubi/star/p5_10_019.py (缺少类型注解)
  - 10/fubi/star/p5_10_020.py (缺少类型注解)
  - 10/fubi/star/xj10_001.py (缺少类型注解)
  - 10/fubi/star/xj10_002.py (缺少类型注解)
  - 10/fubi/star/xj10_003.py (缺少类型注解)
  - 10/fubi/star/xj10_004.py (缺少类型注解)
  - 10/fubi/star/xj10_005.py (缺少类型注解)
  - 10/fubi/star/xj10_p1_001.py (缺少类型注解)
  - 10/fubi/star/xj10_p1_002.py (缺少类型注解)
  - 10/fubi/star/xj10_p1_003.py (缺少类型注解)
  - 10/fubi/star/xj10_p1_004.py (缺少类型注解)
  - 10/fubi/star/xj10_p1_005.py (缺少类型注解)

=== 质检完成 ===
发现问题文件: 208 个
=== 张志远(002) 代码质检任务 ===
时间: Mon Mar 23 01:30:01 PM CST 2026

📊 代码统计:
  XJ-01: 40 文件, 1720 行
  XJ-02: 35 文件, 1330 行
  XJ-03: 25 文件, 925 行
  XJ-04: 25 文件, 650 行
  XJ-05: 24 文件, 624 行
  XJ-06: 24 文件, 624 行
  XJ-07: 23 文件, 598 行
  XJ-08: 24 文件, 658 行
  XJ-09: 29 文件, 754 行
  XJ-10: 26 文件, 676 行
  总计: 275 文件, 8559 行

📈 质量指标:
  文档覆盖率: 100.0%
  类型注解覆盖率: 37.1%

⚠️ 需要改进的文件:
  - 02/lucun/star/c_02_001.py (缺少类型注解)
  - 02/lucun/star/c_02_002.py (缺少类型注解)
  - 02/lucun/star/c_02_003.py (缺少类型注解)
  - 02/lucun/star/c_02_004.py (缺少类型注解)
  - 02/lucun/star/c_02_005.py (缺少类型注解)
  - 02/lucun/star/p2_02_004.py (缺少类型注解)
  - 02/lucun/star/p2_02_005.py (缺少类型注解)
  - 02/lucun/star/p2_02_006.py (缺少类型注解)
  - 02/lucun/star/p3_02_003.py (缺少类型注解)
  - 02/lucun/star/p3_02_004.py (缺少类型注解)
  - 02/lucun/star/p4_02_003.py (缺少类型注解)
  - 02/lucun/star/p4_02_004.py (缺少类型注解)
  - 02/lucun/star/p5_02_003.py (缺少类型注解)
  - 02/lucun/star/p5_02_004.py (缺少类型注解)
  - 02/lucun/star/task_01.py (缺少类型注解)
  - 02/lucun/star/task_02.py (缺少类型注解)
  - 02/lucun/star/task_03.py (缺少类型注解)
  - 02/lucun/star/task_04.py (缺少类型注解)
  - 02/lucun/star/task_05.py (缺少类型注解)
  - 02/lucun/star/task_06.py (缺少类型注解)
  - 02/lucun/star/task_07.py (缺少类型注解)
  - 02/lucun/star/task_08.py (缺少类型注解)
  - 02/lucun/star/task_9.py (缺少类型注解)
  - 02/lucun/star/xj02_001.py (缺少类型注解)
  - 02/lucun/star/xj02_002.py (缺少类型注解)
  - 02/lucun/star/xj02_003.py (缺少类型注解)
  - 02/lucun/star/xj02_004.py (缺少类型注解)
  - 02/lucun/star/xj02_p0_001.py (缺少类型注解)
  - 02/lucun/star/xj02_p0_002.py (缺少类型注解)
  - 02/lucun/star/xj02_p0_003.py (缺少类型注解)
  - 02/lucun/star/xj02_p1_001.py (缺少类型注解)
  - 02/lucun/star/xj02_p1_003.py (缺少类型注解)
  - 02/lucun/star/xj02_p2_001.py (缺少类型注解)
  - 02/lucun/star/xj02_p2_002.py (缺少类型注解)
  - 02/lucun/star/xj_p3_002.py (缺少类型注解)
  - 04/lianzheng/star/obj_04_001.py (缺少类型注解)
  - 04/lianzheng/star/obj_04_002.py (缺少类型注解)
  - 04/lianzheng/star/obj_04_003.py (缺少类型注解)
  - 04/lianzheng/star/p2_04_009.py (缺少类型注解)
  - 04/lianzheng/star/p2_04_010.py (缺少类型注解)
  - 04/lianzheng/star/p3_04_007.py (缺少类型注解)
  - 04/lianzheng/star/p3_04_008.py (缺少类型注解)
  - 04/lianzheng/star/p4_04_007.py (缺少类型注解)
  - 04/lianzheng/star/p4_04_008.py (缺少类型注解)
  - 04/lianzheng/star/p5_04_007.py (缺少类型注解)
  - 04/lianzheng/star/p5_04_008.py (缺少类型注解)
  - 04/lianzheng/star/task_11.py (缺少类型注解)
  - 04/lianzheng/star/task_12.py (缺少类型注解)
  - 04/lianzheng/star/xj04_001.py (缺少类型注解)
  - 04/lianzheng/star/xj04_002.py (缺少类型注解)
  - 04/lianzheng/star/xj04_003.py (缺少类型注解)
  - 04/lianzheng/star/xj04_004.py (缺少类型注解)
  - 04/lianzheng/star/xj04_005.py (缺少类型注解)
  - 04/lianzheng/star/xj04_p1_001.py (缺少类型注解)
  - 04/lianzheng/star/xj04_p1_002.py (缺少类型注解)
  - 04/lianzheng/star/xj04_p1_003.py (缺少类型注解)
  - 04/lianzheng/star/xj04_p1_004.py (缺少类型注解)
  - 04/lianzheng/star/xj04_p1_005.py (缺少类型注解)
  - 04/lianzheng/star/xj04_p2_001.py (缺少类型注解)
  - 04/lianzheng/star/xj04_p2_002.py (缺少类型注解)
  - 05/wuqu/star/obj_05_001.py (缺少类型注解)
  - 05/wuqu/star/obj_05_002.py (缺少类型注解)
  - 05/wuqu/star/obj_05_003.py (缺少类型注解)
  - 05/wuqu/star/p2_05_011.py (缺少类型注解)
  - 05/wuqu/star/p2_05_012.py (缺少类型注解)
  - 05/wuqu/star/p3_05_009.py (缺少类型注解)
  - 05/wuqu/star/p3_05_010.py (缺少类型注解)
  - 05/wuqu/star/p4_05_009.py (缺少类型注解)
  - 05/wuqu/star/p4_05_010.py (缺少类型注解)
  - 05/wuqu/star/p5_05_009.py (缺少类型注解)
  - 05/wuqu/star/p5_05_010.py (缺少类型注解)
  - 05/wuqu/star/task_13.py (缺少类型注解)
  - 05/wuqu/star/xj05_001.py (缺少类型注解)
  - 05/wuqu/star/xj05_002.py (缺少类型注解)
  - 05/wuqu/star/xj05_003.py (缺少类型注解)
  - 05/wuqu/star/xj05_004.py (缺少类型注解)
  - 05/wuqu/star/xj05_005.py (缺少类型注解)
  - 05/wuqu/star/xj05_p1_001.py (缺少类型注解)
  - 05/wuqu/star/xj05_p1_002.py (缺少类型注解)
  - 05/wuqu/star/xj05_p1_003.py (缺少类型注解)
  - 05/wuqu/star/xj05_p1_004.py (缺少类型注解)
  - 05/wuqu/star/xj05_p1_005.py (缺少类型注解)
  - 05/wuqu/star/xj05_p2_001.py (缺少类型注解)
  - 05/wuqu/star/xj05_p2_002.py (缺少类型注解)
  - 06/pojun/star/obj_06_001.py (缺少类型注解)
  - 06/pojun/star/obj_06_002.py (缺少类型注解)
  - 06/pojun/star/obj_06_003.py (缺少类型注解)
  - 06/pojun/star/p2_06_013.py (缺少类型注解)
  - 06/pojun/star/p2_06_014.py (缺少类型注解)
  - 06/pojun/star/p3_06_011.py (缺少类型注解)
  - 06/pojun/star/p3_06_012.py (缺少类型注解)
  - 06/pojun/star/p4_06_011.py (缺少类型注解)
  - 06/pojun/star/p4_06_012.py (缺少类型注解)
  - 06/pojun/star/p5_06_011.py (缺少类型注解)
  - 06/pojun/star/p5_06_012.py (缺少类型注解)
  - 06/pojun/star/task_14.py (缺少类型注解)
  - 06/pojun/star/xj06_001.py (缺少类型注解)
  - 06/pojun/star/xj06_002.py (缺少类型注解)
  - 06/pojun/star/xj06_003.py (缺少类型注解)
  - 06/pojun/star/xj06_004.py (缺少类型注解)
  - 06/pojun/star/xj06_005.py (缺少类型注解)
  - 06/pojun/star/xj06_p1_001.py (缺少类型注解)
  - 06/pojun/star/xj06_p1_002.py (缺少类型注解)
  - 06/pojun/star/xj06_p1_003.py (缺少类型注解)
  - 06/pojun/star/xj06_p1_004.py (缺少类型注解)
  - 06/pojun/star/xj06_p1_005.py (缺少类型注解)
  - 06/pojun/star/xj06_p2_001.py (缺少类型注解)
  - 06/pojun/star/xj06_p2_002.py (缺少类型注解)
  - 07/zuofu/star/obj_07_001.py (缺少类型注解)
  - 07/zuofu/star/obj_07_002.py (缺少类型注解)
  - 07/zuofu/star/obj_07_003.py (缺少类型注解)
  - 07/zuofu/star/obj_07_004.py (缺少类型注解)
  - 07/zuofu/star/p2_07_015.py (缺少类型注解)
  - 07/zuofu/star/p2_07_016.py (缺少类型注解)
  - 07/zuofu/star/p3_07_013.py (缺少类型注解)
  - 07/zuofu/star/p3_07_014.py (缺少类型注解)
  - 07/zuofu/star/p4_07_013.py (缺少类型注解)
  - 07/zuofu/star/p4_07_014.py (缺少类型注解)
  - 07/zuofu/star/p5_07_013.py (缺少类型注解)
  - 07/zuofu/star/p5_07_014.py (缺少类型注解)
  - 07/zuofu/star/xj07_001.py (缺少类型注解)
  - 07/zuofu/star/xj07_002.py (缺少类型注解)
  - 07/zuofu/star/xj07_003.py (缺少类型注解)
  - 07/zuofu/star/xj07_004.py (缺少类型注解)
  - 07/zuofu/star/xj07_005.py (缺少类型注解)
  - 07/zuofu/star/xj07_p1_001.py (缺少类型注解)
  - 07/zuofu/star/xj07_p1_002.py (缺少类型注解)
  - 07/zuofu/star/xj07_p1_003.py (缺少类型注解)
  - 07/zuofu/star/xj07_p1_004.py (缺少类型注解)
  - 07/zuofu/star/xj07_p1_005.py (缺少类型注解)
  - 07/zuofu/star/xj07_p2_001.py (缺少类型注解)
  - 08/youbi/star/obj_08_001.py (缺少类型注解)
  - 08/youbi/star/obj_08_002.py (缺少类型注解)
  - 08/youbi/star/obj_08_003.py (缺少类型注解)
  - 08/youbi/star/p2_08_017.py (缺少类型注解)
  - 08/youbi/star/p2_08_018.py (缺少类型注解)
  - 08/youbi/star/p3_08_015.py (缺少类型注解)
  - 08/youbi/star/p3_08_016.py (缺少类型注解)
  - 08/youbi/star/p4_08_015.py (缺少类型注解)
  - 08/youbi/star/p4_08_016.py (缺少类型注解)
  - 08/youbi/star/p5_08_015.py (缺少类型注解)
  - 08/youbi/star/p5_08_016.py (缺少类型注解)
  - 08/youbi/star/task_15.py (缺少类型注解)
  - 08/youbi/star/task_16.py (缺少类型注解)
  - 08/youbi/star/task_17.py (缺少类型注解)
  - 08/youbi/star/xj08_001.py (缺少类型注解)
  - 08/youbi/star/xj08_003.py (缺少类型注解)
  - 08/youbi/star/xj08_004.py (缺少类型注解)
  - 08/youbi/star/xj08_p1_001.py (缺少类型注解)
  - 08/youbi/star/xj08_p1_003.py (缺少类型注解)
  - 08/youbi/star/xj08_p1_004.py (缺少类型注解)
  - 08/youbi/star/xj_p3_006.py (缺少类型注解)
  - 08/youbi/star/xj_p3_007.py (缺少类型注解)
  - 09/tanlang/star/obj_09_001.py (缺少类型注解)
  - 09/tanlang/star/obj_09_002.py (缺少类型注解)
  - 09/tanlang/star/obj_09_003.py (缺少类型注解)
  - 09/tanlang/star/p2_09_019.py (缺少类型注解)
  - 09/tanlang/star/p2_09_020.py (缺少类型注解)
  - 09/tanlang/star/p3_09_017.py (缺少类型注解)
  - 09/tanlang/star/p3_09_018.py (缺少类型注解)
  - 09/tanlang/star/p4_09_017.py (缺少类型注解)
  - 09/tanlang/star/p4_09_018.py (缺少类型注解)
  - 09/tanlang/star/p5_09_017.py (缺少类型注解)
  - 09/tanlang/star/p5_09_018.py (缺少类型注解)
  - 09/tanlang/star/task_18.py (缺少类型注解)
  - 09/tanlang/star/task_19.py (缺少类型注解)
  - 09/tanlang/star/task_20.py (缺少类型注解)
  - 09/tanlang/star/web_001.py (缺少类型注解)
  - 09/tanlang/star/web_002.py (缺少类型注解)
  - 09/tanlang/star/web_003.py (缺少类型注解)
  - 09/tanlang/star/web_004.py (缺少类型注解)
  - 09/tanlang/star/web_005.py (缺少类型注解)
  - 09/tanlang/star/xj09_001.py (缺少类型注解)
  - 09/tanlang/star/xj09_002.py (缺少类型注解)
  - 09/tanlang/star/xj09_003.py (缺少类型注解)
  - 09/tanlang/star/xj09_004.py (缺少类型注解)
  - 09/tanlang/star/xj09_005.py (缺少类型注解)
  - 09/tanlang/star/xj09_p1_001.py (缺少类型注解)
  - 09/tanlang/star/xj09_p1_002.py (缺少类型注解)
  - 09/tanlang/star/xj09_p1_003.py (缺少类型注解)
  - 09/tanlang/star/xj09_p1_004.py (缺少类型注解)
  - 09/tanlang/star/xj09_p1_005.py (缺少类型注解)
  - 10/fubi/star/doc_001.py (缺少类型注解)
  - 10/fubi/star/doc_002.py (缺少类型注解)
  - 10/fubi/star/doc_003.py (缺少类型注解)
  - 10/fubi/star/doc_004.py (缺少类型注解)
  - 10/fubi/star/doc_005.py (缺少类型注解)
  - 10/fubi/star/obj_10_001.py (缺少类型注解)
  - 10/fubi/star/obj_10_002.py (缺少类型注解)
  - 10/fubi/star/obj_10_003.py (缺少类型注解)
  - 10/fubi/star/p2_10_021.py (缺少类型注解)
  - 10/fubi/star/p2_10_022.py (缺少类型注解)
  - 10/fubi/star/p3_10_019.py (缺少类型注解)
  - 10/fubi/star/p3_10_020.py (缺少类型注解)
  - 10/fubi/star/p4_10_019.py (缺少类型注解)
  - 10/fubi/star/p4_10_020.py (缺少类型注解)
  - 10/fubi/star/p5_10_019.py (缺少类型注解)
  - 10/fubi/star/p5_10_020.py (缺少类型注解)
  - 10/fubi/star/xj10_001.py (缺少类型注解)
  - 10/fubi/star/xj10_002.py (缺少类型注解)
  - 10/fubi/star/xj10_003.py (缺少类型注解)
  - 10/fubi/star/xj10_004.py (缺少类型注解)
  - 10/fubi/star/xj10_005.py (缺少类型注解)
  - 10/fubi/star/xj10_p1_001.py (缺少类型注解)
  - 10/fubi/star/xj10_p1_002.py (缺少类型注解)
  - 10/fubi/star/xj10_p1_003.py (缺少类型注解)
  - 10/fubi/star/xj10_p1_004.py (缺少类型注解)
  - 10/fubi/star/xj10_p1_005.py (缺少类型注解)

=== 质检完成 ===
发现问题文件: 208 个
=== 张志远(002) 代码质检任务 ===
时间: Mon Mar 23 02:00:01 PM CST 2026

📊 代码统计:
  XJ-01: 40 文件, 1720 行
  XJ-02: 35 文件, 1330 行
  XJ-03: 25 文件, 925 行
  XJ-04: 25 文件, 650 行
  XJ-05: 24 文件, 624 行
  XJ-06: 24 文件, 624 行
  XJ-07: 23 文件, 598 行
  XJ-08: 24 文件, 658 行
  XJ-09: 29 文件, 754 行
  XJ-10: 26 文件, 676 行
  总计: 275 文件, 8559 行

📈 质量指标:
  文档覆盖率: 100.0%
  类型注解覆盖率: 37.1%

⚠️ 需要改进的文件:
  - 02/lucun/star/c_02_001.py (缺少类型注解)
  - 02/lucun/star/c_02_002.py (缺少类型注解)
  - 02/lucun/star/c_02_003.py (缺少类型注解)
  - 02/lucun/star/c_02_004.py (缺少类型注解)
  - 02/lucun/star/c_02_005.py (缺少类型注解)
  - 02/lucun/star/p2_02_004.py (缺少类型注解)
  - 02/lucun/star/p2_02_005.py (缺少类型注解)
  - 02/lucun/star/p2_02_006.py (缺少类型注解)
  - 02/lucun/star/p3_02_003.py (缺少类型注解)
  - 02/lucun/star/p3_02_004.py (缺少类型注解)
  - 02/lucun/star/p4_02_003.py (缺少类型注解)
  - 02/lucun/star/p4_02_004.py (缺少类型注解)
  - 02/lucun/star/p5_02_003.py (缺少类型注解)
  - 02/lucun/star/p5_02_004.py (缺少类型注解)
  - 02/lucun/star/task_01.py (缺少类型注解)
  - 02/lucun/star/task_02.py (缺少类型注解)
  - 02/lucun/star/task_03.py (缺少类型注解)
  - 02/lucun/star/task_04.py (缺少类型注解)
  - 02/lucun/star/task_05.py (缺少类型注解)
  - 02/lucun/star/task_06.py (缺少类型注解)
  - 02/lucun/star/task_07.py (缺少类型注解)
  - 02/lucun/star/task_08.py (缺少类型注解)
  - 02/lucun/star/task_9.py (缺少类型注解)
  - 02/lucun/star/xj02_001.py (缺少类型注解)
  - 02/lucun/star/xj02_002.py (缺少类型注解)
  - 02/lucun/star/xj02_003.py (缺少类型注解)
  - 02/lucun/star/xj02_004.py (缺少类型注解)
  - 02/lucun/star/xj02_p0_001.py (缺少类型注解)
  - 02/lucun/star/xj02_p0_002.py (缺少类型注解)
  - 02/lucun/star/xj02_p0_003.py (缺少类型注解)
  - 02/lucun/star/xj02_p1_001.py (缺少类型注解)
  - 02/lucun/star/xj02_p1_003.py (缺少类型注解)
  - 02/lucun/star/xj02_p2_001.py (缺少类型注解)
  - 02/lucun/star/xj02_p2_002.py (缺少类型注解)
  - 02/lucun/star/xj_p3_002.py (缺少类型注解)
  - 04/lianzheng/star/obj_04_001.py (缺少类型注解)
  - 04/lianzheng/star/obj_04_002.py (缺少类型注解)
  - 04/lianzheng/star/obj_04_003.py (缺少类型注解)
  - 04/lianzheng/star/p2_04_009.py (缺少类型注解)
  - 04/lianzheng/star/p2_04_010.py (缺少类型注解)
  - 04/lianzheng/star/p3_04_007.py (缺少类型注解)
  - 04/lianzheng/star/p3_04_008.py (缺少类型注解)
  - 04/lianzheng/star/p4_04_007.py (缺少类型注解)
  - 04/lianzheng/star/p4_04_008.py (缺少类型注解)
  - 04/lianzheng/star/p5_04_007.py (缺少类型注解)
  - 04/lianzheng/star/p5_04_008.py (缺少类型注解)
  - 04/lianzheng/star/task_11.py (缺少类型注解)
  - 04/lianzheng/star/task_12.py (缺少类型注解)
  - 04/lianzheng/star/xj04_001.py (缺少类型注解)
  - 04/lianzheng/star/xj04_002.py (缺少类型注解)
  - 04/lianzheng/star/xj04_003.py (缺少类型注解)
  - 04/lianzheng/star/xj04_004.py (缺少类型注解)
  - 04/lianzheng/star/xj04_005.py (缺少类型注解)
  - 04/lianzheng/star/xj04_p1_001.py (缺少类型注解)
  - 04/lianzheng/star/xj04_p1_002.py (缺少类型注解)
  - 04/lianzheng/star/xj04_p1_003.py (缺少类型注解)
  - 04/lianzheng/star/xj04_p1_004.py (缺少类型注解)
  - 04/lianzheng/star/xj04_p1_005.py (缺少类型注解)
  - 04/lianzheng/star/xj04_p2_001.py (缺少类型注解)
  - 04/lianzheng/star/xj04_p2_002.py (缺少类型注解)
  - 05/wuqu/star/obj_05_001.py (缺少类型注解)
  - 05/wuqu/star/obj_05_002.py (缺少类型注解)
  - 05/wuqu/star/obj_05_003.py (缺少类型注解)
  - 05/wuqu/star/p2_05_011.py (缺少类型注解)
  - 05/wuqu/star/p2_05_012.py (缺少类型注解)
  - 05/wuqu/star/p3_05_009.py (缺少类型注解)
  - 05/wuqu/star/p3_05_010.py (缺少类型注解)
  - 05/wuqu/star/p4_05_009.py (缺少类型注解)
  - 05/wuqu/star/p4_05_010.py (缺少类型注解)
  - 05/wuqu/star/p5_05_009.py (缺少类型注解)
  - 05/wuqu/star/p5_05_010.py (缺少类型注解)
  - 05/wuqu/star/task_13.py (缺少类型注解)
  - 05/wuqu/star/xj05_001.py (缺少类型注解)
  - 05/wuqu/star/xj05_002.py (缺少类型注解)
  - 05/wuqu/star/xj05_003.py (缺少类型注解)
  - 05/wuqu/star/xj05_004.py (缺少类型注解)
  - 05/wuqu/star/xj05_005.py (缺少类型注解)
  - 05/wuqu/star/xj05_p1_001.py (缺少类型注解)
  - 05/wuqu/star/xj05_p1_002.py (缺少类型注解)
  - 05/wuqu/star/xj05_p1_003.py (缺少类型注解)
  - 05/wuqu/star/xj05_p1_004.py (缺少类型注解)
  - 05/wuqu/star/xj05_p1_005.py (缺少类型注解)
  - 05/wuqu/star/xj05_p2_001.py (缺少类型注解)
  - 05/wuqu/star/xj05_p2_002.py (缺少类型注解)
  - 06/pojun/star/obj_06_001.py (缺少类型注解)
  - 06/pojun/star/obj_06_002.py (缺少类型注解)
  - 06/pojun/star/obj_06_003.py (缺少类型注解)
  - 06/pojun/star/p2_06_013.py (缺少类型注解)
  - 06/pojun/star/p2_06_014.py (缺少类型注解)
  - 06/pojun/star/p3_06_011.py (缺少类型注解)
  - 06/pojun/star/p3_06_012.py (缺少类型注解)
  - 06/pojun/star/p4_06_011.py (缺少类型注解)
  - 06/pojun/star/p4_06_012.py (缺少类型注解)
  - 06/pojun/star/p5_06_011.py (缺少类型注解)
  - 06/pojun/star/p5_06_012.py (缺少类型注解)
  - 06/pojun/star/task_14.py (缺少类型注解)
  - 06/pojun/star/xj06_001.py (缺少类型注解)
  - 06/pojun/star/xj06_002.py (缺少类型注解)
  - 06/pojun/star/xj06_003.py (缺少类型注解)
  - 06/pojun/star/xj06_004.py (缺少类型注解)
  - 06/pojun/star/xj06_005.py (缺少类型注解)
  - 06/pojun/star/xj06_p1_001.py (缺少类型注解)
  - 06/pojun/star/xj06_p1_002.py (缺少类型注解)
  - 06/pojun/star/xj06_p1_003.py (缺少类型注解)
  - 06/pojun/star/xj06_p1_004.py (缺少类型注解)
  - 06/pojun/star/xj06_p1_005.py (缺少类型注解)
  - 06/pojun/star/xj06_p2_001.py (缺少类型注解)
  - 06/pojun/star/xj06_p2_002.py (缺少类型注解)
  - 07/zuofu/star/obj_07_001.py (缺少类型注解)
  - 07/zuofu/star/obj_07_002.py (缺少类型注解)
  - 07/zuofu/star/obj_07_003.py (缺少类型注解)
  - 07/zuofu/star/obj_07_004.py (缺少类型注解)
  - 07/zuofu/star/p2_07_015.py (缺少类型注解)
  - 07/zuofu/star/p2_07_016.py (缺少类型注解)
  - 07/zuofu/star/p3_07_013.py (缺少类型注解)
  - 07/zuofu/star/p3_07_014.py (缺少类型注解)
  - 07/zuofu/star/p4_07_013.py (缺少类型注解)
  - 07/zuofu/star/p4_07_014.py (缺少类型注解)
  - 07/zuofu/star/p5_07_013.py (缺少类型注解)
  - 07/zuofu/star/p5_07_014.py (缺少类型注解)
  - 07/zuofu/star/xj07_001.py (缺少类型注解)
  - 07/zuofu/star/xj07_002.py (缺少类型注解)
  - 07/zuofu/star/xj07_003.py (缺少类型注解)
  - 07/zuofu/star/xj07_004.py (缺少类型注解)
  - 07/zuofu/star/xj07_005.py (缺少类型注解)
  - 07/zuofu/star/xj07_p1_001.py (缺少类型注解)
  - 07/zuofu/star/xj07_p1_002.py (缺少类型注解)
  - 07/zuofu/star/xj07_p1_003.py (缺少类型注解)
  - 07/zuofu/star/xj07_p1_004.py (缺少类型注解)
  - 07/zuofu/star/xj07_p1_005.py (缺少类型注解)
  - 07/zuofu/star/xj07_p2_001.py (缺少类型注解)
  - 08/youbi/star/obj_08_001.py (缺少类型注解)
  - 08/youbi/star/obj_08_002.py (缺少类型注解)
  - 08/youbi/star/obj_08_003.py (缺少类型注解)
  - 08/youbi/star/p2_08_017.py (缺少类型注解)
  - 08/youbi/star/p2_08_018.py (缺少类型注解)
  - 08/youbi/star/p3_08_015.py (缺少类型注解)
  - 08/youbi/star/p3_08_016.py (缺少类型注解)
  - 08/youbi/star/p4_08_015.py (缺少类型注解)
  - 08/youbi/star/p4_08_016.py (缺少类型注解)
  - 08/youbi/star/p5_08_015.py (缺少类型注解)
  - 08/youbi/star/p5_08_016.py (缺少类型注解)
  - 08/youbi/star/task_15.py (缺少类型注解)
  - 08/youbi/star/task_16.py (缺少类型注解)
  - 08/youbi/star/task_17.py (缺少类型注解)
  - 08/youbi/star/xj08_001.py (缺少类型注解)
  - 08/youbi/star/xj08_003.py (缺少类型注解)
  - 08/youbi/star/xj08_004.py (缺少类型注解)
  - 08/youbi/star/xj08_p1_001.py (缺少类型注解)
  - 08/youbi/star/xj08_p1_003.py (缺少类型注解)
  - 08/youbi/star/xj08_p1_004.py (缺少类型注解)
  - 08/youbi/star/xj_p3_006.py (缺少类型注解)
  - 08/youbi/star/xj_p3_007.py (缺少类型注解)
  - 09/tanlang/star/obj_09_001.py (缺少类型注解)
  - 09/tanlang/star/obj_09_002.py (缺少类型注解)
  - 09/tanlang/star/obj_09_003.py (缺少类型注解)
  - 09/tanlang/star/p2_09_019.py (缺少类型注解)
  - 09/tanlang/star/p2_09_020.py (缺少类型注解)
  - 09/tanlang/star/p3_09_017.py (缺少类型注解)
  - 09/tanlang/star/p3_09_018.py (缺少类型注解)
  - 09/tanlang/star/p4_09_017.py (缺少类型注解)
  - 09/tanlang/star/p4_09_018.py (缺少类型注解)
  - 09/tanlang/star/p5_09_017.py (缺少类型注解)
  - 09/tanlang/star/p5_09_018.py (缺少类型注解)
  - 09/tanlang/star/task_18.py (缺少类型注解)
  - 09/tanlang/star/task_19.py (缺少类型注解)
  - 09/tanlang/star/task_20.py (缺少类型注解)
  - 09/tanlang/star/web_001.py (缺少类型注解)
  - 09/tanlang/star/web_002.py (缺少类型注解)
  - 09/tanlang/star/web_003.py (缺少类型注解)
  - 09/tanlang/star/web_004.py (缺少类型注解)
  - 09/tanlang/star/web_005.py (缺少类型注解)
  - 09/tanlang/star/xj09_001.py (缺少类型注解)
  - 09/tanlang/star/xj09_002.py (缺少类型注解)
  - 09/tanlang/star/xj09_003.py (缺少类型注解)
  - 09/tanlang/star/xj09_004.py (缺少类型注解)
  - 09/tanlang/star/xj09_005.py (缺少类型注解)
  - 09/tanlang/star/xj09_p1_001.py (缺少类型注解)
  - 09/tanlang/star/xj09_p1_002.py (缺少类型注解)
  - 09/tanlang/star/xj09_p1_003.py (缺少类型注解)
  - 09/tanlang/star/xj09_p1_004.py (缺少类型注解)
  - 09/tanlang/star/xj09_p1_005.py (缺少类型注解)
  - 10/fubi/star/doc_001.py (缺少类型注解)
  - 10/fubi/star/doc_002.py (缺少类型注解)
  - 10/fubi/star/doc_003.py (缺少类型注解)
  - 10/fubi/star/doc_004.py (缺少类型注解)
  - 10/fubi/star/doc_005.py (缺少类型注解)
  - 10/fubi/star/obj_10_001.py (缺少类型注解)
  - 10/fubi/star/obj_10_002.py (缺少类型注解)
  - 10/fubi/star/obj_10_003.py (缺少类型注解)
  - 10/fubi/star/p2_10_021.py (缺少类型注解)
  - 10/fubi/star/p2_10_022.py (缺少类型注解)
  - 10/fubi/star/p3_10_019.py (缺少类型注解)
  - 10/fubi/star/p3_10_020.py (缺少类型注解)
  - 10/fubi/star/p4_10_019.py (缺少类型注解)
  - 10/fubi/star/p4_10_020.py (缺少类型注解)
  - 10/fubi/star/p5_10_019.py (缺少类型注解)
  - 10/fubi/star/p5_10_020.py (缺少类型注解)
  - 10/fubi/star/xj10_001.py (缺少类型注解)
  - 10/fubi/star/xj10_002.py (缺少类型注解)
  - 10/fubi/star/xj10_003.py (缺少类型注解)
  - 10/fubi/star/xj10_004.py (缺少类型注解)
  - 10/fubi/star/xj10_005.py (缺少类型注解)
  - 10/fubi/star/xj10_p1_001.py (缺少类型注解)
  - 10/fubi/star/xj10_p1_002.py (缺少类型注解)
  - 10/fubi/star/xj10_p1_003.py (缺少类型注解)
  - 10/fubi/star/xj10_p1_004.py (缺少类型注解)
  - 10/fubi/star/xj10_p1_005.py (缺少类型注解)

=== 质检完成 ===
发现问题文件: 208 个
=== 张志远(002) 代码质检任务 ===
时间: Mon Mar 23 02:30:01 PM CST 2026

📊 代码统计:
  XJ-01: 40 文件, 1720 行
  XJ-02: 35 文件, 1330 行
  XJ-03: 25 文件, 925 行
  XJ-04: 25 文件, 650 行
  XJ-05: 24 文件, 624 行
  XJ-06: 24 文件, 624 行
  XJ-07: 23 文件, 598 行
  XJ-08: 24 文件, 658 行
  XJ-09: 29 文件, 754 行
  XJ-10: 26 文件, 676 行
  总计: 275 文件, 8559 行

📈 质量指标:
  文档覆盖率: 100.0%
  类型注解覆盖率: 37.1%

⚠️ 需要改进的文件:
  - 02/lucun/star/c_02_001.py (缺少类型注解)
  - 02/lucun/star/c_02_002.py (缺少类型注解)
  - 02/lucun/star/c_02_003.py (缺少类型注解)
  - 02/lucun/star/c_02_004.py (缺少类型注解)
  - 02/lucun/star/c_02_005.py (缺少类型注解)
  - 02/lucun/star/p2_02_004.py (缺少类型注解)
  - 02/lucun/star/p2_02_005.py (缺少类型注解)
  - 02/lucun/star/p2_02_006.py (缺少类型注解)
  - 02/lucun/star/p3_02_003.py (缺少类型注解)
  - 02/lucun/star/p3_02_004.py (缺少类型注解)
  - 02/lucun/star/p4_02_003.py (缺少类型注解)
  - 02/lucun/star/p4_02_004.py (缺少类型注解)
  - 02/lucun/star/p5_02_003.py (缺少类型注解)
  - 02/lucun/star/p5_02_004.py (缺少类型注解)
  - 02/lucun/star/task_01.py (缺少类型注解)
  - 02/lucun/star/task_02.py (缺少类型注解)
  - 02/lucun/star/task_03.py (缺少类型注解)
  - 02/lucun/star/task_04.py (缺少类型注解)
  - 02/lucun/star/task_05.py (缺少类型注解)
  - 02/lucun/star/task_06.py (缺少类型注解)
  - 02/lucun/star/task_07.py (缺少类型注解)
  - 02/lucun/star/task_08.py (缺少类型注解)
  - 02/lucun/star/task_9.py (缺少类型注解)
  - 02/lucun/star/xj02_001.py (缺少类型注解)
  - 02/lucun/star/xj02_002.py (缺少类型注解)
  - 02/lucun/star/xj02_003.py (缺少类型注解)
  - 02/lucun/star/xj02_004.py (缺少类型注解)
  - 02/lucun/star/xj02_p0_001.py (缺少类型注解)
  - 02/lucun/star/xj02_p0_002.py (缺少类型注解)
  - 02/lucun/star/xj02_p0_003.py (缺少类型注解)
  - 02/lucun/star/xj02_p1_001.py (缺少类型注解)
  - 02/lucun/star/xj02_p1_003.py (缺少类型注解)
  - 02/lucun/star/xj02_p2_001.py (缺少类型注解)
  - 02/lucun/star/xj02_p2_002.py (缺少类型注解)
  - 02/lucun/star/xj_p3_002.py (缺少类型注解)
  - 04/lianzheng/star/obj_04_001.py (缺少类型注解)
  - 04/lianzheng/star/obj_04_002.py (缺少类型注解)
  - 04/lianzheng/star/obj_04_003.py (缺少类型注解)
  - 04/lianzheng/star/p2_04_009.py (缺少类型注解)
  - 04/lianzheng/star/p2_04_010.py (缺少类型注解)
  - 04/lianzheng/star/p3_04_007.py (缺少类型注解)
  - 04/lianzheng/star/p3_04_008.py (缺少类型注解)
  - 04/lianzheng/star/p4_04_007.py (缺少类型注解)
  - 04/lianzheng/star/p4_04_008.py (缺少类型注解)
  - 04/lianzheng/star/p5_04_007.py (缺少类型注解)
  - 04/lianzheng/star/p5_04_008.py (缺少类型注解)
  - 04/lianzheng/star/task_11.py (缺少类型注解)
  - 04/lianzheng/star/task_12.py (缺少类型注解)
  - 04/lianzheng/star/xj04_001.py (缺少类型注解)
  - 04/lianzheng/star/xj04_002.py (缺少类型注解)
  - 04/lianzheng/star/xj04_003.py (缺少类型注解)
  - 04/lianzheng/star/xj04_004.py (缺少类型注解)
  - 04/lianzheng/star/xj04_005.py (缺少类型注解)
  - 04/lianzheng/star/xj04_p1_001.py (缺少类型注解)
  - 04/lianzheng/star/xj04_p1_002.py (缺少类型注解)
  - 04/lianzheng/star/xj04_p1_003.py (缺少类型注解)
  - 04/lianzheng/star/xj04_p1_004.py (缺少类型注解)
  - 04/lianzheng/star/xj04_p1_005.py (缺少类型注解)
  - 04/lianzheng/star/xj04_p2_001.py (缺少类型注解)
  - 04/lianzheng/star/xj04_p2_002.py (缺少类型注解)
  - 05/wuqu/star/obj_05_001.py (缺少类型注解)
  - 05/wuqu/star/obj_05_002.py (缺少类型注解)
  - 05/wuqu/star/obj_05_003.py (缺少类型注解)
  - 05/wuqu/star/p2_05_011.py (缺少类型注解)
  - 05/wuqu/star/p2_05_012.py (缺少类型注解)
  - 05/wuqu/star/p3_05_009.py (缺少类型注解)
  - 05/wuqu/star/p3_05_010.py (缺少类型注解)
  - 05/wuqu/star/p4_05_009.py (缺少类型注解)
  - 05/wuqu/star/p4_05_010.py (缺少类型注解)
  - 05/wuqu/star/p5_05_009.py (缺少类型注解)
  - 05/wuqu/star/p5_05_010.py (缺少类型注解)
  - 05/wuqu/star/task_13.py (缺少类型注解)
  - 05/wuqu/star/xj05_001.py (缺少类型注解)
  - 05/wuqu/star/xj05_002.py (缺少类型注解)
  - 05/wuqu/star/xj05_003.py (缺少类型注解)
  - 05/wuqu/star/xj05_004.py (缺少类型注解)
  - 05/wuqu/star/xj05_005.py (缺少类型注解)
  - 05/wuqu/star/xj05_p1_001.py (缺少类型注解)
  - 05/wuqu/star/xj05_p1_002.py (缺少类型注解)
  - 05/wuqu/star/xj05_p1_003.py (缺少类型注解)
  - 05/wuqu/star/xj05_p1_004.py (缺少类型注解)
  - 05/wuqu/star/xj05_p1_005.py (缺少类型注解)
  - 05/wuqu/star/xj05_p2_001.py (缺少类型注解)
  - 05/wuqu/star/xj05_p2_002.py (缺少类型注解)
  - 06/pojun/star/obj_06_001.py (缺少类型注解)
  - 06/pojun/star/obj_06_002.py (缺少类型注解)
  - 06/pojun/star/obj_06_003.py (缺少类型注解)
  - 06/pojun/star/p2_06_013.py (缺少类型注解)
  - 06/pojun/star/p2_06_014.py (缺少类型注解)
  - 06/pojun/star/p3_06_011.py (缺少类型注解)
  - 06/pojun/star/p3_06_012.py (缺少类型注解)
  - 06/pojun/star/p4_06_011.py (缺少类型注解)
  - 06/pojun/star/p4_06_012.py (缺少类型注解)
  - 06/pojun/star/p5_06_011.py (缺少类型注解)
  - 06/pojun/star/p5_06_012.py (缺少类型注解)
  - 06/pojun/star/task_14.py (缺少类型注解)
  - 06/pojun/star/xj06_001.py (缺少类型注解)
  - 06/pojun/star/xj06_002.py (缺少类型注解)
  - 06/pojun/star/xj06_003.py (缺少类型注解)
  - 06/pojun/star/xj06_004.py (缺少类型注解)
  - 06/pojun/star/xj06_005.py (缺少类型注解)
  - 06/pojun/star/xj06_p1_001.py (缺少类型注解)
  - 06/pojun/star/xj06_p1_002.py (缺少类型注解)
  - 06/pojun/star/xj06_p1_003.py (缺少类型注解)
  - 06/pojun/star/xj06_p1_004.py (缺少类型注解)
  - 06/pojun/star/xj06_p1_005.py (缺少类型注解)
  - 06/pojun/star/xj06_p2_001.py (缺少类型注解)
  - 06/pojun/star/xj06_p2_002.py (缺少类型注解)
  - 07/zuofu/star/obj_07_001.py (缺少类型注解)
  - 07/zuofu/star/obj_07_002.py (缺少类型注解)
  - 07/zuofu/star/obj_07_003.py (缺少类型注解)
  - 07/zuofu/star/obj_07_004.py (缺少类型注解)
  - 07/zuofu/star/p2_07_015.py (缺少类型注解)
  - 07/zuofu/star/p2_07_016.py (缺少类型注解)
  - 07/zuofu/star/p3_07_013.py (缺少类型注解)
  - 07/zuofu/star/p3_07_014.py (缺少类型注解)
  - 07/zuofu/star/p4_07_013.py (缺少类型注解)
  - 07/zuofu/star/p4_07_014.py (缺少类型注解)
  - 07/zuofu/star/p5_07_013.py (缺少类型注解)
  - 07/zuofu/star/p5_07_014.py (缺少类型注解)
  - 07/zuofu/star/xj07_001.py (缺少类型注解)
  - 07/zuofu/star/xj07_002.py (缺少类型注解)
  - 07/zuofu/star/xj07_003.py (缺少类型注解)
  - 07/zuofu/star/xj07_004.py (缺少类型注解)
  - 07/zuofu/star/xj07_005.py (缺少类型注解)
  - 07/zuofu/star/xj07_p1_001.py (缺少类型注解)
  - 07/zuofu/star/xj07_p1_002.py (缺少类型注解)
  - 07/zuofu/star/xj07_p1_003.py (缺少类型注解)
  - 07/zuofu/star/xj07_p1_004.py (缺少类型注解)
  - 07/zuofu/star/xj07_p1_005.py (缺少类型注解)
  - 07/zuofu/star/xj07_p2_001.py (缺少类型注解)
  - 08/youbi/star/obj_08_001.py (缺少类型注解)
  - 08/youbi/star/obj_08_002.py (缺少类型注解)
  - 08/youbi/star/obj_08_003.py (缺少类型注解)
  - 08/youbi/star/p2_08_017.py (缺少类型注解)
  - 08/youbi/star/p2_08_018.py (缺少类型注解)
  - 08/youbi/star/p3_08_015.py (缺少类型注解)
  - 08/youbi/star/p3_08_016.py (缺少类型注解)
  - 08/youbi/star/p4_08_015.py (缺少类型注解)
  - 08/youbi/star/p4_08_016.py (缺少类型注解)
  - 08/youbi/star/p5_08_015.py (缺少类型注解)
  - 08/youbi/star/p5_08_016.py (缺少类型注解)
  - 08/youbi/star/task_15.py (缺少类型注解)
  - 08/youbi/star/task_16.py (缺少类型注解)
  - 08/youbi/star/task_17.py (缺少类型注解)
  - 08/youbi/star/xj08_001.py (缺少类型注解)
  - 08/youbi/star/xj08_003.py (缺少类型注解)
  - 08/youbi/star/xj08_004.py (缺少类型注解)
  - 08/youbi/star/xj08_p1_001.py (缺少类型注解)
  - 08/youbi/star/xj08_p1_003.py (缺少类型注解)
  - 08/youbi/star/xj08_p1_004.py (缺少类型注解)
  - 08/youbi/star/xj_p3_006.py (缺少类型注解)
  - 08/youbi/star/xj_p3_007.py (缺少类型注解)
  - 09/tanlang/star/obj_09_001.py (缺少类型注解)
  - 09/tanlang/star/obj_09_002.py (缺少类型注解)
  - 09/tanlang/star/obj_09_003.py (缺少类型注解)
  - 09/tanlang/star/p2_09_019.py (缺少类型注解)
  - 09/tanlang/star/p2_09_020.py (缺少类型注解)
  - 09/tanlang/star/p3_09_017.py (缺少类型注解)
  - 09/tanlang/star/p3_09_018.py (缺少类型注解)
  - 09/tanlang/star/p4_09_017.py (缺少类型注解)
  - 09/tanlang/star/p4_09_018.py (缺少类型注解)
  - 09/tanlang/star/p5_09_017.py (缺少类型注解)
  - 09/tanlang/star/p5_09_018.py (缺少类型注解)
  - 09/tanlang/star/task_18.py (缺少类型注解)
  - 09/tanlang/star/task_19.py (缺少类型注解)
  - 09/tanlang/star/task_20.py (缺少类型注解)
  - 09/tanlang/star/web_001.py (缺少类型注解)
  - 09/tanlang/star/web_002.py (缺少类型注解)
  - 09/tanlang/star/web_003.py (缺少类型注解)
  - 09/tanlang/star/web_004.py (缺少类型注解)
  - 09/tanlang/star/web_005.py (缺少类型注解)
  - 09/tanlang/star/xj09_001.py (缺少类型注解)
  - 09/tanlang/star/xj09_002.py (缺少类型注解)
  - 09/tanlang/star/xj09_003.py (缺少类型注解)
  - 09/tanlang/star/xj09_004.py (缺少类型注解)
  - 09/tanlang/star/xj09_005.py (缺少类型注解)
  - 09/tanlang/star/xj09_p1_001.py (缺少类型注解)
  - 09/tanlang/star/xj09_p1_002.py (缺少类型注解)
  - 09/tanlang/star/xj09_p1_003.py (缺少类型注解)
  - 09/tanlang/star/xj09_p1_004.py (缺少类型注解)
  - 09/tanlang/star/xj09_p1_005.py (缺少类型注解)
  - 10/fubi/star/doc_001.py (缺少类型注解)
  - 10/fubi/star/doc_002.py (缺少类型注解)
  - 10/fubi/star/doc_003.py (缺少类型注解)
  - 10/fubi/star/doc_004.py (缺少类型注解)
  - 10/fubi/star/doc_005.py (缺少类型注解)
  - 10/fubi/star/obj_10_001.py (缺少类型注解)
  - 10/fubi/star/obj_10_002.py (缺少类型注解)
  - 10/fubi/star/obj_10_003.py (缺少类型注解)
  - 10/fubi/star/p2_10_021.py (缺少类型注解)
  - 10/fubi/star/p2_10_022.py (缺少类型注解)
  - 10/fubi/star/p3_10_019.py (缺少类型注解)
  - 10/fubi/star/p3_10_020.py (缺少类型注解)
  - 10/fubi/star/p4_10_019.py (缺少类型注解)
  - 10/fubi/star/p4_10_020.py (缺少类型注解)
  - 10/fubi/star/p5_10_019.py (缺少类型注解)
  - 10/fubi/star/p5_10_020.py (缺少类型注解)
  - 10/fubi/star/xj10_001.py (缺少类型注解)
  - 10/fubi/star/xj10_002.py (缺少类型注解)
  - 10/fubi/star/xj10_003.py (缺少类型注解)
  - 10/fubi/star/xj10_004.py (缺少类型注解)
  - 10/fubi/star/xj10_005.py (缺少类型注解)
  - 10/fubi/star/xj10_p1_001.py (缺少类型注解)
  - 10/fubi/star/xj10_p1_002.py (缺少类型注解)
  - 10/fubi/star/xj10_p1_003.py (缺少类型注解)
  - 10/fubi/star/xj10_p1_004.py (缺少类型注解)
  - 10/fubi/star/xj10_p1_005.py (缺少类型注解)

=== 质检完成 ===
发现问题文件: 208 个
=== 张志远(002) 代码质检任务 ===
时间: Mon Mar 23 03:00:01 PM CST 2026

📊 代码统计:
  XJ-01: 40 文件, 1720 行
  XJ-02: 35 文件, 1330 行
  XJ-03: 25 文件, 925 行
  XJ-04: 25 文件, 650 行
  XJ-05: 24 文件, 624 行
  XJ-06: 24 文件, 624 行
  XJ-07: 23 文件, 598 行
  XJ-08: 24 文件, 658 行
  XJ-09: 29 文件, 754 行
  XJ-10: 26 文件, 676 行
  总计: 275 文件, 8559 行

📈 质量指标:
  文档覆盖率: 100.0%
  类型注解覆盖率: 37.1%

⚠️ 需要改进的文件:
  - 02/lucun/star/c_02_001.py (缺少类型注解)
  - 02/lucun/star/c_02_002.py (缺少类型注解)
  - 02/lucun/star/c_02_003.py (缺少类型注解)
  - 02/lucun/star/c_02_004.py (缺少类型注解)
  - 02/lucun/star/c_02_005.py (缺少类型注解)
  - 02/lucun/star/p2_02_004.py (缺少类型注解)
  - 02/lucun/star/p2_02_005.py (缺少类型注解)
  - 02/lucun/star/p2_02_006.py (缺少类型注解)
  - 02/lucun/star/p3_02_003.py (缺少类型注解)
  - 02/lucun/star/p3_02_004.py (缺少类型注解)
  - 02/lucun/star/p4_02_003.py (缺少类型注解)
  - 02/lucun/star/p4_02_004.py (缺少类型注解)
  - 02/lucun/star/p5_02_003.py (缺少类型注解)
  - 02/lucun/star/p5_02_004.py (缺少类型注解)
  - 02/lucun/star/task_01.py (缺少类型注解)
  - 02/lucun/star/task_02.py (缺少类型注解)
  - 02/lucun/star/task_03.py (缺少类型注解)
  - 02/lucun/star/task_04.py (缺少类型注解)
  - 02/lucun/star/task_05.py (缺少类型注解)
  - 02/lucun/star/task_06.py (缺少类型注解)
  - 02/lucun/star/task_07.py (缺少类型注解)
  - 02/lucun/star/task_08.py (缺少类型注解)
  - 02/lucun/star/task_9.py (缺少类型注解)
  - 02/lucun/star/xj02_001.py (缺少类型注解)
  - 02/lucun/star/xj02_002.py (缺少类型注解)
  - 02/lucun/star/xj02_003.py (缺少类型注解)
  - 02/lucun/star/xj02_004.py (缺少类型注解)
  - 02/lucun/star/xj02_p0_001.py (缺少类型注解)
  - 02/lucun/star/xj02_p0_002.py (缺少类型注解)
  - 02/lucun/star/xj02_p0_003.py (缺少类型注解)
  - 02/lucun/star/xj02_p1_001.py (缺少类型注解)
  - 02/lucun/star/xj02_p1_003.py (缺少类型注解)
  - 02/lucun/star/xj02_p2_001.py (缺少类型注解)
  - 02/lucun/star/xj02_p2_002.py (缺少类型注解)
  - 02/lucun/star/xj_p3_002.py (缺少类型注解)
  - 04/lianzheng/star/obj_04_001.py (缺少类型注解)
  - 04/lianzheng/star/obj_04_002.py (缺少类型注解)
  - 04/lianzheng/star/obj_04_003.py (缺少类型注解)
  - 04/lianzheng/star/p2_04_009.py (缺少类型注解)
  - 04/lianzheng/star/p2_04_010.py (缺少类型注解)
  - 04/lianzheng/star/p3_04_007.py (缺少类型注解)
  - 04/lianzheng/star/p3_04_008.py (缺少类型注解)
  - 04/lianzheng/star/p4_04_007.py (缺少类型注解)
  - 04/lianzheng/star/p4_04_008.py (缺少类型注解)
  - 04/lianzheng/star/p5_04_007.py (缺少类型注解)
  - 04/lianzheng/star/p5_04_008.py (缺少类型注解)
  - 04/lianzheng/star/task_11.py (缺少类型注解)
  - 04/lianzheng/star/task_12.py (缺少类型注解)
  - 04/lianzheng/star/xj04_001.py (缺少类型注解)
  - 04/lianzheng/star/xj04_002.py (缺少类型注解)
  - 04/lianzheng/star/xj04_003.py (缺少类型注解)
  - 04/lianzheng/star/xj04_004.py (缺少类型注解)
  - 04/lianzheng/star/xj04_005.py (缺少类型注解)
  - 04/lianzheng/star/xj04_p1_001.py (缺少类型注解)
  - 04/lianzheng/star/xj04_p1_002.py (缺少类型注解)
  - 04/lianzheng/star/xj04_p1_003.py (缺少类型注解)
  - 04/lianzheng/star/xj04_p1_004.py (缺少类型注解)
  - 04/lianzheng/star/xj04_p1_005.py (缺少类型注解)
  - 04/lianzheng/star/xj04_p2_001.py (缺少类型注解)
  - 04/lianzheng/star/xj04_p2_002.py (缺少类型注解)
  - 05/wuqu/star/obj_05_001.py (缺少类型注解)
  - 05/wuqu/star/obj_05_002.py (缺少类型注解)
  - 05/wuqu/star/obj_05_003.py (缺少类型注解)
  - 05/wuqu/star/p2_05_011.py (缺少类型注解)
  - 05/wuqu/star/p2_05_012.py (缺少类型注解)
  - 05/wuqu/star/p3_05_009.py (缺少类型注解)
  - 05/wuqu/star/p3_05_010.py (缺少类型注解)
  - 05/wuqu/star/p4_05_009.py (缺少类型注解)
  - 05/wuqu/star/p4_05_010.py (缺少类型注解)
  - 05/wuqu/star/p5_05_009.py (缺少类型注解)
  - 05/wuqu/star/p5_05_010.py (缺少类型注解)
  - 05/wuqu/star/task_13.py (缺少类型注解)
  - 05/wuqu/star/xj05_001.py (缺少类型注解)
  - 05/wuqu/star/xj05_002.py (缺少类型注解)
  - 05/wuqu/star/xj05_003.py (缺少类型注解)
  - 05/wuqu/star/xj05_004.py (缺少类型注解)
  - 05/wuqu/star/xj05_005.py (缺少类型注解)
  - 05/wuqu/star/xj05_p1_001.py (缺少类型注解)
  - 05/wuqu/star/xj05_p1_002.py (缺少类型注解)
  - 05/wuqu/star/xj05_p1_003.py (缺少类型注解)
  - 05/wuqu/star/xj05_p1_004.py (缺少类型注解)
  - 05/wuqu/star/xj05_p1_005.py (缺少类型注解)
  - 05/wuqu/star/xj05_p2_001.py (缺少类型注解)
  - 05/wuqu/star/xj05_p2_002.py (缺少类型注解)
  - 06/pojun/star/obj_06_001.py (缺少类型注解)
  - 06/pojun/star/obj_06_002.py (缺少类型注解)
  - 06/pojun/star/obj_06_003.py (缺少类型注解)
  - 06/pojun/star/p2_06_013.py (缺少类型注解)
  - 06/pojun/star/p2_06_014.py (缺少类型注解)
  - 06/pojun/star/p3_06_011.py (缺少类型注解)
  - 06/pojun/star/p3_06_012.py (缺少类型注解)
  - 06/pojun/star/p4_06_011.py (缺少类型注解)
  - 06/pojun/star/p4_06_012.py (缺少类型注解)
  - 06/pojun/star/p5_06_011.py (缺少类型注解)
  - 06/pojun/star/p5_06_012.py (缺少类型注解)
  - 06/pojun/star/task_14.py (缺少类型注解)
  - 06/pojun/star/xj06_001.py (缺少类型注解)
  - 06/pojun/star/xj06_002.py (缺少类型注解)
  - 06/pojun/star/xj06_003.py (缺少类型注解)
  - 06/pojun/star/xj06_004.py (缺少类型注解)
  - 06/pojun/star/xj06_005.py (缺少类型注解)
  - 06/pojun/star/xj06_p1_001.py (缺少类型注解)
  - 06/pojun/star/xj06_p1_002.py (缺少类型注解)
  - 06/pojun/star/xj06_p1_003.py (缺少类型注解)
  - 06/pojun/star/xj06_p1_004.py (缺少类型注解)
  - 06/pojun/star/xj06_p1_005.py (缺少类型注解)
  - 06/pojun/star/xj06_p2_001.py (缺少类型注解)
  - 06/pojun/star/xj06_p2_002.py (缺少类型注解)
  - 07/zuofu/star/obj_07_001.py (缺少类型注解)
  - 07/zuofu/star/obj_07_002.py (缺少类型注解)
  - 07/zuofu/star/obj_07_003.py (缺少类型注解)
  - 07/zuofu/star/obj_07_004.py (缺少类型注解)
  - 07/zuofu/star/p2_07_015.py (缺少类型注解)
  - 07/zuofu/star/p2_07_016.py (缺少类型注解)
  - 07/zuofu/star/p3_07_013.py (缺少类型注解)
  - 07/zuofu/star/p3_07_014.py (缺少类型注解)
  - 07/zuofu/star/p4_07_013.py (缺少类型注解)
  - 07/zuofu/star/p4_07_014.py (缺少类型注解)
  - 07/zuofu/star/p5_07_013.py (缺少类型注解)
  - 07/zuofu/star/p5_07_014.py (缺少类型注解)
  - 07/zuofu/star/xj07_001.py (缺少类型注解)
  - 07/zuofu/star/xj07_002.py (缺少类型注解)
  - 07/zuofu/star/xj07_003.py (缺少类型注解)
  - 07/zuofu/star/xj07_004.py (缺少类型注解)
  - 07/zuofu/star/xj07_005.py (缺少类型注解)
  - 07/zuofu/star/xj07_p1_001.py (缺少类型注解)
  - 07/zuofu/star/xj07_p1_002.py (缺少类型注解)
  - 07/zuofu/star/xj07_p1_003.py (缺少类型注解)
  - 07/zuofu/star/xj07_p1_004.py (缺少类型注解)
  - 07/zuofu/star/xj07_p1_005.py (缺少类型注解)
  - 07/zuofu/star/xj07_p2_001.py (缺少类型注解)
  - 08/youbi/star/obj_08_001.py (缺少类型注解)
  - 08/youbi/star/obj_08_002.py (缺少类型注解)
  - 08/youbi/star/obj_08_003.py (缺少类型注解)
  - 08/youbi/star/p2_08_017.py (缺少类型注解)
  - 08/youbi/star/p2_08_018.py (缺少类型注解)
  - 08/youbi/star/p3_08_015.py (缺少类型注解)
  - 08/youbi/star/p3_08_016.py (缺少类型注解)
  - 08/youbi/star/p4_08_015.py (缺少类型注解)
  - 08/youbi/star/p4_08_016.py (缺少类型注解)
  - 08/youbi/star/p5_08_015.py (缺少类型注解)
  - 08/youbi/star/p5_08_016.py (缺少类型注解)
  - 08/youbi/star/task_15.py (缺少类型注解)
  - 08/youbi/star/task_16.py (缺少类型注解)
  - 08/youbi/star/task_17.py (缺少类型注解)
  - 08/youbi/star/xj08_001.py (缺少类型注解)
  - 08/youbi/star/xj08_003.py (缺少类型注解)
  - 08/youbi/star/xj08_004.py (缺少类型注解)
  - 08/youbi/star/xj08_p1_001.py (缺少类型注解)
  - 08/youbi/star/xj08_p1_003.py (缺少类型注解)
  - 08/youbi/star/xj08_p1_004.py (缺少类型注解)
  - 08/youbi/star/xj_p3_006.py (缺少类型注解)
  - 08/youbi/star/xj_p3_007.py (缺少类型注解)
  - 09/tanlang/star/obj_09_001.py (缺少类型注解)
  - 09/tanlang/star/obj_09_002.py (缺少类型注解)
  - 09/tanlang/star/obj_09_003.py (缺少类型注解)
  - 09/tanlang/star/p2_09_019.py (缺少类型注解)
  - 09/tanlang/star/p2_09_020.py (缺少类型注解)
  - 09/tanlang/star/p3_09_017.py (缺少类型注解)
  - 09/tanlang/star/p3_09_018.py (缺少类型注解)
  - 09/tanlang/star/p4_09_017.py (缺少类型注解)
  - 09/tanlang/star/p4_09_018.py (缺少类型注解)
  - 09/tanlang/star/p5_09_017.py (缺少类型注解)
  - 09/tanlang/star/p5_09_018.py (缺少类型注解)
  - 09/tanlang/star/task_18.py (缺少类型注解)
  - 09/tanlang/star/task_19.py (缺少类型注解)
  - 09/tanlang/star/task_20.py (缺少类型注解)
  - 09/tanlang/star/web_001.py (缺少类型注解)
  - 09/tanlang/star/web_002.py (缺少类型注解)
  - 09/tanlang/star/web_003.py (缺少类型注解)
  - 09/tanlang/star/web_004.py (缺少类型注解)
  - 09/tanlang/star/web_005.py (缺少类型注解)
  - 09/tanlang/star/xj09_001.py (缺少类型注解)
  - 09/tanlang/star/xj09_002.py (缺少类型注解)
  - 09/tanlang/star/xj09_003.py (缺少类型注解)
  - 09/tanlang/star/xj09_004.py (缺少类型注解)
  - 09/tanlang/star/xj09_005.py (缺少类型注解)
  - 09/tanlang/star/xj09_p1_001.py (缺少类型注解)
  - 09/tanlang/star/xj09_p1_002.py (缺少类型注解)
  - 09/tanlang/star/xj09_p1_003.py (缺少类型注解)
  - 09/tanlang/star/xj09_p1_004.py (缺少类型注解)
  - 09/tanlang/star/xj09_p1_005.py (缺少类型注解)
  - 10/fubi/star/doc_001.py (缺少类型注解)
  - 10/fubi/star/doc_002.py (缺少类型注解)
  - 10/fubi/star/doc_003.py (缺少类型注解)
  - 10/fubi/star/doc_004.py (缺少类型注解)
  - 10/fubi/star/doc_005.py (缺少类型注解)
  - 10/fubi/star/obj_10_001.py (缺少类型注解)
  - 10/fubi/star/obj_10_002.py (缺少类型注解)
  - 10/fubi/star/obj_10_003.py (缺少类型注解)
  - 10/fubi/star/p2_10_021.py (缺少类型注解)
  - 10/fubi/star/p2_10_022.py (缺少类型注解)
  - 10/fubi/star/p3_10_019.py (缺少类型注解)
  - 10/fubi/star/p3_10_020.py (缺少类型注解)
  - 10/fubi/star/p4_10_019.py (缺少类型注解)
  - 10/fubi/star/p4_10_020.py (缺少类型注解)
  - 10/fubi/star/p5_10_019.py (缺少类型注解)
  - 10/fubi/star/p5_10_020.py (缺少类型注解)
  - 10/fubi/star/xj10_001.py (缺少类型注解)
  - 10/fubi/star/xj10_002.py (缺少类型注解)
  - 10/fubi/star/xj10_003.py (缺少类型注解)
  - 10/fubi/star/xj10_004.py (缺少类型注解)
  - 10/fubi/star/xj10_005.py (缺少类型注解)
  - 10/fubi/star/xj10_p1_001.py (缺少类型注解)
  - 10/fubi/star/xj10_p1_002.py (缺少类型注解)
  - 10/fubi/star/xj10_p1_003.py (缺少类型注解)
  - 10/fubi/star/xj10_p1_004.py (缺少类型注解)
  - 10/fubi/star/xj10_p1_005.py (缺少类型注解)

=== 质检完成 ===
发现问题文件: 208 个
=== 张志远(002) 代码质检任务 ===
时间: Mon Mar 23 03:30:01 PM CST 2026

📊 代码统计:
  XJ-01: 40 文件, 1720 行
  XJ-02: 35 文件, 1330 行
  XJ-03: 25 文件, 925 行
  XJ-04: 25 文件, 650 行
  XJ-05: 24 文件, 624 行
  XJ-06: 24 文件, 624 行
  XJ-07: 23 文件, 598 行
  XJ-08: 24 文件, 658 行
  XJ-09: 29 文件, 754 行
  XJ-10: 26 文件, 676 行
  总计: 275 文件, 8559 行

📈 质量指标:
  文档覆盖率: 100.0%
  类型注解覆盖率: 37.1%

⚠️ 需要改进的文件:
  - 02/lucun/star/c_02_001.py (缺少类型注解)
  - 02/lucun/star/c_02_002.py (缺少类型注解)
  - 02/lucun/star/c_02_003.py (缺少类型注解)
  - 02/lucun/star/c_02_004.py (缺少类型注解)
  - 02/lucun/star/c_02_005.py (缺少类型注解)
  - 02/lucun/star/p2_02_004.py (缺少类型注解)
  - 02/lucun/star/p2_02_005.py (缺少类型注解)
  - 02/lucun/star/p2_02_006.py (缺少类型注解)
  - 02/lucun/star/p3_02_003.py (缺少类型注解)
  - 02/lucun/star/p3_02_004.py (缺少类型注解)
  - 02/lucun/star/p4_02_003.py (缺少类型注解)
  - 02/lucun/star/p4_02_004.py (缺少类型注解)
  - 02/lucun/star/p5_02_003.py (缺少类型注解)
  - 02/lucun/star/p5_02_004.py (缺少类型注解)
  - 02/lucun/star/task_01.py (缺少类型注解)
  - 02/lucun/star/task_02.py (缺少类型注解)
  - 02/lucun/star/task_03.py (缺少类型注解)
  - 02/lucun/star/task_04.py (缺少类型注解)
  - 02/lucun/star/task_05.py (缺少类型注解)
  - 02/lucun/star/task_06.py (缺少类型注解)
  - 02/lucun/star/task_07.py (缺少类型注解)
  - 02/lucun/star/task_08.py (缺少类型注解)
  - 02/lucun/star/task_9.py (缺少类型注解)
  - 02/lucun/star/xj02_001.py (缺少类型注解)
  - 02/lucun/star/xj02_002.py (缺少类型注解)
  - 02/lucun/star/xj02_003.py (缺少类型注解)
  - 02/lucun/star/xj02_004.py (缺少类型注解)
  - 02/lucun/star/xj02_p0_001.py (缺少类型注解)
  - 02/lucun/star/xj02_p0_002.py (缺少类型注解)
  - 02/lucun/star/xj02_p0_003.py (缺少类型注解)
  - 02/lucun/star/xj02_p1_001.py (缺少类型注解)
  - 02/lucun/star/xj02_p1_003.py (缺少类型注解)
  - 02/lucun/star/xj02_p2_001.py (缺少类型注解)
  - 02/lucun/star/xj02_p2_002.py (缺少类型注解)
  - 02/lucun/star/xj_p3_002.py (缺少类型注解)
  - 04/lianzheng/star/obj_04_001.py (缺少类型注解)
  - 04/lianzheng/star/obj_04_002.py (缺少类型注解)
  - 04/lianzheng/star/obj_04_003.py (缺少类型注解)
  - 04/lianzheng/star/p2_04_009.py (缺少类型注解)
  - 04/lianzheng/star/p2_04_010.py (缺少类型注解)
  - 04/lianzheng/star/p3_04_007.py (缺少类型注解)
  - 04/lianzheng/star/p3_04_008.py (缺少类型注解)
  - 04/lianzheng/star/p4_04_007.py (缺少类型注解)
  - 04/lianzheng/star/p4_04_008.py (缺少类型注解)
  - 04/lianzheng/star/p5_04_007.py (缺少类型注解)
  - 04/lianzheng/star/p5_04_008.py (缺少类型注解)
  - 04/lianzheng/star/task_11.py (缺少类型注解)
  - 04/lianzheng/star/task_12.py (缺少类型注解)
  - 04/lianzheng/star/xj04_001.py (缺少类型注解)
  - 04/lianzheng/star/xj04_002.py (缺少类型注解)
  - 04/lianzheng/star/xj04_003.py (缺少类型注解)
  - 04/lianzheng/star/xj04_004.py (缺少类型注解)
  - 04/lianzheng/star/xj04_005.py (缺少类型注解)
  - 04/lianzheng/star/xj04_p1_001.py (缺少类型注解)
  - 04/lianzheng/star/xj04_p1_002.py (缺少类型注解)
  - 04/lianzheng/star/xj04_p1_003.py (缺少类型注解)
  - 04/lianzheng/star/xj04_p1_004.py (缺少类型注解)
  - 04/lianzheng/star/xj04_p1_005.py (缺少类型注解)
  - 04/lianzheng/star/xj04_p2_001.py (缺少类型注解)
  - 04/lianzheng/star/xj04_p2_002.py (缺少类型注解)
  - 05/wuqu/star/obj_05_001.py (缺少类型注解)
  - 05/wuqu/star/obj_05_002.py (缺少类型注解)
  - 05/wuqu/star/obj_05_003.py (缺少类型注解)
  - 05/wuqu/star/p2_05_011.py (缺少类型注解)
  - 05/wuqu/star/p2_05_012.py (缺少类型注解)
  - 05/wuqu/star/p3_05_009.py (缺少类型注解)
  - 05/wuqu/star/p3_05_010.py (缺少类型注解)
  - 05/wuqu/star/p4_05_009.py (缺少类型注解)
  - 05/wuqu/star/p4_05_010.py (缺少类型注解)
  - 05/wuqu/star/p5_05_009.py (缺少类型注解)
  - 05/wuqu/star/p5_05_010.py (缺少类型注解)
  - 05/wuqu/star/task_13.py (缺少类型注解)
  - 05/wuqu/star/xj05_001.py (缺少类型注解)
  - 05/wuqu/star/xj05_002.py (缺少类型注解)
  - 05/wuqu/star/xj05_003.py (缺少类型注解)
  - 05/wuqu/star/xj05_004.py (缺少类型注解)
  - 05/wuqu/star/xj05_005.py (缺少类型注解)
  - 05/wuqu/star/xj05_p1_001.py (缺少类型注解)
  - 05/wuqu/star/xj05_p1_002.py (缺少类型注解)
  - 05/wuqu/star/xj05_p1_003.py (缺少类型注解)
  - 05/wuqu/star/xj05_p1_004.py (缺少类型注解)
  - 05/wuqu/star/xj05_p1_005.py (缺少类型注解)
  - 05/wuqu/star/xj05_p2_001.py (缺少类型注解)
  - 05/wuqu/star/xj05_p2_002.py (缺少类型注解)
  - 06/pojun/star/obj_06_001.py (缺少类型注解)
  - 06/pojun/star/obj_06_002.py (缺少类型注解)
  - 06/pojun/star/obj_06_003.py (缺少类型注解)
  - 06/pojun/star/p2_06_013.py (缺少类型注解)
  - 06/pojun/star/p2_06_014.py (缺少类型注解)
  - 06/pojun/star/p3_06_011.py (缺少类型注解)
  - 06/pojun/star/p3_06_012.py (缺少类型注解)
  - 06/pojun/star/p4_06_011.py (缺少类型注解)
  - 06/pojun/star/p4_06_012.py (缺少类型注解)
  - 06/pojun/star/p5_06_011.py (缺少类型注解)
  - 06/pojun/star/p5_06_012.py (缺少类型注解)
  - 06/pojun/star/task_14.py (缺少类型注解)
  - 06/pojun/star/xj06_001.py (缺少类型注解)
  - 06/pojun/star/xj06_002.py (缺少类型注解)
  - 06/pojun/star/xj06_003.py (缺少类型注解)
  - 06/pojun/star/xj06_004.py (缺少类型注解)
  - 06/pojun/star/xj06_005.py (缺少类型注解)
  - 06/pojun/star/xj06_p1_001.py (缺少类型注解)
  - 06/pojun/star/xj06_p1_002.py (缺少类型注解)
  - 06/pojun/star/xj06_p1_003.py (缺少类型注解)
  - 06/pojun/star/xj06_p1_004.py (缺少类型注解)
  - 06/pojun/star/xj06_p1_005.py (缺少类型注解)
  - 06/pojun/star/xj06_p2_001.py (缺少类型注解)
  - 06/pojun/star/xj06_p2_002.py (缺少类型注解)
  - 07/zuofu/star/obj_07_001.py (缺少类型注解)
  - 07/zuofu/star/obj_07_002.py (缺少类型注解)
  - 07/zuofu/star/obj_07_003.py (缺少类型注解)
  - 07/zuofu/star/obj_07_004.py (缺少类型注解)
  - 07/zuofu/star/p2_07_015.py (缺少类型注解)
  - 07/zuofu/star/p2_07_016.py (缺少类型注解)
  - 07/zuofu/star/p3_07_013.py (缺少类型注解)
  - 07/zuofu/star/p3_07_014.py (缺少类型注解)
  - 07/zuofu/star/p4_07_013.py (缺少类型注解)
  - 07/zuofu/star/p4_07_014.py (缺少类型注解)
  - 07/zuofu/star/p5_07_013.py (缺少类型注解)
  - 07/zuofu/star/p5_07_014.py (缺少类型注解)
  - 07/zuofu/star/xj07_001.py (缺少类型注解)
  - 07/zuofu/star/xj07_002.py (缺少类型注解)
  - 07/zuofu/star/xj07_003.py (缺少类型注解)
  - 07/zuofu/star/xj07_004.py (缺少类型注解)
  - 07/zuofu/star/xj07_005.py (缺少类型注解)
  - 07/zuofu/star/xj07_p1_001.py (缺少类型注解)
  - 07/zuofu/star/xj07_p1_002.py (缺少类型注解)
  - 07/zuofu/star/xj07_p1_003.py (缺少类型注解)
  - 07/zuofu/star/xj07_p1_004.py (缺少类型注解)
  - 07/zuofu/star/xj07_p1_005.py (缺少类型注解)
  - 07/zuofu/star/xj07_p2_001.py (缺少类型注解)
  - 08/youbi/star/obj_08_001.py (缺少类型注解)
  - 08/youbi/star/obj_08_002.py (缺少类型注解)
  - 08/youbi/star/obj_08_003.py (缺少类型注解)
  - 08/youbi/star/p2_08_017.py (缺少类型注解)
  - 08/youbi/star/p2_08_018.py (缺少类型注解)
  - 08/youbi/star/p3_08_015.py (缺少类型注解)
  - 08/youbi/star/p3_08_016.py (缺少类型注解)
  - 08/youbi/star/p4_08_015.py (缺少类型注解)
  - 08/youbi/star/p4_08_016.py (缺少类型注解)
  - 08/youbi/star/p5_08_015.py (缺少类型注解)
  - 08/youbi/star/p5_08_016.py (缺少类型注解)
  - 08/youbi/star/task_15.py (缺少类型注解)
  - 08/youbi/star/task_16.py (缺少类型注解)
  - 08/youbi/star/task_17.py (缺少类型注解)
  - 08/youbi/star/xj08_001.py (缺少类型注解)
  - 08/youbi/star/xj08_003.py (缺少类型注解)
  - 08/youbi/star/xj08_004.py (缺少类型注解)
  - 08/youbi/star/xj08_p1_001.py (缺少类型注解)
  - 08/youbi/star/xj08_p1_003.py (缺少类型注解)
  - 08/youbi/star/xj08_p1_004.py (缺少类型注解)
  - 08/youbi/star/xj_p3_006.py (缺少类型注解)
  - 08/youbi/star/xj_p3_007.py (缺少类型注解)
  - 09/tanlang/star/obj_09_001.py (缺少类型注解)
  - 09/tanlang/star/obj_09_002.py (缺少类型注解)
  - 09/tanlang/star/obj_09_003.py (缺少类型注解)
  - 09/tanlang/star/p2_09_019.py (缺少类型注解)
  - 09/tanlang/star/p2_09_020.py (缺少类型注解)
  - 09/tanlang/star/p3_09_017.py (缺少类型注解)
  - 09/tanlang/star/p3_09_018.py (缺少类型注解)
  - 09/tanlang/star/p4_09_017.py (缺少类型注解)
  - 09/tanlang/star/p4_09_018.py (缺少类型注解)
  - 09/tanlang/star/p5_09_017.py (缺少类型注解)
  - 09/tanlang/star/p5_09_018.py (缺少类型注解)
  - 09/tanlang/star/task_18.py (缺少类型注解)
  - 09/tanlang/star/task_19.py (缺少类型注解)
  - 09/tanlang/star/task_20.py (缺少类型注解)
  - 09/tanlang/star/web_001.py (缺少类型注解)
  - 09/tanlang/star/web_002.py (缺少类型注解)
  - 09/tanlang/star/web_003.py (缺少类型注解)
  - 09/tanlang/star/web_004.py (缺少类型注解)
  - 09/tanlang/star/web_005.py (缺少类型注解)
  - 09/tanlang/star/xj09_001.py (缺少类型注解)
  - 09/tanlang/star/xj09_002.py (缺少类型注解)
  - 09/tanlang/star/xj09_003.py (缺少类型注解)
  - 09/tanlang/star/xj09_004.py (缺少类型注解)
  - 09/tanlang/star/xj09_005.py (缺少类型注解)
  - 09/tanlang/star/xj09_p1_001.py (缺少类型注解)
  - 09/tanlang/star/xj09_p1_002.py (缺少类型注解)
  - 09/tanlang/star/xj09_p1_003.py (缺少类型注解)
  - 09/tanlang/star/xj09_p1_004.py (缺少类型注解)
  - 09/tanlang/star/xj09_p1_005.py (缺少类型注解)
  - 10/fubi/star/doc_001.py (缺少类型注解)
  - 10/fubi/star/doc_002.py (缺少类型注解)
  - 10/fubi/star/doc_003.py (缺少类型注解)
  - 10/fubi/star/doc_004.py (缺少类型注解)
  - 10/fubi/star/doc_005.py (缺少类型注解)
  - 10/fubi/star/obj_10_001.py (缺少类型注解)
  - 10/fubi/star/obj_10_002.py (缺少类型注解)
  - 10/fubi/star/obj_10_003.py (缺少类型注解)
  - 10/fubi/star/p2_10_021.py (缺少类型注解)
  - 10/fubi/star/p2_10_022.py (缺少类型注解)
  - 10/fubi/star/p3_10_019.py (缺少类型注解)
  - 10/fubi/star/p3_10_020.py (缺少类型注解)
  - 10/fubi/star/p4_10_019.py (缺少类型注解)
  - 10/fubi/star/p4_10_020.py (缺少类型注解)
  - 10/fubi/star/p5_10_019.py (缺少类型注解)
  - 10/fubi/star/p5_10_020.py (缺少类型注解)
  - 10/fubi/star/xj10_001.py (缺少类型注解)
  - 10/fubi/star/xj10_002.py (缺少类型注解)
  - 10/fubi/star/xj10_003.py (缺少类型注解)
  - 10/fubi/star/xj10_004.py (缺少类型注解)
  - 10/fubi/star/xj10_005.py (缺少类型注解)
  - 10/fubi/star/xj10_p1_001.py (缺少类型注解)
  - 10/fubi/star/xj10_p1_002.py (缺少类型注解)
  - 10/fubi/star/xj10_p1_003.py (缺少类型注解)
  - 10/fubi/star/xj10_p1_004.py (缺少类型注解)
  - 10/fubi/star/xj10_p1_005.py (缺少类型注解)

=== 质检完成 ===
发现问题文件: 208 个
=== 张志远(002) 代码质检任务 ===
时间: Mon Mar 23 04:00:01 PM CST 2026

📊 代码统计:
  XJ-01: 40 文件, 1720 行
  XJ-02: 35 文件, 1330 行
  XJ-03: 25 文件, 925 行
  XJ-04: 25 文件, 650 行
  XJ-05: 24 文件, 624 行
  XJ-06: 24 文件, 624 行
  XJ-07: 23 文件, 598 行
  XJ-08: 24 文件, 658 行
  XJ-09: 29 文件, 754 行
  XJ-10: 26 文件, 676 行
  总计: 275 文件, 8559 行

📈 质量指标:
  文档覆盖率: 100.0%
  类型注解覆盖率: 37.1%

⚠️ 需要改进的文件:
  - 02/lucun/star/c_02_001.py (缺少类型注解)
  - 02/lucun/star/c_02_002.py (缺少类型注解)
  - 02/lucun/star/c_02_003.py (缺少类型注解)
  - 02/lucun/star/c_02_004.py (缺少类型注解)
  - 02/lucun/star/c_02_005.py (缺少类型注解)
  - 02/lucun/star/p2_02_004.py (缺少类型注解)
  - 02/lucun/star/p2_02_005.py (缺少类型注解)
  - 02/lucun/star/p2_02_006.py (缺少类型注解)
  - 02/lucun/star/p3_02_003.py (缺少类型注解)
  - 02/lucun/star/p3_02_004.py (缺少类型注解)
  - 02/lucun/star/p4_02_003.py (缺少类型注解)
  - 02/lucun/star/p4_02_004.py (缺少类型注解)
  - 02/lucun/star/p5_02_003.py (缺少类型注解)
  - 02/lucun/star/p5_02_004.py (缺少类型注解)
  - 02/lucun/star/task_01.py (缺少类型注解)
  - 02/lucun/star/task_02.py (缺少类型注解)
  - 02/lucun/star/task_03.py (缺少类型注解)
  - 02/lucun/star/task_04.py (缺少类型注解)
  - 02/lucun/star/task_05.py (缺少类型注解)
  - 02/lucun/star/task_06.py (缺少类型注解)
  - 02/lucun/star/task_07.py (缺少类型注解)
  - 02/lucun/star/task_08.py (缺少类型注解)
  - 02/lucun/star/task_9.py (缺少类型注解)
  - 02/lucun/star/xj02_001.py (缺少类型注解)
  - 02/lucun/star/xj02_002.py (缺少类型注解)
  - 02/lucun/star/xj02_003.py (缺少类型注解)
  - 02/lucun/star/xj02_004.py (缺少类型注解)
  - 02/lucun/star/xj02_p0_001.py (缺少类型注解)
  - 02/lucun/star/xj02_p0_002.py (缺少类型注解)
  - 02/lucun/star/xj02_p0_003.py (缺少类型注解)
  - 02/lucun/star/xj02_p1_001.py (缺少类型注解)
  - 02/lucun/star/xj02_p1_003.py (缺少类型注解)
  - 02/lucun/star/xj02_p2_001.py (缺少类型注解)
  - 02/lucun/star/xj02_p2_002.py (缺少类型注解)
  - 02/lucun/star/xj_p3_002.py (缺少类型注解)
  - 04/lianzheng/star/obj_04_001.py (缺少类型注解)
  - 04/lianzheng/star/obj_04_002.py (缺少类型注解)
  - 04/lianzheng/star/obj_04_003.py (缺少类型注解)
  - 04/lianzheng/star/p2_04_009.py (缺少类型注解)
  - 04/lianzheng/star/p2_04_010.py (缺少类型注解)
  - 04/lianzheng/star/p3_04_007.py (缺少类型注解)
  - 04/lianzheng/star/p3_04_008.py (缺少类型注解)
  - 04/lianzheng/star/p4_04_007.py (缺少类型注解)
  - 04/lianzheng/star/p4_04_008.py (缺少类型注解)
  - 04/lianzheng/star/p5_04_007.py (缺少类型注解)
  - 04/lianzheng/star/p5_04_008.py (缺少类型注解)
  - 04/lianzheng/star/task_11.py (缺少类型注解)
  - 04/lianzheng/star/task_12.py (缺少类型注解)
  - 04/lianzheng/star/xj04_001.py (缺少类型注解)
  - 04/lianzheng/star/xj04_002.py (缺少类型注解)
  - 04/lianzheng/star/xj04_003.py (缺少类型注解)
  - 04/lianzheng/star/xj04_004.py (缺少类型注解)
  - 04/lianzheng/star/xj04_005.py (缺少类型注解)
  - 04/lianzheng/star/xj04_p1_001.py (缺少类型注解)
  - 04/lianzheng/star/xj04_p1_002.py (缺少类型注解)
  - 04/lianzheng/star/xj04_p1_003.py (缺少类型注解)
  - 04/lianzheng/star/xj04_p1_004.py (缺少类型注解)
  - 04/lianzheng/star/xj04_p1_005.py (缺少类型注解)
  - 04/lianzheng/star/xj04_p2_001.py (缺少类型注解)
  - 04/lianzheng/star/xj04_p2_002.py (缺少类型注解)
  - 05/wuqu/star/obj_05_001.py (缺少类型注解)
  - 05/wuqu/star/obj_05_002.py (缺少类型注解)
  - 05/wuqu/star/obj_05_003.py (缺少类型注解)
  - 05/wuqu/star/p2_05_011.py (缺少类型注解)
  - 05/wuqu/star/p2_05_012.py (缺少类型注解)
  - 05/wuqu/star/p3_05_009.py (缺少类型注解)
  - 05/wuqu/star/p3_05_010.py (缺少类型注解)
  - 05/wuqu/star/p4_05_009.py (缺少类型注解)
  - 05/wuqu/star/p4_05_010.py (缺少类型注解)
  - 05/wuqu/star/p5_05_009.py (缺少类型注解)
  - 05/wuqu/star/p5_05_010.py (缺少类型注解)
  - 05/wuqu/star/task_13.py (缺少类型注解)
  - 05/wuqu/star/xj05_001.py (缺少类型注解)
  - 05/wuqu/star/xj05_002.py (缺少类型注解)
  - 05/wuqu/star/xj05_003.py (缺少类型注解)
  - 05/wuqu/star/xj05_004.py (缺少类型注解)
  - 05/wuqu/star/xj05_005.py (缺少类型注解)
  - 05/wuqu/star/xj05_p1_001.py (缺少类型注解)
  - 05/wuqu/star/xj05_p1_002.py (缺少类型注解)
  - 05/wuqu/star/xj05_p1_003.py (缺少类型注解)
  - 05/wuqu/star/xj05_p1_004.py (缺少类型注解)
  - 05/wuqu/star/xj05_p1_005.py (缺少类型注解)
  - 05/wuqu/star/xj05_p2_001.py (缺少类型注解)
  - 05/wuqu/star/xj05_p2_002.py (缺少类型注解)
  - 06/pojun/star/obj_06_001.py (缺少类型注解)
  - 06/pojun/star/obj_06_002.py (缺少类型注解)
  - 06/pojun/star/obj_06_003.py (缺少类型注解)
  - 06/pojun/star/p2_06_013.py (缺少类型注解)
  - 06/pojun/star/p2_06_014.py (缺少类型注解)
  - 06/pojun/star/p3_06_011.py (缺少类型注解)
  - 06/pojun/star/p3_06_012.py (缺少类型注解)
  - 06/pojun/star/p4_06_011.py (缺少类型注解)
  - 06/pojun/star/p4_06_012.py (缺少类型注解)
  - 06/pojun/star/p5_06_011.py (缺少类型注解)
  - 06/pojun/star/p5_06_012.py (缺少类型注解)
  - 06/pojun/star/task_14.py (缺少类型注解)
  - 06/pojun/star/xj06_001.py (缺少类型注解)
  - 06/pojun/star/xj06_002.py (缺少类型注解)
  - 06/pojun/star/xj06_003.py (缺少类型注解)
  - 06/pojun/star/xj06_004.py (缺少类型注解)
  - 06/pojun/star/xj06_005.py (缺少类型注解)
  - 06/pojun/star/xj06_p1_001.py (缺少类型注解)
  - 06/pojun/star/xj06_p1_002.py (缺少类型注解)
  - 06/pojun/star/xj06_p1_003.py (缺少类型注解)
  - 06/pojun/star/xj06_p1_004.py (缺少类型注解)
  - 06/pojun/star/xj06_p1_005.py (缺少类型注解)
  - 06/pojun/star/xj06_p2_001.py (缺少类型注解)
  - 06/pojun/star/xj06_p2_002.py (缺少类型注解)
  - 07/zuofu/star/obj_07_001.py (缺少类型注解)
  - 07/zuofu/star/obj_07_002.py (缺少类型注解)
  - 07/zuofu/star/obj_07_003.py (缺少类型注解)
  - 07/zuofu/star/obj_07_004.py (缺少类型注解)
  - 07/zuofu/star/p2_07_015.py (缺少类型注解)
  - 07/zuofu/star/p2_07_016.py (缺少类型注解)
  - 07/zuofu/star/p3_07_013.py (缺少类型注解)
  - 07/zuofu/star/p3_07_014.py (缺少类型注解)
  - 07/zuofu/star/p4_07_013.py (缺少类型注解)
  - 07/zuofu/star/p4_07_014.py (缺少类型注解)
  - 07/zuofu/star/p5_07_013.py (缺少类型注解)
  - 07/zuofu/star/p5_07_014.py (缺少类型注解)
  - 07/zuofu/star/xj07_001.py (缺少类型注解)
  - 07/zuofu/star/xj07_002.py (缺少类型注解)
  - 07/zuofu/star/xj07_003.py (缺少类型注解)
  - 07/zuofu/star/xj07_004.py (缺少类型注解)
  - 07/zuofu/star/xj07_005.py (缺少类型注解)
  - 07/zuofu/star/xj07_p1_001.py (缺少类型注解)
  - 07/zuofu/star/xj07_p1_002.py (缺少类型注解)
  - 07/zuofu/star/xj07_p1_003.py (缺少类型注解)
  - 07/zuofu/star/xj07_p1_004.py (缺少类型注解)
  - 07/zuofu/star/xj07_p1_005.py (缺少类型注解)
  - 07/zuofu/star/xj07_p2_001.py (缺少类型注解)
  - 08/youbi/star/obj_08_001.py (缺少类型注解)
  - 08/youbi/star/obj_08_002.py (缺少类型注解)
  - 08/youbi/star/obj_08_003.py (缺少类型注解)
  - 08/youbi/star/p2_08_017.py (缺少类型注解)
  - 08/youbi/star/p2_08_018.py (缺少类型注解)
  - 08/youbi/star/p3_08_015.py (缺少类型注解)
  - 08/youbi/star/p3_08_016.py (缺少类型注解)
  - 08/youbi/star/p4_08_015.py (缺少类型注解)
  - 08/youbi/star/p4_08_016.py (缺少类型注解)
  - 08/youbi/star/p5_08_015.py (缺少类型注解)
  - 08/youbi/star/p5_08_016.py (缺少类型注解)
  - 08/youbi/star/task_15.py (缺少类型注解)
  - 08/youbi/star/task_16.py (缺少类型注解)
  - 08/youbi/star/task_17.py (缺少类型注解)
  - 08/youbi/star/xj08_001.py (缺少类型注解)
  - 08/youbi/star/xj08_003.py (缺少类型注解)
  - 08/youbi/star/xj08_004.py (缺少类型注解)
  - 08/youbi/star/xj08_p1_001.py (缺少类型注解)
  - 08/youbi/star/xj08_p1_003.py (缺少类型注解)
  - 08/youbi/star/xj08_p1_004.py (缺少类型注解)
  - 08/youbi/star/xj_p3_006.py (缺少类型注解)
  - 08/youbi/star/xj_p3_007.py (缺少类型注解)
  - 09/tanlang/star/obj_09_001.py (缺少类型注解)
  - 09/tanlang/star/obj_09_002.py (缺少类型注解)
  - 09/tanlang/star/obj_09_003.py (缺少类型注解)
  - 09/tanlang/star/p2_09_019.py (缺少类型注解)
  - 09/tanlang/star/p2_09_020.py (缺少类型注解)
  - 09/tanlang/star/p3_09_017.py (缺少类型注解)
  - 09/tanlang/star/p3_09_018.py (缺少类型注解)
  - 09/tanlang/star/p4_09_017.py (缺少类型注解)
  - 09/tanlang/star/p4_09_018.py (缺少类型注解)
  - 09/tanlang/star/p5_09_017.py (缺少类型注解)
  - 09/tanlang/star/p5_09_018.py (缺少类型注解)
  - 09/tanlang/star/task_18.py (缺少类型注解)
  - 09/tanlang/star/task_19.py (缺少类型注解)
  - 09/tanlang/star/task_20.py (缺少类型注解)
  - 09/tanlang/star/web_001.py (缺少类型注解)
  - 09/tanlang/star/web_002.py (缺少类型注解)
  - 09/tanlang/star/web_003.py (缺少类型注解)
  - 09/tanlang/star/web_004.py (缺少类型注解)
  - 09/tanlang/star/web_005.py (缺少类型注解)
  - 09/tanlang/star/xj09_001.py (缺少类型注解)
  - 09/tanlang/star/xj09_002.py (缺少类型注解)
  - 09/tanlang/star/xj09_003.py (缺少类型注解)
  - 09/tanlang/star/xj09_004.py (缺少类型注解)
  - 09/tanlang/star/xj09_005.py (缺少类型注解)
  - 09/tanlang/star/xj09_p1_001.py (缺少类型注解)
  - 09/tanlang/star/xj09_p1_002.py (缺少类型注解)
  - 09/tanlang/star/xj09_p1_003.py (缺少类型注解)
  - 09/tanlang/star/xj09_p1_004.py (缺少类型注解)
  - 09/tanlang/star/xj09_p1_005.py (缺少类型注解)
  - 10/fubi/star/doc_001.py (缺少类型注解)
  - 10/fubi/star/doc_002.py (缺少类型注解)
  - 10/fubi/star/doc_003.py (缺少类型注解)
  - 10/fubi/star/doc_004.py (缺少类型注解)
  - 10/fubi/star/doc_005.py (缺少类型注解)
  - 10/fubi/star/obj_10_001.py (缺少类型注解)
  - 10/fubi/star/obj_10_002.py (缺少类型注解)
  - 10/fubi/star/obj_10_003.py (缺少类型注解)
  - 10/fubi/star/p2_10_021.py (缺少类型注解)
  - 10/fubi/star/p2_10_022.py (缺少类型注解)
  - 10/fubi/star/p3_10_019.py (缺少类型注解)
  - 10/fubi/star/p3_10_020.py (缺少类型注解)
  - 10/fubi/star/p4_10_019.py (缺少类型注解)
  - 10/fubi/star/p4_10_020.py (缺少类型注解)
  - 10/fubi/star/p5_10_019.py (缺少类型注解)
  - 10/fubi/star/p5_10_020.py (缺少类型注解)
  - 10/fubi/star/xj10_001.py (缺少类型注解)
  - 10/fubi/star/xj10_002.py (缺少类型注解)
  - 10/fubi/star/xj10_003.py (缺少类型注解)
  - 10/fubi/star/xj10_004.py (缺少类型注解)
  - 10/fubi/star/xj10_005.py (缺少类型注解)
  - 10/fubi/star/xj10_p1_001.py (缺少类型注解)
  - 10/fubi/star/xj10_p1_002.py (缺少类型注解)
  - 10/fubi/star/xj10_p1_003.py (缺少类型注解)
  - 10/fubi/star/xj10_p1_004.py (缺少类型注解)
  - 10/fubi/star/xj10_p1_005.py (缺少类型注解)

=== 质检完成 ===
发现问题文件: 208 个
=== 张志远(002) 代码质检任务 ===
时间: Mon Mar 23 04:30:01 PM CST 2026

📊 代码统计:
  XJ-01: 40 文件, 1720 行
  XJ-02: 35 文件, 1330 行
  XJ-03: 25 文件, 925 行
  XJ-04: 25 文件, 650 行
  XJ-05: 24 文件, 624 行
  XJ-06: 24 文件, 624 行
  XJ-07: 23 文件, 598 行
  XJ-08: 24 文件, 658 行
  XJ-09: 29 文件, 754 行
  XJ-10: 26 文件, 676 行
  总计: 275 文件, 8559 行

📈 质量指标:
  文档覆盖率: 100.0%
  类型注解覆盖率: 37.1%

⚠️ 需要改进的文件:
  - 02/lucun/star/c_02_001.py (缺少类型注解)
  - 02/lucun/star/c_02_002.py (缺少类型注解)
  - 02/lucun/star/c_02_003.py (缺少类型注解)
  - 02/lucun/star/c_02_004.py (缺少类型注解)
  - 02/lucun/star/c_02_005.py (缺少类型注解)
  - 02/lucun/star/p2_02_004.py (缺少类型注解)
  - 02/lucun/star/p2_02_005.py (缺少类型注解)
  - 02/lucun/star/p2_02_006.py (缺少类型注解)
  - 02/lucun/star/p3_02_003.py (缺少类型注解)
  - 02/lucun/star/p3_02_004.py (缺少类型注解)
  - 02/lucun/star/p4_02_003.py (缺少类型注解)
  - 02/lucun/star/p4_02_004.py (缺少类型注解)
  - 02/lucun/star/p5_02_003.py (缺少类型注解)
  - 02/lucun/star/p5_02_004.py (缺少类型注解)
  - 02/lucun/star/task_01.py (缺少类型注解)
  - 02/lucun/star/task_02.py (缺少类型注解)
  - 02/lucun/star/task_03.py (缺少类型注解)
  - 02/lucun/star/task_04.py (缺少类型注解)
  - 02/lucun/star/task_05.py (缺少类型注解)
  - 02/lucun/star/task_06.py (缺少类型注解)
  - 02/lucun/star/task_07.py (缺少类型注解)
  - 02/lucun/star/task_08.py (缺少类型注解)
  - 02/lucun/star/task_9.py (缺少类型注解)
  - 02/lucun/star/xj02_001.py (缺少类型注解)
  - 02/lucun/star/xj02_002.py (缺少类型注解)
  - 02/lucun/star/xj02_003.py (缺少类型注解)
  - 02/lucun/star/xj02_004.py (缺少类型注解)
  - 02/lucun/star/xj02_p0_001.py (缺少类型注解)
  - 02/lucun/star/xj02_p0_002.py (缺少类型注解)
  - 02/lucun/star/xj02_p0_003.py (缺少类型注解)
  - 02/lucun/star/xj02_p1_001.py (缺少类型注解)
  - 02/lucun/star/xj02_p1_003.py (缺少类型注解)
  - 02/lucun/star/xj02_p2_001.py (缺少类型注解)
  - 02/lucun/star/xj02_p2_002.py (缺少类型注解)
  - 02/lucun/star/xj_p3_002.py (缺少类型注解)
  - 04/lianzheng/star/obj_04_001.py (缺少类型注解)
  - 04/lianzheng/star/obj_04_002.py (缺少类型注解)
  - 04/lianzheng/star/obj_04_003.py (缺少类型注解)
  - 04/lianzheng/star/p2_04_009.py (缺少类型注解)
  - 04/lianzheng/star/p2_04_010.py (缺少类型注解)
  - 04/lianzheng/star/p3_04_007.py (缺少类型注解)
  - 04/lianzheng/star/p3_04_008.py (缺少类型注解)
  - 04/lianzheng/star/p4_04_007.py (缺少类型注解)
  - 04/lianzheng/star/p4_04_008.py (缺少类型注解)
  - 04/lianzheng/star/p5_04_007.py (缺少类型注解)
  - 04/lianzheng/star/p5_04_008.py (缺少类型注解)
  - 04/lianzheng/star/task_11.py (缺少类型注解)
  - 04/lianzheng/star/task_12.py (缺少类型注解)
  - 04/lianzheng/star/xj04_001.py (缺少类型注解)
  - 04/lianzheng/star/xj04_002.py (缺少类型注解)
  - 04/lianzheng/star/xj04_003.py (缺少类型注解)
  - 04/lianzheng/star/xj04_004.py (缺少类型注解)
  - 04/lianzheng/star/xj04_005.py (缺少类型注解)
  - 04/lianzheng/star/xj04_p1_001.py (缺少类型注解)
  - 04/lianzheng/star/xj04_p1_002.py (缺少类型注解)
  - 04/lianzheng/star/xj04_p1_003.py (缺少类型注解)
  - 04/lianzheng/star/xj04_p1_004.py (缺少类型注解)
  - 04/lianzheng/star/xj04_p1_005.py (缺少类型注解)
  - 04/lianzheng/star/xj04_p2_001.py (缺少类型注解)
  - 04/lianzheng/star/xj04_p2_002.py (缺少类型注解)
  - 05/wuqu/star/obj_05_001.py (缺少类型注解)
  - 05/wuqu/star/obj_05_002.py (缺少类型注解)
  - 05/wuqu/star/obj_05_003.py (缺少类型注解)
  - 05/wuqu/star/p2_05_011.py (缺少类型注解)
  - 05/wuqu/star/p2_05_012.py (缺少类型注解)
  - 05/wuqu/star/p3_05_009.py (缺少类型注解)
  - 05/wuqu/star/p3_05_010.py (缺少类型注解)
  - 05/wuqu/star/p4_05_009.py (缺少类型注解)
  - 05/wuqu/star/p4_05_010.py (缺少类型注解)
  - 05/wuqu/star/p5_05_009.py (缺少类型注解)
  - 05/wuqu/star/p5_05_010.py (缺少类型注解)
  - 05/wuqu/star/task_13.py (缺少类型注解)
  - 05/wuqu/star/xj05_001.py (缺少类型注解)
  - 05/wuqu/star/xj05_002.py (缺少类型注解)
  - 05/wuqu/star/xj05_003.py (缺少类型注解)
  - 05/wuqu/star/xj05_004.py (缺少类型注解)
  - 05/wuqu/star/xj05_005.py (缺少类型注解)
  - 05/wuqu/star/xj05_p1_001.py (缺少类型注解)
  - 05/wuqu/star/xj05_p1_002.py (缺少类型注解)
  - 05/wuqu/star/xj05_p1_003.py (缺少类型注解)
  - 05/wuqu/star/xj05_p1_004.py (缺少类型注解)
  - 05/wuqu/star/xj05_p1_005.py (缺少类型注解)
  - 05/wuqu/star/xj05_p2_001.py (缺少类型注解)
  - 05/wuqu/star/xj05_p2_002.py (缺少类型注解)
  - 06/pojun/star/obj_06_001.py (缺少类型注解)
  - 06/pojun/star/obj_06_002.py (缺少类型注解)
  - 06/pojun/star/obj_06_003.py (缺少类型注解)
  - 06/pojun/star/p2_06_013.py (缺少类型注解)
  - 06/pojun/star/p2_06_014.py (缺少类型注解)
  - 06/pojun/star/p3_06_011.py (缺少类型注解)
  - 06/pojun/star/p3_06_012.py (缺少类型注解)
  - 06/pojun/star/p4_06_011.py (缺少类型注解)
  - 06/pojun/star/p4_06_012.py (缺少类型注解)
  - 06/pojun/star/p5_06_011.py (缺少类型注解)
  - 06/pojun/star/p5_06_012.py (缺少类型注解)
  - 06/pojun/star/task_14.py (缺少类型注解)
  - 06/pojun/star/xj06_001.py (缺少类型注解)
  - 06/pojun/star/xj06_002.py (缺少类型注解)
  - 06/pojun/star/xj06_003.py (缺少类型注解)
  - 06/pojun/star/xj06_004.py (缺少类型注解)
  - 06/pojun/star/xj06_005.py (缺少类型注解)
  - 06/pojun/star/xj06_p1_001.py (缺少类型注解)
  - 06/pojun/star/xj06_p1_002.py (缺少类型注解)
  - 06/pojun/star/xj06_p1_003.py (缺少类型注解)
  - 06/pojun/star/xj06_p1_004.py (缺少类型注解)
  - 06/pojun/star/xj06_p1_005.py (缺少类型注解)
  - 06/pojun/star/xj06_p2_001.py (缺少类型注解)
  - 06/pojun/star/xj06_p2_002.py (缺少类型注解)
  - 07/zuofu/star/obj_07_001.py (缺少类型注解)
  - 07/zuofu/star/obj_07_002.py (缺少类型注解)
  - 07/zuofu/star/obj_07_003.py (缺少类型注解)
  - 07/zuofu/star/obj_07_004.py (缺少类型注解)
  - 07/zuofu/star/p2_07_015.py (缺少类型注解)
  - 07/zuofu/star/p2_07_016.py (缺少类型注解)
  - 07/zuofu/star/p3_07_013.py (缺少类型注解)
  - 07/zuofu/star/p3_07_014.py (缺少类型注解)
  - 07/zuofu/star/p4_07_013.py (缺少类型注解)
  - 07/zuofu/star/p4_07_014.py (缺少类型注解)
  - 07/zuofu/star/p5_07_013.py (缺少类型注解)
  - 07/zuofu/star/p5_07_014.py (缺少类型注解)
  - 07/zuofu/star/xj07_001.py (缺少类型注解)
  - 07/zuofu/star/xj07_002.py (缺少类型注解)
  - 07/zuofu/star/xj07_003.py (缺少类型注解)
  - 07/zuofu/star/xj07_004.py (缺少类型注解)
  - 07/zuofu/star/xj07_005.py (缺少类型注解)
  - 07/zuofu/star/xj07_p1_001.py (缺少类型注解)
  - 07/zuofu/star/xj07_p1_002.py (缺少类型注解)
  - 07/zuofu/star/xj07_p1_003.py (缺少类型注解)
  - 07/zuofu/star/xj07_p1_004.py (缺少类型注解)
  - 07/zuofu/star/xj07_p1_005.py (缺少类型注解)
  - 07/zuofu/star/xj07_p2_001.py (缺少类型注解)
  - 08/youbi/star/obj_08_001.py (缺少类型注解)
  - 08/youbi/star/obj_08_002.py (缺少类型注解)
  - 08/youbi/star/obj_08_003.py (缺少类型注解)
  - 08/youbi/star/p2_08_017.py (缺少类型注解)
  - 08/youbi/star/p2_08_018.py (缺少类型注解)
  - 08/youbi/star/p3_08_015.py (缺少类型注解)
  - 08/youbi/star/p3_08_016.py (缺少类型注解)
  - 08/youbi/star/p4_08_015.py (缺少类型注解)
  - 08/youbi/star/p4_08_016.py (缺少类型注解)
  - 08/youbi/star/p5_08_015.py (缺少类型注解)
  - 08/youbi/star/p5_08_016.py (缺少类型注解)
  - 08/youbi/star/task_15.py (缺少类型注解)
  - 08/youbi/star/task_16.py (缺少类型注解)
  - 08/youbi/star/task_17.py (缺少类型注解)
  - 08/youbi/star/xj08_001.py (缺少类型注解)
  - 08/youbi/star/xj08_003.py (缺少类型注解)
  - 08/youbi/star/xj08_004.py (缺少类型注解)
  - 08/youbi/star/xj08_p1_001.py (缺少类型注解)
  - 08/youbi/star/xj08_p1_003.py (缺少类型注解)
  - 08/youbi/star/xj08_p1_004.py (缺少类型注解)
  - 08/youbi/star/xj_p3_006.py (缺少类型注解)
  - 08/youbi/star/xj_p3_007.py (缺少类型注解)
  - 09/tanlang/star/obj_09_001.py (缺少类型注解)
  - 09/tanlang/star/obj_09_002.py (缺少类型注解)
  - 09/tanlang/star/obj_09_003.py (缺少类型注解)
  - 09/tanlang/star/p2_09_019.py (缺少类型注解)
  - 09/tanlang/star/p2_09_020.py (缺少类型注解)
  - 09/tanlang/star/p3_09_017.py (缺少类型注解)
  - 09/tanlang/star/p3_09_018.py (缺少类型注解)
  - 09/tanlang/star/p4_09_017.py (缺少类型注解)
  - 09/tanlang/star/p4_09_018.py (缺少类型注解)
  - 09/tanlang/star/p5_09_017.py (缺少类型注解)
  - 09/tanlang/star/p5_09_018.py (缺少类型注解)
  - 09/tanlang/star/task_18.py (缺少类型注解)
  - 09/tanlang/star/task_19.py (缺少类型注解)
  - 09/tanlang/star/task_20.py (缺少类型注解)
  - 09/tanlang/star/web_001.py (缺少类型注解)
  - 09/tanlang/star/web_002.py (缺少类型注解)
  - 09/tanlang/star/web_003.py (缺少类型注解)
  - 09/tanlang/star/web_004.py (缺少类型注解)
  - 09/tanlang/star/web_005.py (缺少类型注解)
  - 09/tanlang/star/xj09_001.py (缺少类型注解)
  - 09/tanlang/star/xj09_002.py (缺少类型注解)
  - 09/tanlang/star/xj09_003.py (缺少类型注解)
  - 09/tanlang/star/xj09_004.py (缺少类型注解)
  - 09/tanlang/star/xj09_005.py (缺少类型注解)
  - 09/tanlang/star/xj09_p1_001.py (缺少类型注解)
  - 09/tanlang/star/xj09_p1_002.py (缺少类型注解)
  - 09/tanlang/star/xj09_p1_003.py (缺少类型注解)
  - 09/tanlang/star/xj09_p1_004.py (缺少类型注解)
  - 09/tanlang/star/xj09_p1_005.py (缺少类型注解)
  - 10/fubi/star/doc_001.py (缺少类型注解)
  - 10/fubi/star/doc_002.py (缺少类型注解)
  - 10/fubi/star/doc_003.py (缺少类型注解)
  - 10/fubi/star/doc_004.py (缺少类型注解)
  - 10/fubi/star/doc_005.py (缺少类型注解)
  - 10/fubi/star/obj_10_001.py (缺少类型注解)
  - 10/fubi/star/obj_10_002.py (缺少类型注解)
  - 10/fubi/star/obj_10_003.py (缺少类型注解)
  - 10/fubi/star/p2_10_021.py (缺少类型注解)
  - 10/fubi/star/p2_10_022.py (缺少类型注解)
  - 10/fubi/star/p3_10_019.py (缺少类型注解)
  - 10/fubi/star/p3_10_020.py (缺少类型注解)
  - 10/fubi/star/p4_10_019.py (缺少类型注解)
  - 10/fubi/star/p4_10_020.py (缺少类型注解)
  - 10/fubi/star/p5_10_019.py (缺少类型注解)
  - 10/fubi/star/p5_10_020.py (缺少类型注解)
  - 10/fubi/star/xj10_001.py (缺少类型注解)
  - 10/fubi/star/xj10_002.py (缺少类型注解)
  - 10/fubi/star/xj10_003.py (缺少类型注解)
  - 10/fubi/star/xj10_004.py (缺少类型注解)
  - 10/fubi/star/xj10_005.py (缺少类型注解)
  - 10/fubi/star/xj10_p1_001.py (缺少类型注解)
  - 10/fubi/star/xj10_p1_002.py (缺少类型注解)
  - 10/fubi/star/xj10_p1_003.py (缺少类型注解)
  - 10/fubi/star/xj10_p1_004.py (缺少类型注解)
  - 10/fubi/star/xj10_p1_005.py (缺少类型注解)

=== 质检完成 ===
发现问题文件: 208 个
=== 张志远(002) 代码质检任务 ===
时间: Mon Mar 23 05:00:01 PM CST 2026

📊 代码统计:
  XJ-01: 40 文件, 1720 行
  XJ-02: 35 文件, 1330 行
  XJ-03: 25 文件, 925 行
  XJ-04: 25 文件, 650 行
  XJ-05: 24 文件, 624 行
  XJ-06: 24 文件, 624 行
  XJ-07: 23 文件, 598 行
  XJ-08: 24 文件, 658 行
  XJ-09: 29 文件, 754 行
  XJ-10: 26 文件, 676 行
  总计: 275 文件, 8559 行

📈 质量指标:
  文档覆盖率: 100.0%
  类型注解覆盖率: 37.1%

⚠️ 需要改进的文件:
  - 02/lucun/star/c_02_001.py (缺少类型注解)
  - 02/lucun/star/c_02_002.py (缺少类型注解)
  - 02/lucun/star/c_02_003.py (缺少类型注解)
  - 02/lucun/star/c_02_004.py (缺少类型注解)
  - 02/lucun/star/c_02_005.py (缺少类型注解)
  - 02/lucun/star/p2_02_004.py (缺少类型注解)
  - 02/lucun/star/p2_02_005.py (缺少类型注解)
  - 02/lucun/star/p2_02_006.py (缺少类型注解)
  - 02/lucun/star/p3_02_003.py (缺少类型注解)
  - 02/lucun/star/p3_02_004.py (缺少类型注解)
  - 02/lucun/star/p4_02_003.py (缺少类型注解)
  - 02/lucun/star/p4_02_004.py (缺少类型注解)
  - 02/lucun/star/p5_02_003.py (缺少类型注解)
  - 02/lucun/star/p5_02_004.py (缺少类型注解)
  - 02/lucun/star/task_01.py (缺少类型注解)
  - 02/lucun/star/task_02.py (缺少类型注解)
  - 02/lucun/star/task_03.py (缺少类型注解)
  - 02/lucun/star/task_04.py (缺少类型注解)
  - 02/lucun/star/task_05.py (缺少类型注解)
  - 02/lucun/star/task_06.py (缺少类型注解)
  - 02/lucun/star/task_07.py (缺少类型注解)
  - 02/lucun/star/task_08.py (缺少类型注解)
  - 02/lucun/star/task_9.py (缺少类型注解)
  - 02/lucun/star/xj02_001.py (缺少类型注解)
  - 02/lucun/star/xj02_002.py (缺少类型注解)
  - 02/lucun/star/xj02_003.py (缺少类型注解)
  - 02/lucun/star/xj02_004.py (缺少类型注解)
  - 02/lucun/star/xj02_p0_001.py (缺少类型注解)
  - 02/lucun/star/xj02_p0_002.py (缺少类型注解)
  - 02/lucun/star/xj02_p0_003.py (缺少类型注解)
  - 02/lucun/star/xj02_p1_001.py (缺少类型注解)
  - 02/lucun/star/xj02_p1_003.py (缺少类型注解)
  - 02/lucun/star/xj02_p2_001.py (缺少类型注解)
  - 02/lucun/star/xj02_p2_002.py (缺少类型注解)
  - 02/lucun/star/xj_p3_002.py (缺少类型注解)
  - 04/lianzheng/star/obj_04_001.py (缺少类型注解)
  - 04/lianzheng/star/obj_04_002.py (缺少类型注解)
  - 04/lianzheng/star/obj_04_003.py (缺少类型注解)
  - 04/lianzheng/star/p2_04_009.py (缺少类型注解)
  - 04/lianzheng/star/p2_04_010.py (缺少类型注解)
  - 04/lianzheng/star/p3_04_007.py (缺少类型注解)
  - 04/lianzheng/star/p3_04_008.py (缺少类型注解)
  - 04/lianzheng/star/p4_04_007.py (缺少类型注解)
  - 04/lianzheng/star/p4_04_008.py (缺少类型注解)
  - 04/lianzheng/star/p5_04_007.py (缺少类型注解)
  - 04/lianzheng/star/p5_04_008.py (缺少类型注解)
  - 04/lianzheng/star/task_11.py (缺少类型注解)
  - 04/lianzheng/star/task_12.py (缺少类型注解)
  - 04/lianzheng/star/xj04_001.py (缺少类型注解)
  - 04/lianzheng/star/xj04_002.py (缺少类型注解)
  - 04/lianzheng/star/xj04_003.py (缺少类型注解)
  - 04/lianzheng/star/xj04_004.py (缺少类型注解)
  - 04/lianzheng/star/xj04_005.py (缺少类型注解)
  - 04/lianzheng/star/xj04_p1_001.py (缺少类型注解)
  - 04/lianzheng/star/xj04_p1_002.py (缺少类型注解)
  - 04/lianzheng/star/xj04_p1_003.py (缺少类型注解)
  - 04/lianzheng/star/xj04_p1_004.py (缺少类型注解)
  - 04/lianzheng/star/xj04_p1_005.py (缺少类型注解)
  - 04/lianzheng/star/xj04_p2_001.py (缺少类型注解)
  - 04/lianzheng/star/xj04_p2_002.py (缺少类型注解)
  - 05/wuqu/star/obj_05_001.py (缺少类型注解)
  - 05/wuqu/star/obj_05_002.py (缺少类型注解)
  - 05/wuqu/star/obj_05_003.py (缺少类型注解)
  - 05/wuqu/star/p2_05_011.py (缺少类型注解)
  - 05/wuqu/star/p2_05_012.py (缺少类型注解)
  - 05/wuqu/star/p3_05_009.py (缺少类型注解)
  - 05/wuqu/star/p3_05_010.py (缺少类型注解)
  - 05/wuqu/star/p4_05_009.py (缺少类型注解)
  - 05/wuqu/star/p4_05_010.py (缺少类型注解)
  - 05/wuqu/star/p5_05_009.py (缺少类型注解)
  - 05/wuqu/star/p5_05_010.py (缺少类型注解)
  - 05/wuqu/star/task_13.py (缺少类型注解)
  - 05/wuqu/star/xj05_001.py (缺少类型注解)
  - 05/wuqu/star/xj05_002.py (缺少类型注解)
  - 05/wuqu/star/xj05_003.py (缺少类型注解)
  - 05/wuqu/star/xj05_004.py (缺少类型注解)
  - 05/wuqu/star/xj05_005.py (缺少类型注解)
  - 05/wuqu/star/xj05_p1_001.py (缺少类型注解)
  - 05/wuqu/star/xj05_p1_002.py (缺少类型注解)
  - 05/wuqu/star/xj05_p1_003.py (缺少类型注解)
  - 05/wuqu/star/xj05_p1_004.py (缺少类型注解)
  - 05/wuqu/star/xj05_p1_005.py (缺少类型注解)
  - 05/wuqu/star/xj05_p2_001.py (缺少类型注解)
  - 05/wuqu/star/xj05_p2_002.py (缺少类型注解)
  - 06/pojun/star/obj_06_001.py (缺少类型注解)
  - 06/pojun/star/obj_06_002.py (缺少类型注解)
  - 06/pojun/star/obj_06_003.py (缺少类型注解)
  - 06/pojun/star/p2_06_013.py (缺少类型注解)
  - 06/pojun/star/p2_06_014.py (缺少类型注解)
  - 06/pojun/star/p3_06_011.py (缺少类型注解)
  - 06/pojun/star/p3_06_012.py (缺少类型注解)
  - 06/pojun/star/p4_06_011.py (缺少类型注解)
  - 06/pojun/star/p4_06_012.py (缺少类型注解)
  - 06/pojun/star/p5_06_011.py (缺少类型注解)
  - 06/pojun/star/p5_06_012.py (缺少类型注解)
  - 06/pojun/star/task_14.py (缺少类型注解)
  - 06/pojun/star/xj06_001.py (缺少类型注解)
  - 06/pojun/star/xj06_002.py (缺少类型注解)
  - 06/pojun/star/xj06_003.py (缺少类型注解)
  - 06/pojun/star/xj06_004.py (缺少类型注解)
  - 06/pojun/star/xj06_005.py (缺少类型注解)
  - 06/pojun/star/xj06_p1_001.py (缺少类型注解)
  - 06/pojun/star/xj06_p1_002.py (缺少类型注解)
  - 06/pojun/star/xj06_p1_003.py (缺少类型注解)
  - 06/pojun/star/xj06_p1_004.py (缺少类型注解)
  - 06/pojun/star/xj06_p1_005.py (缺少类型注解)
  - 06/pojun/star/xj06_p2_001.py (缺少类型注解)
  - 06/pojun/star/xj06_p2_002.py (缺少类型注解)
  - 07/zuofu/star/obj_07_001.py (缺少类型注解)
  - 07/zuofu/star/obj_07_002.py (缺少类型注解)
  - 07/zuofu/star/obj_07_003.py (缺少类型注解)
  - 07/zuofu/star/obj_07_004.py (缺少类型注解)
  - 07/zuofu/star/p2_07_015.py (缺少类型注解)
  - 07/zuofu/star/p2_07_016.py (缺少类型注解)
  - 07/zuofu/star/p3_07_013.py (缺少类型注解)
  - 07/zuofu/star/p3_07_014.py (缺少类型注解)
  - 07/zuofu/star/p4_07_013.py (缺少类型注解)
  - 07/zuofu/star/p4_07_014.py (缺少类型注解)
  - 07/zuofu/star/p5_07_013.py (缺少类型注解)
  - 07/zuofu/star/p5_07_014.py (缺少类型注解)
  - 07/zuofu/star/xj07_001.py (缺少类型注解)
  - 07/zuofu/star/xj07_002.py (缺少类型注解)
  - 07/zuofu/star/xj07_003.py (缺少类型注解)
  - 07/zuofu/star/xj07_004.py (缺少类型注解)
  - 07/zuofu/star/xj07_005.py (缺少类型注解)
  - 07/zuofu/star/xj07_p1_001.py (缺少类型注解)
  - 07/zuofu/star/xj07_p1_002.py (缺少类型注解)
  - 07/zuofu/star/xj07_p1_003.py (缺少类型注解)
  - 07/zuofu/star/xj07_p1_004.py (缺少类型注解)
  - 07/zuofu/star/xj07_p1_005.py (缺少类型注解)
  - 07/zuofu/star/xj07_p2_001.py (缺少类型注解)
  - 08/youbi/star/obj_08_001.py (缺少类型注解)
  - 08/youbi/star/obj_08_002.py (缺少类型注解)
  - 08/youbi/star/obj_08_003.py (缺少类型注解)
  - 08/youbi/star/p2_08_017.py (缺少类型注解)
  - 08/youbi/star/p2_08_018.py (缺少类型注解)
  - 08/youbi/star/p3_08_015.py (缺少类型注解)
  - 08/youbi/star/p3_08_016.py (缺少类型注解)
  - 08/youbi/star/p4_08_015.py (缺少类型注解)
  - 08/youbi/star/p4_08_016.py (缺少类型注解)
  - 08/youbi/star/p5_08_015.py (缺少类型注解)
  - 08/youbi/star/p5_08_016.py (缺少类型注解)
  - 08/youbi/star/task_15.py (缺少类型注解)
  - 08/youbi/star/task_16.py (缺少类型注解)
  - 08/youbi/star/task_17.py (缺少类型注解)
  - 08/youbi/star/xj08_001.py (缺少类型注解)
  - 08/youbi/star/xj08_003.py (缺少类型注解)
  - 08/youbi/star/xj08_004.py (缺少类型注解)
  - 08/youbi/star/xj08_p1_001.py (缺少类型注解)
  - 08/youbi/star/xj08_p1_003.py (缺少类型注解)
  - 08/youbi/star/xj08_p1_004.py (缺少类型注解)
  - 08/youbi/star/xj_p3_006.py (缺少类型注解)
  - 08/youbi/star/xj_p3_007.py (缺少类型注解)
  - 09/tanlang/star/obj_09_001.py (缺少类型注解)
  - 09/tanlang/star/obj_09_002.py (缺少类型注解)
  - 09/tanlang/star/obj_09_003.py (缺少类型注解)
  - 09/tanlang/star/p2_09_019.py (缺少类型注解)
  - 09/tanlang/star/p2_09_020.py (缺少类型注解)
  - 09/tanlang/star/p3_09_017.py (缺少类型注解)
  - 09/tanlang/star/p3_09_018.py (缺少类型注解)
  - 09/tanlang/star/p4_09_017.py (缺少类型注解)
  - 09/tanlang/star/p4_09_018.py (缺少类型注解)
  - 09/tanlang/star/p5_09_017.py (缺少类型注解)
  - 09/tanlang/star/p5_09_018.py (缺少类型注解)
  - 09/tanlang/star/task_18.py (缺少类型注解)
  - 09/tanlang/star/task_19.py (缺少类型注解)
  - 09/tanlang/star/task_20.py (缺少类型注解)
  - 09/tanlang/star/web_001.py (缺少类型注解)
  - 09/tanlang/star/web_002.py (缺少类型注解)
  - 09/tanlang/star/web_003.py (缺少类型注解)
  - 09/tanlang/star/web_004.py (缺少类型注解)
  - 09/tanlang/star/web_005.py (缺少类型注解)
  - 09/tanlang/star/xj09_001.py (缺少类型注解)
  - 09/tanlang/star/xj09_002.py (缺少类型注解)
  - 09/tanlang/star/xj09_003.py (缺少类型注解)
  - 09/tanlang/star/xj09_004.py (缺少类型注解)
  - 09/tanlang/star/xj09_005.py (缺少类型注解)
  - 09/tanlang/star/xj09_p1_001.py (缺少类型注解)
  - 09/tanlang/star/xj09_p1_002.py (缺少类型注解)
  - 09/tanlang/star/xj09_p1_003.py (缺少类型注解)
  - 09/tanlang/star/xj09_p1_004.py (缺少类型注解)
  - 09/tanlang/star/xj09_p1_005.py (缺少类型注解)
  - 10/fubi/star/doc_001.py (缺少类型注解)
  - 10/fubi/star/doc_002.py (缺少类型注解)
  - 10/fubi/star/doc_003.py (缺少类型注解)
  - 10/fubi/star/doc_004.py (缺少类型注解)
  - 10/fubi/star/doc_005.py (缺少类型注解)
  - 10/fubi/star/obj_10_001.py (缺少类型注解)
  - 10/fubi/star/obj_10_002.py (缺少类型注解)
  - 10/fubi/star/obj_10_003.py (缺少类型注解)
  - 10/fubi/star/p2_10_021.py (缺少类型注解)
  - 10/fubi/star/p2_10_022.py (缺少类型注解)
  - 10/fubi/star/p3_10_019.py (缺少类型注解)
  - 10/fubi/star/p3_10_020.py (缺少类型注解)
  - 10/fubi/star/p4_10_019.py (缺少类型注解)
  - 10/fubi/star/p4_10_020.py (缺少类型注解)
  - 10/fubi/star/p5_10_019.py (缺少类型注解)
  - 10/fubi/star/p5_10_020.py (缺少类型注解)
  - 10/fubi/star/xj10_001.py (缺少类型注解)
  - 10/fubi/star/xj10_002.py (缺少类型注解)
  - 10/fubi/star/xj10_003.py (缺少类型注解)
  - 10/fubi/star/xj10_004.py (缺少类型注解)
  - 10/fubi/star/xj10_005.py (缺少类型注解)
  - 10/fubi/star/xj10_p1_001.py (缺少类型注解)
  - 10/fubi/star/xj10_p1_002.py (缺少类型注解)
  - 10/fubi/star/xj10_p1_003.py (缺少类型注解)
  - 10/fubi/star/xj10_p1_004.py (缺少类型注解)
  - 10/fubi/star/xj10_p1_005.py (缺少类型注解)

=== 质检完成 ===
发现问题文件: 208 个
=== 张志远(002) 代码质检任务 ===
时间: Mon Mar 23 05:30:01 PM CST 2026

📊 代码统计:
  XJ-01: 40 文件, 1720 行
  XJ-02: 35 文件, 1330 行
  XJ-03: 25 文件, 925 行
  XJ-04: 25 文件, 650 行
  XJ-05: 24 文件, 624 行
  XJ-06: 24 文件, 624 行
  XJ-07: 23 文件, 598 行
  XJ-08: 24 文件, 658 行
  XJ-09: 29 文件, 754 行
  XJ-10: 26 文件, 676 行
  总计: 275 文件, 8559 行

📈 质量指标:
  文档覆盖率: 100.0%
  类型注解覆盖率: 37.1%

⚠️ 需要改进的文件:
  - 02/lucun/star/c_02_001.py (缺少类型注解)
  - 02/lucun/star/c_02_002.py (缺少类型注解)
  - 02/lucun/star/c_02_003.py (缺少类型注解)
  - 02/lucun/star/c_02_004.py (缺少类型注解)
  - 02/lucun/star/c_02_005.py (缺少类型注解)
  - 02/lucun/star/p2_02_004.py (缺少类型注解)
  - 02/lucun/star/p2_02_005.py (缺少类型注解)
  - 02/lucun/star/p2_02_006.py (缺少类型注解)
  - 02/lucun/star/p3_02_003.py (缺少类型注解)
  - 02/lucun/star/p3_02_004.py (缺少类型注解)
  - 02/lucun/star/p4_02_003.py (缺少类型注解)
  - 02/lucun/star/p4_02_004.py (缺少类型注解)
  - 02/lucun/star/p5_02_003.py (缺少类型注解)
  - 02/lucun/star/p5_02_004.py (缺少类型注解)
  - 02/lucun/star/task_01.py (缺少类型注解)
  - 02/lucun/star/task_02.py (缺少类型注解)
  - 02/lucun/star/task_03.py (缺少类型注解)
  - 02/lucun/star/task_04.py (缺少类型注解)
  - 02/lucun/star/task_05.py (缺少类型注解)
  - 02/lucun/star/task_06.py (缺少类型注解)
  - 02/lucun/star/task_07.py (缺少类型注解)
  - 02/lucun/star/task_08.py (缺少类型注解)
  - 02/lucun/star/task_9.py (缺少类型注解)
  - 02/lucun/star/xj02_001.py (缺少类型注解)
  - 02/lucun/star/xj02_002.py (缺少类型注解)
  - 02/lucun/star/xj02_003.py (缺少类型注解)
  - 02/lucun/star/xj02_004.py (缺少类型注解)
  - 02/lucun/star/xj02_p0_001.py (缺少类型注解)
  - 02/lucun/star/xj02_p0_002.py (缺少类型注解)
  - 02/lucun/star/xj02_p0_003.py (缺少类型注解)
  - 02/lucun/star/xj02_p1_001.py (缺少类型注解)
  - 02/lucun/star/xj02_p1_003.py (缺少类型注解)
  - 02/lucun/star/xj02_p2_001.py (缺少类型注解)
  - 02/lucun/star/xj02_p2_002.py (缺少类型注解)
  - 02/lucun/star/xj_p3_002.py (缺少类型注解)
  - 04/lianzheng/star/obj_04_001.py (缺少类型注解)
  - 04/lianzheng/star/obj_04_002.py (缺少类型注解)
  - 04/lianzheng/star/obj_04_003.py (缺少类型注解)
  - 04/lianzheng/star/p2_04_009.py (缺少类型注解)
  - 04/lianzheng/star/p2_04_010.py (缺少类型注解)
  - 04/lianzheng/star/p3_04_007.py (缺少类型注解)
  - 04/lianzheng/star/p3_04_008.py (缺少类型注解)
  - 04/lianzheng/star/p4_04_007.py (缺少类型注解)
  - 04/lianzheng/star/p4_04_008.py (缺少类型注解)
  - 04/lianzheng/star/p5_04_007.py (缺少类型注解)
  - 04/lianzheng/star/p5_04_008.py (缺少类型注解)
  - 04/lianzheng/star/task_11.py (缺少类型注解)
  - 04/lianzheng/star/task_12.py (缺少类型注解)
  - 04/lianzheng/star/xj04_001.py (缺少类型注解)
  - 04/lianzheng/star/xj04_002.py (缺少类型注解)
  - 04/lianzheng/star/xj04_003.py (缺少类型注解)
  - 04/lianzheng/star/xj04_004.py (缺少类型注解)
  - 04/lianzheng/star/xj04_005.py (缺少类型注解)
  - 04/lianzheng/star/xj04_p1_001.py (缺少类型注解)
  - 04/lianzheng/star/xj04_p1_002.py (缺少类型注解)
  - 04/lianzheng/star/xj04_p1_003.py (缺少类型注解)
  - 04/lianzheng/star/xj04_p1_004.py (缺少类型注解)
  - 04/lianzheng/star/xj04_p1_005.py (缺少类型注解)
  - 04/lianzheng/star/xj04_p2_001.py (缺少类型注解)
  - 04/lianzheng/star/xj04_p2_002.py (缺少类型注解)
  - 05/wuqu/star/obj_05_001.py (缺少类型注解)
  - 05/wuqu/star/obj_05_002.py (缺少类型注解)
  - 05/wuqu/star/obj_05_003.py (缺少类型注解)
  - 05/wuqu/star/p2_05_011.py (缺少类型注解)
  - 05/wuqu/star/p2_05_012.py (缺少类型注解)
  - 05/wuqu/star/p3_05_009.py (缺少类型注解)
  - 05/wuqu/star/p3_05_010.py (缺少类型注解)
  - 05/wuqu/star/p4_05_009.py (缺少类型注解)
  - 05/wuqu/star/p4_05_010.py (缺少类型注解)
  - 05/wuqu/star/p5_05_009.py (缺少类型注解)
  - 05/wuqu/star/p5_05_010.py (缺少类型注解)
  - 05/wuqu/star/task_13.py (缺少类型注解)
  - 05/wuqu/star/xj05_001.py (缺少类型注解)
  - 05/wuqu/star/xj05_002.py (缺少类型注解)
  - 05/wuqu/star/xj05_003.py (缺少类型注解)
  - 05/wuqu/star/xj05_004.py (缺少类型注解)
  - 05/wuqu/star/xj05_005.py (缺少类型注解)
  - 05/wuqu/star/xj05_p1_001.py (缺少类型注解)
  - 05/wuqu/star/xj05_p1_002.py (缺少类型注解)
  - 05/wuqu/star/xj05_p1_003.py (缺少类型注解)
  - 05/wuqu/star/xj05_p1_004.py (缺少类型注解)
  - 05/wuqu/star/xj05_p1_005.py (缺少类型注解)
  - 05/wuqu/star/xj05_p2_001.py (缺少类型注解)
  - 05/wuqu/star/xj05_p2_002.py (缺少类型注解)
  - 06/pojun/star/obj_06_001.py (缺少类型注解)
  - 06/pojun/star/obj_06_002.py (缺少类型注解)
  - 06/pojun/star/obj_06_003.py (缺少类型注解)
  - 06/pojun/star/p2_06_013.py (缺少类型注解)
  - 06/pojun/star/p2_06_014.py (缺少类型注解)
  - 06/pojun/star/p3_06_011.py (缺少类型注解)
  - 06/pojun/star/p3_06_012.py (缺少类型注解)
  - 06/pojun/star/p4_06_011.py (缺少类型注解)
  - 06/pojun/star/p4_06_012.py (缺少类型注解)
  - 06/pojun/star/p5_06_011.py (缺少类型注解)
  - 06/pojun/star/p5_06_012.py (缺少类型注解)
  - 06/pojun/star/task_14.py (缺少类型注解)
  - 06/pojun/star/xj06_001.py (缺少类型注解)
  - 06/pojun/star/xj06_002.py (缺少类型注解)
  - 06/pojun/star/xj06_003.py (缺少类型注解)
  - 06/pojun/star/xj06_004.py (缺少类型注解)
  - 06/pojun/star/xj06_005.py (缺少类型注解)
  - 06/pojun/star/xj06_p1_001.py (缺少类型注解)
  - 06/pojun/star/xj06_p1_002.py (缺少类型注解)
  - 06/pojun/star/xj06_p1_003.py (缺少类型注解)
  - 06/pojun/star/xj06_p1_004.py (缺少类型注解)
  - 06/pojun/star/xj06_p1_005.py (缺少类型注解)
  - 06/pojun/star/xj06_p2_001.py (缺少类型注解)
  - 06/pojun/star/xj06_p2_002.py (缺少类型注解)
  - 07/zuofu/star/obj_07_001.py (缺少类型注解)
  - 07/zuofu/star/obj_07_002.py (缺少类型注解)
  - 07/zuofu/star/obj_07_003.py (缺少类型注解)
  - 07/zuofu/star/obj_07_004.py (缺少类型注解)
  - 07/zuofu/star/p2_07_015.py (缺少类型注解)
  - 07/zuofu/star/p2_07_016.py (缺少类型注解)
  - 07/zuofu/star/p3_07_013.py (缺少类型注解)
  - 07/zuofu/star/p3_07_014.py (缺少类型注解)
  - 07/zuofu/star/p4_07_013.py (缺少类型注解)
  - 07/zuofu/star/p4_07_014.py (缺少类型注解)
  - 07/zuofu/star/p5_07_013.py (缺少类型注解)
  - 07/zuofu/star/p5_07_014.py (缺少类型注解)
  - 07/zuofu/star/xj07_001.py (缺少类型注解)
  - 07/zuofu/star/xj07_002.py (缺少类型注解)
  - 07/zuofu/star/xj07_003.py (缺少类型注解)
  - 07/zuofu/star/xj07_004.py (缺少类型注解)
  - 07/zuofu/star/xj07_005.py (缺少类型注解)
  - 07/zuofu/star/xj07_p1_001.py (缺少类型注解)
  - 07/zuofu/star/xj07_p1_002.py (缺少类型注解)
  - 07/zuofu/star/xj07_p1_003.py (缺少类型注解)
  - 07/zuofu/star/xj07_p1_004.py (缺少类型注解)
  - 07/zuofu/star/xj07_p1_005.py (缺少类型注解)
  - 07/zuofu/star/xj07_p2_001.py (缺少类型注解)
  - 08/youbi/star/obj_08_001.py (缺少类型注解)
  - 08/youbi/star/obj_08_002.py (缺少类型注解)
  - 08/youbi/star/obj_08_003.py (缺少类型注解)
  - 08/youbi/star/p2_08_017.py (缺少类型注解)
  - 08/youbi/star/p2_08_018.py (缺少类型注解)
  - 08/youbi/star/p3_08_015.py (缺少类型注解)
  - 08/youbi/star/p3_08_016.py (缺少类型注解)
  - 08/youbi/star/p4_08_015.py (缺少类型注解)
  - 08/youbi/star/p4_08_016.py (缺少类型注解)
  - 08/youbi/star/p5_08_015.py (缺少类型注解)
  - 08/youbi/star/p5_08_016.py (缺少类型注解)
  - 08/youbi/star/task_15.py (缺少类型注解)
  - 08/youbi/star/task_16.py (缺少类型注解)
  - 08/youbi/star/task_17.py (缺少类型注解)
  - 08/youbi/star/xj08_001.py (缺少类型注解)
  - 08/youbi/star/xj08_003.py (缺少类型注解)
  - 08/youbi/star/xj08_004.py (缺少类型注解)
  - 08/youbi/star/xj08_p1_001.py (缺少类型注解)
  - 08/youbi/star/xj08_p1_003.py (缺少类型注解)
  - 08/youbi/star/xj08_p1_004.py (缺少类型注解)
  - 08/youbi/star/xj_p3_006.py (缺少类型注解)
  - 08/youbi/star/xj_p3_007.py (缺少类型注解)
  - 09/tanlang/star/obj_09_001.py (缺少类型注解)
  - 09/tanlang/star/obj_09_002.py (缺少类型注解)
  - 09/tanlang/star/obj_09_003.py (缺少类型注解)
  - 09/tanlang/star/p2_09_019.py (缺少类型注解)
  - 09/tanlang/star/p2_09_020.py (缺少类型注解)
  - 09/tanlang/star/p3_09_017.py (缺少类型注解)
  - 09/tanlang/star/p3_09_018.py (缺少类型注解)
  - 09/tanlang/star/p4_09_017.py (缺少类型注解)
  - 09/tanlang/star/p4_09_018.py (缺少类型注解)
  - 09/tanlang/star/p5_09_017.py (缺少类型注解)
  - 09/tanlang/star/p5_09_018.py (缺少类型注解)
  - 09/tanlang/star/task_18.py (缺少类型注解)
  - 09/tanlang/star/task_19.py (缺少类型注解)
  - 09/tanlang/star/task_20.py (缺少类型注解)
  - 09/tanlang/star/web_001.py (缺少类型注解)
  - 09/tanlang/star/web_002.py (缺少类型注解)
  - 09/tanlang/star/web_003.py (缺少类型注解)
  - 09/tanlang/star/web_004.py (缺少类型注解)
  - 09/tanlang/star/web_005.py (缺少类型注解)
  - 09/tanlang/star/xj09_001.py (缺少类型注解)
  - 09/tanlang/star/xj09_002.py (缺少类型注解)
  - 09/tanlang/star/xj09_003.py (缺少类型注解)
  - 09/tanlang/star/xj09_004.py (缺少类型注解)
  - 09/tanlang/star/xj09_005.py (缺少类型注解)
  - 09/tanlang/star/xj09_p1_001.py (缺少类型注解)
  - 09/tanlang/star/xj09_p1_002.py (缺少类型注解)
  - 09/tanlang/star/xj09_p1_003.py (缺少类型注解)
  - 09/tanlang/star/xj09_p1_004.py (缺少类型注解)
  - 09/tanlang/star/xj09_p1_005.py (缺少类型注解)
  - 10/fubi/star/doc_001.py (缺少类型注解)
  - 10/fubi/star/doc_002.py (缺少类型注解)
  - 10/fubi/star/doc_003.py (缺少类型注解)
  - 10/fubi/star/doc_004.py (缺少类型注解)
  - 10/fubi/star/doc_005.py (缺少类型注解)
  - 10/fubi/star/obj_10_001.py (缺少类型注解)
  - 10/fubi/star/obj_10_002.py (缺少类型注解)
  - 10/fubi/star/obj_10_003.py (缺少类型注解)
  - 10/fubi/star/p2_10_021.py (缺少类型注解)
  - 10/fubi/star/p2_10_022.py (缺少类型注解)
  - 10/fubi/star/p3_10_019.py (缺少类型注解)
  - 10/fubi/star/p3_10_020.py (缺少类型注解)
  - 10/fubi/star/p4_10_019.py (缺少类型注解)
  - 10/fubi/star/p4_10_020.py (缺少类型注解)
  - 10/fubi/star/p5_10_019.py (缺少类型注解)
  - 10/fubi/star/p5_10_020.py (缺少类型注解)
  - 10/fubi/star/xj10_001.py (缺少类型注解)
  - 10/fubi/star/xj10_002.py (缺少类型注解)
  - 10/fubi/star/xj10_003.py (缺少类型注解)
  - 10/fubi/star/xj10_004.py (缺少类型注解)
  - 10/fubi/star/xj10_005.py (缺少类型注解)
  - 10/fubi/star/xj10_p1_001.py (缺少类型注解)
  - 10/fubi/star/xj10_p1_002.py (缺少类型注解)
  - 10/fubi/star/xj10_p1_003.py (缺少类型注解)
  - 10/fubi/star/xj10_p1_004.py (缺少类型注解)
  - 10/fubi/star/xj10_p1_005.py (缺少类型注解)

=== 质检完成 ===
发现问题文件: 208 个
=== 张志远(002) 代码质检任务 ===
时间: Mon Mar 23 06:00:01 PM CST 2026

📊 代码统计:
  XJ-01: 40 文件, 1720 行
  XJ-02: 35 文件, 1330 行
  XJ-03: 25 文件, 925 行
  XJ-04: 25 文件, 650 行
  XJ-05: 24 文件, 624 行
  XJ-06: 24 文件, 624 行
  XJ-07: 23 文件, 598 行
  XJ-08: 24 文件, 658 行
  XJ-09: 29 文件, 754 行
  XJ-10: 26 文件, 676 行
  总计: 275 文件, 8559 行

📈 质量指标:
  文档覆盖率: 100.0%
  类型注解覆盖率: 37.1%

⚠️ 需要改进的文件:
  - 02/lucun/star/c_02_001.py (缺少类型注解)
  - 02/lucun/star/c_02_002.py (缺少类型注解)
  - 02/lucun/star/c_02_003.py (缺少类型注解)
  - 02/lucun/star/c_02_004.py (缺少类型注解)
  - 02/lucun/star/c_02_005.py (缺少类型注解)
  - 02/lucun/star/p2_02_004.py (缺少类型注解)
  - 02/lucun/star/p2_02_005.py (缺少类型注解)
  - 02/lucun/star/p2_02_006.py (缺少类型注解)
  - 02/lucun/star/p3_02_003.py (缺少类型注解)
  - 02/lucun/star/p3_02_004.py (缺少类型注解)
  - 02/lucun/star/p4_02_003.py (缺少类型注解)
  - 02/lucun/star/p4_02_004.py (缺少类型注解)
  - 02/lucun/star/p5_02_003.py (缺少类型注解)
  - 02/lucun/star/p5_02_004.py (缺少类型注解)
  - 02/lucun/star/task_01.py (缺少类型注解)
  - 02/lucun/star/task_02.py (缺少类型注解)
  - 02/lucun/star/task_03.py (缺少类型注解)
  - 02/lucun/star/task_04.py (缺少类型注解)
  - 02/lucun/star/task_05.py (缺少类型注解)
  - 02/lucun/star/task_06.py (缺少类型注解)
  - 02/lucun/star/task_07.py (缺少类型注解)
  - 02/lucun/star/task_08.py (缺少类型注解)
  - 02/lucun/star/task_9.py (缺少类型注解)
  - 02/lucun/star/xj02_001.py (缺少类型注解)
  - 02/lucun/star/xj02_002.py (缺少类型注解)
  - 02/lucun/star/xj02_003.py (缺少类型注解)
  - 02/lucun/star/xj02_004.py (缺少类型注解)
  - 02/lucun/star/xj02_p0_001.py (缺少类型注解)
  - 02/lucun/star/xj02_p0_002.py (缺少类型注解)
  - 02/lucun/star/xj02_p0_003.py (缺少类型注解)
  - 02/lucun/star/xj02_p1_001.py (缺少类型注解)
  - 02/lucun/star/xj02_p1_003.py (缺少类型注解)
  - 02/lucun/star/xj02_p2_001.py (缺少类型注解)
  - 02/lucun/star/xj02_p2_002.py (缺少类型注解)
  - 02/lucun/star/xj_p3_002.py (缺少类型注解)
  - 04/lianzheng/star/obj_04_001.py (缺少类型注解)
  - 04/lianzheng/star/obj_04_002.py (缺少类型注解)
  - 04/lianzheng/star/obj_04_003.py (缺少类型注解)
  - 04/lianzheng/star/p2_04_009.py (缺少类型注解)
  - 04/lianzheng/star/p2_04_010.py (缺少类型注解)
  - 04/lianzheng/star/p3_04_007.py (缺少类型注解)
  - 04/lianzheng/star/p3_04_008.py (缺少类型注解)
  - 04/lianzheng/star/p4_04_007.py (缺少类型注解)
  - 04/lianzheng/star/p4_04_008.py (缺少类型注解)
  - 04/lianzheng/star/p5_04_007.py (缺少类型注解)
  - 04/lianzheng/star/p5_04_008.py (缺少类型注解)
  - 04/lianzheng/star/task_11.py (缺少类型注解)
  - 04/lianzheng/star/task_12.py (缺少类型注解)
  - 04/lianzheng/star/xj04_001.py (缺少类型注解)
  - 04/lianzheng/star/xj04_002.py (缺少类型注解)
  - 04/lianzheng/star/xj04_003.py (缺少类型注解)
  - 04/lianzheng/star/xj04_004.py (缺少类型注解)
  - 04/lianzheng/star/xj04_005.py (缺少类型注解)
  - 04/lianzheng/star/xj04_p1_001.py (缺少类型注解)
  - 04/lianzheng/star/xj04_p1_002.py (缺少类型注解)
  - 04/lianzheng/star/xj04_p1_003.py (缺少类型注解)
  - 04/lianzheng/star/xj04_p1_004.py (缺少类型注解)
  - 04/lianzheng/star/xj04_p1_005.py (缺少类型注解)
  - 04/lianzheng/star/xj04_p2_001.py (缺少类型注解)
  - 04/lianzheng/star/xj04_p2_002.py (缺少类型注解)
  - 05/wuqu/star/obj_05_001.py (缺少类型注解)
  - 05/wuqu/star/obj_05_002.py (缺少类型注解)
  - 05/wuqu/star/obj_05_003.py (缺少类型注解)
  - 05/wuqu/star/p2_05_011.py (缺少类型注解)
  - 05/wuqu/star/p2_05_012.py (缺少类型注解)
  - 05/wuqu/star/p3_05_009.py (缺少类型注解)
  - 05/wuqu/star/p3_05_010.py (缺少类型注解)
  - 05/wuqu/star/p4_05_009.py (缺少类型注解)
  - 05/wuqu/star/p4_05_010.py (缺少类型注解)
  - 05/wuqu/star/p5_05_009.py (缺少类型注解)
  - 05/wuqu/star/p5_05_010.py (缺少类型注解)
  - 05/wuqu/star/task_13.py (缺少类型注解)
  - 05/wuqu/star/xj05_001.py (缺少类型注解)
  - 05/wuqu/star/xj05_002.py (缺少类型注解)
  - 05/wuqu/star/xj05_003.py (缺少类型注解)
  - 05/wuqu/star/xj05_004.py (缺少类型注解)
  - 05/wuqu/star/xj05_005.py (缺少类型注解)
  - 05/wuqu/star/xj05_p1_001.py (缺少类型注解)
  - 05/wuqu/star/xj05_p1_002.py (缺少类型注解)
  - 05/wuqu/star/xj05_p1_003.py (缺少类型注解)
  - 05/wuqu/star/xj05_p1_004.py (缺少类型注解)
  - 05/wuqu/star/xj05_p1_005.py (缺少类型注解)
  - 05/wuqu/star/xj05_p2_001.py (缺少类型注解)
  - 05/wuqu/star/xj05_p2_002.py (缺少类型注解)
  - 06/pojun/star/obj_06_001.py (缺少类型注解)
  - 06/pojun/star/obj_06_002.py (缺少类型注解)
  - 06/pojun/star/obj_06_003.py (缺少类型注解)
  - 06/pojun/star/p2_06_013.py (缺少类型注解)
  - 06/pojun/star/p2_06_014.py (缺少类型注解)
  - 06/pojun/star/p3_06_011.py (缺少类型注解)
  - 06/pojun/star/p3_06_012.py (缺少类型注解)
  - 06/pojun/star/p4_06_011.py (缺少类型注解)
  - 06/pojun/star/p4_06_012.py (缺少类型注解)
  - 06/pojun/star/p5_06_011.py (缺少类型注解)
  - 06/pojun/star/p5_06_012.py (缺少类型注解)
  - 06/pojun/star/task_14.py (缺少类型注解)
  - 06/pojun/star/xj06_001.py (缺少类型注解)
  - 06/pojun/star/xj06_002.py (缺少类型注解)
  - 06/pojun/star/xj06_003.py (缺少类型注解)
  - 06/pojun/star/xj06_004.py (缺少类型注解)
  - 06/pojun/star/xj06_005.py (缺少类型注解)
  - 06/pojun/star/xj06_p1_001.py (缺少类型注解)
  - 06/pojun/star/xj06_p1_002.py (缺少类型注解)
  - 06/pojun/star/xj06_p1_003.py (缺少类型注解)
  - 06/pojun/star/xj06_p1_004.py (缺少类型注解)
  - 06/pojun/star/xj06_p1_005.py (缺少类型注解)
  - 06/pojun/star/xj06_p2_001.py (缺少类型注解)
  - 06/pojun/star/xj06_p2_002.py (缺少类型注解)
  - 07/zuofu/star/obj_07_001.py (缺少类型注解)
  - 07/zuofu/star/obj_07_002.py (缺少类型注解)
  - 07/zuofu/star/obj_07_003.py (缺少类型注解)
  - 07/zuofu/star/obj_07_004.py (缺少类型注解)
  - 07/zuofu/star/p2_07_015.py (缺少类型注解)
  - 07/zuofu/star/p2_07_016.py (缺少类型注解)
  - 07/zuofu/star/p3_07_013.py (缺少类型注解)
  - 07/zuofu/star/p3_07_014.py (缺少类型注解)
  - 07/zuofu/star/p4_07_013.py (缺少类型注解)
  - 07/zuofu/star/p4_07_014.py (缺少类型注解)
  - 07/zuofu/star/p5_07_013.py (缺少类型注解)
  - 07/zuofu/star/p5_07_014.py (缺少类型注解)
  - 07/zuofu/star/xj07_001.py (缺少类型注解)
  - 07/zuofu/star/xj07_002.py (缺少类型注解)
  - 07/zuofu/star/xj07_003.py (缺少类型注解)
  - 07/zuofu/star/xj07_004.py (缺少类型注解)
  - 07/zuofu/star/xj07_005.py (缺少类型注解)
  - 07/zuofu/star/xj07_p1_001.py (缺少类型注解)
  - 07/zuofu/star/xj07_p1_002.py (缺少类型注解)
  - 07/zuofu/star/xj07_p1_003.py (缺少类型注解)
  - 07/zuofu/star/xj07_p1_004.py (缺少类型注解)
  - 07/zuofu/star/xj07_p1_005.py (缺少类型注解)
  - 07/zuofu/star/xj07_p2_001.py (缺少类型注解)
  - 08/youbi/star/obj_08_001.py (缺少类型注解)
  - 08/youbi/star/obj_08_002.py (缺少类型注解)
  - 08/youbi/star/obj_08_003.py (缺少类型注解)
  - 08/youbi/star/p2_08_017.py (缺少类型注解)
  - 08/youbi/star/p2_08_018.py (缺少类型注解)
  - 08/youbi/star/p3_08_015.py (缺少类型注解)
  - 08/youbi/star/p3_08_016.py (缺少类型注解)
  - 08/youbi/star/p4_08_015.py (缺少类型注解)
  - 08/youbi/star/p4_08_016.py (缺少类型注解)
  - 08/youbi/star/p5_08_015.py (缺少类型注解)
  - 08/youbi/star/p5_08_016.py (缺少类型注解)
  - 08/youbi/star/task_15.py (缺少类型注解)
  - 08/youbi/star/task_16.py (缺少类型注解)
  - 08/youbi/star/task_17.py (缺少类型注解)
  - 08/youbi/star/xj08_001.py (缺少类型注解)
  - 08/youbi/star/xj08_003.py (缺少类型注解)
  - 08/youbi/star/xj08_004.py (缺少类型注解)
  - 08/youbi/star/xj08_p1_001.py (缺少类型注解)
  - 08/youbi/star/xj08_p1_003.py (缺少类型注解)
  - 08/youbi/star/xj08_p1_004.py (缺少类型注解)
  - 08/youbi/star/xj_p3_006.py (缺少类型注解)
  - 08/youbi/star/xj_p3_007.py (缺少类型注解)
  - 09/tanlang/star/obj_09_001.py (缺少类型注解)
  - 09/tanlang/star/obj_09_002.py (缺少类型注解)
  - 09/tanlang/star/obj_09_003.py (缺少类型注解)
  - 09/tanlang/star/p2_09_019.py (缺少类型注解)
  - 09/tanlang/star/p2_09_020.py (缺少类型注解)
  - 09/tanlang/star/p3_09_017.py (缺少类型注解)
  - 09/tanlang/star/p3_09_018.py (缺少类型注解)
  - 09/tanlang/star/p4_09_017.py (缺少类型注解)
  - 09/tanlang/star/p4_09_018.py (缺少类型注解)
  - 09/tanlang/star/p5_09_017.py (缺少类型注解)
  - 09/tanlang/star/p5_09_018.py (缺少类型注解)
  - 09/tanlang/star/task_18.py (缺少类型注解)
  - 09/tanlang/star/task_19.py (缺少类型注解)
  - 09/tanlang/star/task_20.py (缺少类型注解)
  - 09/tanlang/star/web_001.py (缺少类型注解)
  - 09/tanlang/star/web_002.py (缺少类型注解)
  - 09/tanlang/star/web_003.py (缺少类型注解)
  - 09/tanlang/star/web_004.py (缺少类型注解)
  - 09/tanlang/star/web_005.py (缺少类型注解)
  - 09/tanlang/star/xj09_001.py (缺少类型注解)
  - 09/tanlang/star/xj09_002.py (缺少类型注解)
  - 09/tanlang/star/xj09_003.py (缺少类型注解)
  - 09/tanlang/star/xj09_004.py (缺少类型注解)
  - 09/tanlang/star/xj09_005.py (缺少类型注解)
  - 09/tanlang/star/xj09_p1_001.py (缺少类型注解)
  - 09/tanlang/star/xj09_p1_002.py (缺少类型注解)
  - 09/tanlang/star/xj09_p1_003.py (缺少类型注解)
  - 09/tanlang/star/xj09_p1_004.py (缺少类型注解)
  - 09/tanlang/star/xj09_p1_005.py (缺少类型注解)
  - 10/fubi/star/doc_001.py (缺少类型注解)
  - 10/fubi/star/doc_002.py (缺少类型注解)
  - 10/fubi/star/doc_003.py (缺少类型注解)
  - 10/fubi/star/doc_004.py (缺少类型注解)
  - 10/fubi/star/doc_005.py (缺少类型注解)
  - 10/fubi/star/obj_10_001.py (缺少类型注解)
  - 10/fubi/star/obj_10_002.py (缺少类型注解)
  - 10/fubi/star/obj_10_003.py (缺少类型注解)
  - 10/fubi/star/p2_10_021.py (缺少类型注解)
  - 10/fubi/star/p2_10_022.py (缺少类型注解)
  - 10/fubi/star/p3_10_019.py (缺少类型注解)
  - 10/fubi/star/p3_10_020.py (缺少类型注解)
  - 10/fubi/star/p4_10_019.py (缺少类型注解)
  - 10/fubi/star/p4_10_020.py (缺少类型注解)
  - 10/fubi/star/p5_10_019.py (缺少类型注解)
  - 10/fubi/star/p5_10_020.py (缺少类型注解)
  - 10/fubi/star/xj10_001.py (缺少类型注解)
  - 10/fubi/star/xj10_002.py (缺少类型注解)
  - 10/fubi/star/xj10_003.py (缺少类型注解)
  - 10/fubi/star/xj10_004.py (缺少类型注解)
  - 10/fubi/star/xj10_005.py (缺少类型注解)
  - 10/fubi/star/xj10_p1_001.py (缺少类型注解)
  - 10/fubi/star/xj10_p1_002.py (缺少类型注解)
  - 10/fubi/star/xj10_p1_003.py (缺少类型注解)
  - 10/fubi/star/xj10_p1_004.py (缺少类型注解)
  - 10/fubi/star/xj10_p1_005.py (缺少类型注解)

=== 质检完成 ===
发现问题文件: 208 个
=== 张志远(002) 代码质检任务 ===
时间: Mon Mar 23 06:30:01 PM CST 2026

📊 代码统计:
  XJ-01: 40 文件, 1720 行
  XJ-02: 35 文件, 1330 行
  XJ-03: 25 文件, 925 行
  XJ-04: 25 文件, 650 行
  XJ-05: 24 文件, 624 行
  XJ-06: 24 文件, 624 行
  XJ-07: 23 文件, 598 行
  XJ-08: 24 文件, 658 行
  XJ-09: 29 文件, 754 行
  XJ-10: 26 文件, 676 行
  总计: 275 文件, 8559 行

📈 质量指标:
  文档覆盖率: 100.0%
  类型注解覆盖率: 37.1%

⚠️ 需要改进的文件:
  - 02/lucun/star/c_02_001.py (缺少类型注解)
  - 02/lucun/star/c_02_002.py (缺少类型注解)
  - 02/lucun/star/c_02_003.py (缺少类型注解)
  - 02/lucun/star/c_02_004.py (缺少类型注解)
  - 02/lucun/star/c_02_005.py (缺少类型注解)
  - 02/lucun/star/p2_02_004.py (缺少类型注解)
  - 02/lucun/star/p2_02_005.py (缺少类型注解)
  - 02/lucun/star/p2_02_006.py (缺少类型注解)
  - 02/lucun/star/p3_02_003.py (缺少类型注解)
  - 02/lucun/star/p3_02_004.py (缺少类型注解)
  - 02/lucun/star/p4_02_003.py (缺少类型注解)
  - 02/lucun/star/p4_02_004.py (缺少类型注解)
  - 02/lucun/star/p5_02_003.py (缺少类型注解)
  - 02/lucun/star/p5_02_004.py (缺少类型注解)
  - 02/lucun/star/task_01.py (缺少类型注解)
  - 02/lucun/star/task_02.py (缺少类型注解)
  - 02/lucun/star/task_03.py (缺少类型注解)
  - 02/lucun/star/task_04.py (缺少类型注解)
  - 02/lucun/star/task_05.py (缺少类型注解)
  - 02/lucun/star/task_06.py (缺少类型注解)
  - 02/lucun/star/task_07.py (缺少类型注解)
  - 02/lucun/star/task_08.py (缺少类型注解)
  - 02/lucun/star/task_9.py (缺少类型注解)
  - 02/lucun/star/xj02_001.py (缺少类型注解)
  - 02/lucun/star/xj02_002.py (缺少类型注解)
  - 02/lucun/star/xj02_003.py (缺少类型注解)
  - 02/lucun/star/xj02_004.py (缺少类型注解)
  - 02/lucun/star/xj02_p0_001.py (缺少类型注解)
  - 02/lucun/star/xj02_p0_002.py (缺少类型注解)
  - 02/lucun/star/xj02_p0_003.py (缺少类型注解)
  - 02/lucun/star/xj02_p1_001.py (缺少类型注解)
  - 02/lucun/star/xj02_p1_003.py (缺少类型注解)
  - 02/lucun/star/xj02_p2_001.py (缺少类型注解)
  - 02/lucun/star/xj02_p2_002.py (缺少类型注解)
  - 02/lucun/star/xj_p3_002.py (缺少类型注解)
  - 04/lianzheng/star/obj_04_001.py (缺少类型注解)
  - 04/lianzheng/star/obj_04_002.py (缺少类型注解)
  - 04/lianzheng/star/obj_04_003.py (缺少类型注解)
  - 04/lianzheng/star/p2_04_009.py (缺少类型注解)
  - 04/lianzheng/star/p2_04_010.py (缺少类型注解)
  - 04/lianzheng/star/p3_04_007.py (缺少类型注解)
  - 04/lianzheng/star/p3_04_008.py (缺少类型注解)
  - 04/lianzheng/star/p4_04_007.py (缺少类型注解)
  - 04/lianzheng/star/p4_04_008.py (缺少类型注解)
  - 04/lianzheng/star/p5_04_007.py (缺少类型注解)
  - 04/lianzheng/star/p5_04_008.py (缺少类型注解)
  - 04/lianzheng/star/task_11.py (缺少类型注解)
  - 04/lianzheng/star/task_12.py (缺少类型注解)
  - 04/lianzheng/star/xj04_001.py (缺少类型注解)
  - 04/lianzheng/star/xj04_002.py (缺少类型注解)
  - 04/lianzheng/star/xj04_003.py (缺少类型注解)
  - 04/lianzheng/star/xj04_004.py (缺少类型注解)
  - 04/lianzheng/star/xj04_005.py (缺少类型注解)
  - 04/lianzheng/star/xj04_p1_001.py (缺少类型注解)
  - 04/lianzheng/star/xj04_p1_002.py (缺少类型注解)
  - 04/lianzheng/star/xj04_p1_003.py (缺少类型注解)
  - 04/lianzheng/star/xj04_p1_004.py (缺少类型注解)
  - 04/lianzheng/star/xj04_p1_005.py (缺少类型注解)
  - 04/lianzheng/star/xj04_p2_001.py (缺少类型注解)
  - 04/lianzheng/star/xj04_p2_002.py (缺少类型注解)
  - 05/wuqu/star/obj_05_001.py (缺少类型注解)
  - 05/wuqu/star/obj_05_002.py (缺少类型注解)
  - 05/wuqu/star/obj_05_003.py (缺少类型注解)
  - 05/wuqu/star/p2_05_011.py (缺少类型注解)
  - 05/wuqu/star/p2_05_012.py (缺少类型注解)
  - 05/wuqu/star/p3_05_009.py (缺少类型注解)
  - 05/wuqu/star/p3_05_010.py (缺少类型注解)
  - 05/wuqu/star/p4_05_009.py (缺少类型注解)
  - 05/wuqu/star/p4_05_010.py (缺少类型注解)
  - 05/wuqu/star/p5_05_009.py (缺少类型注解)
  - 05/wuqu/star/p5_05_010.py (缺少类型注解)
  - 05/wuqu/star/task_13.py (缺少类型注解)
  - 05/wuqu/star/xj05_001.py (缺少类型注解)
  - 05/wuqu/star/xj05_002.py (缺少类型注解)
  - 05/wuqu/star/xj05_003.py (缺少类型注解)
  - 05/wuqu/star/xj05_004.py (缺少类型注解)
  - 05/wuqu/star/xj05_005.py (缺少类型注解)
  - 05/wuqu/star/xj05_p1_001.py (缺少类型注解)
  - 05/wuqu/star/xj05_p1_002.py (缺少类型注解)
  - 05/wuqu/star/xj05_p1_003.py (缺少类型注解)
  - 05/wuqu/star/xj05_p1_004.py (缺少类型注解)
  - 05/wuqu/star/xj05_p1_005.py (缺少类型注解)
  - 05/wuqu/star/xj05_p2_001.py (缺少类型注解)
  - 05/wuqu/star/xj05_p2_002.py (缺少类型注解)
  - 06/pojun/star/obj_06_001.py (缺少类型注解)
  - 06/pojun/star/obj_06_002.py (缺少类型注解)
  - 06/pojun/star/obj_06_003.py (缺少类型注解)
  - 06/pojun/star/p2_06_013.py (缺少类型注解)
  - 06/pojun/star/p2_06_014.py (缺少类型注解)
  - 06/pojun/star/p3_06_011.py (缺少类型注解)
  - 06/pojun/star/p3_06_012.py (缺少类型注解)
  - 06/pojun/star/p4_06_011.py (缺少类型注解)
  - 06/pojun/star/p4_06_012.py (缺少类型注解)
  - 06/pojun/star/p5_06_011.py (缺少类型注解)
  - 06/pojun/star/p5_06_012.py (缺少类型注解)
  - 06/pojun/star/task_14.py (缺少类型注解)
  - 06/pojun/star/xj06_001.py (缺少类型注解)
  - 06/pojun/star/xj06_002.py (缺少类型注解)
  - 06/pojun/star/xj06_003.py (缺少类型注解)
  - 06/pojun/star/xj06_004.py (缺少类型注解)
  - 06/pojun/star/xj06_005.py (缺少类型注解)
  - 06/pojun/star/xj06_p1_001.py (缺少类型注解)
  - 06/pojun/star/xj06_p1_002.py (缺少类型注解)
  - 06/pojun/star/xj06_p1_003.py (缺少类型注解)
  - 06/pojun/star/xj06_p1_004.py (缺少类型注解)
  - 06/pojun/star/xj06_p1_005.py (缺少类型注解)
  - 06/pojun/star/xj06_p2_001.py (缺少类型注解)
  - 06/pojun/star/xj06_p2_002.py (缺少类型注解)
  - 07/zuofu/star/obj_07_001.py (缺少类型注解)
  - 07/zuofu/star/obj_07_002.py (缺少类型注解)
  - 07/zuofu/star/obj_07_003.py (缺少类型注解)
  - 07/zuofu/star/obj_07_004.py (缺少类型注解)
  - 07/zuofu/star/p2_07_015.py (缺少类型注解)
  - 07/zuofu/star/p2_07_016.py (缺少类型注解)
  - 07/zuofu/star/p3_07_013.py (缺少类型注解)
  - 07/zuofu/star/p3_07_014.py (缺少类型注解)
  - 07/zuofu/star/p4_07_013.py (缺少类型注解)
  - 07/zuofu/star/p4_07_014.py (缺少类型注解)
  - 07/zuofu/star/p5_07_013.py (缺少类型注解)
  - 07/zuofu/star/p5_07_014.py (缺少类型注解)
  - 07/zuofu/star/xj07_001.py (缺少类型注解)
  - 07/zuofu/star/xj07_002.py (缺少类型注解)
  - 07/zuofu/star/xj07_003.py (缺少类型注解)
  - 07/zuofu/star/xj07_004.py (缺少类型注解)
  - 07/zuofu/star/xj07_005.py (缺少类型注解)
  - 07/zuofu/star/xj07_p1_001.py (缺少类型注解)
  - 07/zuofu/star/xj07_p1_002.py (缺少类型注解)
  - 07/zuofu/star/xj07_p1_003.py (缺少类型注解)
  - 07/zuofu/star/xj07_p1_004.py (缺少类型注解)
  - 07/zuofu/star/xj07_p1_005.py (缺少类型注解)
  - 07/zuofu/star/xj07_p2_001.py (缺少类型注解)
  - 08/youbi/star/obj_08_001.py (缺少类型注解)
  - 08/youbi/star/obj_08_002.py (缺少类型注解)
  - 08/youbi/star/obj_08_003.py (缺少类型注解)
  - 08/youbi/star/p2_08_017.py (缺少类型注解)
  - 08/youbi/star/p2_08_018.py (缺少类型注解)
  - 08/youbi/star/p3_08_015.py (缺少类型注解)
  - 08/youbi/star/p3_08_016.py (缺少类型注解)
  - 08/youbi/star/p4_08_015.py (缺少类型注解)
  - 08/youbi/star/p4_08_016.py (缺少类型注解)
  - 08/youbi/star/p5_08_015.py (缺少类型注解)
  - 08/youbi/star/p5_08_016.py (缺少类型注解)
  - 08/youbi/star/task_15.py (缺少类型注解)
  - 08/youbi/star/task_16.py (缺少类型注解)
  - 08/youbi/star/task_17.py (缺少类型注解)
  - 08/youbi/star/xj08_001.py (缺少类型注解)
  - 08/youbi/star/xj08_003.py (缺少类型注解)
  - 08/youbi/star/xj08_004.py (缺少类型注解)
  - 08/youbi/star/xj08_p1_001.py (缺少类型注解)
  - 08/youbi/star/xj08_p1_003.py (缺少类型注解)
  - 08/youbi/star/xj08_p1_004.py (缺少类型注解)
  - 08/youbi/star/xj_p3_006.py (缺少类型注解)
  - 08/youbi/star/xj_p3_007.py (缺少类型注解)
  - 09/tanlang/star/obj_09_001.py (缺少类型注解)
  - 09/tanlang/star/obj_09_002.py (缺少类型注解)
  - 09/tanlang/star/obj_09_003.py (缺少类型注解)
  - 09/tanlang/star/p2_09_019.py (缺少类型注解)
  - 09/tanlang/star/p2_09_020.py (缺少类型注解)
  - 09/tanlang/star/p3_09_017.py (缺少类型注解)
  - 09/tanlang/star/p3_09_018.py (缺少类型注解)
  - 09/tanlang/star/p4_09_017.py (缺少类型注解)
  - 09/tanlang/star/p4_09_018.py (缺少类型注解)
  - 09/tanlang/star/p5_09_017.py (缺少类型注解)
  - 09/tanlang/star/p5_09_018.py (缺少类型注解)
  - 09/tanlang/star/task_18.py (缺少类型注解)
  - 09/tanlang/star/task_19.py (缺少类型注解)
  - 09/tanlang/star/task_20.py (缺少类型注解)
  - 09/tanlang/star/web_001.py (缺少类型注解)
  - 09/tanlang/star/web_002.py (缺少类型注解)
  - 09/tanlang/star/web_003.py (缺少类型注解)
  - 09/tanlang/star/web_004.py (缺少类型注解)
  - 09/tanlang/star/web_005.py (缺少类型注解)
  - 09/tanlang/star/xj09_001.py (缺少类型注解)
  - 09/tanlang/star/xj09_002.py (缺少类型注解)
  - 09/tanlang/star/xj09_003.py (缺少类型注解)
  - 09/tanlang/star/xj09_004.py (缺少类型注解)
  - 09/tanlang/star/xj09_005.py (缺少类型注解)
  - 09/tanlang/star/xj09_p1_001.py (缺少类型注解)
  - 09/tanlang/star/xj09_p1_002.py (缺少类型注解)
  - 09/tanlang/star/xj09_p1_003.py (缺少类型注解)
  - 09/tanlang/star/xj09_p1_004.py (缺少类型注解)
  - 09/tanlang/star/xj09_p1_005.py (缺少类型注解)
  - 10/fubi/star/doc_001.py (缺少类型注解)
  - 10/fubi/star/doc_002.py (缺少类型注解)
  - 10/fubi/star/doc_003.py (缺少类型注解)
  - 10/fubi/star/doc_004.py (缺少类型注解)
  - 10/fubi/star/doc_005.py (缺少类型注解)
  - 10/fubi/star/obj_10_001.py (缺少类型注解)
  - 10/fubi/star/obj_10_002.py (缺少类型注解)
  - 10/fubi/star/obj_10_003.py (缺少类型注解)
  - 10/fubi/star/p2_10_021.py (缺少类型注解)
  - 10/fubi/star/p2_10_022.py (缺少类型注解)
  - 10/fubi/star/p3_10_019.py (缺少类型注解)
  - 10/fubi/star/p3_10_020.py (缺少类型注解)
  - 10/fubi/star/p4_10_019.py (缺少类型注解)
  - 10/fubi/star/p4_10_020.py (缺少类型注解)
  - 10/fubi/star/p5_10_019.py (缺少类型注解)
  - 10/fubi/star/p5_10_020.py (缺少类型注解)
  - 10/fubi/star/xj10_001.py (缺少类型注解)
  - 10/fubi/star/xj10_002.py (缺少类型注解)
  - 10/fubi/star/xj10_003.py (缺少类型注解)
  - 10/fubi/star/xj10_004.py (缺少类型注解)
  - 10/fubi/star/xj10_005.py (缺少类型注解)
  - 10/fubi/star/xj10_p1_001.py (缺少类型注解)
  - 10/fubi/star/xj10_p1_002.py (缺少类型注解)
  - 10/fubi/star/xj10_p1_003.py (缺少类型注解)
  - 10/fubi/star/xj10_p1_004.py (缺少类型注解)
  - 10/fubi/star/xj10_p1_005.py (缺少类型注解)

=== 质检完成 ===
发现问题文件: 208 个
=== 张志远(002) 代码质检任务 ===
时间: Mon Mar 23 07:00:01 PM CST 2026

📊 代码统计:
  XJ-01: 40 文件, 1720 行
  XJ-02: 35 文件, 1330 行
  XJ-03: 25 文件, 925 行
  XJ-04: 25 文件, 650 行
  XJ-05: 24 文件, 624 行
  XJ-06: 24 文件, 624 行
  XJ-07: 23 文件, 598 行
  XJ-08: 24 文件, 658 行
  XJ-09: 29 文件, 754 行
  XJ-10: 26 文件, 676 行
  总计: 275 文件, 8559 行

📈 质量指标:
  文档覆盖率: 100.0%
  类型注解覆盖率: 37.1%

⚠️ 需要改进的文件:
  - 02/lucun/star/c_02_001.py (缺少类型注解)
  - 02/lucun/star/c_02_002.py (缺少类型注解)
  - 02/lucun/star/c_02_003.py (缺少类型注解)
  - 02/lucun/star/c_02_004.py (缺少类型注解)
  - 02/lucun/star/c_02_005.py (缺少类型注解)
  - 02/lucun/star/p2_02_004.py (缺少类型注解)
  - 02/lucun/star/p2_02_005.py (缺少类型注解)
  - 02/lucun/star/p2_02_006.py (缺少类型注解)
  - 02/lucun/star/p3_02_003.py (缺少类型注解)
  - 02/lucun/star/p3_02_004.py (缺少类型注解)
  - 02/lucun/star/p4_02_003.py (缺少类型注解)
  - 02/lucun/star/p4_02_004.py (缺少类型注解)
  - 02/lucun/star/p5_02_003.py (缺少类型注解)
  - 02/lucun/star/p5_02_004.py (缺少类型注解)
  - 02/lucun/star/task_01.py (缺少类型注解)
  - 02/lucun/star/task_02.py (缺少类型注解)
  - 02/lucun/star/task_03.py (缺少类型注解)
  - 02/lucun/star/task_04.py (缺少类型注解)
  - 02/lucun/star/task_05.py (缺少类型注解)
  - 02/lucun/star/task_06.py (缺少类型注解)
  - 02/lucun/star/task_07.py (缺少类型注解)
  - 02/lucun/star/task_08.py (缺少类型注解)
  - 02/lucun/star/task_9.py (缺少类型注解)
  - 02/lucun/star/xj02_001.py (缺少类型注解)
  - 02/lucun/star/xj02_002.py (缺少类型注解)
  - 02/lucun/star/xj02_003.py (缺少类型注解)
  - 02/lucun/star/xj02_004.py (缺少类型注解)
  - 02/lucun/star/xj02_p0_001.py (缺少类型注解)
  - 02/lucun/star/xj02_p0_002.py (缺少类型注解)
  - 02/lucun/star/xj02_p0_003.py (缺少类型注解)
  - 02/lucun/star/xj02_p1_001.py (缺少类型注解)
  - 02/lucun/star/xj02_p1_003.py (缺少类型注解)
  - 02/lucun/star/xj02_p2_001.py (缺少类型注解)
  - 02/lucun/star/xj02_p2_002.py (缺少类型注解)
  - 02/lucun/star/xj_p3_002.py (缺少类型注解)
  - 04/lianzheng/star/obj_04_001.py (缺少类型注解)
  - 04/lianzheng/star/obj_04_002.py (缺少类型注解)
  - 04/lianzheng/star/obj_04_003.py (缺少类型注解)
  - 04/lianzheng/star/p2_04_009.py (缺少类型注解)
  - 04/lianzheng/star/p2_04_010.py (缺少类型注解)
  - 04/lianzheng/star/p3_04_007.py (缺少类型注解)
  - 04/lianzheng/star/p3_04_008.py (缺少类型注解)
  - 04/lianzheng/star/p4_04_007.py (缺少类型注解)
  - 04/lianzheng/star/p4_04_008.py (缺少类型注解)
  - 04/lianzheng/star/p5_04_007.py (缺少类型注解)
  - 04/lianzheng/star/p5_04_008.py (缺少类型注解)
  - 04/lianzheng/star/task_11.py (缺少类型注解)
  - 04/lianzheng/star/task_12.py (缺少类型注解)
  - 04/lianzheng/star/xj04_001.py (缺少类型注解)
  - 04/lianzheng/star/xj04_002.py (缺少类型注解)
  - 04/lianzheng/star/xj04_003.py (缺少类型注解)
  - 04/lianzheng/star/xj04_004.py (缺少类型注解)
  - 04/lianzheng/star/xj04_005.py (缺少类型注解)
  - 04/lianzheng/star/xj04_p1_001.py (缺少类型注解)
  - 04/lianzheng/star/xj04_p1_002.py (缺少类型注解)
  - 04/lianzheng/star/xj04_p1_003.py (缺少类型注解)
  - 04/lianzheng/star/xj04_p1_004.py (缺少类型注解)
  - 04/lianzheng/star/xj04_p1_005.py (缺少类型注解)
  - 04/lianzheng/star/xj04_p2_001.py (缺少类型注解)
  - 04/lianzheng/star/xj04_p2_002.py (缺少类型注解)
  - 05/wuqu/star/obj_05_001.py (缺少类型注解)
  - 05/wuqu/star/obj_05_002.py (缺少类型注解)
  - 05/wuqu/star/obj_05_003.py (缺少类型注解)
  - 05/wuqu/star/p2_05_011.py (缺少类型注解)
  - 05/wuqu/star/p2_05_012.py (缺少类型注解)
  - 05/wuqu/star/p3_05_009.py (缺少类型注解)
  - 05/wuqu/star/p3_05_010.py (缺少类型注解)
  - 05/wuqu/star/p4_05_009.py (缺少类型注解)
  - 05/wuqu/star/p4_05_010.py (缺少类型注解)
  - 05/wuqu/star/p5_05_009.py (缺少类型注解)
  - 05/wuqu/star/p5_05_010.py (缺少类型注解)
  - 05/wuqu/star/task_13.py (缺少类型注解)
  - 05/wuqu/star/xj05_001.py (缺少类型注解)
  - 05/wuqu/star/xj05_002.py (缺少类型注解)
  - 05/wuqu/star/xj05_003.py (缺少类型注解)
  - 05/wuqu/star/xj05_004.py (缺少类型注解)
  - 05/wuqu/star/xj05_005.py (缺少类型注解)
  - 05/wuqu/star/xj05_p1_001.py (缺少类型注解)
  - 05/wuqu/star/xj05_p1_002.py (缺少类型注解)
  - 05/wuqu/star/xj05_p1_003.py (缺少类型注解)
  - 05/wuqu/star/xj05_p1_004.py (缺少类型注解)
  - 05/wuqu/star/xj05_p1_005.py (缺少类型注解)
  - 05/wuqu/star/xj05_p2_001.py (缺少类型注解)
  - 05/wuqu/star/xj05_p2_002.py (缺少类型注解)
  - 06/pojun/star/obj_06_001.py (缺少类型注解)
  - 06/pojun/star/obj_06_002.py (缺少类型注解)
  - 06/pojun/star/obj_06_003.py (缺少类型注解)
  - 06/pojun/star/p2_06_013.py (缺少类型注解)
  - 06/pojun/star/p2_06_014.py (缺少类型注解)
  - 06/pojun/star/p3_06_011.py (缺少类型注解)
  - 06/pojun/star/p3_06_012.py (缺少类型注解)
  - 06/pojun/star/p4_06_011.py (缺少类型注解)
  - 06/pojun/star/p4_06_012.py (缺少类型注解)
  - 06/pojun/star/p5_06_011.py (缺少类型注解)
  - 06/pojun/star/p5_06_012.py (缺少类型注解)
  - 06/pojun/star/task_14.py (缺少类型注解)
  - 06/pojun/star/xj06_001.py (缺少类型注解)
  - 06/pojun/star/xj06_002.py (缺少类型注解)
  - 06/pojun/star/xj06_003.py (缺少类型注解)
  - 06/pojun/star/xj06_004.py (缺少类型注解)
  - 06/pojun/star/xj06_005.py (缺少类型注解)
  - 06/pojun/star/xj06_p1_001.py (缺少类型注解)
  - 06/pojun/star/xj06_p1_002.py (缺少类型注解)
  - 06/pojun/star/xj06_p1_003.py (缺少类型注解)
  - 06/pojun/star/xj06_p1_004.py (缺少类型注解)
  - 06/pojun/star/xj06_p1_005.py (缺少类型注解)
  - 06/pojun/star/xj06_p2_001.py (缺少类型注解)
  - 06/pojun/star/xj06_p2_002.py (缺少类型注解)
  - 07/zuofu/star/obj_07_001.py (缺少类型注解)
  - 07/zuofu/star/obj_07_002.py (缺少类型注解)
  - 07/zuofu/star/obj_07_003.py (缺少类型注解)
  - 07/zuofu/star/obj_07_004.py (缺少类型注解)
  - 07/zuofu/star/p2_07_015.py (缺少类型注解)
  - 07/zuofu/star/p2_07_016.py (缺少类型注解)
  - 07/zuofu/star/p3_07_013.py (缺少类型注解)
  - 07/zuofu/star/p3_07_014.py (缺少类型注解)
  - 07/zuofu/star/p4_07_013.py (缺少类型注解)
  - 07/zuofu/star/p4_07_014.py (缺少类型注解)
  - 07/zuofu/star/p5_07_013.py (缺少类型注解)
  - 07/zuofu/star/p5_07_014.py (缺少类型注解)
  - 07/zuofu/star/xj07_001.py (缺少类型注解)
  - 07/zuofu/star/xj07_002.py (缺少类型注解)
  - 07/zuofu/star/xj07_003.py (缺少类型注解)
  - 07/zuofu/star/xj07_004.py (缺少类型注解)
  - 07/zuofu/star/xj07_005.py (缺少类型注解)
  - 07/zuofu/star/xj07_p1_001.py (缺少类型注解)
  - 07/zuofu/star/xj07_p1_002.py (缺少类型注解)
  - 07/zuofu/star/xj07_p1_003.py (缺少类型注解)
  - 07/zuofu/star/xj07_p1_004.py (缺少类型注解)
  - 07/zuofu/star/xj07_p1_005.py (缺少类型注解)
  - 07/zuofu/star/xj07_p2_001.py (缺少类型注解)
  - 08/youbi/star/obj_08_001.py (缺少类型注解)
  - 08/youbi/star/obj_08_002.py (缺少类型注解)
  - 08/youbi/star/obj_08_003.py (缺少类型注解)
  - 08/youbi/star/p2_08_017.py (缺少类型注解)
  - 08/youbi/star/p2_08_018.py (缺少类型注解)
  - 08/youbi/star/p3_08_015.py (缺少类型注解)
  - 08/youbi/star/p3_08_016.py (缺少类型注解)
  - 08/youbi/star/p4_08_015.py (缺少类型注解)
  - 08/youbi/star/p4_08_016.py (缺少类型注解)
  - 08/youbi/star/p5_08_015.py (缺少类型注解)
  - 08/youbi/star/p5_08_016.py (缺少类型注解)
  - 08/youbi/star/task_15.py (缺少类型注解)
  - 08/youbi/star/task_16.py (缺少类型注解)
  - 08/youbi/star/task_17.py (缺少类型注解)
  - 08/youbi/star/xj08_001.py (缺少类型注解)
  - 08/youbi/star/xj08_003.py (缺少类型注解)
  - 08/youbi/star/xj08_004.py (缺少类型注解)
  - 08/youbi/star/xj08_p1_001.py (缺少类型注解)
  - 08/youbi/star/xj08_p1_003.py (缺少类型注解)
  - 08/youbi/star/xj08_p1_004.py (缺少类型注解)
  - 08/youbi/star/xj_p3_006.py (缺少类型注解)
  - 08/youbi/star/xj_p3_007.py (缺少类型注解)
  - 09/tanlang/star/obj_09_001.py (缺少类型注解)
  - 09/tanlang/star/obj_09_002.py (缺少类型注解)
  - 09/tanlang/star/obj_09_003.py (缺少类型注解)
  - 09/tanlang/star/p2_09_019.py (缺少类型注解)
  - 09/tanlang/star/p2_09_020.py (缺少类型注解)
  - 09/tanlang/star/p3_09_017.py (缺少类型注解)
  - 09/tanlang/star/p3_09_018.py (缺少类型注解)
  - 09/tanlang/star/p4_09_017.py (缺少类型注解)
  - 09/tanlang/star/p4_09_018.py (缺少类型注解)
  - 09/tanlang/star/p5_09_017.py (缺少类型注解)
  - 09/tanlang/star/p5_09_018.py (缺少类型注解)
  - 09/tanlang/star/task_18.py (缺少类型注解)
  - 09/tanlang/star/task_19.py (缺少类型注解)
  - 09/tanlang/star/task_20.py (缺少类型注解)
  - 09/tanlang/star/web_001.py (缺少类型注解)
  - 09/tanlang/star/web_002.py (缺少类型注解)
  - 09/tanlang/star/web_003.py (缺少类型注解)
  - 09/tanlang/star/web_004.py (缺少类型注解)
  - 09/tanlang/star/web_005.py (缺少类型注解)
  - 09/tanlang/star/xj09_001.py (缺少类型注解)
  - 09/tanlang/star/xj09_002.py (缺少类型注解)
  - 09/tanlang/star/xj09_003.py (缺少类型注解)
  - 09/tanlang/star/xj09_004.py (缺少类型注解)
  - 09/tanlang/star/xj09_005.py (缺少类型注解)
  - 09/tanlang/star/xj09_p1_001.py (缺少类型注解)
  - 09/tanlang/star/xj09_p1_002.py (缺少类型注解)
  - 09/tanlang/star/xj09_p1_003.py (缺少类型注解)
  - 09/tanlang/star/xj09_p1_004.py (缺少类型注解)
  - 09/tanlang/star/xj09_p1_005.py (缺少类型注解)
  - 10/fubi/star/doc_001.py (缺少类型注解)
  - 10/fubi/star/doc_002.py (缺少类型注解)
  - 10/fubi/star/doc_003.py (缺少类型注解)
  - 10/fubi/star/doc_004.py (缺少类型注解)
  - 10/fubi/star/doc_005.py (缺少类型注解)
  - 10/fubi/star/obj_10_001.py (缺少类型注解)
  - 10/fubi/star/obj_10_002.py (缺少类型注解)
  - 10/fubi/star/obj_10_003.py (缺少类型注解)
  - 10/fubi/star/p2_10_021.py (缺少类型注解)
  - 10/fubi/star/p2_10_022.py (缺少类型注解)
  - 10/fubi/star/p3_10_019.py (缺少类型注解)
  - 10/fubi/star/p3_10_020.py (缺少类型注解)
  - 10/fubi/star/p4_10_019.py (缺少类型注解)
  - 10/fubi/star/p4_10_020.py (缺少类型注解)
  - 10/fubi/star/p5_10_019.py (缺少类型注解)
  - 10/fubi/star/p5_10_020.py (缺少类型注解)
  - 10/fubi/star/xj10_001.py (缺少类型注解)
  - 10/fubi/star/xj10_002.py (缺少类型注解)
  - 10/fubi/star/xj10_003.py (缺少类型注解)
  - 10/fubi/star/xj10_004.py (缺少类型注解)
  - 10/fubi/star/xj10_005.py (缺少类型注解)
  - 10/fubi/star/xj10_p1_001.py (缺少类型注解)
  - 10/fubi/star/xj10_p1_002.py (缺少类型注解)
  - 10/fubi/star/xj10_p1_003.py (缺少类型注解)
  - 10/fubi/star/xj10_p1_004.py (缺少类型注解)
  - 10/fubi/star/xj10_p1_005.py (缺少类型注解)

=== 质检完成 ===
发现问题文件: 208 个
=== 张志远(002) 代码质检任务 ===
时间: Mon Mar 23 07:30:01 PM CST 2026

📊 代码统计:
  XJ-01: 40 文件, 1720 行
  XJ-02: 35 文件, 1330 行
  XJ-03: 25 文件, 925 行
  XJ-04: 25 文件, 650 行
  XJ-05: 24 文件, 624 行
  XJ-06: 24 文件, 624 行
  XJ-07: 23 文件, 598 行
  XJ-08: 24 文件, 658 行
  XJ-09: 29 文件, 754 行
  XJ-10: 26 文件, 676 行
  总计: 275 文件, 8559 行

📈 质量指标:
  文档覆盖率: 100.0%
  类型注解覆盖率: 37.1%

⚠️ 需要改进的文件:
  - 02/lucun/star/c_02_001.py (缺少类型注解)
  - 02/lucun/star/c_02_002.py (缺少类型注解)
  - 02/lucun/star/c_02_003.py (缺少类型注解)
  - 02/lucun/star/c_02_004.py (缺少类型注解)
  - 02/lucun/star/c_02_005.py (缺少类型注解)
  - 02/lucun/star/p2_02_004.py (缺少类型注解)
  - 02/lucun/star/p2_02_005.py (缺少类型注解)
  - 02/lucun/star/p2_02_006.py (缺少类型注解)
  - 02/lucun/star/p3_02_003.py (缺少类型注解)
  - 02/lucun/star/p3_02_004.py (缺少类型注解)
  - 02/lucun/star/p4_02_003.py (缺少类型注解)
  - 02/lucun/star/p4_02_004.py (缺少类型注解)
  - 02/lucun/star/p5_02_003.py (缺少类型注解)
  - 02/lucun/star/p5_02_004.py (缺少类型注解)
  - 02/lucun/star/task_01.py (缺少类型注解)
  - 02/lucun/star/task_02.py (缺少类型注解)
  - 02/lucun/star/task_03.py (缺少类型注解)
  - 02/lucun/star/task_04.py (缺少类型注解)
  - 02/lucun/star/task_05.py (缺少类型注解)
  - 02/lucun/star/task_06.py (缺少类型注解)
  - 02/lucun/star/task_07.py (缺少类型注解)
  - 02/lucun/star/task_08.py (缺少类型注解)
  - 02/lucun/star/task_9.py (缺少类型注解)
  - 02/lucun/star/xj02_001.py (缺少类型注解)
  - 02/lucun/star/xj02_002.py (缺少类型注解)
  - 02/lucun/star/xj02_003.py (缺少类型注解)
  - 02/lucun/star/xj02_004.py (缺少类型注解)
  - 02/lucun/star/xj02_p0_001.py (缺少类型注解)
  - 02/lucun/star/xj02_p0_002.py (缺少类型注解)
  - 02/lucun/star/xj02_p0_003.py (缺少类型注解)
  - 02/lucun/star/xj02_p1_001.py (缺少类型注解)
  - 02/lucun/star/xj02_p1_003.py (缺少类型注解)
  - 02/lucun/star/xj02_p2_001.py (缺少类型注解)
  - 02/lucun/star/xj02_p2_002.py (缺少类型注解)
  - 02/lucun/star/xj_p3_002.py (缺少类型注解)
  - 04/lianzheng/star/obj_04_001.py (缺少类型注解)
  - 04/lianzheng/star/obj_04_002.py (缺少类型注解)
  - 04/lianzheng/star/obj_04_003.py (缺少类型注解)
  - 04/lianzheng/star/p2_04_009.py (缺少类型注解)
  - 04/lianzheng/star/p2_04_010.py (缺少类型注解)
  - 04/lianzheng/star/p3_04_007.py (缺少类型注解)
  - 04/lianzheng/star/p3_04_008.py (缺少类型注解)
  - 04/lianzheng/star/p4_04_007.py (缺少类型注解)
  - 04/lianzheng/star/p4_04_008.py (缺少类型注解)
  - 04/lianzheng/star/p5_04_007.py (缺少类型注解)
  - 04/lianzheng/star/p5_04_008.py (缺少类型注解)
  - 04/lianzheng/star/task_11.py (缺少类型注解)
  - 04/lianzheng/star/task_12.py (缺少类型注解)
  - 04/lianzheng/star/xj04_001.py (缺少类型注解)
  - 04/lianzheng/star/xj04_002.py (缺少类型注解)
  - 04/lianzheng/star/xj04_003.py (缺少类型注解)
  - 04/lianzheng/star/xj04_004.py (缺少类型注解)
  - 04/lianzheng/star/xj04_005.py (缺少类型注解)
  - 04/lianzheng/star/xj04_p1_001.py (缺少类型注解)
  - 04/lianzheng/star/xj04_p1_002.py (缺少类型注解)
  - 04/lianzheng/star/xj04_p1_003.py (缺少类型注解)
  - 04/lianzheng/star/xj04_p1_004.py (缺少类型注解)
  - 04/lianzheng/star/xj04_p1_005.py (缺少类型注解)
  - 04/lianzheng/star/xj04_p2_001.py (缺少类型注解)
  - 04/lianzheng/star/xj04_p2_002.py (缺少类型注解)
  - 05/wuqu/star/obj_05_001.py (缺少类型注解)
  - 05/wuqu/star/obj_05_002.py (缺少类型注解)
  - 05/wuqu/star/obj_05_003.py (缺少类型注解)
  - 05/wuqu/star/p2_05_011.py (缺少类型注解)
  - 05/wuqu/star/p2_05_012.py (缺少类型注解)
  - 05/wuqu/star/p3_05_009.py (缺少类型注解)
  - 05/wuqu/star/p3_05_010.py (缺少类型注解)
  - 05/wuqu/star/p4_05_009.py (缺少类型注解)
  - 05/wuqu/star/p4_05_010.py (缺少类型注解)
  - 05/wuqu/star/p5_05_009.py (缺少类型注解)
  - 05/wuqu/star/p5_05_010.py (缺少类型注解)
  - 05/wuqu/star/task_13.py (缺少类型注解)
  - 05/wuqu/star/xj05_001.py (缺少类型注解)
  - 05/wuqu/star/xj05_002.py (缺少类型注解)
  - 05/wuqu/star/xj05_003.py (缺少类型注解)
  - 05/wuqu/star/xj05_004.py (缺少类型注解)
  - 05/wuqu/star/xj05_005.py (缺少类型注解)
  - 05/wuqu/star/xj05_p1_001.py (缺少类型注解)
  - 05/wuqu/star/xj05_p1_002.py (缺少类型注解)
  - 05/wuqu/star/xj05_p1_003.py (缺少类型注解)
  - 05/wuqu/star/xj05_p1_004.py (缺少类型注解)
  - 05/wuqu/star/xj05_p1_005.py (缺少类型注解)
  - 05/wuqu/star/xj05_p2_001.py (缺少类型注解)
  - 05/wuqu/star/xj05_p2_002.py (缺少类型注解)
  - 06/pojun/star/obj_06_001.py (缺少类型注解)
  - 06/pojun/star/obj_06_002.py (缺少类型注解)
  - 06/pojun/star/obj_06_003.py (缺少类型注解)
  - 06/pojun/star/p2_06_013.py (缺少类型注解)
  - 06/pojun/star/p2_06_014.py (缺少类型注解)
  - 06/pojun/star/p3_06_011.py (缺少类型注解)
  - 06/pojun/star/p3_06_012.py (缺少类型注解)
  - 06/pojun/star/p4_06_011.py (缺少类型注解)
  - 06/pojun/star/p4_06_012.py (缺少类型注解)
  - 06/pojun/star/p5_06_011.py (缺少类型注解)
  - 06/pojun/star/p5_06_012.py (缺少类型注解)
  - 06/pojun/star/task_14.py (缺少类型注解)
  - 06/pojun/star/xj06_001.py (缺少类型注解)
  - 06/pojun/star/xj06_002.py (缺少类型注解)
  - 06/pojun/star/xj06_003.py (缺少类型注解)
  - 06/pojun/star/xj06_004.py (缺少类型注解)
  - 06/pojun/star/xj06_005.py (缺少类型注解)
  - 06/pojun/star/xj06_p1_001.py (缺少类型注解)
  - 06/pojun/star/xj06_p1_002.py (缺少类型注解)
  - 06/pojun/star/xj06_p1_003.py (缺少类型注解)
  - 06/pojun/star/xj06_p1_004.py (缺少类型注解)
  - 06/pojun/star/xj06_p1_005.py (缺少类型注解)
  - 06/pojun/star/xj06_p2_001.py (缺少类型注解)
  - 06/pojun/star/xj06_p2_002.py (缺少类型注解)
  - 07/zuofu/star/obj_07_001.py (缺少类型注解)
  - 07/zuofu/star/obj_07_002.py (缺少类型注解)
  - 07/zuofu/star/obj_07_003.py (缺少类型注解)
  - 07/zuofu/star/obj_07_004.py (缺少类型注解)
  - 07/zuofu/star/p2_07_015.py (缺少类型注解)
  - 07/zuofu/star/p2_07_016.py (缺少类型注解)
  - 07/zuofu/star/p3_07_013.py (缺少类型注解)
  - 07/zuofu/star/p3_07_014.py (缺少类型注解)
  - 07/zuofu/star/p4_07_013.py (缺少类型注解)
  - 07/zuofu/star/p4_07_014.py (缺少类型注解)
  - 07/zuofu/star/p5_07_013.py (缺少类型注解)
  - 07/zuofu/star/p5_07_014.py (缺少类型注解)
  - 07/zuofu/star/xj07_001.py (缺少类型注解)
  - 07/zuofu/star/xj07_002.py (缺少类型注解)
  - 07/zuofu/star/xj07_003.py (缺少类型注解)
  - 07/zuofu/star/xj07_004.py (缺少类型注解)
  - 07/zuofu/star/xj07_005.py (缺少类型注解)
  - 07/zuofu/star/xj07_p1_001.py (缺少类型注解)
  - 07/zuofu/star/xj07_p1_002.py (缺少类型注解)
  - 07/zuofu/star/xj07_p1_003.py (缺少类型注解)
  - 07/zuofu/star/xj07_p1_004.py (缺少类型注解)
  - 07/zuofu/star/xj07_p1_005.py (缺少类型注解)
  - 07/zuofu/star/xj07_p2_001.py (缺少类型注解)
  - 08/youbi/star/obj_08_001.py (缺少类型注解)
  - 08/youbi/star/obj_08_002.py (缺少类型注解)
  - 08/youbi/star/obj_08_003.py (缺少类型注解)
  - 08/youbi/star/p2_08_017.py (缺少类型注解)
  - 08/youbi/star/p2_08_018.py (缺少类型注解)
  - 08/youbi/star/p3_08_015.py (缺少类型注解)
  - 08/youbi/star/p3_08_016.py (缺少类型注解)
  - 08/youbi/star/p4_08_015.py (缺少类型注解)
  - 08/youbi/star/p4_08_016.py (缺少类型注解)
  - 08/youbi/star/p5_08_015.py (缺少类型注解)
  - 08/youbi/star/p5_08_016.py (缺少类型注解)
  - 08/youbi/star/task_15.py (缺少类型注解)
  - 08/youbi/star/task_16.py (缺少类型注解)
  - 08/youbi/star/task_17.py (缺少类型注解)
  - 08/youbi/star/xj08_001.py (缺少类型注解)
  - 08/youbi/star/xj08_003.py (缺少类型注解)
  - 08/youbi/star/xj08_004.py (缺少类型注解)
  - 08/youbi/star/xj08_p1_001.py (缺少类型注解)
  - 08/youbi/star/xj08_p1_003.py (缺少类型注解)
  - 08/youbi/star/xj08_p1_004.py (缺少类型注解)
  - 08/youbi/star/xj_p3_006.py (缺少类型注解)
  - 08/youbi/star/xj_p3_007.py (缺少类型注解)
  - 09/tanlang/star/obj_09_001.py (缺少类型注解)
  - 09/tanlang/star/obj_09_002.py (缺少类型注解)
  - 09/tanlang/star/obj_09_003.py (缺少类型注解)
  - 09/tanlang/star/p2_09_019.py (缺少类型注解)
  - 09/tanlang/star/p2_09_020.py (缺少类型注解)
  - 09/tanlang/star/p3_09_017.py (缺少类型注解)
  - 09/tanlang/star/p3_09_018.py (缺少类型注解)
  - 09/tanlang/star/p4_09_017.py (缺少类型注解)
  - 09/tanlang/star/p4_09_018.py (缺少类型注解)
  - 09/tanlang/star/p5_09_017.py (缺少类型注解)
  - 09/tanlang/star/p5_09_018.py (缺少类型注解)
  - 09/tanlang/star/task_18.py (缺少类型注解)
  - 09/tanlang/star/task_19.py (缺少类型注解)
  - 09/tanlang/star/task_20.py (缺少类型注解)
  - 09/tanlang/star/web_001.py (缺少类型注解)
  - 09/tanlang/star/web_002.py (缺少类型注解)
  - 09/tanlang/star/web_003.py (缺少类型注解)
  - 09/tanlang/star/web_004.py (缺少类型注解)
  - 09/tanlang/star/web_005.py (缺少类型注解)
  - 09/tanlang/star/xj09_001.py (缺少类型注解)
  - 09/tanlang/star/xj09_002.py (缺少类型注解)
  - 09/tanlang/star/xj09_003.py (缺少类型注解)
  - 09/tanlang/star/xj09_004.py (缺少类型注解)
  - 09/tanlang/star/xj09_005.py (缺少类型注解)
  - 09/tanlang/star/xj09_p1_001.py (缺少类型注解)
  - 09/tanlang/star/xj09_p1_002.py (缺少类型注解)
  - 09/tanlang/star/xj09_p1_003.py (缺少类型注解)
  - 09/tanlang/star/xj09_p1_004.py (缺少类型注解)
  - 09/tanlang/star/xj09_p1_005.py (缺少类型注解)
  - 10/fubi/star/doc_001.py (缺少类型注解)
  - 10/fubi/star/doc_002.py (缺少类型注解)
  - 10/fubi/star/doc_003.py (缺少类型注解)
  - 10/fubi/star/doc_004.py (缺少类型注解)
  - 10/fubi/star/doc_005.py (缺少类型注解)
  - 10/fubi/star/obj_10_001.py (缺少类型注解)
  - 10/fubi/star/obj_10_002.py (缺少类型注解)
  - 10/fubi/star/obj_10_003.py (缺少类型注解)
  - 10/fubi/star/p2_10_021.py (缺少类型注解)
  - 10/fubi/star/p2_10_022.py (缺少类型注解)
  - 10/fubi/star/p3_10_019.py (缺少类型注解)
  - 10/fubi/star/p3_10_020.py (缺少类型注解)
  - 10/fubi/star/p4_10_019.py (缺少类型注解)
  - 10/fubi/star/p4_10_020.py (缺少类型注解)
  - 10/fubi/star/p5_10_019.py (缺少类型注解)
  - 10/fubi/star/p5_10_020.py (缺少类型注解)
  - 10/fubi/star/xj10_001.py (缺少类型注解)
  - 10/fubi/star/xj10_002.py (缺少类型注解)
  - 10/fubi/star/xj10_003.py (缺少类型注解)
  - 10/fubi/star/xj10_004.py (缺少类型注解)
  - 10/fubi/star/xj10_005.py (缺少类型注解)
  - 10/fubi/star/xj10_p1_001.py (缺少类型注解)
  - 10/fubi/star/xj10_p1_002.py (缺少类型注解)
  - 10/fubi/star/xj10_p1_003.py (缺少类型注解)
  - 10/fubi/star/xj10_p1_004.py (缺少类型注解)
  - 10/fubi/star/xj10_p1_005.py (缺少类型注解)

=== 质检完成 ===
发现问题文件: 208 个
=== 张志远(002) 代码质检任务 ===
时间: Mon Mar 23 08:00:01 PM CST 2026

📊 代码统计:
  XJ-01: 40 文件, 1720 行
  XJ-02: 35 文件, 1330 行
  XJ-03: 25 文件, 925 行
  XJ-04: 25 文件, 650 行
  XJ-05: 24 文件, 624 行
  XJ-06: 24 文件, 624 行
  XJ-07: 23 文件, 598 行
  XJ-08: 24 文件, 658 行
  XJ-09: 29 文件, 754 行
  XJ-10: 26 文件, 676 行
  总计: 275 文件, 8559 行

📈 质量指标:
  文档覆盖率: 100.0%
  类型注解覆盖率: 37.1%

⚠️ 需要改进的文件:
  - 02/lucun/star/c_02_001.py (缺少类型注解)
  - 02/lucun/star/c_02_002.py (缺少类型注解)
  - 02/lucun/star/c_02_003.py (缺少类型注解)
  - 02/lucun/star/c_02_004.py (缺少类型注解)
  - 02/lucun/star/c_02_005.py (缺少类型注解)
  - 02/lucun/star/p2_02_004.py (缺少类型注解)
  - 02/lucun/star/p2_02_005.py (缺少类型注解)
  - 02/lucun/star/p2_02_006.py (缺少类型注解)
  - 02/lucun/star/p3_02_003.py (缺少类型注解)
  - 02/lucun/star/p3_02_004.py (缺少类型注解)
  - 02/lucun/star/p4_02_003.py (缺少类型注解)
  - 02/lucun/star/p4_02_004.py (缺少类型注解)
  - 02/lucun/star/p5_02_003.py (缺少类型注解)
  - 02/lucun/star/p5_02_004.py (缺少类型注解)
  - 02/lucun/star/task_01.py (缺少类型注解)
  - 02/lucun/star/task_02.py (缺少类型注解)
  - 02/lucun/star/task_03.py (缺少类型注解)
  - 02/lucun/star/task_04.py (缺少类型注解)
  - 02/lucun/star/task_05.py (缺少类型注解)
  - 02/lucun/star/task_06.py (缺少类型注解)
  - 02/lucun/star/task_07.py (缺少类型注解)
  - 02/lucun/star/task_08.py (缺少类型注解)
  - 02/lucun/star/task_9.py (缺少类型注解)
  - 02/lucun/star/xj02_001.py (缺少类型注解)
  - 02/lucun/star/xj02_002.py (缺少类型注解)
  - 02/lucun/star/xj02_003.py (缺少类型注解)
  - 02/lucun/star/xj02_004.py (缺少类型注解)
  - 02/lucun/star/xj02_p0_001.py (缺少类型注解)
  - 02/lucun/star/xj02_p0_002.py (缺少类型注解)
  - 02/lucun/star/xj02_p0_003.py (缺少类型注解)
  - 02/lucun/star/xj02_p1_001.py (缺少类型注解)
  - 02/lucun/star/xj02_p1_003.py (缺少类型注解)
  - 02/lucun/star/xj02_p2_001.py (缺少类型注解)
  - 02/lucun/star/xj02_p2_002.py (缺少类型注解)
  - 02/lucun/star/xj_p3_002.py (缺少类型注解)
  - 04/lianzheng/star/obj_04_001.py (缺少类型注解)
  - 04/lianzheng/star/obj_04_002.py (缺少类型注解)
  - 04/lianzheng/star/obj_04_003.py (缺少类型注解)
  - 04/lianzheng/star/p2_04_009.py (缺少类型注解)
  - 04/lianzheng/star/p2_04_010.py (缺少类型注解)
  - 04/lianzheng/star/p3_04_007.py (缺少类型注解)
  - 04/lianzheng/star/p3_04_008.py (缺少类型注解)
  - 04/lianzheng/star/p4_04_007.py (缺少类型注解)
  - 04/lianzheng/star/p4_04_008.py (缺少类型注解)
  - 04/lianzheng/star/p5_04_007.py (缺少类型注解)
  - 04/lianzheng/star/p5_04_008.py (缺少类型注解)
  - 04/lianzheng/star/task_11.py (缺少类型注解)
  - 04/lianzheng/star/task_12.py (缺少类型注解)
  - 04/lianzheng/star/xj04_001.py (缺少类型注解)
  - 04/lianzheng/star/xj04_002.py (缺少类型注解)
  - 04/lianzheng/star/xj04_003.py (缺少类型注解)
  - 04/lianzheng/star/xj04_004.py (缺少类型注解)
  - 04/lianzheng/star/xj04_005.py (缺少类型注解)
  - 04/lianzheng/star/xj04_p1_001.py (缺少类型注解)
  - 04/lianzheng/star/xj04_p1_002.py (缺少类型注解)
  - 04/lianzheng/star/xj04_p1_003.py (缺少类型注解)
  - 04/lianzheng/star/xj04_p1_004.py (缺少类型注解)
  - 04/lianzheng/star/xj04_p1_005.py (缺少类型注解)
  - 04/lianzheng/star/xj04_p2_001.py (缺少类型注解)
  - 04/lianzheng/star/xj04_p2_002.py (缺少类型注解)
  - 05/wuqu/star/obj_05_001.py (缺少类型注解)
  - 05/wuqu/star/obj_05_002.py (缺少类型注解)
  - 05/wuqu/star/obj_05_003.py (缺少类型注解)
  - 05/wuqu/star/p2_05_011.py (缺少类型注解)
  - 05/wuqu/star/p2_05_012.py (缺少类型注解)
  - 05/wuqu/star/p3_05_009.py (缺少类型注解)
  - 05/wuqu/star/p3_05_010.py (缺少类型注解)
  - 05/wuqu/star/p4_05_009.py (缺少类型注解)
  - 05/wuqu/star/p4_05_010.py (缺少类型注解)
  - 05/wuqu/star/p5_05_009.py (缺少类型注解)
  - 05/wuqu/star/p5_05_010.py (缺少类型注解)
  - 05/wuqu/star/task_13.py (缺少类型注解)
  - 05/wuqu/star/xj05_001.py (缺少类型注解)
  - 05/wuqu/star/xj05_002.py (缺少类型注解)
  - 05/wuqu/star/xj05_003.py (缺少类型注解)
  - 05/wuqu/star/xj05_004.py (缺少类型注解)
  - 05/wuqu/star/xj05_005.py (缺少类型注解)
  - 05/wuqu/star/xj05_p1_001.py (缺少类型注解)
  - 05/wuqu/star/xj05_p1_002.py (缺少类型注解)
  - 05/wuqu/star/xj05_p1_003.py (缺少类型注解)
  - 05/wuqu/star/xj05_p1_004.py (缺少类型注解)
  - 05/wuqu/star/xj05_p1_005.py (缺少类型注解)
  - 05/wuqu/star/xj05_p2_001.py (缺少类型注解)
  - 05/wuqu/star/xj05_p2_002.py (缺少类型注解)
  - 06/pojun/star/obj_06_001.py (缺少类型注解)
  - 06/pojun/star/obj_06_002.py (缺少类型注解)
  - 06/pojun/star/obj_06_003.py (缺少类型注解)
  - 06/pojun/star/p2_06_013.py (缺少类型注解)
  - 06/pojun/star/p2_06_014.py (缺少类型注解)
  - 06/pojun/star/p3_06_011.py (缺少类型注解)
  - 06/pojun/star/p3_06_012.py (缺少类型注解)
  - 06/pojun/star/p4_06_011.py (缺少类型注解)
  - 06/pojun/star/p4_06_012.py (缺少类型注解)
  - 06/pojun/star/p5_06_011.py (缺少类型注解)
  - 06/pojun/star/p5_06_012.py (缺少类型注解)
  - 06/pojun/star/task_14.py (缺少类型注解)
  - 06/pojun/star/xj06_001.py (缺少类型注解)
  - 06/pojun/star/xj06_002.py (缺少类型注解)
  - 06/pojun/star/xj06_003.py (缺少类型注解)
  - 06/pojun/star/xj06_004.py (缺少类型注解)
  - 06/pojun/star/xj06_005.py (缺少类型注解)
  - 06/pojun/star/xj06_p1_001.py (缺少类型注解)
  - 06/pojun/star/xj06_p1_002.py (缺少类型注解)
  - 06/pojun/star/xj06_p1_003.py (缺少类型注解)
  - 06/pojun/star/xj06_p1_004.py (缺少类型注解)
  - 06/pojun/star/xj06_p1_005.py (缺少类型注解)
  - 06/pojun/star/xj06_p2_001.py (缺少类型注解)
  - 06/pojun/star/xj06_p2_002.py (缺少类型注解)
  - 07/zuofu/star/obj_07_001.py (缺少类型注解)
  - 07/zuofu/star/obj_07_002.py (缺少类型注解)
  - 07/zuofu/star/obj_07_003.py (缺少类型注解)
  - 07/zuofu/star/obj_07_004.py (缺少类型注解)
  - 07/zuofu/star/p2_07_015.py (缺少类型注解)
  - 07/zuofu/star/p2_07_016.py (缺少类型注解)
  - 07/zuofu/star/p3_07_013.py (缺少类型注解)
  - 07/zuofu/star/p3_07_014.py (缺少类型注解)
  - 07/zuofu/star/p4_07_013.py (缺少类型注解)
  - 07/zuofu/star/p4_07_014.py (缺少类型注解)
  - 07/zuofu/star/p5_07_013.py (缺少类型注解)
  - 07/zuofu/star/p5_07_014.py (缺少类型注解)
  - 07/zuofu/star/xj07_001.py (缺少类型注解)
  - 07/zuofu/star/xj07_002.py (缺少类型注解)
  - 07/zuofu/star/xj07_003.py (缺少类型注解)
  - 07/zuofu/star/xj07_004.py (缺少类型注解)
  - 07/zuofu/star/xj07_005.py (缺少类型注解)
  - 07/zuofu/star/xj07_p1_001.py (缺少类型注解)
  - 07/zuofu/star/xj07_p1_002.py (缺少类型注解)
  - 07/zuofu/star/xj07_p1_003.py (缺少类型注解)
  - 07/zuofu/star/xj07_p1_004.py (缺少类型注解)
  - 07/zuofu/star/xj07_p1_005.py (缺少类型注解)
  - 07/zuofu/star/xj07_p2_001.py (缺少类型注解)
  - 08/youbi/star/obj_08_001.py (缺少类型注解)
  - 08/youbi/star/obj_08_002.py (缺少类型注解)
  - 08/youbi/star/obj_08_003.py (缺少类型注解)
  - 08/youbi/star/p2_08_017.py (缺少类型注解)
  - 08/youbi/star/p2_08_018.py (缺少类型注解)
  - 08/youbi/star/p3_08_015.py (缺少类型注解)
  - 08/youbi/star/p3_08_016.py (缺少类型注解)
  - 08/youbi/star/p4_08_015.py (缺少类型注解)
  - 08/youbi/star/p4_08_016.py (缺少类型注解)
  - 08/youbi/star/p5_08_015.py (缺少类型注解)
  - 08/youbi/star/p5_08_016.py (缺少类型注解)
  - 08/youbi/star/task_15.py (缺少类型注解)
  - 08/youbi/star/task_16.py (缺少类型注解)
  - 08/youbi/star/task_17.py (缺少类型注解)
  - 08/youbi/star/xj08_001.py (缺少类型注解)
  - 08/youbi/star/xj08_003.py (缺少类型注解)
  - 08/youbi/star/xj08_004.py (缺少类型注解)
  - 08/youbi/star/xj08_p1_001.py (缺少类型注解)
  - 08/youbi/star/xj08_p1_003.py (缺少类型注解)
  - 08/youbi/star/xj08_p1_004.py (缺少类型注解)
  - 08/youbi/star/xj_p3_006.py (缺少类型注解)
  - 08/youbi/star/xj_p3_007.py (缺少类型注解)
  - 09/tanlang/star/obj_09_001.py (缺少类型注解)
  - 09/tanlang/star/obj_09_002.py (缺少类型注解)
  - 09/tanlang/star/obj_09_003.py (缺少类型注解)
  - 09/tanlang/star/p2_09_019.py (缺少类型注解)
  - 09/tanlang/star/p2_09_020.py (缺少类型注解)
  - 09/tanlang/star/p3_09_017.py (缺少类型注解)
  - 09/tanlang/star/p3_09_018.py (缺少类型注解)
  - 09/tanlang/star/p4_09_017.py (缺少类型注解)
  - 09/tanlang/star/p4_09_018.py (缺少类型注解)
  - 09/tanlang/star/p5_09_017.py (缺少类型注解)
  - 09/tanlang/star/p5_09_018.py (缺少类型注解)
  - 09/tanlang/star/task_18.py (缺少类型注解)
  - 09/tanlang/star/task_19.py (缺少类型注解)
  - 09/tanlang/star/task_20.py (缺少类型注解)
  - 09/tanlang/star/web_001.py (缺少类型注解)
  - 09/tanlang/star/web_002.py (缺少类型注解)
  - 09/tanlang/star/web_003.py (缺少类型注解)
  - 09/tanlang/star/web_004.py (缺少类型注解)
  - 09/tanlang/star/web_005.py (缺少类型注解)
  - 09/tanlang/star/xj09_001.py (缺少类型注解)
  - 09/tanlang/star/xj09_002.py (缺少类型注解)
  - 09/tanlang/star/xj09_003.py (缺少类型注解)
  - 09/tanlang/star/xj09_004.py (缺少类型注解)
  - 09/tanlang/star/xj09_005.py (缺少类型注解)
  - 09/tanlang/star/xj09_p1_001.py (缺少类型注解)
  - 09/tanlang/star/xj09_p1_002.py (缺少类型注解)
  - 09/tanlang/star/xj09_p1_003.py (缺少类型注解)
  - 09/tanlang/star/xj09_p1_004.py (缺少类型注解)
  - 09/tanlang/star/xj09_p1_005.py (缺少类型注解)
  - 10/fubi/star/doc_001.py (缺少类型注解)
  - 10/fubi/star/doc_002.py (缺少类型注解)
  - 10/fubi/star/doc_003.py (缺少类型注解)
  - 10/fubi/star/doc_004.py (缺少类型注解)
  - 10/fubi/star/doc_005.py (缺少类型注解)
  - 10/fubi/star/obj_10_001.py (缺少类型注解)
  - 10/fubi/star/obj_10_002.py (缺少类型注解)
  - 10/fubi/star/obj_10_003.py (缺少类型注解)
  - 10/fubi/star/p2_10_021.py (缺少类型注解)
  - 10/fubi/star/p2_10_022.py (缺少类型注解)
  - 10/fubi/star/p3_10_019.py (缺少类型注解)
  - 10/fubi/star/p3_10_020.py (缺少类型注解)
  - 10/fubi/star/p4_10_019.py (缺少类型注解)
  - 10/fubi/star/p4_10_020.py (缺少类型注解)
  - 10/fubi/star/p5_10_019.py (缺少类型注解)
  - 10/fubi/star/p5_10_020.py (缺少类型注解)
  - 10/fubi/star/xj10_001.py (缺少类型注解)
  - 10/fubi/star/xj10_002.py (缺少类型注解)
  - 10/fubi/star/xj10_003.py (缺少类型注解)
  - 10/fubi/star/xj10_004.py (缺少类型注解)
  - 10/fubi/star/xj10_005.py (缺少类型注解)
  - 10/fubi/star/xj10_p1_001.py (缺少类型注解)
  - 10/fubi/star/xj10_p1_002.py (缺少类型注解)
  - 10/fubi/star/xj10_p1_003.py (缺少类型注解)
  - 10/fubi/star/xj10_p1_004.py (缺少类型注解)
  - 10/fubi/star/xj10_p1_005.py (缺少类型注解)

=== 质检完成 ===
发现问题文件: 208 个
=== 张志远(002) 代码质检任务 ===
时间: Mon Mar 23 08:30:01 PM CST 2026

📊 代码统计:
  XJ-01: 40 文件, 1720 行
  XJ-02: 35 文件, 1330 行
  XJ-03: 25 文件, 925 行
  XJ-04: 25 文件, 650 行
  XJ-05: 24 文件, 624 行
  XJ-06: 24 文件, 624 行
  XJ-07: 23 文件, 598 行
  XJ-08: 24 文件, 658 行
  XJ-09: 29 文件, 754 行
  XJ-10: 26 文件, 676 行
  总计: 275 文件, 8559 行

📈 质量指标:
  文档覆盖率: 100.0%
  类型注解覆盖率: 37.1%

⚠️ 需要改进的文件:
  - 02/lucun/star/c_02_001.py (缺少类型注解)
  - 02/lucun/star/c_02_002.py (缺少类型注解)
  - 02/lucun/star/c_02_003.py (缺少类型注解)
  - 02/lucun/star/c_02_004.py (缺少类型注解)
  - 02/lucun/star/c_02_005.py (缺少类型注解)
  - 02/lucun/star/p2_02_004.py (缺少类型注解)
  - 02/lucun/star/p2_02_005.py (缺少类型注解)
  - 02/lucun/star/p2_02_006.py (缺少类型注解)
  - 02/lucun/star/p3_02_003.py (缺少类型注解)
  - 02/lucun/star/p3_02_004.py (缺少类型注解)
  - 02/lucun/star/p4_02_003.py (缺少类型注解)
  - 02/lucun/star/p4_02_004.py (缺少类型注解)
  - 02/lucun/star/p5_02_003.py (缺少类型注解)
  - 02/lucun/star/p5_02_004.py (缺少类型注解)
  - 02/lucun/star/task_01.py (缺少类型注解)
  - 02/lucun/star/task_02.py (缺少类型注解)
  - 02/lucun/star/task_03.py (缺少类型注解)
  - 02/lucun/star/task_04.py (缺少类型注解)
  - 02/lucun/star/task_05.py (缺少类型注解)
  - 02/lucun/star/task_06.py (缺少类型注解)
  - 02/lucun/star/task_07.py (缺少类型注解)
  - 02/lucun/star/task_08.py (缺少类型注解)
  - 02/lucun/star/task_9.py (缺少类型注解)
  - 02/lucun/star/xj02_001.py (缺少类型注解)
  - 02/lucun/star/xj02_002.py (缺少类型注解)
  - 02/lucun/star/xj02_003.py (缺少类型注解)
  - 02/lucun/star/xj02_004.py (缺少类型注解)
  - 02/lucun/star/xj02_p0_001.py (缺少类型注解)
  - 02/lucun/star/xj02_p0_002.py (缺少类型注解)
  - 02/lucun/star/xj02_p0_003.py (缺少类型注解)
  - 02/lucun/star/xj02_p1_001.py (缺少类型注解)
  - 02/lucun/star/xj02_p1_003.py (缺少类型注解)
  - 02/lucun/star/xj02_p2_001.py (缺少类型注解)
  - 02/lucun/star/xj02_p2_002.py (缺少类型注解)
  - 02/lucun/star/xj_p3_002.py (缺少类型注解)
  - 04/lianzheng/star/obj_04_001.py (缺少类型注解)
  - 04/lianzheng/star/obj_04_002.py (缺少类型注解)
  - 04/lianzheng/star/obj_04_003.py (缺少类型注解)
  - 04/lianzheng/star/p2_04_009.py (缺少类型注解)
  - 04/lianzheng/star/p2_04_010.py (缺少类型注解)
  - 04/lianzheng/star/p3_04_007.py (缺少类型注解)
  - 04/lianzheng/star/p3_04_008.py (缺少类型注解)
  - 04/lianzheng/star/p4_04_007.py (缺少类型注解)
  - 04/lianzheng/star/p4_04_008.py (缺少类型注解)
  - 04/lianzheng/star/p5_04_007.py (缺少类型注解)
  - 04/lianzheng/star/p5_04_008.py (缺少类型注解)
  - 04/lianzheng/star/task_11.py (缺少类型注解)
  - 04/lianzheng/star/task_12.py (缺少类型注解)
  - 04/lianzheng/star/xj04_001.py (缺少类型注解)
  - 04/lianzheng/star/xj04_002.py (缺少类型注解)
  - 04/lianzheng/star/xj04_003.py (缺少类型注解)
  - 04/lianzheng/star/xj04_004.py (缺少类型注解)
  - 04/lianzheng/star/xj04_005.py (缺少类型注解)
  - 04/lianzheng/star/xj04_p1_001.py (缺少类型注解)
  - 04/lianzheng/star/xj04_p1_002.py (缺少类型注解)
  - 04/lianzheng/star/xj04_p1_003.py (缺少类型注解)
  - 04/lianzheng/star/xj04_p1_004.py (缺少类型注解)
  - 04/lianzheng/star/xj04_p1_005.py (缺少类型注解)
  - 04/lianzheng/star/xj04_p2_001.py (缺少类型注解)
  - 04/lianzheng/star/xj04_p2_002.py (缺少类型注解)
  - 05/wuqu/star/obj_05_001.py (缺少类型注解)
  - 05/wuqu/star/obj_05_002.py (缺少类型注解)
  - 05/wuqu/star/obj_05_003.py (缺少类型注解)
  - 05/wuqu/star/p2_05_011.py (缺少类型注解)
  - 05/wuqu/star/p2_05_012.py (缺少类型注解)
  - 05/wuqu/star/p3_05_009.py (缺少类型注解)
  - 05/wuqu/star/p3_05_010.py (缺少类型注解)
  - 05/wuqu/star/p4_05_009.py (缺少类型注解)
  - 05/wuqu/star/p4_05_010.py (缺少类型注解)
  - 05/wuqu/star/p5_05_009.py (缺少类型注解)
  - 05/wuqu/star/p5_05_010.py (缺少类型注解)
  - 05/wuqu/star/task_13.py (缺少类型注解)
  - 05/wuqu/star/xj05_001.py (缺少类型注解)
  - 05/wuqu/star/xj05_002.py (缺少类型注解)
  - 05/wuqu/star/xj05_003.py (缺少类型注解)
  - 05/wuqu/star/xj05_004.py (缺少类型注解)
  - 05/wuqu/star/xj05_005.py (缺少类型注解)
  - 05/wuqu/star/xj05_p1_001.py (缺少类型注解)
  - 05/wuqu/star/xj05_p1_002.py (缺少类型注解)
  - 05/wuqu/star/xj05_p1_003.py (缺少类型注解)
  - 05/wuqu/star/xj05_p1_004.py (缺少类型注解)
  - 05/wuqu/star/xj05_p1_005.py (缺少类型注解)
  - 05/wuqu/star/xj05_p2_001.py (缺少类型注解)
  - 05/wuqu/star/xj05_p2_002.py (缺少类型注解)
  - 06/pojun/star/obj_06_001.py (缺少类型注解)
  - 06/pojun/star/obj_06_002.py (缺少类型注解)
  - 06/pojun/star/obj_06_003.py (缺少类型注解)
  - 06/pojun/star/p2_06_013.py (缺少类型注解)
  - 06/pojun/star/p2_06_014.py (缺少类型注解)
  - 06/pojun/star/p3_06_011.py (缺少类型注解)
  - 06/pojun/star/p3_06_012.py (缺少类型注解)
  - 06/pojun/star/p4_06_011.py (缺少类型注解)
  - 06/pojun/star/p4_06_012.py (缺少类型注解)
  - 06/pojun/star/p5_06_011.py (缺少类型注解)
  - 06/pojun/star/p5_06_012.py (缺少类型注解)
  - 06/pojun/star/task_14.py (缺少类型注解)
  - 06/pojun/star/xj06_001.py (缺少类型注解)
  - 06/pojun/star/xj06_002.py (缺少类型注解)
  - 06/pojun/star/xj06_003.py (缺少类型注解)
  - 06/pojun/star/xj06_004.py (缺少类型注解)
  - 06/pojun/star/xj06_005.py (缺少类型注解)
  - 06/pojun/star/xj06_p1_001.py (缺少类型注解)
  - 06/pojun/star/xj06_p1_002.py (缺少类型注解)
  - 06/pojun/star/xj06_p1_003.py (缺少类型注解)
  - 06/pojun/star/xj06_p1_004.py (缺少类型注解)
  - 06/pojun/star/xj06_p1_005.py (缺少类型注解)
  - 06/pojun/star/xj06_p2_001.py (缺少类型注解)
  - 06/pojun/star/xj06_p2_002.py (缺少类型注解)
  - 07/zuofu/star/obj_07_001.py (缺少类型注解)
  - 07/zuofu/star/obj_07_002.py (缺少类型注解)
  - 07/zuofu/star/obj_07_003.py (缺少类型注解)
  - 07/zuofu/star/obj_07_004.py (缺少类型注解)
  - 07/zuofu/star/p2_07_015.py (缺少类型注解)
  - 07/zuofu/star/p2_07_016.py (缺少类型注解)
  - 07/zuofu/star/p3_07_013.py (缺少类型注解)
  - 07/zuofu/star/p3_07_014.py (缺少类型注解)
  - 07/zuofu/star/p4_07_013.py (缺少类型注解)
  - 07/zuofu/star/p4_07_014.py (缺少类型注解)
  - 07/zuofu/star/p5_07_013.py (缺少类型注解)
  - 07/zuofu/star/p5_07_014.py (缺少类型注解)
  - 07/zuofu/star/xj07_001.py (缺少类型注解)
  - 07/zuofu/star/xj07_002.py (缺少类型注解)
  - 07/zuofu/star/xj07_003.py (缺少类型注解)
  - 07/zuofu/star/xj07_004.py (缺少类型注解)
  - 07/zuofu/star/xj07_005.py (缺少类型注解)
  - 07/zuofu/star/xj07_p1_001.py (缺少类型注解)
  - 07/zuofu/star/xj07_p1_002.py (缺少类型注解)
  - 07/zuofu/star/xj07_p1_003.py (缺少类型注解)
  - 07/zuofu/star/xj07_p1_004.py (缺少类型注解)
  - 07/zuofu/star/xj07_p1_005.py (缺少类型注解)
  - 07/zuofu/star/xj07_p2_001.py (缺少类型注解)
  - 08/youbi/star/obj_08_001.py (缺少类型注解)
  - 08/youbi/star/obj_08_002.py (缺少类型注解)
  - 08/youbi/star/obj_08_003.py (缺少类型注解)
  - 08/youbi/star/p2_08_017.py (缺少类型注解)
  - 08/youbi/star/p2_08_018.py (缺少类型注解)
  - 08/youbi/star/p3_08_015.py (缺少类型注解)
  - 08/youbi/star/p3_08_016.py (缺少类型注解)
  - 08/youbi/star/p4_08_015.py (缺少类型注解)
  - 08/youbi/star/p4_08_016.py (缺少类型注解)
  - 08/youbi/star/p5_08_015.py (缺少类型注解)
  - 08/youbi/star/p5_08_016.py (缺少类型注解)
  - 08/youbi/star/task_15.py (缺少类型注解)
  - 08/youbi/star/task_16.py (缺少类型注解)
  - 08/youbi/star/task_17.py (缺少类型注解)
  - 08/youbi/star/xj08_001.py (缺少类型注解)
  - 08/youbi/star/xj08_003.py (缺少类型注解)
  - 08/youbi/star/xj08_004.py (缺少类型注解)
  - 08/youbi/star/xj08_p1_001.py (缺少类型注解)
  - 08/youbi/star/xj08_p1_003.py (缺少类型注解)
  - 08/youbi/star/xj08_p1_004.py (缺少类型注解)
  - 08/youbi/star/xj_p3_006.py (缺少类型注解)
  - 08/youbi/star/xj_p3_007.py (缺少类型注解)
  - 09/tanlang/star/obj_09_001.py (缺少类型注解)
  - 09/tanlang/star/obj_09_002.py (缺少类型注解)
  - 09/tanlang/star/obj_09_003.py (缺少类型注解)
  - 09/tanlang/star/p2_09_019.py (缺少类型注解)
  - 09/tanlang/star/p2_09_020.py (缺少类型注解)
  - 09/tanlang/star/p3_09_017.py (缺少类型注解)
  - 09/tanlang/star/p3_09_018.py (缺少类型注解)
  - 09/tanlang/star/p4_09_017.py (缺少类型注解)
  - 09/tanlang/star/p4_09_018.py (缺少类型注解)
  - 09/tanlang/star/p5_09_017.py (缺少类型注解)
  - 09/tanlang/star/p5_09_018.py (缺少类型注解)
  - 09/tanlang/star/task_18.py (缺少类型注解)
  - 09/tanlang/star/task_19.py (缺少类型注解)
  - 09/tanlang/star/task_20.py (缺少类型注解)
  - 09/tanlang/star/web_001.py (缺少类型注解)
  - 09/tanlang/star/web_002.py (缺少类型注解)
  - 09/tanlang/star/web_003.py (缺少类型注解)
  - 09/tanlang/star/web_004.py (缺少类型注解)
  - 09/tanlang/star/web_005.py (缺少类型注解)
  - 09/tanlang/star/xj09_001.py (缺少类型注解)
  - 09/tanlang/star/xj09_002.py (缺少类型注解)
  - 09/tanlang/star/xj09_003.py (缺少类型注解)
  - 09/tanlang/star/xj09_004.py (缺少类型注解)
  - 09/tanlang/star/xj09_005.py (缺少类型注解)
  - 09/tanlang/star/xj09_p1_001.py (缺少类型注解)
  - 09/tanlang/star/xj09_p1_002.py (缺少类型注解)
  - 09/tanlang/star/xj09_p1_003.py (缺少类型注解)
  - 09/tanlang/star/xj09_p1_004.py (缺少类型注解)
  - 09/tanlang/star/xj09_p1_005.py (缺少类型注解)
  - 10/fubi/star/doc_001.py (缺少类型注解)
  - 10/fubi/star/doc_002.py (缺少类型注解)
  - 10/fubi/star/doc_003.py (缺少类型注解)
  - 10/fubi/star/doc_004.py (缺少类型注解)
  - 10/fubi/star/doc_005.py (缺少类型注解)
  - 10/fubi/star/obj_10_001.py (缺少类型注解)
  - 10/fubi/star/obj_10_002.py (缺少类型注解)
  - 10/fubi/star/obj_10_003.py (缺少类型注解)
  - 10/fubi/star/p2_10_021.py (缺少类型注解)
  - 10/fubi/star/p2_10_022.py (缺少类型注解)
  - 10/fubi/star/p3_10_019.py (缺少类型注解)
  - 10/fubi/star/p3_10_020.py (缺少类型注解)
  - 10/fubi/star/p4_10_019.py (缺少类型注解)
  - 10/fubi/star/p4_10_020.py (缺少类型注解)
  - 10/fubi/star/p5_10_019.py (缺少类型注解)
  - 10/fubi/star/p5_10_020.py (缺少类型注解)
  - 10/fubi/star/xj10_001.py (缺少类型注解)
  - 10/fubi/star/xj10_002.py (缺少类型注解)
  - 10/fubi/star/xj10_003.py (缺少类型注解)
  - 10/fubi/star/xj10_004.py (缺少类型注解)
  - 10/fubi/star/xj10_005.py (缺少类型注解)
  - 10/fubi/star/xj10_p1_001.py (缺少类型注解)
  - 10/fubi/star/xj10_p1_002.py (缺少类型注解)
  - 10/fubi/star/xj10_p1_003.py (缺少类型注解)
  - 10/fubi/star/xj10_p1_004.py (缺少类型注解)
  - 10/fubi/star/xj10_p1_005.py (缺少类型注解)

=== 质检完成 ===
发现问题文件: 208 个
=== 张志远(002) 代码质检任务 ===
时间: Mon Mar 23 09:00:01 PM CST 2026

📊 代码统计:
  XJ-01: 40 文件, 1720 行
  XJ-02: 35 文件, 1330 行
  XJ-03: 25 文件, 925 行
  XJ-04: 25 文件, 650 行
  XJ-05: 24 文件, 624 行
  XJ-06: 24 文件, 624 行
  XJ-07: 23 文件, 598 行
  XJ-08: 24 文件, 658 行
  XJ-09: 29 文件, 754 行
  XJ-10: 26 文件, 676 行
  总计: 275 文件, 8559 行

📈 质量指标:
  文档覆盖率: 100.0%
  类型注解覆盖率: 37.1%

⚠️ 需要改进的文件:
  - 02/lucun/star/c_02_001.py (缺少类型注解)
  - 02/lucun/star/c_02_002.py (缺少类型注解)
  - 02/lucun/star/c_02_003.py (缺少类型注解)
  - 02/lucun/star/c_02_004.py (缺少类型注解)
  - 02/lucun/star/c_02_005.py (缺少类型注解)
  - 02/lucun/star/p2_02_004.py (缺少类型注解)
  - 02/lucun/star/p2_02_005.py (缺少类型注解)
  - 02/lucun/star/p2_02_006.py (缺少类型注解)
  - 02/lucun/star/p3_02_003.py (缺少类型注解)
  - 02/lucun/star/p3_02_004.py (缺少类型注解)
  - 02/lucun/star/p4_02_003.py (缺少类型注解)
  - 02/lucun/star/p4_02_004.py (缺少类型注解)
  - 02/lucun/star/p5_02_003.py (缺少类型注解)
  - 02/lucun/star/p5_02_004.py (缺少类型注解)
  - 02/lucun/star/task_01.py (缺少类型注解)
  - 02/lucun/star/task_02.py (缺少类型注解)
  - 02/lucun/star/task_03.py (缺少类型注解)
  - 02/lucun/star/task_04.py (缺少类型注解)
  - 02/lucun/star/task_05.py (缺少类型注解)
  - 02/lucun/star/task_06.py (缺少类型注解)
  - 02/lucun/star/task_07.py (缺少类型注解)
  - 02/lucun/star/task_08.py (缺少类型注解)
  - 02/lucun/star/task_9.py (缺少类型注解)
  - 02/lucun/star/xj02_001.py (缺少类型注解)
  - 02/lucun/star/xj02_002.py (缺少类型注解)
  - 02/lucun/star/xj02_003.py (缺少类型注解)
  - 02/lucun/star/xj02_004.py (缺少类型注解)
  - 02/lucun/star/xj02_p0_001.py (缺少类型注解)
  - 02/lucun/star/xj02_p0_002.py (缺少类型注解)
  - 02/lucun/star/xj02_p0_003.py (缺少类型注解)
  - 02/lucun/star/xj02_p1_001.py (缺少类型注解)
  - 02/lucun/star/xj02_p1_003.py (缺少类型注解)
  - 02/lucun/star/xj02_p2_001.py (缺少类型注解)
  - 02/lucun/star/xj02_p2_002.py (缺少类型注解)
  - 02/lucun/star/xj_p3_002.py (缺少类型注解)
  - 04/lianzheng/star/obj_04_001.py (缺少类型注解)
  - 04/lianzheng/star/obj_04_002.py (缺少类型注解)
  - 04/lianzheng/star/obj_04_003.py (缺少类型注解)
  - 04/lianzheng/star/p2_04_009.py (缺少类型注解)
  - 04/lianzheng/star/p2_04_010.py (缺少类型注解)
  - 04/lianzheng/star/p3_04_007.py (缺少类型注解)
  - 04/lianzheng/star/p3_04_008.py (缺少类型注解)
  - 04/lianzheng/star/p4_04_007.py (缺少类型注解)
  - 04/lianzheng/star/p4_04_008.py (缺少类型注解)
  - 04/lianzheng/star/p5_04_007.py (缺少类型注解)
  - 04/lianzheng/star/p5_04_008.py (缺少类型注解)
  - 04/lianzheng/star/task_11.py (缺少类型注解)
  - 04/lianzheng/star/task_12.py (缺少类型注解)
  - 04/lianzheng/star/xj04_001.py (缺少类型注解)
  - 04/lianzheng/star/xj04_002.py (缺少类型注解)
  - 04/lianzheng/star/xj04_003.py (缺少类型注解)
  - 04/lianzheng/star/xj04_004.py (缺少类型注解)
  - 04/lianzheng/star/xj04_005.py (缺少类型注解)
  - 04/lianzheng/star/xj04_p1_001.py (缺少类型注解)
  - 04/lianzheng/star/xj04_p1_002.py (缺少类型注解)
  - 04/lianzheng/star/xj04_p1_003.py (缺少类型注解)
  - 04/lianzheng/star/xj04_p1_004.py (缺少类型注解)
  - 04/lianzheng/star/xj04_p1_005.py (缺少类型注解)
  - 04/lianzheng/star/xj04_p2_001.py (缺少类型注解)
  - 04/lianzheng/star/xj04_p2_002.py (缺少类型注解)
  - 05/wuqu/star/obj_05_001.py (缺少类型注解)
  - 05/wuqu/star/obj_05_002.py (缺少类型注解)
  - 05/wuqu/star/obj_05_003.py (缺少类型注解)
  - 05/wuqu/star/p2_05_011.py (缺少类型注解)
  - 05/wuqu/star/p2_05_012.py (缺少类型注解)
  - 05/wuqu/star/p3_05_009.py (缺少类型注解)
  - 05/wuqu/star/p3_05_010.py (缺少类型注解)
  - 05/wuqu/star/p4_05_009.py (缺少类型注解)
  - 05/wuqu/star/p4_05_010.py (缺少类型注解)
  - 05/wuqu/star/p5_05_009.py (缺少类型注解)
  - 05/wuqu/star/p5_05_010.py (缺少类型注解)
  - 05/wuqu/star/task_13.py (缺少类型注解)
  - 05/wuqu/star/xj05_001.py (缺少类型注解)
  - 05/wuqu/star/xj05_002.py (缺少类型注解)
  - 05/wuqu/star/xj05_003.py (缺少类型注解)
  - 05/wuqu/star/xj05_004.py (缺少类型注解)
  - 05/wuqu/star/xj05_005.py (缺少类型注解)
  - 05/wuqu/star/xj05_p1_001.py (缺少类型注解)
  - 05/wuqu/star/xj05_p1_002.py (缺少类型注解)
  - 05/wuqu/star/xj05_p1_003.py (缺少类型注解)
  - 05/wuqu/star/xj05_p1_004.py (缺少类型注解)
  - 05/wuqu/star/xj05_p1_005.py (缺少类型注解)
  - 05/wuqu/star/xj05_p2_001.py (缺少类型注解)
  - 05/wuqu/star/xj05_p2_002.py (缺少类型注解)
  - 06/pojun/star/obj_06_001.py (缺少类型注解)
  - 06/pojun/star/obj_06_002.py (缺少类型注解)
  - 06/pojun/star/obj_06_003.py (缺少类型注解)
  - 06/pojun/star/p2_06_013.py (缺少类型注解)
  - 06/pojun/star/p2_06_014.py (缺少类型注解)
  - 06/pojun/star/p3_06_011.py (缺少类型注解)
  - 06/pojun/star/p3_06_012.py (缺少类型注解)
  - 06/pojun/star/p4_06_011.py (缺少类型注解)
  - 06/pojun/star/p4_06_012.py (缺少类型注解)
  - 06/pojun/star/p5_06_011.py (缺少类型注解)
  - 06/pojun/star/p5_06_012.py (缺少类型注解)
  - 06/pojun/star/task_14.py (缺少类型注解)
  - 06/pojun/star/xj06_001.py (缺少类型注解)
  - 06/pojun/star/xj06_002.py (缺少类型注解)
  - 06/pojun/star/xj06_003.py (缺少类型注解)
  - 06/pojun/star/xj06_004.py (缺少类型注解)
  - 06/pojun/star/xj06_005.py (缺少类型注解)
  - 06/pojun/star/xj06_p1_001.py (缺少类型注解)
  - 06/pojun/star/xj06_p1_002.py (缺少类型注解)
  - 06/pojun/star/xj06_p1_003.py (缺少类型注解)
  - 06/pojun/star/xj06_p1_004.py (缺少类型注解)
  - 06/pojun/star/xj06_p1_005.py (缺少类型注解)
  - 06/pojun/star/xj06_p2_001.py (缺少类型注解)
  - 06/pojun/star/xj06_p2_002.py (缺少类型注解)
  - 07/zuofu/star/obj_07_001.py (缺少类型注解)
  - 07/zuofu/star/obj_07_002.py (缺少类型注解)
  - 07/zuofu/star/obj_07_003.py (缺少类型注解)
  - 07/zuofu/star/obj_07_004.py (缺少类型注解)
  - 07/zuofu/star/p2_07_015.py (缺少类型注解)
  - 07/zuofu/star/p2_07_016.py (缺少类型注解)
  - 07/zuofu/star/p3_07_013.py (缺少类型注解)
  - 07/zuofu/star/p3_07_014.py (缺少类型注解)
  - 07/zuofu/star/p4_07_013.py (缺少类型注解)
  - 07/zuofu/star/p4_07_014.py (缺少类型注解)
  - 07/zuofu/star/p5_07_013.py (缺少类型注解)
  - 07/zuofu/star/p5_07_014.py (缺少类型注解)
  - 07/zuofu/star/xj07_001.py (缺少类型注解)
  - 07/zuofu/star/xj07_002.py (缺少类型注解)
  - 07/zuofu/star/xj07_003.py (缺少类型注解)
  - 07/zuofu/star/xj07_004.py (缺少类型注解)
  - 07/zuofu/star/xj07_005.py (缺少类型注解)
  - 07/zuofu/star/xj07_p1_001.py (缺少类型注解)
  - 07/zuofu/star/xj07_p1_002.py (缺少类型注解)
  - 07/zuofu/star/xj07_p1_003.py (缺少类型注解)
  - 07/zuofu/star/xj07_p1_004.py (缺少类型注解)
  - 07/zuofu/star/xj07_p1_005.py (缺少类型注解)
  - 07/zuofu/star/xj07_p2_001.py (缺少类型注解)
  - 08/youbi/star/obj_08_001.py (缺少类型注解)
  - 08/youbi/star/obj_08_002.py (缺少类型注解)
  - 08/youbi/star/obj_08_003.py (缺少类型注解)
  - 08/youbi/star/p2_08_017.py (缺少类型注解)
  - 08/youbi/star/p2_08_018.py (缺少类型注解)
  - 08/youbi/star/p3_08_015.py (缺少类型注解)
  - 08/youbi/star/p3_08_016.py (缺少类型注解)
  - 08/youbi/star/p4_08_015.py (缺少类型注解)
  - 08/youbi/star/p4_08_016.py (缺少类型注解)
  - 08/youbi/star/p5_08_015.py (缺少类型注解)
  - 08/youbi/star/p5_08_016.py (缺少类型注解)
  - 08/youbi/star/task_15.py (缺少类型注解)
  - 08/youbi/star/task_16.py (缺少类型注解)
  - 08/youbi/star/task_17.py (缺少类型注解)
  - 08/youbi/star/xj08_001.py (缺少类型注解)
  - 08/youbi/star/xj08_003.py (缺少类型注解)
  - 08/youbi/star/xj08_004.py (缺少类型注解)
  - 08/youbi/star/xj08_p1_001.py (缺少类型注解)
  - 08/youbi/star/xj08_p1_003.py (缺少类型注解)
  - 08/youbi/star/xj08_p1_004.py (缺少类型注解)
  - 08/youbi/star/xj_p3_006.py (缺少类型注解)
  - 08/youbi/star/xj_p3_007.py (缺少类型注解)
  - 09/tanlang/star/obj_09_001.py (缺少类型注解)
  - 09/tanlang/star/obj_09_002.py (缺少类型注解)
  - 09/tanlang/star/obj_09_003.py (缺少类型注解)
  - 09/tanlang/star/p2_09_019.py (缺少类型注解)
  - 09/tanlang/star/p2_09_020.py (缺少类型注解)
  - 09/tanlang/star/p3_09_017.py (缺少类型注解)
  - 09/tanlang/star/p3_09_018.py (缺少类型注解)
  - 09/tanlang/star/p4_09_017.py (缺少类型注解)
  - 09/tanlang/star/p4_09_018.py (缺少类型注解)
  - 09/tanlang/star/p5_09_017.py (缺少类型注解)
  - 09/tanlang/star/p5_09_018.py (缺少类型注解)
  - 09/tanlang/star/task_18.py (缺少类型注解)
  - 09/tanlang/star/task_19.py (缺少类型注解)
  - 09/tanlang/star/task_20.py (缺少类型注解)
  - 09/tanlang/star/web_001.py (缺少类型注解)
  - 09/tanlang/star/web_002.py (缺少类型注解)
  - 09/tanlang/star/web_003.py (缺少类型注解)
  - 09/tanlang/star/web_004.py (缺少类型注解)
  - 09/tanlang/star/web_005.py (缺少类型注解)
  - 09/tanlang/star/xj09_001.py (缺少类型注解)
  - 09/tanlang/star/xj09_002.py (缺少类型注解)
  - 09/tanlang/star/xj09_003.py (缺少类型注解)
  - 09/tanlang/star/xj09_004.py (缺少类型注解)
  - 09/tanlang/star/xj09_005.py (缺少类型注解)
  - 09/tanlang/star/xj09_p1_001.py (缺少类型注解)
  - 09/tanlang/star/xj09_p1_002.py (缺少类型注解)
  - 09/tanlang/star/xj09_p1_003.py (缺少类型注解)
  - 09/tanlang/star/xj09_p1_004.py (缺少类型注解)
  - 09/tanlang/star/xj09_p1_005.py (缺少类型注解)
  - 10/fubi/star/doc_001.py (缺少类型注解)
  - 10/fubi/star/doc_002.py (缺少类型注解)
  - 10/fubi/star/doc_003.py (缺少类型注解)
  - 10/fubi/star/doc_004.py (缺少类型注解)
  - 10/fubi/star/doc_005.py (缺少类型注解)
  - 10/fubi/star/obj_10_001.py (缺少类型注解)
  - 10/fubi/star/obj_10_002.py (缺少类型注解)
  - 10/fubi/star/obj_10_003.py (缺少类型注解)
  - 10/fubi/star/p2_10_021.py (缺少类型注解)
  - 10/fubi/star/p2_10_022.py (缺少类型注解)
  - 10/fubi/star/p3_10_019.py (缺少类型注解)
  - 10/fubi/star/p3_10_020.py (缺少类型注解)
  - 10/fubi/star/p4_10_019.py (缺少类型注解)
  - 10/fubi/star/p4_10_020.py (缺少类型注解)
  - 10/fubi/star/p5_10_019.py (缺少类型注解)
  - 10/fubi/star/p5_10_020.py (缺少类型注解)
  - 10/fubi/star/xj10_001.py (缺少类型注解)
  - 10/fubi/star/xj10_002.py (缺少类型注解)
  - 10/fubi/star/xj10_003.py (缺少类型注解)
  - 10/fubi/star/xj10_004.py (缺少类型注解)
  - 10/fubi/star/xj10_005.py (缺少类型注解)
  - 10/fubi/star/xj10_p1_001.py (缺少类型注解)
  - 10/fubi/star/xj10_p1_002.py (缺少类型注解)
  - 10/fubi/star/xj10_p1_003.py (缺少类型注解)
  - 10/fubi/star/xj10_p1_004.py (缺少类型注解)
  - 10/fubi/star/xj10_p1_005.py (缺少类型注解)

=== 质检完成 ===
发现问题文件: 208 个
=== 张志远(002) 代码质检任务 ===
时间: Mon Mar 23 09:30:01 PM CST 2026

📊 代码统计:
  XJ-01: 40 文件, 1720 行
  XJ-02: 35 文件, 1330 行
  XJ-03: 25 文件, 925 行
  XJ-04: 25 文件, 650 行
  XJ-05: 24 文件, 624 行
  XJ-06: 24 文件, 624 行
  XJ-07: 23 文件, 598 行
  XJ-08: 24 文件, 658 行
  XJ-09: 29 文件, 754 行
  XJ-10: 26 文件, 676 行
  总计: 275 文件, 8559 行

📈 质量指标:
  文档覆盖率: 100.0%
  类型注解覆盖率: 37.1%

⚠️ 需要改进的文件:
  - 02/lucun/star/c_02_001.py (缺少类型注解)
  - 02/lucun/star/c_02_002.py (缺少类型注解)
  - 02/lucun/star/c_02_003.py (缺少类型注解)
  - 02/lucun/star/c_02_004.py (缺少类型注解)
  - 02/lucun/star/c_02_005.py (缺少类型注解)
  - 02/lucun/star/p2_02_004.py (缺少类型注解)
  - 02/lucun/star/p2_02_005.py (缺少类型注解)
  - 02/lucun/star/p2_02_006.py (缺少类型注解)
  - 02/lucun/star/p3_02_003.py (缺少类型注解)
  - 02/lucun/star/p3_02_004.py (缺少类型注解)
  - 02/lucun/star/p4_02_003.py (缺少类型注解)
  - 02/lucun/star/p4_02_004.py (缺少类型注解)
  - 02/lucun/star/p5_02_003.py (缺少类型注解)
  - 02/lucun/star/p5_02_004.py (缺少类型注解)
  - 02/lucun/star/task_01.py (缺少类型注解)
  - 02/lucun/star/task_02.py (缺少类型注解)
  - 02/lucun/star/task_03.py (缺少类型注解)
  - 02/lucun/star/task_04.py (缺少类型注解)
  - 02/lucun/star/task_05.py (缺少类型注解)
  - 02/lucun/star/task_06.py (缺少类型注解)
  - 02/lucun/star/task_07.py (缺少类型注解)
  - 02/lucun/star/task_08.py (缺少类型注解)
  - 02/lucun/star/task_9.py (缺少类型注解)
  - 02/lucun/star/xj02_001.py (缺少类型注解)
  - 02/lucun/star/xj02_002.py (缺少类型注解)
  - 02/lucun/star/xj02_003.py (缺少类型注解)
  - 02/lucun/star/xj02_004.py (缺少类型注解)
  - 02/lucun/star/xj02_p0_001.py (缺少类型注解)
  - 02/lucun/star/xj02_p0_002.py (缺少类型注解)
  - 02/lucun/star/xj02_p0_003.py (缺少类型注解)
  - 02/lucun/star/xj02_p1_001.py (缺少类型注解)
  - 02/lucun/star/xj02_p1_003.py (缺少类型注解)
  - 02/lucun/star/xj02_p2_001.py (缺少类型注解)
  - 02/lucun/star/xj02_p2_002.py (缺少类型注解)
  - 02/lucun/star/xj_p3_002.py (缺少类型注解)
  - 04/lianzheng/star/obj_04_001.py (缺少类型注解)
  - 04/lianzheng/star/obj_04_002.py (缺少类型注解)
  - 04/lianzheng/star/obj_04_003.py (缺少类型注解)
  - 04/lianzheng/star/p2_04_009.py (缺少类型注解)
  - 04/lianzheng/star/p2_04_010.py (缺少类型注解)
  - 04/lianzheng/star/p3_04_007.py (缺少类型注解)
  - 04/lianzheng/star/p3_04_008.py (缺少类型注解)
  - 04/lianzheng/star/p4_04_007.py (缺少类型注解)
  - 04/lianzheng/star/p4_04_008.py (缺少类型注解)
  - 04/lianzheng/star/p5_04_007.py (缺少类型注解)
  - 04/lianzheng/star/p5_04_008.py (缺少类型注解)
  - 04/lianzheng/star/task_11.py (缺少类型注解)
  - 04/lianzheng/star/task_12.py (缺少类型注解)
  - 04/lianzheng/star/xj04_001.py (缺少类型注解)
  - 04/lianzheng/star/xj04_002.py (缺少类型注解)
  - 04/lianzheng/star/xj04_003.py (缺少类型注解)
  - 04/lianzheng/star/xj04_004.py (缺少类型注解)
  - 04/lianzheng/star/xj04_005.py (缺少类型注解)
  - 04/lianzheng/star/xj04_p1_001.py (缺少类型注解)
  - 04/lianzheng/star/xj04_p1_002.py (缺少类型注解)
  - 04/lianzheng/star/xj04_p1_003.py (缺少类型注解)
  - 04/lianzheng/star/xj04_p1_004.py (缺少类型注解)
  - 04/lianzheng/star/xj04_p1_005.py (缺少类型注解)
  - 04/lianzheng/star/xj04_p2_001.py (缺少类型注解)
  - 04/lianzheng/star/xj04_p2_002.py (缺少类型注解)
  - 05/wuqu/star/obj_05_001.py (缺少类型注解)
  - 05/wuqu/star/obj_05_002.py (缺少类型注解)
  - 05/wuqu/star/obj_05_003.py (缺少类型注解)
  - 05/wuqu/star/p2_05_011.py (缺少类型注解)
  - 05/wuqu/star/p2_05_012.py (缺少类型注解)
  - 05/wuqu/star/p3_05_009.py (缺少类型注解)
  - 05/wuqu/star/p3_05_010.py (缺少类型注解)
  - 05/wuqu/star/p4_05_009.py (缺少类型注解)
  - 05/wuqu/star/p4_05_010.py (缺少类型注解)
  - 05/wuqu/star/p5_05_009.py (缺少类型注解)
  - 05/wuqu/star/p5_05_010.py (缺少类型注解)
  - 05/wuqu/star/task_13.py (缺少类型注解)
  - 05/wuqu/star/xj05_001.py (缺少类型注解)
  - 05/wuqu/star/xj05_002.py (缺少类型注解)
  - 05/wuqu/star/xj05_003.py (缺少类型注解)
  - 05/wuqu/star/xj05_004.py (缺少类型注解)
  - 05/wuqu/star/xj05_005.py (缺少类型注解)
  - 05/wuqu/star/xj05_p1_001.py (缺少类型注解)
  - 05/wuqu/star/xj05_p1_002.py (缺少类型注解)
  - 05/wuqu/star/xj05_p1_003.py (缺少类型注解)
  - 05/wuqu/star/xj05_p1_004.py (缺少类型注解)
  - 05/wuqu/star/xj05_p1_005.py (缺少类型注解)
  - 05/wuqu/star/xj05_p2_001.py (缺少类型注解)
  - 05/wuqu/star/xj05_p2_002.py (缺少类型注解)
  - 06/pojun/star/obj_06_001.py (缺少类型注解)
  - 06/pojun/star/obj_06_002.py (缺少类型注解)
  - 06/pojun/star/obj_06_003.py (缺少类型注解)
  - 06/pojun/star/p2_06_013.py (缺少类型注解)
  - 06/pojun/star/p2_06_014.py (缺少类型注解)
  - 06/pojun/star/p3_06_011.py (缺少类型注解)
  - 06/pojun/star/p3_06_012.py (缺少类型注解)
  - 06/pojun/star/p4_06_011.py (缺少类型注解)
  - 06/pojun/star/p4_06_012.py (缺少类型注解)
  - 06/pojun/star/p5_06_011.py (缺少类型注解)
  - 06/pojun/star/p5_06_012.py (缺少类型注解)
  - 06/pojun/star/task_14.py (缺少类型注解)
  - 06/pojun/star/xj06_001.py (缺少类型注解)
  - 06/pojun/star/xj06_002.py (缺少类型注解)
  - 06/pojun/star/xj06_003.py (缺少类型注解)
  - 06/pojun/star/xj06_004.py (缺少类型注解)
  - 06/pojun/star/xj06_005.py (缺少类型注解)
  - 06/pojun/star/xj06_p1_001.py (缺少类型注解)
  - 06/pojun/star/xj06_p1_002.py (缺少类型注解)
  - 06/pojun/star/xj06_p1_003.py (缺少类型注解)
  - 06/pojun/star/xj06_p1_004.py (缺少类型注解)
  - 06/pojun/star/xj06_p1_005.py (缺少类型注解)
  - 06/pojun/star/xj06_p2_001.py (缺少类型注解)
  - 06/pojun/star/xj06_p2_002.py (缺少类型注解)
  - 07/zuofu/star/obj_07_001.py (缺少类型注解)
  - 07/zuofu/star/obj_07_002.py (缺少类型注解)
  - 07/zuofu/star/obj_07_003.py (缺少类型注解)
  - 07/zuofu/star/obj_07_004.py (缺少类型注解)
  - 07/zuofu/star/p2_07_015.py (缺少类型注解)
  - 07/zuofu/star/p2_07_016.py (缺少类型注解)
  - 07/zuofu/star/p3_07_013.py (缺少类型注解)
  - 07/zuofu/star/p3_07_014.py (缺少类型注解)
  - 07/zuofu/star/p4_07_013.py (缺少类型注解)
  - 07/zuofu/star/p4_07_014.py (缺少类型注解)
  - 07/zuofu/star/p5_07_013.py (缺少类型注解)
  - 07/zuofu/star/p5_07_014.py (缺少类型注解)
  - 07/zuofu/star/xj07_001.py (缺少类型注解)
  - 07/zuofu/star/xj07_002.py (缺少类型注解)
  - 07/zuofu/star/xj07_003.py (缺少类型注解)
  - 07/zuofu/star/xj07_004.py (缺少类型注解)
  - 07/zuofu/star/xj07_005.py (缺少类型注解)
  - 07/zuofu/star/xj07_p1_001.py (缺少类型注解)
  - 07/zuofu/star/xj07_p1_002.py (缺少类型注解)
  - 07/zuofu/star/xj07_p1_003.py (缺少类型注解)
  - 07/zuofu/star/xj07_p1_004.py (缺少类型注解)
  - 07/zuofu/star/xj07_p1_005.py (缺少类型注解)
  - 07/zuofu/star/xj07_p2_001.py (缺少类型注解)
  - 08/youbi/star/obj_08_001.py (缺少类型注解)
  - 08/youbi/star/obj_08_002.py (缺少类型注解)
  - 08/youbi/star/obj_08_003.py (缺少类型注解)
  - 08/youbi/star/p2_08_017.py (缺少类型注解)
  - 08/youbi/star/p2_08_018.py (缺少类型注解)
  - 08/youbi/star/p3_08_015.py (缺少类型注解)
  - 08/youbi/star/p3_08_016.py (缺少类型注解)
  - 08/youbi/star/p4_08_015.py (缺少类型注解)
  - 08/youbi/star/p4_08_016.py (缺少类型注解)
  - 08/youbi/star/p5_08_015.py (缺少类型注解)
  - 08/youbi/star/p5_08_016.py (缺少类型注解)
  - 08/youbi/star/task_15.py (缺少类型注解)
  - 08/youbi/star/task_16.py (缺少类型注解)
  - 08/youbi/star/task_17.py (缺少类型注解)
  - 08/youbi/star/xj08_001.py (缺少类型注解)
  - 08/youbi/star/xj08_003.py (缺少类型注解)
  - 08/youbi/star/xj08_004.py (缺少类型注解)
  - 08/youbi/star/xj08_p1_001.py (缺少类型注解)
  - 08/youbi/star/xj08_p1_003.py (缺少类型注解)
  - 08/youbi/star/xj08_p1_004.py (缺少类型注解)
  - 08/youbi/star/xj_p3_006.py (缺少类型注解)
  - 08/youbi/star/xj_p3_007.py (缺少类型注解)
  - 09/tanlang/star/obj_09_001.py (缺少类型注解)
  - 09/tanlang/star/obj_09_002.py (缺少类型注解)
  - 09/tanlang/star/obj_09_003.py (缺少类型注解)
  - 09/tanlang/star/p2_09_019.py (缺少类型注解)
  - 09/tanlang/star/p2_09_020.py (缺少类型注解)
  - 09/tanlang/star/p3_09_017.py (缺少类型注解)
  - 09/tanlang/star/p3_09_018.py (缺少类型注解)
  - 09/tanlang/star/p4_09_017.py (缺少类型注解)
  - 09/tanlang/star/p4_09_018.py (缺少类型注解)
  - 09/tanlang/star/p5_09_017.py (缺少类型注解)
  - 09/tanlang/star/p5_09_018.py (缺少类型注解)
  - 09/tanlang/star/task_18.py (缺少类型注解)
  - 09/tanlang/star/task_19.py (缺少类型注解)
  - 09/tanlang/star/task_20.py (缺少类型注解)
  - 09/tanlang/star/web_001.py (缺少类型注解)
  - 09/tanlang/star/web_002.py (缺少类型注解)
  - 09/tanlang/star/web_003.py (缺少类型注解)
  - 09/tanlang/star/web_004.py (缺少类型注解)
  - 09/tanlang/star/web_005.py (缺少类型注解)
  - 09/tanlang/star/xj09_001.py (缺少类型注解)
  - 09/tanlang/star/xj09_002.py (缺少类型注解)
  - 09/tanlang/star/xj09_003.py (缺少类型注解)
  - 09/tanlang/star/xj09_004.py (缺少类型注解)
  - 09/tanlang/star/xj09_005.py (缺少类型注解)
  - 09/tanlang/star/xj09_p1_001.py (缺少类型注解)
  - 09/tanlang/star/xj09_p1_002.py (缺少类型注解)
  - 09/tanlang/star/xj09_p1_003.py (缺少类型注解)
  - 09/tanlang/star/xj09_p1_004.py (缺少类型注解)
  - 09/tanlang/star/xj09_p1_005.py (缺少类型注解)
  - 10/fubi/star/doc_001.py (缺少类型注解)
  - 10/fubi/star/doc_002.py (缺少类型注解)
  - 10/fubi/star/doc_003.py (缺少类型注解)
  - 10/fubi/star/doc_004.py (缺少类型注解)
  - 10/fubi/star/doc_005.py (缺少类型注解)
  - 10/fubi/star/obj_10_001.py (缺少类型注解)
  - 10/fubi/star/obj_10_002.py (缺少类型注解)
  - 10/fubi/star/obj_10_003.py (缺少类型注解)
  - 10/fubi/star/p2_10_021.py (缺少类型注解)
  - 10/fubi/star/p2_10_022.py (缺少类型注解)
  - 10/fubi/star/p3_10_019.py (缺少类型注解)
  - 10/fubi/star/p3_10_020.py (缺少类型注解)
  - 10/fubi/star/p4_10_019.py (缺少类型注解)
  - 10/fubi/star/p4_10_020.py (缺少类型注解)
  - 10/fubi/star/p5_10_019.py (缺少类型注解)
  - 10/fubi/star/p5_10_020.py (缺少类型注解)
  - 10/fubi/star/xj10_001.py (缺少类型注解)
  - 10/fubi/star/xj10_002.py (缺少类型注解)
  - 10/fubi/star/xj10_003.py (缺少类型注解)
  - 10/fubi/star/xj10_004.py (缺少类型注解)
  - 10/fubi/star/xj10_005.py (缺少类型注解)
  - 10/fubi/star/xj10_p1_001.py (缺少类型注解)
  - 10/fubi/star/xj10_p1_002.py (缺少类型注解)
  - 10/fubi/star/xj10_p1_003.py (缺少类型注解)
  - 10/fubi/star/xj10_p1_004.py (缺少类型注解)
  - 10/fubi/star/xj10_p1_005.py (缺少类型注解)

=== 质检完成 ===
发现问题文件: 208 个
=== 张志远(002) 代码质检任务 ===
时间: Mon Mar 23 10:00:01 PM CST 2026

📊 代码统计:
  XJ-01: 40 文件, 1720 行
  XJ-02: 35 文件, 1330 行
  XJ-03: 25 文件, 925 行
  XJ-04: 25 文件, 650 行
  XJ-05: 24 文件, 624 行
  XJ-06: 24 文件, 624 行
  XJ-07: 23 文件, 598 行
  XJ-08: 24 文件, 658 行
  XJ-09: 29 文件, 754 行
  XJ-10: 26 文件, 676 行
  总计: 275 文件, 8559 行

📈 质量指标:
  文档覆盖率: 100.0%
  类型注解覆盖率: 37.1%

⚠️ 需要改进的文件:
  - 02/lucun/star/c_02_001.py (缺少类型注解)
  - 02/lucun/star/c_02_002.py (缺少类型注解)
  - 02/lucun/star/c_02_003.py (缺少类型注解)
  - 02/lucun/star/c_02_004.py (缺少类型注解)
  - 02/lucun/star/c_02_005.py (缺少类型注解)
  - 02/lucun/star/p2_02_004.py (缺少类型注解)
  - 02/lucun/star/p2_02_005.py (缺少类型注解)
  - 02/lucun/star/p2_02_006.py (缺少类型注解)
  - 02/lucun/star/p3_02_003.py (缺少类型注解)
  - 02/lucun/star/p3_02_004.py (缺少类型注解)
  - 02/lucun/star/p4_02_003.py (缺少类型注解)
  - 02/lucun/star/p4_02_004.py (缺少类型注解)
  - 02/lucun/star/p5_02_003.py (缺少类型注解)
  - 02/lucun/star/p5_02_004.py (缺少类型注解)
  - 02/lucun/star/task_01.py (缺少类型注解)
  - 02/lucun/star/task_02.py (缺少类型注解)
  - 02/lucun/star/task_03.py (缺少类型注解)
  - 02/lucun/star/task_04.py (缺少类型注解)
  - 02/lucun/star/task_05.py (缺少类型注解)
  - 02/lucun/star/task_06.py (缺少类型注解)
  - 02/lucun/star/task_07.py (缺少类型注解)
  - 02/lucun/star/task_08.py (缺少类型注解)
  - 02/lucun/star/task_9.py (缺少类型注解)
  - 02/lucun/star/xj02_001.py (缺少类型注解)
  - 02/lucun/star/xj02_002.py (缺少类型注解)
  - 02/lucun/star/xj02_003.py (缺少类型注解)
  - 02/lucun/star/xj02_004.py (缺少类型注解)
  - 02/lucun/star/xj02_p0_001.py (缺少类型注解)
  - 02/lucun/star/xj02_p0_002.py (缺少类型注解)
  - 02/lucun/star/xj02_p0_003.py (缺少类型注解)
  - 02/lucun/star/xj02_p1_001.py (缺少类型注解)
  - 02/lucun/star/xj02_p1_003.py (缺少类型注解)
  - 02/lucun/star/xj02_p2_001.py (缺少类型注解)
  - 02/lucun/star/xj02_p2_002.py (缺少类型注解)
  - 02/lucun/star/xj_p3_002.py (缺少类型注解)
  - 04/lianzheng/star/obj_04_001.py (缺少类型注解)
  - 04/lianzheng/star/obj_04_002.py (缺少类型注解)
  - 04/lianzheng/star/obj_04_003.py (缺少类型注解)
  - 04/lianzheng/star/p2_04_009.py (缺少类型注解)
  - 04/lianzheng/star/p2_04_010.py (缺少类型注解)
  - 04/lianzheng/star/p3_04_007.py (缺少类型注解)
  - 04/lianzheng/star/p3_04_008.py (缺少类型注解)
  - 04/lianzheng/star/p4_04_007.py (缺少类型注解)
  - 04/lianzheng/star/p4_04_008.py (缺少类型注解)
  - 04/lianzheng/star/p5_04_007.py (缺少类型注解)
  - 04/lianzheng/star/p5_04_008.py (缺少类型注解)
  - 04/lianzheng/star/task_11.py (缺少类型注解)
  - 04/lianzheng/star/task_12.py (缺少类型注解)
  - 04/lianzheng/star/xj04_001.py (缺少类型注解)
  - 04/lianzheng/star/xj04_002.py (缺少类型注解)
  - 04/lianzheng/star/xj04_003.py (缺少类型注解)
  - 04/lianzheng/star/xj04_004.py (缺少类型注解)
  - 04/lianzheng/star/xj04_005.py (缺少类型注解)
  - 04/lianzheng/star/xj04_p1_001.py (缺少类型注解)
  - 04/lianzheng/star/xj04_p1_002.py (缺少类型注解)
  - 04/lianzheng/star/xj04_p1_003.py (缺少类型注解)
  - 04/lianzheng/star/xj04_p1_004.py (缺少类型注解)
  - 04/lianzheng/star/xj04_p1_005.py (缺少类型注解)
  - 04/lianzheng/star/xj04_p2_001.py (缺少类型注解)
  - 04/lianzheng/star/xj04_p2_002.py (缺少类型注解)
  - 05/wuqu/star/obj_05_001.py (缺少类型注解)
  - 05/wuqu/star/obj_05_002.py (缺少类型注解)
  - 05/wuqu/star/obj_05_003.py (缺少类型注解)
  - 05/wuqu/star/p2_05_011.py (缺少类型注解)
  - 05/wuqu/star/p2_05_012.py (缺少类型注解)
  - 05/wuqu/star/p3_05_009.py (缺少类型注解)
  - 05/wuqu/star/p3_05_010.py (缺少类型注解)
  - 05/wuqu/star/p4_05_009.py (缺少类型注解)
  - 05/wuqu/star/p4_05_010.py (缺少类型注解)
  - 05/wuqu/star/p5_05_009.py (缺少类型注解)
  - 05/wuqu/star/p5_05_010.py (缺少类型注解)
  - 05/wuqu/star/task_13.py (缺少类型注解)
  - 05/wuqu/star/xj05_001.py (缺少类型注解)
  - 05/wuqu/star/xj05_002.py (缺少类型注解)
  - 05/wuqu/star/xj05_003.py (缺少类型注解)
  - 05/wuqu/star/xj05_004.py (缺少类型注解)
  - 05/wuqu/star/xj05_005.py (缺少类型注解)
  - 05/wuqu/star/xj05_p1_001.py (缺少类型注解)
  - 05/wuqu/star/xj05_p1_002.py (缺少类型注解)
  - 05/wuqu/star/xj05_p1_003.py (缺少类型注解)
  - 05/wuqu/star/xj05_p1_004.py (缺少类型注解)
  - 05/wuqu/star/xj05_p1_005.py (缺少类型注解)
  - 05/wuqu/star/xj05_p2_001.py (缺少类型注解)
  - 05/wuqu/star/xj05_p2_002.py (缺少类型注解)
  - 06/pojun/star/obj_06_001.py (缺少类型注解)
  - 06/pojun/star/obj_06_002.py (缺少类型注解)
  - 06/pojun/star/obj_06_003.py (缺少类型注解)
  - 06/pojun/star/p2_06_013.py (缺少类型注解)
  - 06/pojun/star/p2_06_014.py (缺少类型注解)
  - 06/pojun/star/p3_06_011.py (缺少类型注解)
  - 06/pojun/star/p3_06_012.py (缺少类型注解)
  - 06/pojun/star/p4_06_011.py (缺少类型注解)
  - 06/pojun/star/p4_06_012.py (缺少类型注解)
  - 06/pojun/star/p5_06_011.py (缺少类型注解)
  - 06/pojun/star/p5_06_012.py (缺少类型注解)
  - 06/pojun/star/task_14.py (缺少类型注解)
  - 06/pojun/star/xj06_001.py (缺少类型注解)
  - 06/pojun/star/xj06_002.py (缺少类型注解)
  - 06/pojun/star/xj06_003.py (缺少类型注解)
  - 06/pojun/star/xj06_004.py (缺少类型注解)
  - 06/pojun/star/xj06_005.py (缺少类型注解)
  - 06/pojun/star/xj06_p1_001.py (缺少类型注解)
  - 06/pojun/star/xj06_p1_002.py (缺少类型注解)
  - 06/pojun/star/xj06_p1_003.py (缺少类型注解)
  - 06/pojun/star/xj06_p1_004.py (缺少类型注解)
  - 06/pojun/star/xj06_p1_005.py (缺少类型注解)
  - 06/pojun/star/xj06_p2_001.py (缺少类型注解)
  - 06/pojun/star/xj06_p2_002.py (缺少类型注解)
  - 07/zuofu/star/obj_07_001.py (缺少类型注解)
  - 07/zuofu/star/obj_07_002.py (缺少类型注解)
  - 07/zuofu/star/obj_07_003.py (缺少类型注解)
  - 07/zuofu/star/obj_07_004.py (缺少类型注解)
  - 07/zuofu/star/p2_07_015.py (缺少类型注解)
  - 07/zuofu/star/p2_07_016.py (缺少类型注解)
  - 07/zuofu/star/p3_07_013.py (缺少类型注解)
  - 07/zuofu/star/p3_07_014.py (缺少类型注解)
  - 07/zuofu/star/p4_07_013.py (缺少类型注解)
  - 07/zuofu/star/p4_07_014.py (缺少类型注解)
  - 07/zuofu/star/p5_07_013.py (缺少类型注解)
  - 07/zuofu/star/p5_07_014.py (缺少类型注解)
  - 07/zuofu/star/xj07_001.py (缺少类型注解)
  - 07/zuofu/star/xj07_002.py (缺少类型注解)
  - 07/zuofu/star/xj07_003.py (缺少类型注解)
  - 07/zuofu/star/xj07_004.py (缺少类型注解)
  - 07/zuofu/star/xj07_005.py (缺少类型注解)
  - 07/zuofu/star/xj07_p1_001.py (缺少类型注解)
  - 07/zuofu/star/xj07_p1_002.py (缺少类型注解)
  - 07/zuofu/star/xj07_p1_003.py (缺少类型注解)
  - 07/zuofu/star/xj07_p1_004.py (缺少类型注解)
  - 07/zuofu/star/xj07_p1_005.py (缺少类型注解)
  - 07/zuofu/star/xj07_p2_001.py (缺少类型注解)
  - 08/youbi/star/obj_08_001.py (缺少类型注解)
  - 08/youbi/star/obj_08_002.py (缺少类型注解)
  - 08/youbi/star/obj_08_003.py (缺少类型注解)
  - 08/youbi/star/p2_08_017.py (缺少类型注解)
  - 08/youbi/star/p2_08_018.py (缺少类型注解)
  - 08/youbi/star/p3_08_015.py (缺少类型注解)
  - 08/youbi/star/p3_08_016.py (缺少类型注解)
  - 08/youbi/star/p4_08_015.py (缺少类型注解)
  - 08/youbi/star/p4_08_016.py (缺少类型注解)
  - 08/youbi/star/p5_08_015.py (缺少类型注解)
  - 08/youbi/star/p5_08_016.py (缺少类型注解)
  - 08/youbi/star/task_15.py (缺少类型注解)
  - 08/youbi/star/task_16.py (缺少类型注解)
  - 08/youbi/star/task_17.py (缺少类型注解)
  - 08/youbi/star/xj08_001.py (缺少类型注解)
  - 08/youbi/star/xj08_003.py (缺少类型注解)
  - 08/youbi/star/xj08_004.py (缺少类型注解)
  - 08/youbi/star/xj08_p1_001.py (缺少类型注解)
  - 08/youbi/star/xj08_p1_003.py (缺少类型注解)
  - 08/youbi/star/xj08_p1_004.py (缺少类型注解)
  - 08/youbi/star/xj_p3_006.py (缺少类型注解)
  - 08/youbi/star/xj_p3_007.py (缺少类型注解)
  - 09/tanlang/star/obj_09_001.py (缺少类型注解)
  - 09/tanlang/star/obj_09_002.py (缺少类型注解)
  - 09/tanlang/star/obj_09_003.py (缺少类型注解)
  - 09/tanlang/star/p2_09_019.py (缺少类型注解)
  - 09/tanlang/star/p2_09_020.py (缺少类型注解)
  - 09/tanlang/star/p3_09_017.py (缺少类型注解)
  - 09/tanlang/star/p3_09_018.py (缺少类型注解)
  - 09/tanlang/star/p4_09_017.py (缺少类型注解)
  - 09/tanlang/star/p4_09_018.py (缺少类型注解)
  - 09/tanlang/star/p5_09_017.py (缺少类型注解)
  - 09/tanlang/star/p5_09_018.py (缺少类型注解)
  - 09/tanlang/star/task_18.py (缺少类型注解)
  - 09/tanlang/star/task_19.py (缺少类型注解)
  - 09/tanlang/star/task_20.py (缺少类型注解)
  - 09/tanlang/star/web_001.py (缺少类型注解)
  - 09/tanlang/star/web_002.py (缺少类型注解)
  - 09/tanlang/star/web_003.py (缺少类型注解)
  - 09/tanlang/star/web_004.py (缺少类型注解)
  - 09/tanlang/star/web_005.py (缺少类型注解)
  - 09/tanlang/star/xj09_001.py (缺少类型注解)
  - 09/tanlang/star/xj09_002.py (缺少类型注解)
  - 09/tanlang/star/xj09_003.py (缺少类型注解)
  - 09/tanlang/star/xj09_004.py (缺少类型注解)
  - 09/tanlang/star/xj09_005.py (缺少类型注解)
  - 09/tanlang/star/xj09_p1_001.py (缺少类型注解)
  - 09/tanlang/star/xj09_p1_002.py (缺少类型注解)
  - 09/tanlang/star/xj09_p1_003.py (缺少类型注解)
  - 09/tanlang/star/xj09_p1_004.py (缺少类型注解)
  - 09/tanlang/star/xj09_p1_005.py (缺少类型注解)
  - 10/fubi/star/doc_001.py (缺少类型注解)
  - 10/fubi/star/doc_002.py (缺少类型注解)
  - 10/fubi/star/doc_003.py (缺少类型注解)
  - 10/fubi/star/doc_004.py (缺少类型注解)
  - 10/fubi/star/doc_005.py (缺少类型注解)
  - 10/fubi/star/obj_10_001.py (缺少类型注解)
  - 10/fubi/star/obj_10_002.py (缺少类型注解)
  - 10/fubi/star/obj_10_003.py (缺少类型注解)
  - 10/fubi/star/p2_10_021.py (缺少类型注解)
  - 10/fubi/star/p2_10_022.py (缺少类型注解)
  - 10/fubi/star/p3_10_019.py (缺少类型注解)
  - 10/fubi/star/p3_10_020.py (缺少类型注解)
  - 10/fubi/star/p4_10_019.py (缺少类型注解)
  - 10/fubi/star/p4_10_020.py (缺少类型注解)
  - 10/fubi/star/p5_10_019.py (缺少类型注解)
  - 10/fubi/star/p5_10_020.py (缺少类型注解)
  - 10/fubi/star/xj10_001.py (缺少类型注解)
  - 10/fubi/star/xj10_002.py (缺少类型注解)
  - 10/fubi/star/xj10_003.py (缺少类型注解)
  - 10/fubi/star/xj10_004.py (缺少类型注解)
  - 10/fubi/star/xj10_005.py (缺少类型注解)
  - 10/fubi/star/xj10_p1_001.py (缺少类型注解)
  - 10/fubi/star/xj10_p1_002.py (缺少类型注解)
  - 10/fubi/star/xj10_p1_003.py (缺少类型注解)
  - 10/fubi/star/xj10_p1_004.py (缺少类型注解)
  - 10/fubi/star/xj10_p1_005.py (缺少类型注解)

=== 质检完成 ===
发现问题文件: 208 个
=== 张志远(002) 代码质检任务 ===
时间: Mon Mar 23 10:30:01 PM CST 2026

📊 代码统计:
  XJ-01: 40 文件, 1720 行
  XJ-02: 35 文件, 1330 行
  XJ-03: 25 文件, 925 行
  XJ-04: 25 文件, 650 行
  XJ-05: 24 文件, 624 行
  XJ-06: 24 文件, 624 行
  XJ-07: 23 文件, 598 行
  XJ-08: 24 文件, 658 行
  XJ-09: 29 文件, 754 行
  XJ-10: 26 文件, 676 行
  总计: 275 文件, 8559 行

📈 质量指标:
  文档覆盖率: 100.0%
  类型注解覆盖率: 37.1%

⚠️ 需要改进的文件:
  - 02/lucun/star/c_02_001.py (缺少类型注解)
  - 02/lucun/star/c_02_002.py (缺少类型注解)
  - 02/lucun/star/c_02_003.py (缺少类型注解)
  - 02/lucun/star/c_02_004.py (缺少类型注解)
  - 02/lucun/star/c_02_005.py (缺少类型注解)
  - 02/lucun/star/p2_02_004.py (缺少类型注解)
  - 02/lucun/star/p2_02_005.py (缺少类型注解)
  - 02/lucun/star/p2_02_006.py (缺少类型注解)
  - 02/lucun/star/p3_02_003.py (缺少类型注解)
  - 02/lucun/star/p3_02_004.py (缺少类型注解)
  - 02/lucun/star/p4_02_003.py (缺少类型注解)
  - 02/lucun/star/p4_02_004.py (缺少类型注解)
  - 02/lucun/star/p5_02_003.py (缺少类型注解)
  - 02/lucun/star/p5_02_004.py (缺少类型注解)
  - 02/lucun/star/task_01.py (缺少类型注解)
  - 02/lucun/star/task_02.py (缺少类型注解)
  - 02/lucun/star/task_03.py (缺少类型注解)
  - 02/lucun/star/task_04.py (缺少类型注解)
  - 02/lucun/star/task_05.py (缺少类型注解)
  - 02/lucun/star/task_06.py (缺少类型注解)
  - 02/lucun/star/task_07.py (缺少类型注解)
  - 02/lucun/star/task_08.py (缺少类型注解)
  - 02/lucun/star/task_9.py (缺少类型注解)
  - 02/lucun/star/xj02_001.py (缺少类型注解)
  - 02/lucun/star/xj02_002.py (缺少类型注解)
  - 02/lucun/star/xj02_003.py (缺少类型注解)
  - 02/lucun/star/xj02_004.py (缺少类型注解)
  - 02/lucun/star/xj02_p0_001.py (缺少类型注解)
  - 02/lucun/star/xj02_p0_002.py (缺少类型注解)
  - 02/lucun/star/xj02_p0_003.py (缺少类型注解)
  - 02/lucun/star/xj02_p1_001.py (缺少类型注解)
  - 02/lucun/star/xj02_p1_003.py (缺少类型注解)
  - 02/lucun/star/xj02_p2_001.py (缺少类型注解)
  - 02/lucun/star/xj02_p2_002.py (缺少类型注解)
  - 02/lucun/star/xj_p3_002.py (缺少类型注解)
  - 04/lianzheng/star/obj_04_001.py (缺少类型注解)
  - 04/lianzheng/star/obj_04_002.py (缺少类型注解)
  - 04/lianzheng/star/obj_04_003.py (缺少类型注解)
  - 04/lianzheng/star/p2_04_009.py (缺少类型注解)
  - 04/lianzheng/star/p2_04_010.py (缺少类型注解)
  - 04/lianzheng/star/p3_04_007.py (缺少类型注解)
  - 04/lianzheng/star/p3_04_008.py (缺少类型注解)
  - 04/lianzheng/star/p4_04_007.py (缺少类型注解)
  - 04/lianzheng/star/p4_04_008.py (缺少类型注解)
  - 04/lianzheng/star/p5_04_007.py (缺少类型注解)
  - 04/lianzheng/star/p5_04_008.py (缺少类型注解)
  - 04/lianzheng/star/task_11.py (缺少类型注解)
  - 04/lianzheng/star/task_12.py (缺少类型注解)
  - 04/lianzheng/star/xj04_001.py (缺少类型注解)
  - 04/lianzheng/star/xj04_002.py (缺少类型注解)
  - 04/lianzheng/star/xj04_003.py (缺少类型注解)
  - 04/lianzheng/star/xj04_004.py (缺少类型注解)
  - 04/lianzheng/star/xj04_005.py (缺少类型注解)
  - 04/lianzheng/star/xj04_p1_001.py (缺少类型注解)
  - 04/lianzheng/star/xj04_p1_002.py (缺少类型注解)
  - 04/lianzheng/star/xj04_p1_003.py (缺少类型注解)
  - 04/lianzheng/star/xj04_p1_004.py (缺少类型注解)
  - 04/lianzheng/star/xj04_p1_005.py (缺少类型注解)
  - 04/lianzheng/star/xj04_p2_001.py (缺少类型注解)
  - 04/lianzheng/star/xj04_p2_002.py (缺少类型注解)
  - 05/wuqu/star/obj_05_001.py (缺少类型注解)
  - 05/wuqu/star/obj_05_002.py (缺少类型注解)
  - 05/wuqu/star/obj_05_003.py (缺少类型注解)
  - 05/wuqu/star/p2_05_011.py (缺少类型注解)
  - 05/wuqu/star/p2_05_012.py (缺少类型注解)
  - 05/wuqu/star/p3_05_009.py (缺少类型注解)
  - 05/wuqu/star/p3_05_010.py (缺少类型注解)
  - 05/wuqu/star/p4_05_009.py (缺少类型注解)
  - 05/wuqu/star/p4_05_010.py (缺少类型注解)
  - 05/wuqu/star/p5_05_009.py (缺少类型注解)
  - 05/wuqu/star/p5_05_010.py (缺少类型注解)
  - 05/wuqu/star/task_13.py (缺少类型注解)
  - 05/wuqu/star/xj05_001.py (缺少类型注解)
  - 05/wuqu/star/xj05_002.py (缺少类型注解)
  - 05/wuqu/star/xj05_003.py (缺少类型注解)
  - 05/wuqu/star/xj05_004.py (缺少类型注解)
  - 05/wuqu/star/xj05_005.py (缺少类型注解)
  - 05/wuqu/star/xj05_p1_001.py (缺少类型注解)
  - 05/wuqu/star/xj05_p1_002.py (缺少类型注解)
  - 05/wuqu/star/xj05_p1_003.py (缺少类型注解)
  - 05/wuqu/star/xj05_p1_004.py (缺少类型注解)
  - 05/wuqu/star/xj05_p1_005.py (缺少类型注解)
  - 05/wuqu/star/xj05_p2_001.py (缺少类型注解)
  - 05/wuqu/star/xj05_p2_002.py (缺少类型注解)
  - 06/pojun/star/obj_06_001.py (缺少类型注解)
  - 06/pojun/star/obj_06_002.py (缺少类型注解)
  - 06/pojun/star/obj_06_003.py (缺少类型注解)
  - 06/pojun/star/p2_06_013.py (缺少类型注解)
  - 06/pojun/star/p2_06_014.py (缺少类型注解)
  - 06/pojun/star/p3_06_011.py (缺少类型注解)
  - 06/pojun/star/p3_06_012.py (缺少类型注解)
  - 06/pojun/star/p4_06_011.py (缺少类型注解)
  - 06/pojun/star/p4_06_012.py (缺少类型注解)
  - 06/pojun/star/p5_06_011.py (缺少类型注解)
  - 06/pojun/star/p5_06_012.py (缺少类型注解)
  - 06/pojun/star/task_14.py (缺少类型注解)
  - 06/pojun/star/xj06_001.py (缺少类型注解)
  - 06/pojun/star/xj06_002.py (缺少类型注解)
  - 06/pojun/star/xj06_003.py (缺少类型注解)
  - 06/pojun/star/xj06_004.py (缺少类型注解)
  - 06/pojun/star/xj06_005.py (缺少类型注解)
  - 06/pojun/star/xj06_p1_001.py (缺少类型注解)
  - 06/pojun/star/xj06_p1_002.py (缺少类型注解)
  - 06/pojun/star/xj06_p1_003.py (缺少类型注解)
  - 06/pojun/star/xj06_p1_004.py (缺少类型注解)
  - 06/pojun/star/xj06_p1_005.py (缺少类型注解)
  - 06/pojun/star/xj06_p2_001.py (缺少类型注解)
  - 06/pojun/star/xj06_p2_002.py (缺少类型注解)
  - 07/zuofu/star/obj_07_001.py (缺少类型注解)
  - 07/zuofu/star/obj_07_002.py (缺少类型注解)
  - 07/zuofu/star/obj_07_003.py (缺少类型注解)
  - 07/zuofu/star/obj_07_004.py (缺少类型注解)
  - 07/zuofu/star/p2_07_015.py (缺少类型注解)
  - 07/zuofu/star/p2_07_016.py (缺少类型注解)
  - 07/zuofu/star/p3_07_013.py (缺少类型注解)
  - 07/zuofu/star/p3_07_014.py (缺少类型注解)
  - 07/zuofu/star/p4_07_013.py (缺少类型注解)
  - 07/zuofu/star/p4_07_014.py (缺少类型注解)
  - 07/zuofu/star/p5_07_013.py (缺少类型注解)
  - 07/zuofu/star/p5_07_014.py (缺少类型注解)
  - 07/zuofu/star/xj07_001.py (缺少类型注解)
  - 07/zuofu/star/xj07_002.py (缺少类型注解)
  - 07/zuofu/star/xj07_003.py (缺少类型注解)
  - 07/zuofu/star/xj07_004.py (缺少类型注解)
  - 07/zuofu/star/xj07_005.py (缺少类型注解)
  - 07/zuofu/star/xj07_p1_001.py (缺少类型注解)
  - 07/zuofu/star/xj07_p1_002.py (缺少类型注解)
  - 07/zuofu/star/xj07_p1_003.py (缺少类型注解)
  - 07/zuofu/star/xj07_p1_004.py (缺少类型注解)
  - 07/zuofu/star/xj07_p1_005.py (缺少类型注解)
  - 07/zuofu/star/xj07_p2_001.py (缺少类型注解)
  - 08/youbi/star/obj_08_001.py (缺少类型注解)
  - 08/youbi/star/obj_08_002.py (缺少类型注解)
  - 08/youbi/star/obj_08_003.py (缺少类型注解)
  - 08/youbi/star/p2_08_017.py (缺少类型注解)
  - 08/youbi/star/p2_08_018.py (缺少类型注解)
  - 08/youbi/star/p3_08_015.py (缺少类型注解)
  - 08/youbi/star/p3_08_016.py (缺少类型注解)
  - 08/youbi/star/p4_08_015.py (缺少类型注解)
  - 08/youbi/star/p4_08_016.py (缺少类型注解)
  - 08/youbi/star/p5_08_015.py (缺少类型注解)
  - 08/youbi/star/p5_08_016.py (缺少类型注解)
  - 08/youbi/star/task_15.py (缺少类型注解)
  - 08/youbi/star/task_16.py (缺少类型注解)
  - 08/youbi/star/task_17.py (缺少类型注解)
  - 08/youbi/star/xj08_001.py (缺少类型注解)
  - 08/youbi/star/xj08_003.py (缺少类型注解)
  - 08/youbi/star/xj08_004.py (缺少类型注解)
  - 08/youbi/star/xj08_p1_001.py (缺少类型注解)
  - 08/youbi/star/xj08_p1_003.py (缺少类型注解)
  - 08/youbi/star/xj08_p1_004.py (缺少类型注解)
  - 08/youbi/star/xj_p3_006.py (缺少类型注解)
  - 08/youbi/star/xj_p3_007.py (缺少类型注解)
  - 09/tanlang/star/obj_09_001.py (缺少类型注解)
  - 09/tanlang/star/obj_09_002.py (缺少类型注解)
  - 09/tanlang/star/obj_09_003.py (缺少类型注解)
  - 09/tanlang/star/p2_09_019.py (缺少类型注解)
  - 09/tanlang/star/p2_09_020.py (缺少类型注解)
  - 09/tanlang/star/p3_09_017.py (缺少类型注解)
  - 09/tanlang/star/p3_09_018.py (缺少类型注解)
  - 09/tanlang/star/p4_09_017.py (缺少类型注解)
  - 09/tanlang/star/p4_09_018.py (缺少类型注解)
  - 09/tanlang/star/p5_09_017.py (缺少类型注解)
  - 09/tanlang/star/p5_09_018.py (缺少类型注解)
  - 09/tanlang/star/task_18.py (缺少类型注解)
  - 09/tanlang/star/task_19.py (缺少类型注解)
  - 09/tanlang/star/task_20.py (缺少类型注解)
  - 09/tanlang/star/web_001.py (缺少类型注解)
  - 09/tanlang/star/web_002.py (缺少类型注解)
  - 09/tanlang/star/web_003.py (缺少类型注解)
  - 09/tanlang/star/web_004.py (缺少类型注解)
  - 09/tanlang/star/web_005.py (缺少类型注解)
  - 09/tanlang/star/xj09_001.py (缺少类型注解)
  - 09/tanlang/star/xj09_002.py (缺少类型注解)
  - 09/tanlang/star/xj09_003.py (缺少类型注解)
  - 09/tanlang/star/xj09_004.py (缺少类型注解)
  - 09/tanlang/star/xj09_005.py (缺少类型注解)
  - 09/tanlang/star/xj09_p1_001.py (缺少类型注解)
  - 09/tanlang/star/xj09_p1_002.py (缺少类型注解)
  - 09/tanlang/star/xj09_p1_003.py (缺少类型注解)
  - 09/tanlang/star/xj09_p1_004.py (缺少类型注解)
  - 09/tanlang/star/xj09_p1_005.py (缺少类型注解)
  - 10/fubi/star/doc_001.py (缺少类型注解)
  - 10/fubi/star/doc_002.py (缺少类型注解)
  - 10/fubi/star/doc_003.py (缺少类型注解)
  - 10/fubi/star/doc_004.py (缺少类型注解)
  - 10/fubi/star/doc_005.py (缺少类型注解)
  - 10/fubi/star/obj_10_001.py (缺少类型注解)
  - 10/fubi/star/obj_10_002.py (缺少类型注解)
  - 10/fubi/star/obj_10_003.py (缺少类型注解)
  - 10/fubi/star/p2_10_021.py (缺少类型注解)
  - 10/fubi/star/p2_10_022.py (缺少类型注解)
  - 10/fubi/star/p3_10_019.py (缺少类型注解)
  - 10/fubi/star/p3_10_020.py (缺少类型注解)
  - 10/fubi/star/p4_10_019.py (缺少类型注解)
  - 10/fubi/star/p4_10_020.py (缺少类型注解)
  - 10/fubi/star/p5_10_019.py (缺少类型注解)
  - 10/fubi/star/p5_10_020.py (缺少类型注解)
  - 10/fubi/star/xj10_001.py (缺少类型注解)
  - 10/fubi/star/xj10_002.py (缺少类型注解)
  - 10/fubi/star/xj10_003.py (缺少类型注解)
  - 10/fubi/star/xj10_004.py (缺少类型注解)
  - 10/fubi/star/xj10_005.py (缺少类型注解)
  - 10/fubi/star/xj10_p1_001.py (缺少类型注解)
  - 10/fubi/star/xj10_p1_002.py (缺少类型注解)
  - 10/fubi/star/xj10_p1_003.py (缺少类型注解)
  - 10/fubi/star/xj10_p1_004.py (缺少类型注解)
  - 10/fubi/star/xj10_p1_005.py (缺少类型注解)

=== 质检完成 ===
发现问题文件: 208 个
=== 张志远(002) 代码质检任务 ===
时间: Mon Mar 23 11:00:01 PM CST 2026

📊 代码统计:
  XJ-01: 40 文件, 1720 行
  XJ-02: 35 文件, 1330 行
  XJ-03: 25 文件, 925 行
  XJ-04: 25 文件, 650 行
  XJ-05: 24 文件, 624 行
  XJ-06: 24 文件, 624 行
  XJ-07: 23 文件, 598 行
  XJ-08: 24 文件, 658 行
  XJ-09: 29 文件, 754 行
  XJ-10: 26 文件, 676 行
  总计: 275 文件, 8559 行

📈 质量指标:
  文档覆盖率: 100.0%
  类型注解覆盖率: 37.1%

⚠️ 需要改进的文件:
  - 02/lucun/star/c_02_001.py (缺少类型注解)
  - 02/lucun/star/c_02_002.py (缺少类型注解)
  - 02/lucun/star/c_02_003.py (缺少类型注解)
  - 02/lucun/star/c_02_004.py (缺少类型注解)
  - 02/lucun/star/c_02_005.py (缺少类型注解)
  - 02/lucun/star/p2_02_004.py (缺少类型注解)
  - 02/lucun/star/p2_02_005.py (缺少类型注解)
  - 02/lucun/star/p2_02_006.py (缺少类型注解)
  - 02/lucun/star/p3_02_003.py (缺少类型注解)
  - 02/lucun/star/p3_02_004.py (缺少类型注解)
  - 02/lucun/star/p4_02_003.py (缺少类型注解)
  - 02/lucun/star/p4_02_004.py (缺少类型注解)
  - 02/lucun/star/p5_02_003.py (缺少类型注解)
  - 02/lucun/star/p5_02_004.py (缺少类型注解)
  - 02/lucun/star/task_01.py (缺少类型注解)
  - 02/lucun/star/task_02.py (缺少类型注解)
  - 02/lucun/star/task_03.py (缺少类型注解)
  - 02/lucun/star/task_04.py (缺少类型注解)
  - 02/lucun/star/task_05.py (缺少类型注解)
  - 02/lucun/star/task_06.py (缺少类型注解)
  - 02/lucun/star/task_07.py (缺少类型注解)
  - 02/lucun/star/task_08.py (缺少类型注解)
  - 02/lucun/star/task_9.py (缺少类型注解)
  - 02/lucun/star/xj02_001.py (缺少类型注解)
  - 02/lucun/star/xj02_002.py (缺少类型注解)
  - 02/lucun/star/xj02_003.py (缺少类型注解)
  - 02/lucun/star/xj02_004.py (缺少类型注解)
  - 02/lucun/star/xj02_p0_001.py (缺少类型注解)
  - 02/lucun/star/xj02_p0_002.py (缺少类型注解)
  - 02/lucun/star/xj02_p0_003.py (缺少类型注解)
  - 02/lucun/star/xj02_p1_001.py (缺少类型注解)
  - 02/lucun/star/xj02_p1_003.py (缺少类型注解)
  - 02/lucun/star/xj02_p2_001.py (缺少类型注解)
  - 02/lucun/star/xj02_p2_002.py (缺少类型注解)
  - 02/lucun/star/xj_p3_002.py (缺少类型注解)
  - 04/lianzheng/star/obj_04_001.py (缺少类型注解)
  - 04/lianzheng/star/obj_04_002.py (缺少类型注解)
  - 04/lianzheng/star/obj_04_003.py (缺少类型注解)
  - 04/lianzheng/star/p2_04_009.py (缺少类型注解)
  - 04/lianzheng/star/p2_04_010.py (缺少类型注解)
  - 04/lianzheng/star/p3_04_007.py (缺少类型注解)
  - 04/lianzheng/star/p3_04_008.py (缺少类型注解)
  - 04/lianzheng/star/p4_04_007.py (缺少类型注解)
  - 04/lianzheng/star/p4_04_008.py (缺少类型注解)
  - 04/lianzheng/star/p5_04_007.py (缺少类型注解)
  - 04/lianzheng/star/p5_04_008.py (缺少类型注解)
  - 04/lianzheng/star/task_11.py (缺少类型注解)
  - 04/lianzheng/star/task_12.py (缺少类型注解)
  - 04/lianzheng/star/xj04_001.py (缺少类型注解)
  - 04/lianzheng/star/xj04_002.py (缺少类型注解)
  - 04/lianzheng/star/xj04_003.py (缺少类型注解)
  - 04/lianzheng/star/xj04_004.py (缺少类型注解)
  - 04/lianzheng/star/xj04_005.py (缺少类型注解)
  - 04/lianzheng/star/xj04_p1_001.py (缺少类型注解)
  - 04/lianzheng/star/xj04_p1_002.py (缺少类型注解)
  - 04/lianzheng/star/xj04_p1_003.py (缺少类型注解)
  - 04/lianzheng/star/xj04_p1_004.py (缺少类型注解)
  - 04/lianzheng/star/xj04_p1_005.py (缺少类型注解)
  - 04/lianzheng/star/xj04_p2_001.py (缺少类型注解)
  - 04/lianzheng/star/xj04_p2_002.py (缺少类型注解)
  - 05/wuqu/star/obj_05_001.py (缺少类型注解)
  - 05/wuqu/star/obj_05_002.py (缺少类型注解)
  - 05/wuqu/star/obj_05_003.py (缺少类型注解)
  - 05/wuqu/star/p2_05_011.py (缺少类型注解)
  - 05/wuqu/star/p2_05_012.py (缺少类型注解)
  - 05/wuqu/star/p3_05_009.py (缺少类型注解)
  - 05/wuqu/star/p3_05_010.py (缺少类型注解)
  - 05/wuqu/star/p4_05_009.py (缺少类型注解)
  - 05/wuqu/star/p4_05_010.py (缺少类型注解)
  - 05/wuqu/star/p5_05_009.py (缺少类型注解)
  - 05/wuqu/star/p5_05_010.py (缺少类型注解)
  - 05/wuqu/star/task_13.py (缺少类型注解)
  - 05/wuqu/star/xj05_001.py (缺少类型注解)
  - 05/wuqu/star/xj05_002.py (缺少类型注解)
  - 05/wuqu/star/xj05_003.py (缺少类型注解)
  - 05/wuqu/star/xj05_004.py (缺少类型注解)
  - 05/wuqu/star/xj05_005.py (缺少类型注解)
  - 05/wuqu/star/xj05_p1_001.py (缺少类型注解)
  - 05/wuqu/star/xj05_p1_002.py (缺少类型注解)
  - 05/wuqu/star/xj05_p1_003.py (缺少类型注解)
  - 05/wuqu/star/xj05_p1_004.py (缺少类型注解)
  - 05/wuqu/star/xj05_p1_005.py (缺少类型注解)
  - 05/wuqu/star/xj05_p2_001.py (缺少类型注解)
  - 05/wuqu/star/xj05_p2_002.py (缺少类型注解)
  - 06/pojun/star/obj_06_001.py (缺少类型注解)
  - 06/pojun/star/obj_06_002.py (缺少类型注解)
  - 06/pojun/star/obj_06_003.py (缺少类型注解)
  - 06/pojun/star/p2_06_013.py (缺少类型注解)
  - 06/pojun/star/p2_06_014.py (缺少类型注解)
  - 06/pojun/star/p3_06_011.py (缺少类型注解)
  - 06/pojun/star/p3_06_012.py (缺少类型注解)
  - 06/pojun/star/p4_06_011.py (缺少类型注解)
  - 06/pojun/star/p4_06_012.py (缺少类型注解)
  - 06/pojun/star/p5_06_011.py (缺少类型注解)
  - 06/pojun/star/p5_06_012.py (缺少类型注解)
  - 06/pojun/star/task_14.py (缺少类型注解)
  - 06/pojun/star/xj06_001.py (缺少类型注解)
  - 06/pojun/star/xj06_002.py (缺少类型注解)
  - 06/pojun/star/xj06_003.py (缺少类型注解)
  - 06/pojun/star/xj06_004.py (缺少类型注解)
  - 06/pojun/star/xj06_005.py (缺少类型注解)
  - 06/pojun/star/xj06_p1_001.py (缺少类型注解)
  - 06/pojun/star/xj06_p1_002.py (缺少类型注解)
  - 06/pojun/star/xj06_p1_003.py (缺少类型注解)
  - 06/pojun/star/xj06_p1_004.py (缺少类型注解)
  - 06/pojun/star/xj06_p1_005.py (缺少类型注解)
  - 06/pojun/star/xj06_p2_001.py (缺少类型注解)
  - 06/pojun/star/xj06_p2_002.py (缺少类型注解)
  - 07/zuofu/star/obj_07_001.py (缺少类型注解)
  - 07/zuofu/star/obj_07_002.py (缺少类型注解)
  - 07/zuofu/star/obj_07_003.py (缺少类型注解)
  - 07/zuofu/star/obj_07_004.py (缺少类型注解)
  - 07/zuofu/star/p2_07_015.py (缺少类型注解)
  - 07/zuofu/star/p2_07_016.py (缺少类型注解)
  - 07/zuofu/star/p3_07_013.py (缺少类型注解)
  - 07/zuofu/star/p3_07_014.py (缺少类型注解)
  - 07/zuofu/star/p4_07_013.py (缺少类型注解)
  - 07/zuofu/star/p4_07_014.py (缺少类型注解)
  - 07/zuofu/star/p5_07_013.py (缺少类型注解)
  - 07/zuofu/star/p5_07_014.py (缺少类型注解)
  - 07/zuofu/star/xj07_001.py (缺少类型注解)
  - 07/zuofu/star/xj07_002.py (缺少类型注解)
  - 07/zuofu/star/xj07_003.py (缺少类型注解)
  - 07/zuofu/star/xj07_004.py (缺少类型注解)
  - 07/zuofu/star/xj07_005.py (缺少类型注解)
  - 07/zuofu/star/xj07_p1_001.py (缺少类型注解)
  - 07/zuofu/star/xj07_p1_002.py (缺少类型注解)
  - 07/zuofu/star/xj07_p1_003.py (缺少类型注解)
  - 07/zuofu/star/xj07_p1_004.py (缺少类型注解)
  - 07/zuofu/star/xj07_p1_005.py (缺少类型注解)
  - 07/zuofu/star/xj07_p2_001.py (缺少类型注解)
  - 08/youbi/star/obj_08_001.py (缺少类型注解)
  - 08/youbi/star/obj_08_002.py (缺少类型注解)
  - 08/youbi/star/obj_08_003.py (缺少类型注解)
  - 08/youbi/star/p2_08_017.py (缺少类型注解)
  - 08/youbi/star/p2_08_018.py (缺少类型注解)
  - 08/youbi/star/p3_08_015.py (缺少类型注解)
  - 08/youbi/star/p3_08_016.py (缺少类型注解)
  - 08/youbi/star/p4_08_015.py (缺少类型注解)
  - 08/youbi/star/p4_08_016.py (缺少类型注解)
  - 08/youbi/star/p5_08_015.py (缺少类型注解)
  - 08/youbi/star/p5_08_016.py (缺少类型注解)
  - 08/youbi/star/task_15.py (缺少类型注解)
  - 08/youbi/star/task_16.py (缺少类型注解)
  - 08/youbi/star/task_17.py (缺少类型注解)
  - 08/youbi/star/xj08_001.py (缺少类型注解)
  - 08/youbi/star/xj08_003.py (缺少类型注解)
  - 08/youbi/star/xj08_004.py (缺少类型注解)
  - 08/youbi/star/xj08_p1_001.py (缺少类型注解)
  - 08/youbi/star/xj08_p1_003.py (缺少类型注解)
  - 08/youbi/star/xj08_p1_004.py (缺少类型注解)
  - 08/youbi/star/xj_p3_006.py (缺少类型注解)
  - 08/youbi/star/xj_p3_007.py (缺少类型注解)
  - 09/tanlang/star/obj_09_001.py (缺少类型注解)
  - 09/tanlang/star/obj_09_002.py (缺少类型注解)
  - 09/tanlang/star/obj_09_003.py (缺少类型注解)
  - 09/tanlang/star/p2_09_019.py (缺少类型注解)
  - 09/tanlang/star/p2_09_020.py (缺少类型注解)
  - 09/tanlang/star/p3_09_017.py (缺少类型注解)
  - 09/tanlang/star/p3_09_018.py (缺少类型注解)
  - 09/tanlang/star/p4_09_017.py (缺少类型注解)
  - 09/tanlang/star/p4_09_018.py (缺少类型注解)
  - 09/tanlang/star/p5_09_017.py (缺少类型注解)
  - 09/tanlang/star/p5_09_018.py (缺少类型注解)
  - 09/tanlang/star/task_18.py (缺少类型注解)
  - 09/tanlang/star/task_19.py (缺少类型注解)
  - 09/tanlang/star/task_20.py (缺少类型注解)
  - 09/tanlang/star/web_001.py (缺少类型注解)
  - 09/tanlang/star/web_002.py (缺少类型注解)
  - 09/tanlang/star/web_003.py (缺少类型注解)
  - 09/tanlang/star/web_004.py (缺少类型注解)
  - 09/tanlang/star/web_005.py (缺少类型注解)
  - 09/tanlang/star/xj09_001.py (缺少类型注解)
  - 09/tanlang/star/xj09_002.py (缺少类型注解)
  - 09/tanlang/star/xj09_003.py (缺少类型注解)
  - 09/tanlang/star/xj09_004.py (缺少类型注解)
  - 09/tanlang/star/xj09_005.py (缺少类型注解)
  - 09/tanlang/star/xj09_p1_001.py (缺少类型注解)
  - 09/tanlang/star/xj09_p1_002.py (缺少类型注解)
  - 09/tanlang/star/xj09_p1_003.py (缺少类型注解)
  - 09/tanlang/star/xj09_p1_004.py (缺少类型注解)
  - 09/tanlang/star/xj09_p1_005.py (缺少类型注解)
  - 10/fubi/star/doc_001.py (缺少类型注解)
  - 10/fubi/star/doc_002.py (缺少类型注解)
  - 10/fubi/star/doc_003.py (缺少类型注解)
  - 10/fubi/star/doc_004.py (缺少类型注解)
  - 10/fubi/star/doc_005.py (缺少类型注解)
  - 10/fubi/star/obj_10_001.py (缺少类型注解)
  - 10/fubi/star/obj_10_002.py (缺少类型注解)
  - 10/fubi/star/obj_10_003.py (缺少类型注解)
  - 10/fubi/star/p2_10_021.py (缺少类型注解)
  - 10/fubi/star/p2_10_022.py (缺少类型注解)
  - 10/fubi/star/p3_10_019.py (缺少类型注解)
  - 10/fubi/star/p3_10_020.py (缺少类型注解)
  - 10/fubi/star/p4_10_019.py (缺少类型注解)
  - 10/fubi/star/p4_10_020.py (缺少类型注解)
  - 10/fubi/star/p5_10_019.py (缺少类型注解)
  - 10/fubi/star/p5_10_020.py (缺少类型注解)
  - 10/fubi/star/xj10_001.py (缺少类型注解)
  - 10/fubi/star/xj10_002.py (缺少类型注解)
  - 10/fubi/star/xj10_003.py (缺少类型注解)
  - 10/fubi/star/xj10_004.py (缺少类型注解)
  - 10/fubi/star/xj10_005.py (缺少类型注解)
  - 10/fubi/star/xj10_p1_001.py (缺少类型注解)
  - 10/fubi/star/xj10_p1_002.py (缺少类型注解)
  - 10/fubi/star/xj10_p1_003.py (缺少类型注解)
  - 10/fubi/star/xj10_p1_004.py (缺少类型注解)
  - 10/fubi/star/xj10_p1_005.py (缺少类型注解)

=== 质检完成 ===
发现问题文件: 208 个
=== 张志远(002) 代码质检任务 ===
时间: Mon Mar 23 11:30:01 PM CST 2026

📊 代码统计:
  XJ-01: 40 文件, 1720 行
  XJ-02: 35 文件, 1330 行
  XJ-03: 25 文件, 925 行
  XJ-04: 25 文件, 650 行
  XJ-05: 24 文件, 624 行
  XJ-06: 24 文件, 624 行
  XJ-07: 23 文件, 598 行
  XJ-08: 24 文件, 658 行
  XJ-09: 29 文件, 754 行
  XJ-10: 26 文件, 676 行
  总计: 275 文件, 8559 行

📈 质量指标:
  文档覆盖率: 100.0%
  类型注解覆盖率: 37.1%

⚠️ 需要改进的文件:
  - 02/lucun/star/c_02_001.py (缺少类型注解)
  - 02/lucun/star/c_02_002.py (缺少类型注解)
  - 02/lucun/star/c_02_003.py (缺少类型注解)
  - 02/lucun/star/c_02_004.py (缺少类型注解)
  - 02/lucun/star/c_02_005.py (缺少类型注解)
  - 02/lucun/star/p2_02_004.py (缺少类型注解)
  - 02/lucun/star/p2_02_005.py (缺少类型注解)
  - 02/lucun/star/p2_02_006.py (缺少类型注解)
  - 02/lucun/star/p3_02_003.py (缺少类型注解)
  - 02/lucun/star/p3_02_004.py (缺少类型注解)
  - 02/lucun/star/p4_02_003.py (缺少类型注解)
  - 02/lucun/star/p4_02_004.py (缺少类型注解)
  - 02/lucun/star/p5_02_003.py (缺少类型注解)
  - 02/lucun/star/p5_02_004.py (缺少类型注解)
  - 02/lucun/star/task_01.py (缺少类型注解)
  - 02/lucun/star/task_02.py (缺少类型注解)
  - 02/lucun/star/task_03.py (缺少类型注解)
  - 02/lucun/star/task_04.py (缺少类型注解)
  - 02/lucun/star/task_05.py (缺少类型注解)
  - 02/lucun/star/task_06.py (缺少类型注解)
  - 02/lucun/star/task_07.py (缺少类型注解)
  - 02/lucun/star/task_08.py (缺少类型注解)
  - 02/lucun/star/task_9.py (缺少类型注解)
  - 02/lucun/star/xj02_001.py (缺少类型注解)
  - 02/lucun/star/xj02_002.py (缺少类型注解)
  - 02/lucun/star/xj02_003.py (缺少类型注解)
  - 02/lucun/star/xj02_004.py (缺少类型注解)
  - 02/lucun/star/xj02_p0_001.py (缺少类型注解)
  - 02/lucun/star/xj02_p0_002.py (缺少类型注解)
  - 02/lucun/star/xj02_p0_003.py (缺少类型注解)
  - 02/lucun/star/xj02_p1_001.py (缺少类型注解)
  - 02/lucun/star/xj02_p1_003.py (缺少类型注解)
  - 02/lucun/star/xj02_p2_001.py (缺少类型注解)
  - 02/lucun/star/xj02_p2_002.py (缺少类型注解)
  - 02/lucun/star/xj_p3_002.py (缺少类型注解)
  - 04/lianzheng/star/obj_04_001.py (缺少类型注解)
  - 04/lianzheng/star/obj_04_002.py (缺少类型注解)
  - 04/lianzheng/star/obj_04_003.py (缺少类型注解)
  - 04/lianzheng/star/p2_04_009.py (缺少类型注解)
  - 04/lianzheng/star/p2_04_010.py (缺少类型注解)
  - 04/lianzheng/star/p3_04_007.py (缺少类型注解)
  - 04/lianzheng/star/p3_04_008.py (缺少类型注解)
  - 04/lianzheng/star/p4_04_007.py (缺少类型注解)
  - 04/lianzheng/star/p4_04_008.py (缺少类型注解)
  - 04/lianzheng/star/p5_04_007.py (缺少类型注解)
  - 04/lianzheng/star/p5_04_008.py (缺少类型注解)
  - 04/lianzheng/star/task_11.py (缺少类型注解)
  - 04/lianzheng/star/task_12.py (缺少类型注解)
  - 04/lianzheng/star/xj04_001.py (缺少类型注解)
  - 04/lianzheng/star/xj04_002.py (缺少类型注解)
  - 04/lianzheng/star/xj04_003.py (缺少类型注解)
  - 04/lianzheng/star/xj04_004.py (缺少类型注解)
  - 04/lianzheng/star/xj04_005.py (缺少类型注解)
  - 04/lianzheng/star/xj04_p1_001.py (缺少类型注解)
  - 04/lianzheng/star/xj04_p1_002.py (缺少类型注解)
  - 04/lianzheng/star/xj04_p1_003.py (缺少类型注解)
  - 04/lianzheng/star/xj04_p1_004.py (缺少类型注解)
  - 04/lianzheng/star/xj04_p1_005.py (缺少类型注解)
  - 04/lianzheng/star/xj04_p2_001.py (缺少类型注解)
  - 04/lianzheng/star/xj04_p2_002.py (缺少类型注解)
  - 05/wuqu/star/obj_05_001.py (缺少类型注解)
  - 05/wuqu/star/obj_05_002.py (缺少类型注解)
  - 05/wuqu/star/obj_05_003.py (缺少类型注解)
  - 05/wuqu/star/p2_05_011.py (缺少类型注解)
  - 05/wuqu/star/p2_05_012.py (缺少类型注解)
  - 05/wuqu/star/p3_05_009.py (缺少类型注解)
  - 05/wuqu/star/p3_05_010.py (缺少类型注解)
  - 05/wuqu/star/p4_05_009.py (缺少类型注解)
  - 05/wuqu/star/p4_05_010.py (缺少类型注解)
  - 05/wuqu/star/p5_05_009.py (缺少类型注解)
  - 05/wuqu/star/p5_05_010.py (缺少类型注解)
  - 05/wuqu/star/task_13.py (缺少类型注解)
  - 05/wuqu/star/xj05_001.py (缺少类型注解)
  - 05/wuqu/star/xj05_002.py (缺少类型注解)
  - 05/wuqu/star/xj05_003.py (缺少类型注解)
  - 05/wuqu/star/xj05_004.py (缺少类型注解)
  - 05/wuqu/star/xj05_005.py (缺少类型注解)
  - 05/wuqu/star/xj05_p1_001.py (缺少类型注解)
  - 05/wuqu/star/xj05_p1_002.py (缺少类型注解)
  - 05/wuqu/star/xj05_p1_003.py (缺少类型注解)
  - 05/wuqu/star/xj05_p1_004.py (缺少类型注解)
  - 05/wuqu/star/xj05_p1_005.py (缺少类型注解)
  - 05/wuqu/star/xj05_p2_001.py (缺少类型注解)
  - 05/wuqu/star/xj05_p2_002.py (缺少类型注解)
  - 06/pojun/star/obj_06_001.py (缺少类型注解)
  - 06/pojun/star/obj_06_002.py (缺少类型注解)
  - 06/pojun/star/obj_06_003.py (缺少类型注解)
  - 06/pojun/star/p2_06_013.py (缺少类型注解)
  - 06/pojun/star/p2_06_014.py (缺少类型注解)
  - 06/pojun/star/p3_06_011.py (缺少类型注解)
  - 06/pojun/star/p3_06_012.py (缺少类型注解)
  - 06/pojun/star/p4_06_011.py (缺少类型注解)
  - 06/pojun/star/p4_06_012.py (缺少类型注解)
  - 06/pojun/star/p5_06_011.py (缺少类型注解)
  - 06/pojun/star/p5_06_012.py (缺少类型注解)
  - 06/pojun/star/task_14.py (缺少类型注解)
  - 06/pojun/star/xj06_001.py (缺少类型注解)
  - 06/pojun/star/xj06_002.py (缺少类型注解)
  - 06/pojun/star/xj06_003.py (缺少类型注解)
  - 06/pojun/star/xj06_004.py (缺少类型注解)
  - 06/pojun/star/xj06_005.py (缺少类型注解)
  - 06/pojun/star/xj06_p1_001.py (缺少类型注解)
  - 06/pojun/star/xj06_p1_002.py (缺少类型注解)
  - 06/pojun/star/xj06_p1_003.py (缺少类型注解)
  - 06/pojun/star/xj06_p1_004.py (缺少类型注解)
  - 06/pojun/star/xj06_p1_005.py (缺少类型注解)
  - 06/pojun/star/xj06_p2_001.py (缺少类型注解)
  - 06/pojun/star/xj06_p2_002.py (缺少类型注解)
  - 07/zuofu/star/obj_07_001.py (缺少类型注解)
  - 07/zuofu/star/obj_07_002.py (缺少类型注解)
  - 07/zuofu/star/obj_07_003.py (缺少类型注解)
  - 07/zuofu/star/obj_07_004.py (缺少类型注解)
  - 07/zuofu/star/p2_07_015.py (缺少类型注解)
  - 07/zuofu/star/p2_07_016.py (缺少类型注解)
  - 07/zuofu/star/p3_07_013.py (缺少类型注解)
  - 07/zuofu/star/p3_07_014.py (缺少类型注解)
  - 07/zuofu/star/p4_07_013.py (缺少类型注解)
  - 07/zuofu/star/p4_07_014.py (缺少类型注解)
  - 07/zuofu/star/p5_07_013.py (缺少类型注解)
  - 07/zuofu/star/p5_07_014.py (缺少类型注解)
  - 07/zuofu/star/xj07_001.py (缺少类型注解)
  - 07/zuofu/star/xj07_002.py (缺少类型注解)
  - 07/zuofu/star/xj07_003.py (缺少类型注解)
  - 07/zuofu/star/xj07_004.py (缺少类型注解)
  - 07/zuofu/star/xj07_005.py (缺少类型注解)
  - 07/zuofu/star/xj07_p1_001.py (缺少类型注解)
  - 07/zuofu/star/xj07_p1_002.py (缺少类型注解)
  - 07/zuofu/star/xj07_p1_003.py (缺少类型注解)
  - 07/zuofu/star/xj07_p1_004.py (缺少类型注解)
  - 07/zuofu/star/xj07_p1_005.py (缺少类型注解)
  - 07/zuofu/star/xj07_p2_001.py (缺少类型注解)
  - 08/youbi/star/obj_08_001.py (缺少类型注解)
  - 08/youbi/star/obj_08_002.py (缺少类型注解)
  - 08/youbi/star/obj_08_003.py (缺少类型注解)
  - 08/youbi/star/p2_08_017.py (缺少类型注解)
  - 08/youbi/star/p2_08_018.py (缺少类型注解)
  - 08/youbi/star/p3_08_015.py (缺少类型注解)
  - 08/youbi/star/p3_08_016.py (缺少类型注解)
  - 08/youbi/star/p4_08_015.py (缺少类型注解)
  - 08/youbi/star/p4_08_016.py (缺少类型注解)
  - 08/youbi/star/p5_08_015.py (缺少类型注解)
  - 08/youbi/star/p5_08_016.py (缺少类型注解)
  - 08/youbi/star/task_15.py (缺少类型注解)
  - 08/youbi/star/task_16.py (缺少类型注解)
  - 08/youbi/star/task_17.py (缺少类型注解)
  - 08/youbi/star/xj08_001.py (缺少类型注解)
  - 08/youbi/star/xj08_003.py (缺少类型注解)
  - 08/youbi/star/xj08_004.py (缺少类型注解)
  - 08/youbi/star/xj08_p1_001.py (缺少类型注解)
  - 08/youbi/star/xj08_p1_003.py (缺少类型注解)
  - 08/youbi/star/xj08_p1_004.py (缺少类型注解)
  - 08/youbi/star/xj_p3_006.py (缺少类型注解)
  - 08/youbi/star/xj_p3_007.py (缺少类型注解)
  - 09/tanlang/star/obj_09_001.py (缺少类型注解)
  - 09/tanlang/star/obj_09_002.py (缺少类型注解)
  - 09/tanlang/star/obj_09_003.py (缺少类型注解)
  - 09/tanlang/star/p2_09_019.py (缺少类型注解)
  - 09/tanlang/star/p2_09_020.py (缺少类型注解)
  - 09/tanlang/star/p3_09_017.py (缺少类型注解)
  - 09/tanlang/star/p3_09_018.py (缺少类型注解)
  - 09/tanlang/star/p4_09_017.py (缺少类型注解)
  - 09/tanlang/star/p4_09_018.py (缺少类型注解)
  - 09/tanlang/star/p5_09_017.py (缺少类型注解)
  - 09/tanlang/star/p5_09_018.py (缺少类型注解)
  - 09/tanlang/star/task_18.py (缺少类型注解)
  - 09/tanlang/star/task_19.py (缺少类型注解)
  - 09/tanlang/star/task_20.py (缺少类型注解)
  - 09/tanlang/star/web_001.py (缺少类型注解)
  - 09/tanlang/star/web_002.py (缺少类型注解)
  - 09/tanlang/star/web_003.py (缺少类型注解)
  - 09/tanlang/star/web_004.py (缺少类型注解)
  - 09/tanlang/star/web_005.py (缺少类型注解)
  - 09/tanlang/star/xj09_001.py (缺少类型注解)
  - 09/tanlang/star/xj09_002.py (缺少类型注解)
  - 09/tanlang/star/xj09_003.py (缺少类型注解)
  - 09/tanlang/star/xj09_004.py (缺少类型注解)
  - 09/tanlang/star/xj09_005.py (缺少类型注解)
  - 09/tanlang/star/xj09_p1_001.py (缺少类型注解)
  - 09/tanlang/star/xj09_p1_002.py (缺少类型注解)
  - 09/tanlang/star/xj09_p1_003.py (缺少类型注解)
  - 09/tanlang/star/xj09_p1_004.py (缺少类型注解)
  - 09/tanlang/star/xj09_p1_005.py (缺少类型注解)
  - 10/fubi/star/doc_001.py (缺少类型注解)
  - 10/fubi/star/doc_002.py (缺少类型注解)
  - 10/fubi/star/doc_003.py (缺少类型注解)
  - 10/fubi/star/doc_004.py (缺少类型注解)
  - 10/fubi/star/doc_005.py (缺少类型注解)
  - 10/fubi/star/obj_10_001.py (缺少类型注解)
  - 10/fubi/star/obj_10_002.py (缺少类型注解)
  - 10/fubi/star/obj_10_003.py (缺少类型注解)
  - 10/fubi/star/p2_10_021.py (缺少类型注解)
  - 10/fubi/star/p2_10_022.py (缺少类型注解)
  - 10/fubi/star/p3_10_019.py (缺少类型注解)
  - 10/fubi/star/p3_10_020.py (缺少类型注解)
  - 10/fubi/star/p4_10_019.py (缺少类型注解)
  - 10/fubi/star/p4_10_020.py (缺少类型注解)
  - 10/fubi/star/p5_10_019.py (缺少类型注解)
  - 10/fubi/star/p5_10_020.py (缺少类型注解)
  - 10/fubi/star/xj10_001.py (缺少类型注解)
  - 10/fubi/star/xj10_002.py (缺少类型注解)
  - 10/fubi/star/xj10_003.py (缺少类型注解)
  - 10/fubi/star/xj10_004.py (缺少类型注解)
  - 10/fubi/star/xj10_005.py (缺少类型注解)
  - 10/fubi/star/xj10_p1_001.py (缺少类型注解)
  - 10/fubi/star/xj10_p1_002.py (缺少类型注解)
  - 10/fubi/star/xj10_p1_003.py (缺少类型注解)
  - 10/fubi/star/xj10_p1_004.py (缺少类型注解)
  - 10/fubi/star/xj10_p1_005.py (缺少类型注解)

=== 质检完成 ===
发现问题文件: 208 个
=== 张志远(002) 代码质检任务 ===
时间: Tue Mar 24 12:00:01 AM CST 2026

📊 代码统计:
  XJ-01: 40 文件, 1720 行
  XJ-02: 35 文件, 1330 行
  XJ-03: 25 文件, 925 行
  XJ-04: 25 文件, 650 行
  XJ-05: 24 文件, 624 行
  XJ-06: 24 文件, 624 行
  XJ-07: 23 文件, 598 行
  XJ-08: 24 文件, 658 行
  XJ-09: 29 文件, 754 行
  XJ-10: 26 文件, 676 行
  总计: 275 文件, 8559 行

📈 质量指标:
  文档覆盖率: 100.0%
  类型注解覆盖率: 37.1%

⚠️ 需要改进的文件:
  - 02/lucun/star/c_02_001.py (缺少类型注解)
  - 02/lucun/star/c_02_002.py (缺少类型注解)
  - 02/lucun/star/c_02_003.py (缺少类型注解)
  - 02/lucun/star/c_02_004.py (缺少类型注解)
  - 02/lucun/star/c_02_005.py (缺少类型注解)
  - 02/lucun/star/p2_02_004.py (缺少类型注解)
  - 02/lucun/star/p2_02_005.py (缺少类型注解)
  - 02/lucun/star/p2_02_006.py (缺少类型注解)
  - 02/lucun/star/p3_02_003.py (缺少类型注解)
  - 02/lucun/star/p3_02_004.py (缺少类型注解)
  - 02/lucun/star/p4_02_003.py (缺少类型注解)
  - 02/lucun/star/p4_02_004.py (缺少类型注解)
  - 02/lucun/star/p5_02_003.py (缺少类型注解)
  - 02/lucun/star/p5_02_004.py (缺少类型注解)
  - 02/lucun/star/task_01.py (缺少类型注解)
  - 02/lucun/star/task_02.py (缺少类型注解)
  - 02/lucun/star/task_03.py (缺少类型注解)
  - 02/lucun/star/task_04.py (缺少类型注解)
  - 02/lucun/star/task_05.py (缺少类型注解)
  - 02/lucun/star/task_06.py (缺少类型注解)
  - 02/lucun/star/task_07.py (缺少类型注解)
  - 02/lucun/star/task_08.py (缺少类型注解)
  - 02/lucun/star/task_9.py (缺少类型注解)
  - 02/lucun/star/xj02_001.py (缺少类型注解)
  - 02/lucun/star/xj02_002.py (缺少类型注解)
  - 02/lucun/star/xj02_003.py (缺少类型注解)
  - 02/lucun/star/xj02_004.py (缺少类型注解)
  - 02/lucun/star/xj02_p0_001.py (缺少类型注解)
  - 02/lucun/star/xj02_p0_002.py (缺少类型注解)
  - 02/lucun/star/xj02_p0_003.py (缺少类型注解)
  - 02/lucun/star/xj02_p1_001.py (缺少类型注解)
  - 02/lucun/star/xj02_p1_003.py (缺少类型注解)
  - 02/lucun/star/xj02_p2_001.py (缺少类型注解)
  - 02/lucun/star/xj02_p2_002.py (缺少类型注解)
  - 02/lucun/star/xj_p3_002.py (缺少类型注解)
  - 04/lianzheng/star/obj_04_001.py (缺少类型注解)
  - 04/lianzheng/star/obj_04_002.py (缺少类型注解)
  - 04/lianzheng/star/obj_04_003.py (缺少类型注解)
  - 04/lianzheng/star/p2_04_009.py (缺少类型注解)
  - 04/lianzheng/star/p2_04_010.py (缺少类型注解)
  - 04/lianzheng/star/p3_04_007.py (缺少类型注解)
  - 04/lianzheng/star/p3_04_008.py (缺少类型注解)
  - 04/lianzheng/star/p4_04_007.py (缺少类型注解)
  - 04/lianzheng/star/p4_04_008.py (缺少类型注解)
  - 04/lianzheng/star/p5_04_007.py (缺少类型注解)
  - 04/lianzheng/star/p5_04_008.py (缺少类型注解)
  - 04/lianzheng/star/task_11.py (缺少类型注解)
  - 04/lianzheng/star/task_12.py (缺少类型注解)
  - 04/lianzheng/star/xj04_001.py (缺少类型注解)
  - 04/lianzheng/star/xj04_002.py (缺少类型注解)
  - 04/lianzheng/star/xj04_003.py (缺少类型注解)
  - 04/lianzheng/star/xj04_004.py (缺少类型注解)
  - 04/lianzheng/star/xj04_005.py (缺少类型注解)
  - 04/lianzheng/star/xj04_p1_001.py (缺少类型注解)
  - 04/lianzheng/star/xj04_p1_002.py (缺少类型注解)
  - 04/lianzheng/star/xj04_p1_003.py (缺少类型注解)
  - 04/lianzheng/star/xj04_p1_004.py (缺少类型注解)
  - 04/lianzheng/star/xj04_p1_005.py (缺少类型注解)
  - 04/lianzheng/star/xj04_p2_001.py (缺少类型注解)
  - 04/lianzheng/star/xj04_p2_002.py (缺少类型注解)
  - 05/wuqu/star/obj_05_001.py (缺少类型注解)
  - 05/wuqu/star/obj_05_002.py (缺少类型注解)
  - 05/wuqu/star/obj_05_003.py (缺少类型注解)
  - 05/wuqu/star/p2_05_011.py (缺少类型注解)
  - 05/wuqu/star/p2_05_012.py (缺少类型注解)
  - 05/wuqu/star/p3_05_009.py (缺少类型注解)
  - 05/wuqu/star/p3_05_010.py (缺少类型注解)
  - 05/wuqu/star/p4_05_009.py (缺少类型注解)
  - 05/wuqu/star/p4_05_010.py (缺少类型注解)
  - 05/wuqu/star/p5_05_009.py (缺少类型注解)
  - 05/wuqu/star/p5_05_010.py (缺少类型注解)
  - 05/wuqu/star/task_13.py (缺少类型注解)
  - 05/wuqu/star/xj05_001.py (缺少类型注解)
  - 05/wuqu/star/xj05_002.py (缺少类型注解)
  - 05/wuqu/star/xj05_003.py (缺少类型注解)
  - 05/wuqu/star/xj05_004.py (缺少类型注解)
  - 05/wuqu/star/xj05_005.py (缺少类型注解)
  - 05/wuqu/star/xj05_p1_001.py (缺少类型注解)
  - 05/wuqu/star/xj05_p1_002.py (缺少类型注解)
  - 05/wuqu/star/xj05_p1_003.py (缺少类型注解)
  - 05/wuqu/star/xj05_p1_004.py (缺少类型注解)
  - 05/wuqu/star/xj05_p1_005.py (缺少类型注解)
  - 05/wuqu/star/xj05_p2_001.py (缺少类型注解)
  - 05/wuqu/star/xj05_p2_002.py (缺少类型注解)
  - 06/pojun/star/obj_06_001.py (缺少类型注解)
  - 06/pojun/star/obj_06_002.py (缺少类型注解)
  - 06/pojun/star/obj_06_003.py (缺少类型注解)
  - 06/pojun/star/p2_06_013.py (缺少类型注解)
  - 06/pojun/star/p2_06_014.py (缺少类型注解)
  - 06/pojun/star/p3_06_011.py (缺少类型注解)
  - 06/pojun/star/p3_06_012.py (缺少类型注解)
  - 06/pojun/star/p4_06_011.py (缺少类型注解)
  - 06/pojun/star/p4_06_012.py (缺少类型注解)
  - 06/pojun/star/p5_06_011.py (缺少类型注解)
  - 06/pojun/star/p5_06_012.py (缺少类型注解)
  - 06/pojun/star/task_14.py (缺少类型注解)
  - 06/pojun/star/xj06_001.py (缺少类型注解)
  - 06/pojun/star/xj06_002.py (缺少类型注解)
  - 06/pojun/star/xj06_003.py (缺少类型注解)
  - 06/pojun/star/xj06_004.py (缺少类型注解)
  - 06/pojun/star/xj06_005.py (缺少类型注解)
  - 06/pojun/star/xj06_p1_001.py (缺少类型注解)
  - 06/pojun/star/xj06_p1_002.py (缺少类型注解)
  - 06/pojun/star/xj06_p1_003.py (缺少类型注解)
  - 06/pojun/star/xj06_p1_004.py (缺少类型注解)
  - 06/pojun/star/xj06_p1_005.py (缺少类型注解)
  - 06/pojun/star/xj06_p2_001.py (缺少类型注解)
  - 06/pojun/star/xj06_p2_002.py (缺少类型注解)
  - 07/zuofu/star/obj_07_001.py (缺少类型注解)
  - 07/zuofu/star/obj_07_002.py (缺少类型注解)
  - 07/zuofu/star/obj_07_003.py (缺少类型注解)
  - 07/zuofu/star/obj_07_004.py (缺少类型注解)
  - 07/zuofu/star/p2_07_015.py (缺少类型注解)
  - 07/zuofu/star/p2_07_016.py (缺少类型注解)
  - 07/zuofu/star/p3_07_013.py (缺少类型注解)
  - 07/zuofu/star/p3_07_014.py (缺少类型注解)
  - 07/zuofu/star/p4_07_013.py (缺少类型注解)
  - 07/zuofu/star/p4_07_014.py (缺少类型注解)
  - 07/zuofu/star/p5_07_013.py (缺少类型注解)
  - 07/zuofu/star/p5_07_014.py (缺少类型注解)
  - 07/zuofu/star/xj07_001.py (缺少类型注解)
  - 07/zuofu/star/xj07_002.py (缺少类型注解)
  - 07/zuofu/star/xj07_003.py (缺少类型注解)
  - 07/zuofu/star/xj07_004.py (缺少类型注解)
  - 07/zuofu/star/xj07_005.py (缺少类型注解)
  - 07/zuofu/star/xj07_p1_001.py (缺少类型注解)
  - 07/zuofu/star/xj07_p1_002.py (缺少类型注解)
  - 07/zuofu/star/xj07_p1_003.py (缺少类型注解)
  - 07/zuofu/star/xj07_p1_004.py (缺少类型注解)
  - 07/zuofu/star/xj07_p1_005.py (缺少类型注解)
  - 07/zuofu/star/xj07_p2_001.py (缺少类型注解)
  - 08/youbi/star/obj_08_001.py (缺少类型注解)
  - 08/youbi/star/obj_08_002.py (缺少类型注解)
  - 08/youbi/star/obj_08_003.py (缺少类型注解)
  - 08/youbi/star/p2_08_017.py (缺少类型注解)
  - 08/youbi/star/p2_08_018.py (缺少类型注解)
  - 08/youbi/star/p3_08_015.py (缺少类型注解)
  - 08/youbi/star/p3_08_016.py (缺少类型注解)
  - 08/youbi/star/p4_08_015.py (缺少类型注解)
  - 08/youbi/star/p4_08_016.py (缺少类型注解)
  - 08/youbi/star/p5_08_015.py (缺少类型注解)
  - 08/youbi/star/p5_08_016.py (缺少类型注解)
  - 08/youbi/star/task_15.py (缺少类型注解)
  - 08/youbi/star/task_16.py (缺少类型注解)
  - 08/youbi/star/task_17.py (缺少类型注解)
  - 08/youbi/star/xj08_001.py (缺少类型注解)
  - 08/youbi/star/xj08_003.py (缺少类型注解)
  - 08/youbi/star/xj08_004.py (缺少类型注解)
  - 08/youbi/star/xj08_p1_001.py (缺少类型注解)
  - 08/youbi/star/xj08_p1_003.py (缺少类型注解)
  - 08/youbi/star/xj08_p1_004.py (缺少类型注解)
  - 08/youbi/star/xj_p3_006.py (缺少类型注解)
  - 08/youbi/star/xj_p3_007.py (缺少类型注解)
  - 09/tanlang/star/obj_09_001.py (缺少类型注解)
  - 09/tanlang/star/obj_09_002.py (缺少类型注解)
  - 09/tanlang/star/obj_09_003.py (缺少类型注解)
  - 09/tanlang/star/p2_09_019.py (缺少类型注解)
  - 09/tanlang/star/p2_09_020.py (缺少类型注解)
  - 09/tanlang/star/p3_09_017.py (缺少类型注解)
  - 09/tanlang/star/p3_09_018.py (缺少类型注解)
  - 09/tanlang/star/p4_09_017.py (缺少类型注解)
  - 09/tanlang/star/p4_09_018.py (缺少类型注解)
  - 09/tanlang/star/p5_09_017.py (缺少类型注解)
  - 09/tanlang/star/p5_09_018.py (缺少类型注解)
  - 09/tanlang/star/task_18.py (缺少类型注解)
  - 09/tanlang/star/task_19.py (缺少类型注解)
  - 09/tanlang/star/task_20.py (缺少类型注解)
  - 09/tanlang/star/web_001.py (缺少类型注解)
  - 09/tanlang/star/web_002.py (缺少类型注解)
  - 09/tanlang/star/web_003.py (缺少类型注解)
  - 09/tanlang/star/web_004.py (缺少类型注解)
  - 09/tanlang/star/web_005.py (缺少类型注解)
  - 09/tanlang/star/xj09_001.py (缺少类型注解)
  - 09/tanlang/star/xj09_002.py (缺少类型注解)
  - 09/tanlang/star/xj09_003.py (缺少类型注解)
  - 09/tanlang/star/xj09_004.py (缺少类型注解)
  - 09/tanlang/star/xj09_005.py (缺少类型注解)
  - 09/tanlang/star/xj09_p1_001.py (缺少类型注解)
  - 09/tanlang/star/xj09_p1_002.py (缺少类型注解)
  - 09/tanlang/star/xj09_p1_003.py (缺少类型注解)
  - 09/tanlang/star/xj09_p1_004.py (缺少类型注解)
  - 09/tanlang/star/xj09_p1_005.py (缺少类型注解)
  - 10/fubi/star/doc_001.py (缺少类型注解)
  - 10/fubi/star/doc_002.py (缺少类型注解)
  - 10/fubi/star/doc_003.py (缺少类型注解)
  - 10/fubi/star/doc_004.py (缺少类型注解)
  - 10/fubi/star/doc_005.py (缺少类型注解)
  - 10/fubi/star/obj_10_001.py (缺少类型注解)
  - 10/fubi/star/obj_10_002.py (缺少类型注解)
  - 10/fubi/star/obj_10_003.py (缺少类型注解)
  - 10/fubi/star/p2_10_021.py (缺少类型注解)
  - 10/fubi/star/p2_10_022.py (缺少类型注解)
  - 10/fubi/star/p3_10_019.py (缺少类型注解)
  - 10/fubi/star/p3_10_020.py (缺少类型注解)
  - 10/fubi/star/p4_10_019.py (缺少类型注解)
  - 10/fubi/star/p4_10_020.py (缺少类型注解)
  - 10/fubi/star/p5_10_019.py (缺少类型注解)
  - 10/fubi/star/p5_10_020.py (缺少类型注解)
  - 10/fubi/star/xj10_001.py (缺少类型注解)
  - 10/fubi/star/xj10_002.py (缺少类型注解)
  - 10/fubi/star/xj10_003.py (缺少类型注解)
  - 10/fubi/star/xj10_004.py (缺少类型注解)
  - 10/fubi/star/xj10_005.py (缺少类型注解)
  - 10/fubi/star/xj10_p1_001.py (缺少类型注解)
  - 10/fubi/star/xj10_p1_002.py (缺少类型注解)
  - 10/fubi/star/xj10_p1_003.py (缺少类型注解)
  - 10/fubi/star/xj10_p1_004.py (缺少类型注解)
  - 10/fubi/star/xj10_p1_005.py (缺少类型注解)

=== 质检完成 ===
发现问题文件: 208 个
=== 张志远(002) 代码质检任务 ===
时间: Tue Mar 24 12:30:01 AM CST 2026

📊 代码统计:
  XJ-01: 40 文件, 1720 行
  XJ-02: 35 文件, 1330 行
  XJ-03: 25 文件, 925 行
  XJ-04: 25 文件, 650 行
  XJ-05: 24 文件, 624 行
  XJ-06: 24 文件, 624 行
  XJ-07: 23 文件, 598 行
  XJ-08: 24 文件, 658 行
  XJ-09: 29 文件, 754 行
  XJ-10: 26 文件, 676 行
  总计: 275 文件, 8559 行

📈 质量指标:
  文档覆盖率: 100.0%
  类型注解覆盖率: 37.1%

⚠️ 需要改进的文件:
  - 02/lucun/star/c_02_001.py (缺少类型注解)
  - 02/lucun/star/c_02_002.py (缺少类型注解)
  - 02/lucun/star/c_02_003.py (缺少类型注解)
  - 02/lucun/star/c_02_004.py (缺少类型注解)
  - 02/lucun/star/c_02_005.py (缺少类型注解)
  - 02/lucun/star/p2_02_004.py (缺少类型注解)
  - 02/lucun/star/p2_02_005.py (缺少类型注解)
  - 02/lucun/star/p2_02_006.py (缺少类型注解)
  - 02/lucun/star/p3_02_003.py (缺少类型注解)
  - 02/lucun/star/p3_02_004.py (缺少类型注解)
  - 02/lucun/star/p4_02_003.py (缺少类型注解)
  - 02/lucun/star/p4_02_004.py (缺少类型注解)
  - 02/lucun/star/p5_02_003.py (缺少类型注解)
  - 02/lucun/star/p5_02_004.py (缺少类型注解)
  - 02/lucun/star/task_01.py (缺少类型注解)
  - 02/lucun/star/task_02.py (缺少类型注解)
  - 02/lucun/star/task_03.py (缺少类型注解)
  - 02/lucun/star/task_04.py (缺少类型注解)
  - 02/lucun/star/task_05.py (缺少类型注解)
  - 02/lucun/star/task_06.py (缺少类型注解)
  - 02/lucun/star/task_07.py (缺少类型注解)
  - 02/lucun/star/task_08.py (缺少类型注解)
  - 02/lucun/star/task_9.py (缺少类型注解)
  - 02/lucun/star/xj02_001.py (缺少类型注解)
  - 02/lucun/star/xj02_002.py (缺少类型注解)
  - 02/lucun/star/xj02_003.py (缺少类型注解)
  - 02/lucun/star/xj02_004.py (缺少类型注解)
  - 02/lucun/star/xj02_p0_001.py (缺少类型注解)
  - 02/lucun/star/xj02_p0_002.py (缺少类型注解)
  - 02/lucun/star/xj02_p0_003.py (缺少类型注解)
  - 02/lucun/star/xj02_p1_001.py (缺少类型注解)
  - 02/lucun/star/xj02_p1_003.py (缺少类型注解)
  - 02/lucun/star/xj02_p2_001.py (缺少类型注解)
  - 02/lucun/star/xj02_p2_002.py (缺少类型注解)
  - 02/lucun/star/xj_p3_002.py (缺少类型注解)
  - 04/lianzheng/star/obj_04_001.py (缺少类型注解)
  - 04/lianzheng/star/obj_04_002.py (缺少类型注解)
  - 04/lianzheng/star/obj_04_003.py (缺少类型注解)
  - 04/lianzheng/star/p2_04_009.py (缺少类型注解)
  - 04/lianzheng/star/p2_04_010.py (缺少类型注解)
  - 04/lianzheng/star/p3_04_007.py (缺少类型注解)
  - 04/lianzheng/star/p3_04_008.py (缺少类型注解)
  - 04/lianzheng/star/p4_04_007.py (缺少类型注解)
  - 04/lianzheng/star/p4_04_008.py (缺少类型注解)
  - 04/lianzheng/star/p5_04_007.py (缺少类型注解)
  - 04/lianzheng/star/p5_04_008.py (缺少类型注解)
  - 04/lianzheng/star/task_11.py (缺少类型注解)
  - 04/lianzheng/star/task_12.py (缺少类型注解)
  - 04/lianzheng/star/xj04_001.py (缺少类型注解)
  - 04/lianzheng/star/xj04_002.py (缺少类型注解)
  - 04/lianzheng/star/xj04_003.py (缺少类型注解)
  - 04/lianzheng/star/xj04_004.py (缺少类型注解)
  - 04/lianzheng/star/xj04_005.py (缺少类型注解)
  - 04/lianzheng/star/xj04_p1_001.py (缺少类型注解)
  - 04/lianzheng/star/xj04_p1_002.py (缺少类型注解)
  - 04/lianzheng/star/xj04_p1_003.py (缺少类型注解)
  - 04/lianzheng/star/xj04_p1_004.py (缺少类型注解)
  - 04/lianzheng/star/xj04_p1_005.py (缺少类型注解)
  - 04/lianzheng/star/xj04_p2_001.py (缺少类型注解)
  - 04/lianzheng/star/xj04_p2_002.py (缺少类型注解)
  - 05/wuqu/star/obj_05_001.py (缺少类型注解)
  - 05/wuqu/star/obj_05_002.py (缺少类型注解)
  - 05/wuqu/star/obj_05_003.py (缺少类型注解)
  - 05/wuqu/star/p2_05_011.py (缺少类型注解)
  - 05/wuqu/star/p2_05_012.py (缺少类型注解)
  - 05/wuqu/star/p3_05_009.py (缺少类型注解)
  - 05/wuqu/star/p3_05_010.py (缺少类型注解)
  - 05/wuqu/star/p4_05_009.py (缺少类型注解)
  - 05/wuqu/star/p4_05_010.py (缺少类型注解)
  - 05/wuqu/star/p5_05_009.py (缺少类型注解)
  - 05/wuqu/star/p5_05_010.py (缺少类型注解)
  - 05/wuqu/star/task_13.py (缺少类型注解)
  - 05/wuqu/star/xj05_001.py (缺少类型注解)
  - 05/wuqu/star/xj05_002.py (缺少类型注解)
  - 05/wuqu/star/xj05_003.py (缺少类型注解)
  - 05/wuqu/star/xj05_004.py (缺少类型注解)
  - 05/wuqu/star/xj05_005.py (缺少类型注解)
  - 05/wuqu/star/xj05_p1_001.py (缺少类型注解)
  - 05/wuqu/star/xj05_p1_002.py (缺少类型注解)
  - 05/wuqu/star/xj05_p1_003.py (缺少类型注解)
  - 05/wuqu/star/xj05_p1_004.py (缺少类型注解)
  - 05/wuqu/star/xj05_p1_005.py (缺少类型注解)
  - 05/wuqu/star/xj05_p2_001.py (缺少类型注解)
  - 05/wuqu/star/xj05_p2_002.py (缺少类型注解)
  - 06/pojun/star/obj_06_001.py (缺少类型注解)
  - 06/pojun/star/obj_06_002.py (缺少类型注解)
  - 06/pojun/star/obj_06_003.py (缺少类型注解)
  - 06/pojun/star/p2_06_013.py (缺少类型注解)
  - 06/pojun/star/p2_06_014.py (缺少类型注解)
  - 06/pojun/star/p3_06_011.py (缺少类型注解)
  - 06/pojun/star/p3_06_012.py (缺少类型注解)
  - 06/pojun/star/p4_06_011.py (缺少类型注解)
  - 06/pojun/star/p4_06_012.py (缺少类型注解)
  - 06/pojun/star/p5_06_011.py (缺少类型注解)
  - 06/pojun/star/p5_06_012.py (缺少类型注解)
  - 06/pojun/star/task_14.py (缺少类型注解)
  - 06/pojun/star/xj06_001.py (缺少类型注解)
  - 06/pojun/star/xj06_002.py (缺少类型注解)
  - 06/pojun/star/xj06_003.py (缺少类型注解)
  - 06/pojun/star/xj06_004.py (缺少类型注解)
  - 06/pojun/star/xj06_005.py (缺少类型注解)
  - 06/pojun/star/xj06_p1_001.py (缺少类型注解)
  - 06/pojun/star/xj06_p1_002.py (缺少类型注解)
  - 06/pojun/star/xj06_p1_003.py (缺少类型注解)
  - 06/pojun/star/xj06_p1_004.py (缺少类型注解)
  - 06/pojun/star/xj06_p1_005.py (缺少类型注解)
  - 06/pojun/star/xj06_p2_001.py (缺少类型注解)
  - 06/pojun/star/xj06_p2_002.py (缺少类型注解)
  - 07/zuofu/star/obj_07_001.py (缺少类型注解)
  - 07/zuofu/star/obj_07_002.py (缺少类型注解)
  - 07/zuofu/star/obj_07_003.py (缺少类型注解)
  - 07/zuofu/star/obj_07_004.py (缺少类型注解)
  - 07/zuofu/star/p2_07_015.py (缺少类型注解)
  - 07/zuofu/star/p2_07_016.py (缺少类型注解)
  - 07/zuofu/star/p3_07_013.py (缺少类型注解)
  - 07/zuofu/star/p3_07_014.py (缺少类型注解)
  - 07/zuofu/star/p4_07_013.py (缺少类型注解)
  - 07/zuofu/star/p4_07_014.py (缺少类型注解)
  - 07/zuofu/star/p5_07_013.py (缺少类型注解)
  - 07/zuofu/star/p5_07_014.py (缺少类型注解)
  - 07/zuofu/star/xj07_001.py (缺少类型注解)
  - 07/zuofu/star/xj07_002.py (缺少类型注解)
  - 07/zuofu/star/xj07_003.py (缺少类型注解)
  - 07/zuofu/star/xj07_004.py (缺少类型注解)
  - 07/zuofu/star/xj07_005.py (缺少类型注解)
  - 07/zuofu/star/xj07_p1_001.py (缺少类型注解)
  - 07/zuofu/star/xj07_p1_002.py (缺少类型注解)
  - 07/zuofu/star/xj07_p1_003.py (缺少类型注解)
  - 07/zuofu/star/xj07_p1_004.py (缺少类型注解)
  - 07/zuofu/star/xj07_p1_005.py (缺少类型注解)
  - 07/zuofu/star/xj07_p2_001.py (缺少类型注解)
  - 08/youbi/star/obj_08_001.py (缺少类型注解)
  - 08/youbi/star/obj_08_002.py (缺少类型注解)
  - 08/youbi/star/obj_08_003.py (缺少类型注解)
  - 08/youbi/star/p2_08_017.py (缺少类型注解)
  - 08/youbi/star/p2_08_018.py (缺少类型注解)
  - 08/youbi/star/p3_08_015.py (缺少类型注解)
  - 08/youbi/star/p3_08_016.py (缺少类型注解)
  - 08/youbi/star/p4_08_015.py (缺少类型注解)
  - 08/youbi/star/p4_08_016.py (缺少类型注解)
  - 08/youbi/star/p5_08_015.py (缺少类型注解)
  - 08/youbi/star/p5_08_016.py (缺少类型注解)
  - 08/youbi/star/task_15.py (缺少类型注解)
  - 08/youbi/star/task_16.py (缺少类型注解)
  - 08/youbi/star/task_17.py (缺少类型注解)
  - 08/youbi/star/xj08_001.py (缺少类型注解)
  - 08/youbi/star/xj08_003.py (缺少类型注解)
  - 08/youbi/star/xj08_004.py (缺少类型注解)
  - 08/youbi/star/xj08_p1_001.py (缺少类型注解)
  - 08/youbi/star/xj08_p1_003.py (缺少类型注解)
  - 08/youbi/star/xj08_p1_004.py (缺少类型注解)
  - 08/youbi/star/xj_p3_006.py (缺少类型注解)
  - 08/youbi/star/xj_p3_007.py (缺少类型注解)
  - 09/tanlang/star/obj_09_001.py (缺少类型注解)
  - 09/tanlang/star/obj_09_002.py (缺少类型注解)
  - 09/tanlang/star/obj_09_003.py (缺少类型注解)
  - 09/tanlang/star/p2_09_019.py (缺少类型注解)
  - 09/tanlang/star/p2_09_020.py (缺少类型注解)
  - 09/tanlang/star/p3_09_017.py (缺少类型注解)
  - 09/tanlang/star/p3_09_018.py (缺少类型注解)
  - 09/tanlang/star/p4_09_017.py (缺少类型注解)
  - 09/tanlang/star/p4_09_018.py (缺少类型注解)
  - 09/tanlang/star/p5_09_017.py (缺少类型注解)
  - 09/tanlang/star/p5_09_018.py (缺少类型注解)
  - 09/tanlang/star/task_18.py (缺少类型注解)
  - 09/tanlang/star/task_19.py (缺少类型注解)
  - 09/tanlang/star/task_20.py (缺少类型注解)
  - 09/tanlang/star/web_001.py (缺少类型注解)
  - 09/tanlang/star/web_002.py (缺少类型注解)
  - 09/tanlang/star/web_003.py (缺少类型注解)
  - 09/tanlang/star/web_004.py (缺少类型注解)
  - 09/tanlang/star/web_005.py (缺少类型注解)
  - 09/tanlang/star/xj09_001.py (缺少类型注解)
  - 09/tanlang/star/xj09_002.py (缺少类型注解)
  - 09/tanlang/star/xj09_003.py (缺少类型注解)
  - 09/tanlang/star/xj09_004.py (缺少类型注解)
  - 09/tanlang/star/xj09_005.py (缺少类型注解)
  - 09/tanlang/star/xj09_p1_001.py (缺少类型注解)
  - 09/tanlang/star/xj09_p1_002.py (缺少类型注解)
  - 09/tanlang/star/xj09_p1_003.py (缺少类型注解)
  - 09/tanlang/star/xj09_p1_004.py (缺少类型注解)
  - 09/tanlang/star/xj09_p1_005.py (缺少类型注解)
  - 10/fubi/star/doc_001.py (缺少类型注解)
  - 10/fubi/star/doc_002.py (缺少类型注解)
  - 10/fubi/star/doc_003.py (缺少类型注解)
  - 10/fubi/star/doc_004.py (缺少类型注解)
  - 10/fubi/star/doc_005.py (缺少类型注解)
  - 10/fubi/star/obj_10_001.py (缺少类型注解)
  - 10/fubi/star/obj_10_002.py (缺少类型注解)
  - 10/fubi/star/obj_10_003.py (缺少类型注解)
  - 10/fubi/star/p2_10_021.py (缺少类型注解)
  - 10/fubi/star/p2_10_022.py (缺少类型注解)
  - 10/fubi/star/p3_10_019.py (缺少类型注解)
  - 10/fubi/star/p3_10_020.py (缺少类型注解)
  - 10/fubi/star/p4_10_019.py (缺少类型注解)
  - 10/fubi/star/p4_10_020.py (缺少类型注解)
  - 10/fubi/star/p5_10_019.py (缺少类型注解)
  - 10/fubi/star/p5_10_020.py (缺少类型注解)
  - 10/fubi/star/xj10_001.py (缺少类型注解)
  - 10/fubi/star/xj10_002.py (缺少类型注解)
  - 10/fubi/star/xj10_003.py (缺少类型注解)
  - 10/fubi/star/xj10_004.py (缺少类型注解)
  - 10/fubi/star/xj10_005.py (缺少类型注解)
  - 10/fubi/star/xj10_p1_001.py (缺少类型注解)
  - 10/fubi/star/xj10_p1_002.py (缺少类型注解)
  - 10/fubi/star/xj10_p1_003.py (缺少类型注解)
  - 10/fubi/star/xj10_p1_004.py (缺少类型注解)
  - 10/fubi/star/xj10_p1_005.py (缺少类型注解)

=== 质检完成 ===
发现问题文件: 208 个
=== 张志远(002) 代码质检任务 ===
时间: Tue Mar 24 01:00:01 AM CST 2026

📊 代码统计:
  XJ-01: 40 文件, 1720 行
  XJ-02: 35 文件, 1330 行
  XJ-03: 25 文件, 925 行
  XJ-04: 25 文件, 650 行
  XJ-05: 24 文件, 624 行
  XJ-06: 24 文件, 624 行
  XJ-07: 23 文件, 598 行
  XJ-08: 24 文件, 658 行
  XJ-09: 29 文件, 754 行
  XJ-10: 26 文件, 676 行
  总计: 275 文件, 8559 行

📈 质量指标:
  文档覆盖率: 100.0%
  类型注解覆盖率: 37.1%

⚠️ 需要改进的文件:
  - 02/lucun/star/c_02_001.py (缺少类型注解)
  - 02/lucun/star/c_02_002.py (缺少类型注解)
  - 02/lucun/star/c_02_003.py (缺少类型注解)
  - 02/lucun/star/c_02_004.py (缺少类型注解)
  - 02/lucun/star/c_02_005.py (缺少类型注解)
  - 02/lucun/star/p2_02_004.py (缺少类型注解)
  - 02/lucun/star/p2_02_005.py (缺少类型注解)
  - 02/lucun/star/p2_02_006.py (缺少类型注解)
  - 02/lucun/star/p3_02_003.py (缺少类型注解)
  - 02/lucun/star/p3_02_004.py (缺少类型注解)
  - 02/lucun/star/p4_02_003.py (缺少类型注解)
  - 02/lucun/star/p4_02_004.py (缺少类型注解)
  - 02/lucun/star/p5_02_003.py (缺少类型注解)
  - 02/lucun/star/p5_02_004.py (缺少类型注解)
  - 02/lucun/star/task_01.py (缺少类型注解)
  - 02/lucun/star/task_02.py (缺少类型注解)
  - 02/lucun/star/task_03.py (缺少类型注解)
  - 02/lucun/star/task_04.py (缺少类型注解)
  - 02/lucun/star/task_05.py (缺少类型注解)
  - 02/lucun/star/task_06.py (缺少类型注解)
  - 02/lucun/star/task_07.py (缺少类型注解)
  - 02/lucun/star/task_08.py (缺少类型注解)
  - 02/lucun/star/task_9.py (缺少类型注解)
  - 02/lucun/star/xj02_001.py (缺少类型注解)
  - 02/lucun/star/xj02_002.py (缺少类型注解)
  - 02/lucun/star/xj02_003.py (缺少类型注解)
  - 02/lucun/star/xj02_004.py (缺少类型注解)
  - 02/lucun/star/xj02_p0_001.py (缺少类型注解)
  - 02/lucun/star/xj02_p0_002.py (缺少类型注解)
  - 02/lucun/star/xj02_p0_003.py (缺少类型注解)
  - 02/lucun/star/xj02_p1_001.py (缺少类型注解)
  - 02/lucun/star/xj02_p1_003.py (缺少类型注解)
  - 02/lucun/star/xj02_p2_001.py (缺少类型注解)
  - 02/lucun/star/xj02_p2_002.py (缺少类型注解)
  - 02/lucun/star/xj_p3_002.py (缺少类型注解)
  - 04/lianzheng/star/obj_04_001.py (缺少类型注解)
  - 04/lianzheng/star/obj_04_002.py (缺少类型注解)
  - 04/lianzheng/star/obj_04_003.py (缺少类型注解)
  - 04/lianzheng/star/p2_04_009.py (缺少类型注解)
  - 04/lianzheng/star/p2_04_010.py (缺少类型注解)
  - 04/lianzheng/star/p3_04_007.py (缺少类型注解)
  - 04/lianzheng/star/p3_04_008.py (缺少类型注解)
  - 04/lianzheng/star/p4_04_007.py (缺少类型注解)
  - 04/lianzheng/star/p4_04_008.py (缺少类型注解)
  - 04/lianzheng/star/p5_04_007.py (缺少类型注解)
  - 04/lianzheng/star/p5_04_008.py (缺少类型注解)
  - 04/lianzheng/star/task_11.py (缺少类型注解)
  - 04/lianzheng/star/task_12.py (缺少类型注解)
  - 04/lianzheng/star/xj04_001.py (缺少类型注解)
  - 04/lianzheng/star/xj04_002.py (缺少类型注解)
  - 04/lianzheng/star/xj04_003.py (缺少类型注解)
  - 04/lianzheng/star/xj04_004.py (缺少类型注解)
  - 04/lianzheng/star/xj04_005.py (缺少类型注解)
  - 04/lianzheng/star/xj04_p1_001.py (缺少类型注解)
  - 04/lianzheng/star/xj04_p1_002.py (缺少类型注解)
  - 04/lianzheng/star/xj04_p1_003.py (缺少类型注解)
  - 04/lianzheng/star/xj04_p1_004.py (缺少类型注解)
  - 04/lianzheng/star/xj04_p1_005.py (缺少类型注解)
  - 04/lianzheng/star/xj04_p2_001.py (缺少类型注解)
  - 04/lianzheng/star/xj04_p2_002.py (缺少类型注解)
  - 05/wuqu/star/obj_05_001.py (缺少类型注解)
  - 05/wuqu/star/obj_05_002.py (缺少类型注解)
  - 05/wuqu/star/obj_05_003.py (缺少类型注解)
  - 05/wuqu/star/p2_05_011.py (缺少类型注解)
  - 05/wuqu/star/p2_05_012.py (缺少类型注解)
  - 05/wuqu/star/p3_05_009.py (缺少类型注解)
  - 05/wuqu/star/p3_05_010.py (缺少类型注解)
  - 05/wuqu/star/p4_05_009.py (缺少类型注解)
  - 05/wuqu/star/p4_05_010.py (缺少类型注解)
  - 05/wuqu/star/p5_05_009.py (缺少类型注解)
  - 05/wuqu/star/p5_05_010.py (缺少类型注解)
  - 05/wuqu/star/task_13.py (缺少类型注解)
  - 05/wuqu/star/xj05_001.py (缺少类型注解)
  - 05/wuqu/star/xj05_002.py (缺少类型注解)
  - 05/wuqu/star/xj05_003.py (缺少类型注解)
  - 05/wuqu/star/xj05_004.py (缺少类型注解)
  - 05/wuqu/star/xj05_005.py (缺少类型注解)
  - 05/wuqu/star/xj05_p1_001.py (缺少类型注解)
  - 05/wuqu/star/xj05_p1_002.py (缺少类型注解)
  - 05/wuqu/star/xj05_p1_003.py (缺少类型注解)
  - 05/wuqu/star/xj05_p1_004.py (缺少类型注解)
  - 05/wuqu/star/xj05_p1_005.py (缺少类型注解)
  - 05/wuqu/star/xj05_p2_001.py (缺少类型注解)
  - 05/wuqu/star/xj05_p2_002.py (缺少类型注解)
  - 06/pojun/star/obj_06_001.py (缺少类型注解)
  - 06/pojun/star/obj_06_002.py (缺少类型注解)
  - 06/pojun/star/obj_06_003.py (缺少类型注解)
  - 06/pojun/star/p2_06_013.py (缺少类型注解)
  - 06/pojun/star/p2_06_014.py (缺少类型注解)
  - 06/pojun/star/p3_06_011.py (缺少类型注解)
  - 06/pojun/star/p3_06_012.py (缺少类型注解)
  - 06/pojun/star/p4_06_011.py (缺少类型注解)
  - 06/pojun/star/p4_06_012.py (缺少类型注解)
  - 06/pojun/star/p5_06_011.py (缺少类型注解)
  - 06/pojun/star/p5_06_012.py (缺少类型注解)
  - 06/pojun/star/task_14.py (缺少类型注解)
  - 06/pojun/star/xj06_001.py (缺少类型注解)
  - 06/pojun/star/xj06_002.py (缺少类型注解)
  - 06/pojun/star/xj06_003.py (缺少类型注解)
  - 06/pojun/star/xj06_004.py (缺少类型注解)
  - 06/pojun/star/xj06_005.py (缺少类型注解)
  - 06/pojun/star/xj06_p1_001.py (缺少类型注解)
  - 06/pojun/star/xj06_p1_002.py (缺少类型注解)
  - 06/pojun/star/xj06_p1_003.py (缺少类型注解)
  - 06/pojun/star/xj06_p1_004.py (缺少类型注解)
  - 06/pojun/star/xj06_p1_005.py (缺少类型注解)
  - 06/pojun/star/xj06_p2_001.py (缺少类型注解)
  - 06/pojun/star/xj06_p2_002.py (缺少类型注解)
  - 07/zuofu/star/obj_07_001.py (缺少类型注解)
  - 07/zuofu/star/obj_07_002.py (缺少类型注解)
  - 07/zuofu/star/obj_07_003.py (缺少类型注解)
  - 07/zuofu/star/obj_07_004.py (缺少类型注解)
  - 07/zuofu/star/p2_07_015.py (缺少类型注解)
  - 07/zuofu/star/p2_07_016.py (缺少类型注解)
  - 07/zuofu/star/p3_07_013.py (缺少类型注解)
  - 07/zuofu/star/p3_07_014.py (缺少类型注解)
  - 07/zuofu/star/p4_07_013.py (缺少类型注解)
  - 07/zuofu/star/p4_07_014.py (缺少类型注解)
  - 07/zuofu/star/p5_07_013.py (缺少类型注解)
  - 07/zuofu/star/p5_07_014.py (缺少类型注解)
  - 07/zuofu/star/xj07_001.py (缺少类型注解)
  - 07/zuofu/star/xj07_002.py (缺少类型注解)
  - 07/zuofu/star/xj07_003.py (缺少类型注解)
  - 07/zuofu/star/xj07_004.py (缺少类型注解)
  - 07/zuofu/star/xj07_005.py (缺少类型注解)
  - 07/zuofu/star/xj07_p1_001.py (缺少类型注解)
  - 07/zuofu/star/xj07_p1_002.py (缺少类型注解)
  - 07/zuofu/star/xj07_p1_003.py (缺少类型注解)
  - 07/zuofu/star/xj07_p1_004.py (缺少类型注解)
  - 07/zuofu/star/xj07_p1_005.py (缺少类型注解)
  - 07/zuofu/star/xj07_p2_001.py (缺少类型注解)
  - 08/youbi/star/obj_08_001.py (缺少类型注解)
  - 08/youbi/star/obj_08_002.py (缺少类型注解)
  - 08/youbi/star/obj_08_003.py (缺少类型注解)
  - 08/youbi/star/p2_08_017.py (缺少类型注解)
  - 08/youbi/star/p2_08_018.py (缺少类型注解)
  - 08/youbi/star/p3_08_015.py (缺少类型注解)
  - 08/youbi/star/p3_08_016.py (缺少类型注解)
  - 08/youbi/star/p4_08_015.py (缺少类型注解)
  - 08/youbi/star/p4_08_016.py (缺少类型注解)
  - 08/youbi/star/p5_08_015.py (缺少类型注解)
  - 08/youbi/star/p5_08_016.py (缺少类型注解)
  - 08/youbi/star/task_15.py (缺少类型注解)
  - 08/youbi/star/task_16.py (缺少类型注解)
  - 08/youbi/star/task_17.py (缺少类型注解)
  - 08/youbi/star/xj08_001.py (缺少类型注解)
  - 08/youbi/star/xj08_003.py (缺少类型注解)
  - 08/youbi/star/xj08_004.py (缺少类型注解)
  - 08/youbi/star/xj08_p1_001.py (缺少类型注解)
  - 08/youbi/star/xj08_p1_003.py (缺少类型注解)
  - 08/youbi/star/xj08_p1_004.py (缺少类型注解)
  - 08/youbi/star/xj_p3_006.py (缺少类型注解)
  - 08/youbi/star/xj_p3_007.py (缺少类型注解)
  - 09/tanlang/star/obj_09_001.py (缺少类型注解)
  - 09/tanlang/star/obj_09_002.py (缺少类型注解)
  - 09/tanlang/star/obj_09_003.py (缺少类型注解)
  - 09/tanlang/star/p2_09_019.py (缺少类型注解)
  - 09/tanlang/star/p2_09_020.py (缺少类型注解)
  - 09/tanlang/star/p3_09_017.py (缺少类型注解)
  - 09/tanlang/star/p3_09_018.py (缺少类型注解)
  - 09/tanlang/star/p4_09_017.py (缺少类型注解)
  - 09/tanlang/star/p4_09_018.py (缺少类型注解)
  - 09/tanlang/star/p5_09_017.py (缺少类型注解)
  - 09/tanlang/star/p5_09_018.py (缺少类型注解)
  - 09/tanlang/star/task_18.py (缺少类型注解)
  - 09/tanlang/star/task_19.py (缺少类型注解)
  - 09/tanlang/star/task_20.py (缺少类型注解)
  - 09/tanlang/star/web_001.py (缺少类型注解)
  - 09/tanlang/star/web_002.py (缺少类型注解)
  - 09/tanlang/star/web_003.py (缺少类型注解)
  - 09/tanlang/star/web_004.py (缺少类型注解)
  - 09/tanlang/star/web_005.py (缺少类型注解)
  - 09/tanlang/star/xj09_001.py (缺少类型注解)
  - 09/tanlang/star/xj09_002.py (缺少类型注解)
  - 09/tanlang/star/xj09_003.py (缺少类型注解)
  - 09/tanlang/star/xj09_004.py (缺少类型注解)
  - 09/tanlang/star/xj09_005.py (缺少类型注解)
  - 09/tanlang/star/xj09_p1_001.py (缺少类型注解)
  - 09/tanlang/star/xj09_p1_002.py (缺少类型注解)
  - 09/tanlang/star/xj09_p1_003.py (缺少类型注解)
  - 09/tanlang/star/xj09_p1_004.py (缺少类型注解)
  - 09/tanlang/star/xj09_p1_005.py (缺少类型注解)
  - 10/fubi/star/doc_001.py (缺少类型注解)
  - 10/fubi/star/doc_002.py (缺少类型注解)
  - 10/fubi/star/doc_003.py (缺少类型注解)
  - 10/fubi/star/doc_004.py (缺少类型注解)
  - 10/fubi/star/doc_005.py (缺少类型注解)
  - 10/fubi/star/obj_10_001.py (缺少类型注解)
  - 10/fubi/star/obj_10_002.py (缺少类型注解)
  - 10/fubi/star/obj_10_003.py (缺少类型注解)
  - 10/fubi/star/p2_10_021.py (缺少类型注解)
  - 10/fubi/star/p2_10_022.py (缺少类型注解)
  - 10/fubi/star/p3_10_019.py (缺少类型注解)
  - 10/fubi/star/p3_10_020.py (缺少类型注解)
  - 10/fubi/star/p4_10_019.py (缺少类型注解)
  - 10/fubi/star/p4_10_020.py (缺少类型注解)
  - 10/fubi/star/p5_10_019.py (缺少类型注解)
  - 10/fubi/star/p5_10_020.py (缺少类型注解)
  - 10/fubi/star/xj10_001.py (缺少类型注解)
  - 10/fubi/star/xj10_002.py (缺少类型注解)
  - 10/fubi/star/xj10_003.py (缺少类型注解)
  - 10/fubi/star/xj10_004.py (缺少类型注解)
  - 10/fubi/star/xj10_005.py (缺少类型注解)
  - 10/fubi/star/xj10_p1_001.py (缺少类型注解)
  - 10/fubi/star/xj10_p1_002.py (缺少类型注解)
  - 10/fubi/star/xj10_p1_003.py (缺少类型注解)
  - 10/fubi/star/xj10_p1_004.py (缺少类型注解)
  - 10/fubi/star/xj10_p1_005.py (缺少类型注解)

=== 质检完成 ===
发现问题文件: 208 个
=== 张志远(002) 代码质检任务 ===
时间: Tue Mar 24 01:30:01 AM CST 2026

📊 代码统计:
  XJ-01: 40 文件, 1720 行
  XJ-02: 35 文件, 1330 行
  XJ-03: 25 文件, 925 行
  XJ-04: 25 文件, 650 行
  XJ-05: 24 文件, 624 行
  XJ-06: 24 文件, 624 行
  XJ-07: 23 文件, 598 行
  XJ-08: 24 文件, 658 行
  XJ-09: 29 文件, 754 行
  XJ-10: 26 文件, 676 行
  总计: 275 文件, 8559 行

📈 质量指标:
  文档覆盖率: 100.0%
  类型注解覆盖率: 37.1%

⚠️ 需要改进的文件:
  - 02/lucun/star/c_02_001.py (缺少类型注解)
  - 02/lucun/star/c_02_002.py (缺少类型注解)
  - 02/lucun/star/c_02_003.py (缺少类型注解)
  - 02/lucun/star/c_02_004.py (缺少类型注解)
  - 02/lucun/star/c_02_005.py (缺少类型注解)
  - 02/lucun/star/p2_02_004.py (缺少类型注解)
  - 02/lucun/star/p2_02_005.py (缺少类型注解)
  - 02/lucun/star/p2_02_006.py (缺少类型注解)
  - 02/lucun/star/p3_02_003.py (缺少类型注解)
  - 02/lucun/star/p3_02_004.py (缺少类型注解)
  - 02/lucun/star/p4_02_003.py (缺少类型注解)
  - 02/lucun/star/p4_02_004.py (缺少类型注解)
  - 02/lucun/star/p5_02_003.py (缺少类型注解)
  - 02/lucun/star/p5_02_004.py (缺少类型注解)
  - 02/lucun/star/task_01.py (缺少类型注解)
  - 02/lucun/star/task_02.py (缺少类型注解)
  - 02/lucun/star/task_03.py (缺少类型注解)
  - 02/lucun/star/task_04.py (缺少类型注解)
  - 02/lucun/star/task_05.py (缺少类型注解)
  - 02/lucun/star/task_06.py (缺少类型注解)
  - 02/lucun/star/task_07.py (缺少类型注解)
  - 02/lucun/star/task_08.py (缺少类型注解)
  - 02/lucun/star/task_9.py (缺少类型注解)
  - 02/lucun/star/xj02_001.py (缺少类型注解)
  - 02/lucun/star/xj02_002.py (缺少类型注解)
  - 02/lucun/star/xj02_003.py (缺少类型注解)
  - 02/lucun/star/xj02_004.py (缺少类型注解)
  - 02/lucun/star/xj02_p0_001.py (缺少类型注解)
  - 02/lucun/star/xj02_p0_002.py (缺少类型注解)
  - 02/lucun/star/xj02_p0_003.py (缺少类型注解)
  - 02/lucun/star/xj02_p1_001.py (缺少类型注解)
  - 02/lucun/star/xj02_p1_003.py (缺少类型注解)
  - 02/lucun/star/xj02_p2_001.py (缺少类型注解)
  - 02/lucun/star/xj02_p2_002.py (缺少类型注解)
  - 02/lucun/star/xj_p3_002.py (缺少类型注解)
  - 04/lianzheng/star/obj_04_001.py (缺少类型注解)
  - 04/lianzheng/star/obj_04_002.py (缺少类型注解)
  - 04/lianzheng/star/obj_04_003.py (缺少类型注解)
  - 04/lianzheng/star/p2_04_009.py (缺少类型注解)
  - 04/lianzheng/star/p2_04_010.py (缺少类型注解)
  - 04/lianzheng/star/p3_04_007.py (缺少类型注解)
  - 04/lianzheng/star/p3_04_008.py (缺少类型注解)
  - 04/lianzheng/star/p4_04_007.py (缺少类型注解)
  - 04/lianzheng/star/p4_04_008.py (缺少类型注解)
  - 04/lianzheng/star/p5_04_007.py (缺少类型注解)
  - 04/lianzheng/star/p5_04_008.py (缺少类型注解)
  - 04/lianzheng/star/task_11.py (缺少类型注解)
  - 04/lianzheng/star/task_12.py (缺少类型注解)
  - 04/lianzheng/star/xj04_001.py (缺少类型注解)
  - 04/lianzheng/star/xj04_002.py (缺少类型注解)
  - 04/lianzheng/star/xj04_003.py (缺少类型注解)
  - 04/lianzheng/star/xj04_004.py (缺少类型注解)
  - 04/lianzheng/star/xj04_005.py (缺少类型注解)
  - 04/lianzheng/star/xj04_p1_001.py (缺少类型注解)
  - 04/lianzheng/star/xj04_p1_002.py (缺少类型注解)
  - 04/lianzheng/star/xj04_p1_003.py (缺少类型注解)
  - 04/lianzheng/star/xj04_p1_004.py (缺少类型注解)
  - 04/lianzheng/star/xj04_p1_005.py (缺少类型注解)
  - 04/lianzheng/star/xj04_p2_001.py (缺少类型注解)
  - 04/lianzheng/star/xj04_p2_002.py (缺少类型注解)
  - 05/wuqu/star/obj_05_001.py (缺少类型注解)
  - 05/wuqu/star/obj_05_002.py (缺少类型注解)
  - 05/wuqu/star/obj_05_003.py (缺少类型注解)
  - 05/wuqu/star/p2_05_011.py (缺少类型注解)
  - 05/wuqu/star/p2_05_012.py (缺少类型注解)
  - 05/wuqu/star/p3_05_009.py (缺少类型注解)
  - 05/wuqu/star/p3_05_010.py (缺少类型注解)
  - 05/wuqu/star/p4_05_009.py (缺少类型注解)
  - 05/wuqu/star/p4_05_010.py (缺少类型注解)
  - 05/wuqu/star/p5_05_009.py (缺少类型注解)
  - 05/wuqu/star/p5_05_010.py (缺少类型注解)
  - 05/wuqu/star/task_13.py (缺少类型注解)
  - 05/wuqu/star/xj05_001.py (缺少类型注解)
  - 05/wuqu/star/xj05_002.py (缺少类型注解)
  - 05/wuqu/star/xj05_003.py (缺少类型注解)
  - 05/wuqu/star/xj05_004.py (缺少类型注解)
  - 05/wuqu/star/xj05_005.py (缺少类型注解)
  - 05/wuqu/star/xj05_p1_001.py (缺少类型注解)
  - 05/wuqu/star/xj05_p1_002.py (缺少类型注解)
  - 05/wuqu/star/xj05_p1_003.py (缺少类型注解)
  - 05/wuqu/star/xj05_p1_004.py (缺少类型注解)
  - 05/wuqu/star/xj05_p1_005.py (缺少类型注解)
  - 05/wuqu/star/xj05_p2_001.py (缺少类型注解)
  - 05/wuqu/star/xj05_p2_002.py (缺少类型注解)
  - 06/pojun/star/obj_06_001.py (缺少类型注解)
  - 06/pojun/star/obj_06_002.py (缺少类型注解)
  - 06/pojun/star/obj_06_003.py (缺少类型注解)
  - 06/pojun/star/p2_06_013.py (缺少类型注解)
  - 06/pojun/star/p2_06_014.py (缺少类型注解)
  - 06/pojun/star/p3_06_011.py (缺少类型注解)
  - 06/pojun/star/p3_06_012.py (缺少类型注解)
  - 06/pojun/star/p4_06_011.py (缺少类型注解)
  - 06/pojun/star/p4_06_012.py (缺少类型注解)
  - 06/pojun/star/p5_06_011.py (缺少类型注解)
  - 06/pojun/star/p5_06_012.py (缺少类型注解)
  - 06/pojun/star/task_14.py (缺少类型注解)
  - 06/pojun/star/xj06_001.py (缺少类型注解)
  - 06/pojun/star/xj06_002.py (缺少类型注解)
  - 06/pojun/star/xj06_003.py (缺少类型注解)
  - 06/pojun/star/xj06_004.py (缺少类型注解)
  - 06/pojun/star/xj06_005.py (缺少类型注解)
  - 06/pojun/star/xj06_p1_001.py (缺少类型注解)
  - 06/pojun/star/xj06_p1_002.py (缺少类型注解)
  - 06/pojun/star/xj06_p1_003.py (缺少类型注解)
  - 06/pojun/star/xj06_p1_004.py (缺少类型注解)
  - 06/pojun/star/xj06_p1_005.py (缺少类型注解)
  - 06/pojun/star/xj06_p2_001.py (缺少类型注解)
  - 06/pojun/star/xj06_p2_002.py (缺少类型注解)
  - 07/zuofu/star/obj_07_001.py (缺少类型注解)
  - 07/zuofu/star/obj_07_002.py (缺少类型注解)
  - 07/zuofu/star/obj_07_003.py (缺少类型注解)
  - 07/zuofu/star/obj_07_004.py (缺少类型注解)
  - 07/zuofu/star/p2_07_015.py (缺少类型注解)
  - 07/zuofu/star/p2_07_016.py (缺少类型注解)
  - 07/zuofu/star/p3_07_013.py (缺少类型注解)
  - 07/zuofu/star/p3_07_014.py (缺少类型注解)
  - 07/zuofu/star/p4_07_013.py (缺少类型注解)
  - 07/zuofu/star/p4_07_014.py (缺少类型注解)
  - 07/zuofu/star/p5_07_013.py (缺少类型注解)
  - 07/zuofu/star/p5_07_014.py (缺少类型注解)
  - 07/zuofu/star/xj07_001.py (缺少类型注解)
  - 07/zuofu/star/xj07_002.py (缺少类型注解)
  - 07/zuofu/star/xj07_003.py (缺少类型注解)
  - 07/zuofu/star/xj07_004.py (缺少类型注解)
  - 07/zuofu/star/xj07_005.py (缺少类型注解)
  - 07/zuofu/star/xj07_p1_001.py (缺少类型注解)
  - 07/zuofu/star/xj07_p1_002.py (缺少类型注解)
  - 07/zuofu/star/xj07_p1_003.py (缺少类型注解)
  - 07/zuofu/star/xj07_p1_004.py (缺少类型注解)
  - 07/zuofu/star/xj07_p1_005.py (缺少类型注解)
  - 07/zuofu/star/xj07_p2_001.py (缺少类型注解)
  - 08/youbi/star/obj_08_001.py (缺少类型注解)
  - 08/youbi/star/obj_08_002.py (缺少类型注解)
  - 08/youbi/star/obj_08_003.py (缺少类型注解)
  - 08/youbi/star/p2_08_017.py (缺少类型注解)
  - 08/youbi/star/p2_08_018.py (缺少类型注解)
  - 08/youbi/star/p3_08_015.py (缺少类型注解)
  - 08/youbi/star/p3_08_016.py (缺少类型注解)
  - 08/youbi/star/p4_08_015.py (缺少类型注解)
  - 08/youbi/star/p4_08_016.py (缺少类型注解)
  - 08/youbi/star/p5_08_015.py (缺少类型注解)
  - 08/youbi/star/p5_08_016.py (缺少类型注解)
  - 08/youbi/star/task_15.py (缺少类型注解)
  - 08/youbi/star/task_16.py (缺少类型注解)
  - 08/youbi/star/task_17.py (缺少类型注解)
  - 08/youbi/star/xj08_001.py (缺少类型注解)
  - 08/youbi/star/xj08_003.py (缺少类型注解)
  - 08/youbi/star/xj08_004.py (缺少类型注解)
  - 08/youbi/star/xj08_p1_001.py (缺少类型注解)
  - 08/youbi/star/xj08_p1_003.py (缺少类型注解)
  - 08/youbi/star/xj08_p1_004.py (缺少类型注解)
  - 08/youbi/star/xj_p3_006.py (缺少类型注解)
  - 08/youbi/star/xj_p3_007.py (缺少类型注解)
  - 09/tanlang/star/obj_09_001.py (缺少类型注解)
  - 09/tanlang/star/obj_09_002.py (缺少类型注解)
  - 09/tanlang/star/obj_09_003.py (缺少类型注解)
  - 09/tanlang/star/p2_09_019.py (缺少类型注解)
  - 09/tanlang/star/p2_09_020.py (缺少类型注解)
  - 09/tanlang/star/p3_09_017.py (缺少类型注解)
  - 09/tanlang/star/p3_09_018.py (缺少类型注解)
  - 09/tanlang/star/p4_09_017.py (缺少类型注解)
  - 09/tanlang/star/p4_09_018.py (缺少类型注解)
  - 09/tanlang/star/p5_09_017.py (缺少类型注解)
  - 09/tanlang/star/p5_09_018.py (缺少类型注解)
  - 09/tanlang/star/task_18.py (缺少类型注解)
  - 09/tanlang/star/task_19.py (缺少类型注解)
  - 09/tanlang/star/task_20.py (缺少类型注解)
  - 09/tanlang/star/web_001.py (缺少类型注解)
  - 09/tanlang/star/web_002.py (缺少类型注解)
  - 09/tanlang/star/web_003.py (缺少类型注解)
  - 09/tanlang/star/web_004.py (缺少类型注解)
  - 09/tanlang/star/web_005.py (缺少类型注解)
  - 09/tanlang/star/xj09_001.py (缺少类型注解)
  - 09/tanlang/star/xj09_002.py (缺少类型注解)
  - 09/tanlang/star/xj09_003.py (缺少类型注解)
  - 09/tanlang/star/xj09_004.py (缺少类型注解)
  - 09/tanlang/star/xj09_005.py (缺少类型注解)
  - 09/tanlang/star/xj09_p1_001.py (缺少类型注解)
  - 09/tanlang/star/xj09_p1_002.py (缺少类型注解)
  - 09/tanlang/star/xj09_p1_003.py (缺少类型注解)
  - 09/tanlang/star/xj09_p1_004.py (缺少类型注解)
  - 09/tanlang/star/xj09_p1_005.py (缺少类型注解)
  - 10/fubi/star/doc_001.py (缺少类型注解)
  - 10/fubi/star/doc_002.py (缺少类型注解)
  - 10/fubi/star/doc_003.py (缺少类型注解)
  - 10/fubi/star/doc_004.py (缺少类型注解)
  - 10/fubi/star/doc_005.py (缺少类型注解)
  - 10/fubi/star/obj_10_001.py (缺少类型注解)
  - 10/fubi/star/obj_10_002.py (缺少类型注解)
  - 10/fubi/star/obj_10_003.py (缺少类型注解)
  - 10/fubi/star/p2_10_021.py (缺少类型注解)
  - 10/fubi/star/p2_10_022.py (缺少类型注解)
  - 10/fubi/star/p3_10_019.py (缺少类型注解)
  - 10/fubi/star/p3_10_020.py (缺少类型注解)
  - 10/fubi/star/p4_10_019.py (缺少类型注解)
  - 10/fubi/star/p4_10_020.py (缺少类型注解)
  - 10/fubi/star/p5_10_019.py (缺少类型注解)
  - 10/fubi/star/p5_10_020.py (缺少类型注解)
  - 10/fubi/star/xj10_001.py (缺少类型注解)
  - 10/fubi/star/xj10_002.py (缺少类型注解)
  - 10/fubi/star/xj10_003.py (缺少类型注解)
  - 10/fubi/star/xj10_004.py (缺少类型注解)
  - 10/fubi/star/xj10_005.py (缺少类型注解)
  - 10/fubi/star/xj10_p1_001.py (缺少类型注解)
  - 10/fubi/star/xj10_p1_002.py (缺少类型注解)
  - 10/fubi/star/xj10_p1_003.py (缺少类型注解)
  - 10/fubi/star/xj10_p1_004.py (缺少类型注解)
  - 10/fubi/star/xj10_p1_005.py (缺少类型注解)

=== 质检完成 ===
发现问题文件: 208 个
=== 张志远(002) 代码质检任务 ===
时间: Tue Mar 24 02:00:01 AM CST 2026

📊 代码统计:
  XJ-01: 40 文件, 1720 行
  XJ-02: 35 文件, 1330 行
  XJ-03: 25 文件, 925 行
  XJ-04: 25 文件, 650 行
  XJ-05: 24 文件, 624 行
  XJ-06: 24 文件, 624 行
  XJ-07: 23 文件, 598 行
  XJ-08: 24 文件, 658 行
  XJ-09: 29 文件, 754 行
  XJ-10: 26 文件, 676 行
  总计: 275 文件, 8559 行

📈 质量指标:
  文档覆盖率: 100.0%
  类型注解覆盖率: 37.1%

⚠️ 需要改进的文件:
  - 02/lucun/star/c_02_001.py (缺少类型注解)
  - 02/lucun/star/c_02_002.py (缺少类型注解)
  - 02/lucun/star/c_02_003.py (缺少类型注解)
  - 02/lucun/star/c_02_004.py (缺少类型注解)
  - 02/lucun/star/c_02_005.py (缺少类型注解)
  - 02/lucun/star/p2_02_004.py (缺少类型注解)
  - 02/lucun/star/p2_02_005.py (缺少类型注解)
  - 02/lucun/star/p2_02_006.py (缺少类型注解)
  - 02/lucun/star/p3_02_003.py (缺少类型注解)
  - 02/lucun/star/p3_02_004.py (缺少类型注解)
  - 02/lucun/star/p4_02_003.py (缺少类型注解)
  - 02/lucun/star/p4_02_004.py (缺少类型注解)
  - 02/lucun/star/p5_02_003.py (缺少类型注解)
  - 02/lucun/star/p5_02_004.py (缺少类型注解)
  - 02/lucun/star/task_01.py (缺少类型注解)
  - 02/lucun/star/task_02.py (缺少类型注解)
  - 02/lucun/star/task_03.py (缺少类型注解)
  - 02/lucun/star/task_04.py (缺少类型注解)
  - 02/lucun/star/task_05.py (缺少类型注解)
  - 02/lucun/star/task_06.py (缺少类型注解)
  - 02/lucun/star/task_07.py (缺少类型注解)
  - 02/lucun/star/task_08.py (缺少类型注解)
  - 02/lucun/star/task_9.py (缺少类型注解)
  - 02/lucun/star/xj02_001.py (缺少类型注解)
  - 02/lucun/star/xj02_002.py (缺少类型注解)
  - 02/lucun/star/xj02_003.py (缺少类型注解)
  - 02/lucun/star/xj02_004.py (缺少类型注解)
  - 02/lucun/star/xj02_p0_001.py (缺少类型注解)
  - 02/lucun/star/xj02_p0_002.py (缺少类型注解)
  - 02/lucun/star/xj02_p0_003.py (缺少类型注解)
  - 02/lucun/star/xj02_p1_001.py (缺少类型注解)
  - 02/lucun/star/xj02_p1_003.py (缺少类型注解)
  - 02/lucun/star/xj02_p2_001.py (缺少类型注解)
  - 02/lucun/star/xj02_p2_002.py (缺少类型注解)
  - 02/lucun/star/xj_p3_002.py (缺少类型注解)
  - 04/lianzheng/star/obj_04_001.py (缺少类型注解)
  - 04/lianzheng/star/obj_04_002.py (缺少类型注解)
  - 04/lianzheng/star/obj_04_003.py (缺少类型注解)
  - 04/lianzheng/star/p2_04_009.py (缺少类型注解)
  - 04/lianzheng/star/p2_04_010.py (缺少类型注解)
  - 04/lianzheng/star/p3_04_007.py (缺少类型注解)
  - 04/lianzheng/star/p3_04_008.py (缺少类型注解)
  - 04/lianzheng/star/p4_04_007.py (缺少类型注解)
  - 04/lianzheng/star/p4_04_008.py (缺少类型注解)
  - 04/lianzheng/star/p5_04_007.py (缺少类型注解)
  - 04/lianzheng/star/p5_04_008.py (缺少类型注解)
  - 04/lianzheng/star/task_11.py (缺少类型注解)
  - 04/lianzheng/star/task_12.py (缺少类型注解)
  - 04/lianzheng/star/xj04_001.py (缺少类型注解)
  - 04/lianzheng/star/xj04_002.py (缺少类型注解)
  - 04/lianzheng/star/xj04_003.py (缺少类型注解)
  - 04/lianzheng/star/xj04_004.py (缺少类型注解)
  - 04/lianzheng/star/xj04_005.py (缺少类型注解)
  - 04/lianzheng/star/xj04_p1_001.py (缺少类型注解)
  - 04/lianzheng/star/xj04_p1_002.py (缺少类型注解)
  - 04/lianzheng/star/xj04_p1_003.py (缺少类型注解)
  - 04/lianzheng/star/xj04_p1_004.py (缺少类型注解)
  - 04/lianzheng/star/xj04_p1_005.py (缺少类型注解)
  - 04/lianzheng/star/xj04_p2_001.py (缺少类型注解)
  - 04/lianzheng/star/xj04_p2_002.py (缺少类型注解)
  - 05/wuqu/star/obj_05_001.py (缺少类型注解)
  - 05/wuqu/star/obj_05_002.py (缺少类型注解)
  - 05/wuqu/star/obj_05_003.py (缺少类型注解)
  - 05/wuqu/star/p2_05_011.py (缺少类型注解)
  - 05/wuqu/star/p2_05_012.py (缺少类型注解)
  - 05/wuqu/star/p3_05_009.py (缺少类型注解)
  - 05/wuqu/star/p3_05_010.py (缺少类型注解)
  - 05/wuqu/star/p4_05_009.py (缺少类型注解)
  - 05/wuqu/star/p4_05_010.py (缺少类型注解)
  - 05/wuqu/star/p5_05_009.py (缺少类型注解)
  - 05/wuqu/star/p5_05_010.py (缺少类型注解)
  - 05/wuqu/star/task_13.py (缺少类型注解)
  - 05/wuqu/star/xj05_001.py (缺少类型注解)
  - 05/wuqu/star/xj05_002.py (缺少类型注解)
  - 05/wuqu/star/xj05_003.py (缺少类型注解)
  - 05/wuqu/star/xj05_004.py (缺少类型注解)
  - 05/wuqu/star/xj05_005.py (缺少类型注解)
  - 05/wuqu/star/xj05_p1_001.py (缺少类型注解)
  - 05/wuqu/star/xj05_p1_002.py (缺少类型注解)
  - 05/wuqu/star/xj05_p1_003.py (缺少类型注解)
  - 05/wuqu/star/xj05_p1_004.py (缺少类型注解)
  - 05/wuqu/star/xj05_p1_005.py (缺少类型注解)
  - 05/wuqu/star/xj05_p2_001.py (缺少类型注解)
  - 05/wuqu/star/xj05_p2_002.py (缺少类型注解)
  - 06/pojun/star/obj_06_001.py (缺少类型注解)
  - 06/pojun/star/obj_06_002.py (缺少类型注解)
  - 06/pojun/star/obj_06_003.py (缺少类型注解)
  - 06/pojun/star/p2_06_013.py (缺少类型注解)
  - 06/pojun/star/p2_06_014.py (缺少类型注解)
  - 06/pojun/star/p3_06_011.py (缺少类型注解)
  - 06/pojun/star/p3_06_012.py (缺少类型注解)
  - 06/pojun/star/p4_06_011.py (缺少类型注解)
  - 06/pojun/star/p4_06_012.py (缺少类型注解)
  - 06/pojun/star/p5_06_011.py (缺少类型注解)
  - 06/pojun/star/p5_06_012.py (缺少类型注解)
  - 06/pojun/star/task_14.py (缺少类型注解)
  - 06/pojun/star/xj06_001.py (缺少类型注解)
  - 06/pojun/star/xj06_002.py (缺少类型注解)
  - 06/pojun/star/xj06_003.py (缺少类型注解)
  - 06/pojun/star/xj06_004.py (缺少类型注解)
  - 06/pojun/star/xj06_005.py (缺少类型注解)
  - 06/pojun/star/xj06_p1_001.py (缺少类型注解)
  - 06/pojun/star/xj06_p1_002.py (缺少类型注解)
  - 06/pojun/star/xj06_p1_003.py (缺少类型注解)
  - 06/pojun/star/xj06_p1_004.py (缺少类型注解)
  - 06/pojun/star/xj06_p1_005.py (缺少类型注解)
  - 06/pojun/star/xj06_p2_001.py (缺少类型注解)
  - 06/pojun/star/xj06_p2_002.py (缺少类型注解)
  - 07/zuofu/star/obj_07_001.py (缺少类型注解)
  - 07/zuofu/star/obj_07_002.py (缺少类型注解)
  - 07/zuofu/star/obj_07_003.py (缺少类型注解)
  - 07/zuofu/star/obj_07_004.py (缺少类型注解)
  - 07/zuofu/star/p2_07_015.py (缺少类型注解)
  - 07/zuofu/star/p2_07_016.py (缺少类型注解)
  - 07/zuofu/star/p3_07_013.py (缺少类型注解)
  - 07/zuofu/star/p3_07_014.py (缺少类型注解)
  - 07/zuofu/star/p4_07_013.py (缺少类型注解)
  - 07/zuofu/star/p4_07_014.py (缺少类型注解)
  - 07/zuofu/star/p5_07_013.py (缺少类型注解)
  - 07/zuofu/star/p5_07_014.py (缺少类型注解)
  - 07/zuofu/star/xj07_001.py (缺少类型注解)
  - 07/zuofu/star/xj07_002.py (缺少类型注解)
  - 07/zuofu/star/xj07_003.py (缺少类型注解)
  - 07/zuofu/star/xj07_004.py (缺少类型注解)
  - 07/zuofu/star/xj07_005.py (缺少类型注解)
  - 07/zuofu/star/xj07_p1_001.py (缺少类型注解)
  - 07/zuofu/star/xj07_p1_002.py (缺少类型注解)
  - 07/zuofu/star/xj07_p1_003.py (缺少类型注解)
  - 07/zuofu/star/xj07_p1_004.py (缺少类型注解)
  - 07/zuofu/star/xj07_p1_005.py (缺少类型注解)
  - 07/zuofu/star/xj07_p2_001.py (缺少类型注解)
  - 08/youbi/star/obj_08_001.py (缺少类型注解)
  - 08/youbi/star/obj_08_002.py (缺少类型注解)
  - 08/youbi/star/obj_08_003.py (缺少类型注解)
  - 08/youbi/star/p2_08_017.py (缺少类型注解)
  - 08/youbi/star/p2_08_018.py (缺少类型注解)
  - 08/youbi/star/p3_08_015.py (缺少类型注解)
  - 08/youbi/star/p3_08_016.py (缺少类型注解)
  - 08/youbi/star/p4_08_015.py (缺少类型注解)
  - 08/youbi/star/p4_08_016.py (缺少类型注解)
  - 08/youbi/star/p5_08_015.py (缺少类型注解)
  - 08/youbi/star/p5_08_016.py (缺少类型注解)
  - 08/youbi/star/task_15.py (缺少类型注解)
  - 08/youbi/star/task_16.py (缺少类型注解)
  - 08/youbi/star/task_17.py (缺少类型注解)
  - 08/youbi/star/xj08_001.py (缺少类型注解)
  - 08/youbi/star/xj08_003.py (缺少类型注解)
  - 08/youbi/star/xj08_004.py (缺少类型注解)
  - 08/youbi/star/xj08_p1_001.py (缺少类型注解)
  - 08/youbi/star/xj08_p1_003.py (缺少类型注解)
  - 08/youbi/star/xj08_p1_004.py (缺少类型注解)
  - 08/youbi/star/xj_p3_006.py (缺少类型注解)
  - 08/youbi/star/xj_p3_007.py (缺少类型注解)
  - 09/tanlang/star/obj_09_001.py (缺少类型注解)
  - 09/tanlang/star/obj_09_002.py (缺少类型注解)
  - 09/tanlang/star/obj_09_003.py (缺少类型注解)
  - 09/tanlang/star/p2_09_019.py (缺少类型注解)
  - 09/tanlang/star/p2_09_020.py (缺少类型注解)
  - 09/tanlang/star/p3_09_017.py (缺少类型注解)
  - 09/tanlang/star/p3_09_018.py (缺少类型注解)
  - 09/tanlang/star/p4_09_017.py (缺少类型注解)
  - 09/tanlang/star/p4_09_018.py (缺少类型注解)
  - 09/tanlang/star/p5_09_017.py (缺少类型注解)
  - 09/tanlang/star/p5_09_018.py (缺少类型注解)
  - 09/tanlang/star/task_18.py (缺少类型注解)
  - 09/tanlang/star/task_19.py (缺少类型注解)
  - 09/tanlang/star/task_20.py (缺少类型注解)
  - 09/tanlang/star/web_001.py (缺少类型注解)
  - 09/tanlang/star/web_002.py (缺少类型注解)
  - 09/tanlang/star/web_003.py (缺少类型注解)
  - 09/tanlang/star/web_004.py (缺少类型注解)
  - 09/tanlang/star/web_005.py (缺少类型注解)
  - 09/tanlang/star/xj09_001.py (缺少类型注解)
  - 09/tanlang/star/xj09_002.py (缺少类型注解)
  - 09/tanlang/star/xj09_003.py (缺少类型注解)
  - 09/tanlang/star/xj09_004.py (缺少类型注解)
  - 09/tanlang/star/xj09_005.py (缺少类型注解)
  - 09/tanlang/star/xj09_p1_001.py (缺少类型注解)
  - 09/tanlang/star/xj09_p1_002.py (缺少类型注解)
  - 09/tanlang/star/xj09_p1_003.py (缺少类型注解)
  - 09/tanlang/star/xj09_p1_004.py (缺少类型注解)
  - 09/tanlang/star/xj09_p1_005.py (缺少类型注解)
  - 10/fubi/star/doc_001.py (缺少类型注解)
  - 10/fubi/star/doc_002.py (缺少类型注解)
  - 10/fubi/star/doc_003.py (缺少类型注解)
  - 10/fubi/star/doc_004.py (缺少类型注解)
  - 10/fubi/star/doc_005.py (缺少类型注解)
  - 10/fubi/star/obj_10_001.py (缺少类型注解)
  - 10/fubi/star/obj_10_002.py (缺少类型注解)
  - 10/fubi/star/obj_10_003.py (缺少类型注解)
  - 10/fubi/star/p2_10_021.py (缺少类型注解)
  - 10/fubi/star/p2_10_022.py (缺少类型注解)
  - 10/fubi/star/p3_10_019.py (缺少类型注解)
  - 10/fubi/star/p3_10_020.py (缺少类型注解)
  - 10/fubi/star/p4_10_019.py (缺少类型注解)
  - 10/fubi/star/p4_10_020.py (缺少类型注解)
  - 10/fubi/star/p5_10_019.py (缺少类型注解)
  - 10/fubi/star/p5_10_020.py (缺少类型注解)
  - 10/fubi/star/xj10_001.py (缺少类型注解)
  - 10/fubi/star/xj10_002.py (缺少类型注解)
  - 10/fubi/star/xj10_003.py (缺少类型注解)
  - 10/fubi/star/xj10_004.py (缺少类型注解)
  - 10/fubi/star/xj10_005.py (缺少类型注解)
  - 10/fubi/star/xj10_p1_001.py (缺少类型注解)
  - 10/fubi/star/xj10_p1_002.py (缺少类型注解)
  - 10/fubi/star/xj10_p1_003.py (缺少类型注解)
  - 10/fubi/star/xj10_p1_004.py (缺少类型注解)
  - 10/fubi/star/xj10_p1_005.py (缺少类型注解)

=== 质检完成 ===
发现问题文件: 208 个
=== 张志远(002) 代码质检任务 ===
时间: Tue Mar 24 02:30:01 AM CST 2026

📊 代码统计:
  XJ-01: 40 文件, 1720 行
  XJ-02: 35 文件, 1330 行
  XJ-03: 25 文件, 925 行
  XJ-04: 25 文件, 650 行
  XJ-05: 24 文件, 624 行
  XJ-06: 24 文件, 624 行
  XJ-07: 23 文件, 598 行
  XJ-08: 24 文件, 658 行
  XJ-09: 29 文件, 754 行
  XJ-10: 26 文件, 676 行
  总计: 275 文件, 8559 行

📈 质量指标:
  文档覆盖率: 100.0%
  类型注解覆盖率: 37.1%

⚠️ 需要改进的文件:
  - 02/lucun/star/c_02_001.py (缺少类型注解)
  - 02/lucun/star/c_02_002.py (缺少类型注解)
  - 02/lucun/star/c_02_003.py (缺少类型注解)
  - 02/lucun/star/c_02_004.py (缺少类型注解)
  - 02/lucun/star/c_02_005.py (缺少类型注解)
  - 02/lucun/star/p2_02_004.py (缺少类型注解)
  - 02/lucun/star/p2_02_005.py (缺少类型注解)
  - 02/lucun/star/p2_02_006.py (缺少类型注解)
  - 02/lucun/star/p3_02_003.py (缺少类型注解)
  - 02/lucun/star/p3_02_004.py (缺少类型注解)
  - 02/lucun/star/p4_02_003.py (缺少类型注解)
  - 02/lucun/star/p4_02_004.py (缺少类型注解)
  - 02/lucun/star/p5_02_003.py (缺少类型注解)
  - 02/lucun/star/p5_02_004.py (缺少类型注解)
  - 02/lucun/star/task_01.py (缺少类型注解)
  - 02/lucun/star/task_02.py (缺少类型注解)
  - 02/lucun/star/task_03.py (缺少类型注解)
  - 02/lucun/star/task_04.py (缺少类型注解)
  - 02/lucun/star/task_05.py (缺少类型注解)
  - 02/lucun/star/task_06.py (缺少类型注解)
  - 02/lucun/star/task_07.py (缺少类型注解)
  - 02/lucun/star/task_08.py (缺少类型注解)
  - 02/lucun/star/task_9.py (缺少类型注解)
  - 02/lucun/star/xj02_001.py (缺少类型注解)
  - 02/lucun/star/xj02_002.py (缺少类型注解)
  - 02/lucun/star/xj02_003.py (缺少类型注解)
  - 02/lucun/star/xj02_004.py (缺少类型注解)
  - 02/lucun/star/xj02_p0_001.py (缺少类型注解)
  - 02/lucun/star/xj02_p0_002.py (缺少类型注解)
  - 02/lucun/star/xj02_p0_003.py (缺少类型注解)
  - 02/lucun/star/xj02_p1_001.py (缺少类型注解)
  - 02/lucun/star/xj02_p1_003.py (缺少类型注解)
  - 02/lucun/star/xj02_p2_001.py (缺少类型注解)
  - 02/lucun/star/xj02_p2_002.py (缺少类型注解)
  - 02/lucun/star/xj_p3_002.py (缺少类型注解)
  - 04/lianzheng/star/obj_04_001.py (缺少类型注解)
  - 04/lianzheng/star/obj_04_002.py (缺少类型注解)
  - 04/lianzheng/star/obj_04_003.py (缺少类型注解)
  - 04/lianzheng/star/p2_04_009.py (缺少类型注解)
  - 04/lianzheng/star/p2_04_010.py (缺少类型注解)
  - 04/lianzheng/star/p3_04_007.py (缺少类型注解)
  - 04/lianzheng/star/p3_04_008.py (缺少类型注解)
  - 04/lianzheng/star/p4_04_007.py (缺少类型注解)
  - 04/lianzheng/star/p4_04_008.py (缺少类型注解)
  - 04/lianzheng/star/p5_04_007.py (缺少类型注解)
  - 04/lianzheng/star/p5_04_008.py (缺少类型注解)
  - 04/lianzheng/star/task_11.py (缺少类型注解)
  - 04/lianzheng/star/task_12.py (缺少类型注解)
  - 04/lianzheng/star/xj04_001.py (缺少类型注解)
  - 04/lianzheng/star/xj04_002.py (缺少类型注解)
  - 04/lianzheng/star/xj04_003.py (缺少类型注解)
  - 04/lianzheng/star/xj04_004.py (缺少类型注解)
  - 04/lianzheng/star/xj04_005.py (缺少类型注解)
  - 04/lianzheng/star/xj04_p1_001.py (缺少类型注解)
  - 04/lianzheng/star/xj04_p1_002.py (缺少类型注解)
  - 04/lianzheng/star/xj04_p1_003.py (缺少类型注解)
  - 04/lianzheng/star/xj04_p1_004.py (缺少类型注解)
  - 04/lianzheng/star/xj04_p1_005.py (缺少类型注解)
  - 04/lianzheng/star/xj04_p2_001.py (缺少类型注解)
  - 04/lianzheng/star/xj04_p2_002.py (缺少类型注解)
  - 05/wuqu/star/obj_05_001.py (缺少类型注解)
  - 05/wuqu/star/obj_05_002.py (缺少类型注解)
  - 05/wuqu/star/obj_05_003.py (缺少类型注解)
  - 05/wuqu/star/p2_05_011.py (缺少类型注解)
  - 05/wuqu/star/p2_05_012.py (缺少类型注解)
  - 05/wuqu/star/p3_05_009.py (缺少类型注解)
  - 05/wuqu/star/p3_05_010.py (缺少类型注解)
  - 05/wuqu/star/p4_05_009.py (缺少类型注解)
  - 05/wuqu/star/p4_05_010.py (缺少类型注解)
  - 05/wuqu/star/p5_05_009.py (缺少类型注解)
  - 05/wuqu/star/p5_05_010.py (缺少类型注解)
  - 05/wuqu/star/task_13.py (缺少类型注解)
  - 05/wuqu/star/xj05_001.py (缺少类型注解)
  - 05/wuqu/star/xj05_002.py (缺少类型注解)
  - 05/wuqu/star/xj05_003.py (缺少类型注解)
  - 05/wuqu/star/xj05_004.py (缺少类型注解)
  - 05/wuqu/star/xj05_005.py (缺少类型注解)
  - 05/wuqu/star/xj05_p1_001.py (缺少类型注解)
  - 05/wuqu/star/xj05_p1_002.py (缺少类型注解)
  - 05/wuqu/star/xj05_p1_003.py (缺少类型注解)
  - 05/wuqu/star/xj05_p1_004.py (缺少类型注解)
  - 05/wuqu/star/xj05_p1_005.py (缺少类型注解)
  - 05/wuqu/star/xj05_p2_001.py (缺少类型注解)
  - 05/wuqu/star/xj05_p2_002.py (缺少类型注解)
  - 06/pojun/star/obj_06_001.py (缺少类型注解)
  - 06/pojun/star/obj_06_002.py (缺少类型注解)
  - 06/pojun/star/obj_06_003.py (缺少类型注解)
  - 06/pojun/star/p2_06_013.py (缺少类型注解)
  - 06/pojun/star/p2_06_014.py (缺少类型注解)
  - 06/pojun/star/p3_06_011.py (缺少类型注解)
  - 06/pojun/star/p3_06_012.py (缺少类型注解)
  - 06/pojun/star/p4_06_011.py (缺少类型注解)
  - 06/pojun/star/p4_06_012.py (缺少类型注解)
  - 06/pojun/star/p5_06_011.py (缺少类型注解)
  - 06/pojun/star/p5_06_012.py (缺少类型注解)
  - 06/pojun/star/task_14.py (缺少类型注解)
  - 06/pojun/star/xj06_001.py (缺少类型注解)
  - 06/pojun/star/xj06_002.py (缺少类型注解)
  - 06/pojun/star/xj06_003.py (缺少类型注解)
  - 06/pojun/star/xj06_004.py (缺少类型注解)
  - 06/pojun/star/xj06_005.py (缺少类型注解)
  - 06/pojun/star/xj06_p1_001.py (缺少类型注解)
  - 06/pojun/star/xj06_p1_002.py (缺少类型注解)
  - 06/pojun/star/xj06_p1_003.py (缺少类型注解)
  - 06/pojun/star/xj06_p1_004.py (缺少类型注解)
  - 06/pojun/star/xj06_p1_005.py (缺少类型注解)
  - 06/pojun/star/xj06_p2_001.py (缺少类型注解)
  - 06/pojun/star/xj06_p2_002.py (缺少类型注解)
  - 07/zuofu/star/obj_07_001.py (缺少类型注解)
  - 07/zuofu/star/obj_07_002.py (缺少类型注解)
  - 07/zuofu/star/obj_07_003.py (缺少类型注解)
  - 07/zuofu/star/obj_07_004.py (缺少类型注解)
  - 07/zuofu/star/p2_07_015.py (缺少类型注解)
  - 07/zuofu/star/p2_07_016.py (缺少类型注解)
  - 07/zuofu/star/p3_07_013.py (缺少类型注解)
  - 07/zuofu/star/p3_07_014.py (缺少类型注解)
  - 07/zuofu/star/p4_07_013.py (缺少类型注解)
  - 07/zuofu/star/p4_07_014.py (缺少类型注解)
  - 07/zuofu/star/p5_07_013.py (缺少类型注解)
  - 07/zuofu/star/p5_07_014.py (缺少类型注解)
  - 07/zuofu/star/xj07_001.py (缺少类型注解)
  - 07/zuofu/star/xj07_002.py (缺少类型注解)
  - 07/zuofu/star/xj07_003.py (缺少类型注解)
  - 07/zuofu/star/xj07_004.py (缺少类型注解)
  - 07/zuofu/star/xj07_005.py (缺少类型注解)
  - 07/zuofu/star/xj07_p1_001.py (缺少类型注解)
  - 07/zuofu/star/xj07_p1_002.py (缺少类型注解)
  - 07/zuofu/star/xj07_p1_003.py (缺少类型注解)
  - 07/zuofu/star/xj07_p1_004.py (缺少类型注解)
  - 07/zuofu/star/xj07_p1_005.py (缺少类型注解)
  - 07/zuofu/star/xj07_p2_001.py (缺少类型注解)
  - 08/youbi/star/obj_08_001.py (缺少类型注解)
  - 08/youbi/star/obj_08_002.py (缺少类型注解)
  - 08/youbi/star/obj_08_003.py (缺少类型注解)
  - 08/youbi/star/p2_08_017.py (缺少类型注解)
  - 08/youbi/star/p2_08_018.py (缺少类型注解)
  - 08/youbi/star/p3_08_015.py (缺少类型注解)
  - 08/youbi/star/p3_08_016.py (缺少类型注解)
  - 08/youbi/star/p4_08_015.py (缺少类型注解)
  - 08/youbi/star/p4_08_016.py (缺少类型注解)
  - 08/youbi/star/p5_08_015.py (缺少类型注解)
  - 08/youbi/star/p5_08_016.py (缺少类型注解)
  - 08/youbi/star/task_15.py (缺少类型注解)
  - 08/youbi/star/task_16.py (缺少类型注解)
  - 08/youbi/star/task_17.py (缺少类型注解)
  - 08/youbi/star/xj08_001.py (缺少类型注解)
  - 08/youbi/star/xj08_003.py (缺少类型注解)
  - 08/youbi/star/xj08_004.py (缺少类型注解)
  - 08/youbi/star/xj08_p1_001.py (缺少类型注解)
  - 08/youbi/star/xj08_p1_003.py (缺少类型注解)
  - 08/youbi/star/xj08_p1_004.py (缺少类型注解)
  - 08/youbi/star/xj_p3_006.py (缺少类型注解)
  - 08/youbi/star/xj_p3_007.py (缺少类型注解)
  - 09/tanlang/star/obj_09_001.py (缺少类型注解)
  - 09/tanlang/star/obj_09_002.py (缺少类型注解)
  - 09/tanlang/star/obj_09_003.py (缺少类型注解)
  - 09/tanlang/star/p2_09_019.py (缺少类型注解)
  - 09/tanlang/star/p2_09_020.py (缺少类型注解)
  - 09/tanlang/star/p3_09_017.py (缺少类型注解)
  - 09/tanlang/star/p3_09_018.py (缺少类型注解)
  - 09/tanlang/star/p4_09_017.py (缺少类型注解)
  - 09/tanlang/star/p4_09_018.py (缺少类型注解)
  - 09/tanlang/star/p5_09_017.py (缺少类型注解)
  - 09/tanlang/star/p5_09_018.py (缺少类型注解)
  - 09/tanlang/star/task_18.py (缺少类型注解)
  - 09/tanlang/star/task_19.py (缺少类型注解)
  - 09/tanlang/star/task_20.py (缺少类型注解)
  - 09/tanlang/star/web_001.py (缺少类型注解)
  - 09/tanlang/star/web_002.py (缺少类型注解)
  - 09/tanlang/star/web_003.py (缺少类型注解)
  - 09/tanlang/star/web_004.py (缺少类型注解)
  - 09/tanlang/star/web_005.py (缺少类型注解)
  - 09/tanlang/star/xj09_001.py (缺少类型注解)
  - 09/tanlang/star/xj09_002.py (缺少类型注解)
  - 09/tanlang/star/xj09_003.py (缺少类型注解)
  - 09/tanlang/star/xj09_004.py (缺少类型注解)
  - 09/tanlang/star/xj09_005.py (缺少类型注解)
  - 09/tanlang/star/xj09_p1_001.py (缺少类型注解)
  - 09/tanlang/star/xj09_p1_002.py (缺少类型注解)
  - 09/tanlang/star/xj09_p1_003.py (缺少类型注解)
  - 09/tanlang/star/xj09_p1_004.py (缺少类型注解)
  - 09/tanlang/star/xj09_p1_005.py (缺少类型注解)
  - 10/fubi/star/doc_001.py (缺少类型注解)
  - 10/fubi/star/doc_002.py (缺少类型注解)
  - 10/fubi/star/doc_003.py (缺少类型注解)
  - 10/fubi/star/doc_004.py (缺少类型注解)
  - 10/fubi/star/doc_005.py (缺少类型注解)
  - 10/fubi/star/obj_10_001.py (缺少类型注解)
  - 10/fubi/star/obj_10_002.py (缺少类型注解)
  - 10/fubi/star/obj_10_003.py (缺少类型注解)
  - 10/fubi/star/p2_10_021.py (缺少类型注解)
  - 10/fubi/star/p2_10_022.py (缺少类型注解)
  - 10/fubi/star/p3_10_019.py (缺少类型注解)
  - 10/fubi/star/p3_10_020.py (缺少类型注解)
  - 10/fubi/star/p4_10_019.py (缺少类型注解)
  - 10/fubi/star/p4_10_020.py (缺少类型注解)
  - 10/fubi/star/p5_10_019.py (缺少类型注解)
  - 10/fubi/star/p5_10_020.py (缺少类型注解)
  - 10/fubi/star/xj10_001.py (缺少类型注解)
  - 10/fubi/star/xj10_002.py (缺少类型注解)
  - 10/fubi/star/xj10_003.py (缺少类型注解)
  - 10/fubi/star/xj10_004.py (缺少类型注解)
  - 10/fubi/star/xj10_005.py (缺少类型注解)
  - 10/fubi/star/xj10_p1_001.py (缺少类型注解)
  - 10/fubi/star/xj10_p1_002.py (缺少类型注解)
  - 10/fubi/star/xj10_p1_003.py (缺少类型注解)
  - 10/fubi/star/xj10_p1_004.py (缺少类型注解)
  - 10/fubi/star/xj10_p1_005.py (缺少类型注解)

=== 质检完成 ===
发现问题文件: 208 个
=== 张志远(002) 代码质检任务 ===
时间: Tue Mar 24 03:00:01 AM CST 2026

📊 代码统计:
  XJ-01: 40 文件, 1720 行
  XJ-02: 35 文件, 1330 行
  XJ-03: 25 文件, 925 行
  XJ-04: 25 文件, 650 行
  XJ-05: 24 文件, 624 行
  XJ-06: 24 文件, 624 行
  XJ-07: 23 文件, 598 行
  XJ-08: 24 文件, 658 行
  XJ-09: 29 文件, 754 行
  XJ-10: 26 文件, 676 行
  总计: 275 文件, 8559 行

📈 质量指标:
  文档覆盖率: 100.0%
  类型注解覆盖率: 37.1%

⚠️ 需要改进的文件:
  - 02/lucun/star/c_02_001.py (缺少类型注解)
  - 02/lucun/star/c_02_002.py (缺少类型注解)
  - 02/lucun/star/c_02_003.py (缺少类型注解)
  - 02/lucun/star/c_02_004.py (缺少类型注解)
  - 02/lucun/star/c_02_005.py (缺少类型注解)
  - 02/lucun/star/p2_02_004.py (缺少类型注解)
  - 02/lucun/star/p2_02_005.py (缺少类型注解)
  - 02/lucun/star/p2_02_006.py (缺少类型注解)
  - 02/lucun/star/p3_02_003.py (缺少类型注解)
  - 02/lucun/star/p3_02_004.py (缺少类型注解)
  - 02/lucun/star/p4_02_003.py (缺少类型注解)
  - 02/lucun/star/p4_02_004.py (缺少类型注解)
  - 02/lucun/star/p5_02_003.py (缺少类型注解)
  - 02/lucun/star/p5_02_004.py (缺少类型注解)
  - 02/lucun/star/task_01.py (缺少类型注解)
  - 02/lucun/star/task_02.py (缺少类型注解)
  - 02/lucun/star/task_03.py (缺少类型注解)
  - 02/lucun/star/task_04.py (缺少类型注解)
  - 02/lucun/star/task_05.py (缺少类型注解)
  - 02/lucun/star/task_06.py (缺少类型注解)
  - 02/lucun/star/task_07.py (缺少类型注解)
  - 02/lucun/star/task_08.py (缺少类型注解)
  - 02/lucun/star/task_9.py (缺少类型注解)
  - 02/lucun/star/xj02_001.py (缺少类型注解)
  - 02/lucun/star/xj02_002.py (缺少类型注解)
  - 02/lucun/star/xj02_003.py (缺少类型注解)
  - 02/lucun/star/xj02_004.py (缺少类型注解)
  - 02/lucun/star/xj02_p0_001.py (缺少类型注解)
  - 02/lucun/star/xj02_p0_002.py (缺少类型注解)
  - 02/lucun/star/xj02_p0_003.py (缺少类型注解)
  - 02/lucun/star/xj02_p1_001.py (缺少类型注解)
  - 02/lucun/star/xj02_p1_003.py (缺少类型注解)
  - 02/lucun/star/xj02_p2_001.py (缺少类型注解)
  - 02/lucun/star/xj02_p2_002.py (缺少类型注解)
  - 02/lucun/star/xj_p3_002.py (缺少类型注解)
  - 04/lianzheng/star/obj_04_001.py (缺少类型注解)
  - 04/lianzheng/star/obj_04_002.py (缺少类型注解)
  - 04/lianzheng/star/obj_04_003.py (缺少类型注解)
  - 04/lianzheng/star/p2_04_009.py (缺少类型注解)
  - 04/lianzheng/star/p2_04_010.py (缺少类型注解)
  - 04/lianzheng/star/p3_04_007.py (缺少类型注解)
  - 04/lianzheng/star/p3_04_008.py (缺少类型注解)
  - 04/lianzheng/star/p4_04_007.py (缺少类型注解)
  - 04/lianzheng/star/p4_04_008.py (缺少类型注解)
  - 04/lianzheng/star/p5_04_007.py (缺少类型注解)
  - 04/lianzheng/star/p5_04_008.py (缺少类型注解)
  - 04/lianzheng/star/task_11.py (缺少类型注解)
  - 04/lianzheng/star/task_12.py (缺少类型注解)
  - 04/lianzheng/star/xj04_001.py (缺少类型注解)
  - 04/lianzheng/star/xj04_002.py (缺少类型注解)
  - 04/lianzheng/star/xj04_003.py (缺少类型注解)
  - 04/lianzheng/star/xj04_004.py (缺少类型注解)
  - 04/lianzheng/star/xj04_005.py (缺少类型注解)
  - 04/lianzheng/star/xj04_p1_001.py (缺少类型注解)
  - 04/lianzheng/star/xj04_p1_002.py (缺少类型注解)
  - 04/lianzheng/star/xj04_p1_003.py (缺少类型注解)
  - 04/lianzheng/star/xj04_p1_004.py (缺少类型注解)
  - 04/lianzheng/star/xj04_p1_005.py (缺少类型注解)
  - 04/lianzheng/star/xj04_p2_001.py (缺少类型注解)
  - 04/lianzheng/star/xj04_p2_002.py (缺少类型注解)
  - 05/wuqu/star/obj_05_001.py (缺少类型注解)
  - 05/wuqu/star/obj_05_002.py (缺少类型注解)
  - 05/wuqu/star/obj_05_003.py (缺少类型注解)
  - 05/wuqu/star/p2_05_011.py (缺少类型注解)
  - 05/wuqu/star/p2_05_012.py (缺少类型注解)
  - 05/wuqu/star/p3_05_009.py (缺少类型注解)
  - 05/wuqu/star/p3_05_010.py (缺少类型注解)
  - 05/wuqu/star/p4_05_009.py (缺少类型注解)
  - 05/wuqu/star/p4_05_010.py (缺少类型注解)
  - 05/wuqu/star/p5_05_009.py (缺少类型注解)
  - 05/wuqu/star/p5_05_010.py (缺少类型注解)
  - 05/wuqu/star/task_13.py (缺少类型注解)
  - 05/wuqu/star/xj05_001.py (缺少类型注解)
  - 05/wuqu/star/xj05_002.py (缺少类型注解)
  - 05/wuqu/star/xj05_003.py (缺少类型注解)
  - 05/wuqu/star/xj05_004.py (缺少类型注解)
  - 05/wuqu/star/xj05_005.py (缺少类型注解)
  - 05/wuqu/star/xj05_p1_001.py (缺少类型注解)
  - 05/wuqu/star/xj05_p1_002.py (缺少类型注解)
  - 05/wuqu/star/xj05_p1_003.py (缺少类型注解)
  - 05/wuqu/star/xj05_p1_004.py (缺少类型注解)
  - 05/wuqu/star/xj05_p1_005.py (缺少类型注解)
  - 05/wuqu/star/xj05_p2_001.py (缺少类型注解)
  - 05/wuqu/star/xj05_p2_002.py (缺少类型注解)
  - 06/pojun/star/obj_06_001.py (缺少类型注解)
  - 06/pojun/star/obj_06_002.py (缺少类型注解)
  - 06/pojun/star/obj_06_003.py (缺少类型注解)
  - 06/pojun/star/p2_06_013.py (缺少类型注解)
  - 06/pojun/star/p2_06_014.py (缺少类型注解)
  - 06/pojun/star/p3_06_011.py (缺少类型注解)
  - 06/pojun/star/p3_06_012.py (缺少类型注解)
  - 06/pojun/star/p4_06_011.py (缺少类型注解)
  - 06/pojun/star/p4_06_012.py (缺少类型注解)
  - 06/pojun/star/p5_06_011.py (缺少类型注解)
  - 06/pojun/star/p5_06_012.py (缺少类型注解)
  - 06/pojun/star/task_14.py (缺少类型注解)
  - 06/pojun/star/xj06_001.py (缺少类型注解)
  - 06/pojun/star/xj06_002.py (缺少类型注解)
  - 06/pojun/star/xj06_003.py (缺少类型注解)
  - 06/pojun/star/xj06_004.py (缺少类型注解)
  - 06/pojun/star/xj06_005.py (缺少类型注解)
  - 06/pojun/star/xj06_p1_001.py (缺少类型注解)
  - 06/pojun/star/xj06_p1_002.py (缺少类型注解)
  - 06/pojun/star/xj06_p1_003.py (缺少类型注解)
  - 06/pojun/star/xj06_p1_004.py (缺少类型注解)
  - 06/pojun/star/xj06_p1_005.py (缺少类型注解)
  - 06/pojun/star/xj06_p2_001.py (缺少类型注解)
  - 06/pojun/star/xj06_p2_002.py (缺少类型注解)
  - 07/zuofu/star/obj_07_001.py (缺少类型注解)
  - 07/zuofu/star/obj_07_002.py (缺少类型注解)
  - 07/zuofu/star/obj_07_003.py (缺少类型注解)
  - 07/zuofu/star/obj_07_004.py (缺少类型注解)
  - 07/zuofu/star/p2_07_015.py (缺少类型注解)
  - 07/zuofu/star/p2_07_016.py (缺少类型注解)
  - 07/zuofu/star/p3_07_013.py (缺少类型注解)
  - 07/zuofu/star/p3_07_014.py (缺少类型注解)
  - 07/zuofu/star/p4_07_013.py (缺少类型注解)
  - 07/zuofu/star/p4_07_014.py (缺少类型注解)
  - 07/zuofu/star/p5_07_013.py (缺少类型注解)
  - 07/zuofu/star/p5_07_014.py (缺少类型注解)
  - 07/zuofu/star/xj07_001.py (缺少类型注解)
  - 07/zuofu/star/xj07_002.py (缺少类型注解)
  - 07/zuofu/star/xj07_003.py (缺少类型注解)
  - 07/zuofu/star/xj07_004.py (缺少类型注解)
  - 07/zuofu/star/xj07_005.py (缺少类型注解)
  - 07/zuofu/star/xj07_p1_001.py (缺少类型注解)
  - 07/zuofu/star/xj07_p1_002.py (缺少类型注解)
  - 07/zuofu/star/xj07_p1_003.py (缺少类型注解)
  - 07/zuofu/star/xj07_p1_004.py (缺少类型注解)
  - 07/zuofu/star/xj07_p1_005.py (缺少类型注解)
  - 07/zuofu/star/xj07_p2_001.py (缺少类型注解)
  - 08/youbi/star/obj_08_001.py (缺少类型注解)
  - 08/youbi/star/obj_08_002.py (缺少类型注解)
  - 08/youbi/star/obj_08_003.py (缺少类型注解)
  - 08/youbi/star/p2_08_017.py (缺少类型注解)
  - 08/youbi/star/p2_08_018.py (缺少类型注解)
  - 08/youbi/star/p3_08_015.py (缺少类型注解)
  - 08/youbi/star/p3_08_016.py (缺少类型注解)
  - 08/youbi/star/p4_08_015.py (缺少类型注解)
  - 08/youbi/star/p4_08_016.py (缺少类型注解)
  - 08/youbi/star/p5_08_015.py (缺少类型注解)
  - 08/youbi/star/p5_08_016.py (缺少类型注解)
  - 08/youbi/star/task_15.py (缺少类型注解)
  - 08/youbi/star/task_16.py (缺少类型注解)
  - 08/youbi/star/task_17.py (缺少类型注解)
  - 08/youbi/star/xj08_001.py (缺少类型注解)
  - 08/youbi/star/xj08_003.py (缺少类型注解)
  - 08/youbi/star/xj08_004.py (缺少类型注解)
  - 08/youbi/star/xj08_p1_001.py (缺少类型注解)
  - 08/youbi/star/xj08_p1_003.py (缺少类型注解)
  - 08/youbi/star/xj08_p1_004.py (缺少类型注解)
  - 08/youbi/star/xj_p3_006.py (缺少类型注解)
  - 08/youbi/star/xj_p3_007.py (缺少类型注解)
  - 09/tanlang/star/obj_09_001.py (缺少类型注解)
  - 09/tanlang/star/obj_09_002.py (缺少类型注解)
  - 09/tanlang/star/obj_09_003.py (缺少类型注解)
  - 09/tanlang/star/p2_09_019.py (缺少类型注解)
  - 09/tanlang/star/p2_09_020.py (缺少类型注解)
  - 09/tanlang/star/p3_09_017.py (缺少类型注解)
  - 09/tanlang/star/p3_09_018.py (缺少类型注解)
  - 09/tanlang/star/p4_09_017.py (缺少类型注解)
  - 09/tanlang/star/p4_09_018.py (缺少类型注解)
  - 09/tanlang/star/p5_09_017.py (缺少类型注解)
  - 09/tanlang/star/p5_09_018.py (缺少类型注解)
  - 09/tanlang/star/task_18.py (缺少类型注解)
  - 09/tanlang/star/task_19.py (缺少类型注解)
  - 09/tanlang/star/task_20.py (缺少类型注解)
  - 09/tanlang/star/web_001.py (缺少类型注解)
  - 09/tanlang/star/web_002.py (缺少类型注解)
  - 09/tanlang/star/web_003.py (缺少类型注解)
  - 09/tanlang/star/web_004.py (缺少类型注解)
  - 09/tanlang/star/web_005.py (缺少类型注解)
  - 09/tanlang/star/xj09_001.py (缺少类型注解)
  - 09/tanlang/star/xj09_002.py (缺少类型注解)
  - 09/tanlang/star/xj09_003.py (缺少类型注解)
  - 09/tanlang/star/xj09_004.py (缺少类型注解)
  - 09/tanlang/star/xj09_005.py (缺少类型注解)
  - 09/tanlang/star/xj09_p1_001.py (缺少类型注解)
  - 09/tanlang/star/xj09_p1_002.py (缺少类型注解)
  - 09/tanlang/star/xj09_p1_003.py (缺少类型注解)
  - 09/tanlang/star/xj09_p1_004.py (缺少类型注解)
  - 09/tanlang/star/xj09_p1_005.py (缺少类型注解)
  - 10/fubi/star/doc_001.py (缺少类型注解)
  - 10/fubi/star/doc_002.py (缺少类型注解)
  - 10/fubi/star/doc_003.py (缺少类型注解)
  - 10/fubi/star/doc_004.py (缺少类型注解)
  - 10/fubi/star/doc_005.py (缺少类型注解)
  - 10/fubi/star/obj_10_001.py (缺少类型注解)
  - 10/fubi/star/obj_10_002.py (缺少类型注解)
  - 10/fubi/star/obj_10_003.py (缺少类型注解)
  - 10/fubi/star/p2_10_021.py (缺少类型注解)
  - 10/fubi/star/p2_10_022.py (缺少类型注解)
  - 10/fubi/star/p3_10_019.py (缺少类型注解)
  - 10/fubi/star/p3_10_020.py (缺少类型注解)
  - 10/fubi/star/p4_10_019.py (缺少类型注解)
  - 10/fubi/star/p4_10_020.py (缺少类型注解)
  - 10/fubi/star/p5_10_019.py (缺少类型注解)
  - 10/fubi/star/p5_10_020.py (缺少类型注解)
  - 10/fubi/star/xj10_001.py (缺少类型注解)
  - 10/fubi/star/xj10_002.py (缺少类型注解)
  - 10/fubi/star/xj10_003.py (缺少类型注解)
  - 10/fubi/star/xj10_004.py (缺少类型注解)
  - 10/fubi/star/xj10_005.py (缺少类型注解)
  - 10/fubi/star/xj10_p1_001.py (缺少类型注解)
  - 10/fubi/star/xj10_p1_002.py (缺少类型注解)
  - 10/fubi/star/xj10_p1_003.py (缺少类型注解)
  - 10/fubi/star/xj10_p1_004.py (缺少类型注解)
  - 10/fubi/star/xj10_p1_005.py (缺少类型注解)

=== 质检完成 ===
发现问题文件: 208 个
=== 张志远(002) 代码质检任务 ===
时间: Tue Mar 24 03:30:01 AM CST 2026

📊 代码统计:
  XJ-01: 40 文件, 1720 行
  XJ-02: 35 文件, 1330 行
  XJ-03: 25 文件, 925 行
  XJ-04: 25 文件, 650 行
  XJ-05: 24 文件, 624 行
  XJ-06: 24 文件, 624 行
  XJ-07: 23 文件, 598 行
  XJ-08: 24 文件, 658 行
  XJ-09: 29 文件, 754 行
  XJ-10: 26 文件, 676 行
  总计: 275 文件, 8559 行

📈 质量指标:
  文档覆盖率: 100.0%
  类型注解覆盖率: 37.1%

⚠️ 需要改进的文件:
  - 02/lucun/star/c_02_001.py (缺少类型注解)
  - 02/lucun/star/c_02_002.py (缺少类型注解)
  - 02/lucun/star/c_02_003.py (缺少类型注解)
  - 02/lucun/star/c_02_004.py (缺少类型注解)
  - 02/lucun/star/c_02_005.py (缺少类型注解)
  - 02/lucun/star/p2_02_004.py (缺少类型注解)
  - 02/lucun/star/p2_02_005.py (缺少类型注解)
  - 02/lucun/star/p2_02_006.py (缺少类型注解)
  - 02/lucun/star/p3_02_003.py (缺少类型注解)
  - 02/lucun/star/p3_02_004.py (缺少类型注解)
  - 02/lucun/star/p4_02_003.py (缺少类型注解)
  - 02/lucun/star/p4_02_004.py (缺少类型注解)
  - 02/lucun/star/p5_02_003.py (缺少类型注解)
  - 02/lucun/star/p5_02_004.py (缺少类型注解)
  - 02/lucun/star/task_01.py (缺少类型注解)
  - 02/lucun/star/task_02.py (缺少类型注解)
  - 02/lucun/star/task_03.py (缺少类型注解)
  - 02/lucun/star/task_04.py (缺少类型注解)
  - 02/lucun/star/task_05.py (缺少类型注解)
  - 02/lucun/star/task_06.py (缺少类型注解)
  - 02/lucun/star/task_07.py (缺少类型注解)
  - 02/lucun/star/task_08.py (缺少类型注解)
  - 02/lucun/star/task_9.py (缺少类型注解)
  - 02/lucun/star/xj02_001.py (缺少类型注解)
  - 02/lucun/star/xj02_002.py (缺少类型注解)
  - 02/lucun/star/xj02_003.py (缺少类型注解)
  - 02/lucun/star/xj02_004.py (缺少类型注解)
  - 02/lucun/star/xj02_p0_001.py (缺少类型注解)
  - 02/lucun/star/xj02_p0_002.py (缺少类型注解)
  - 02/lucun/star/xj02_p0_003.py (缺少类型注解)
  - 02/lucun/star/xj02_p1_001.py (缺少类型注解)
  - 02/lucun/star/xj02_p1_003.py (缺少类型注解)
  - 02/lucun/star/xj02_p2_001.py (缺少类型注解)
  - 02/lucun/star/xj02_p2_002.py (缺少类型注解)
  - 02/lucun/star/xj_p3_002.py (缺少类型注解)
  - 04/lianzheng/star/obj_04_001.py (缺少类型注解)
  - 04/lianzheng/star/obj_04_002.py (缺少类型注解)
  - 04/lianzheng/star/obj_04_003.py (缺少类型注解)
  - 04/lianzheng/star/p2_04_009.py (缺少类型注解)
  - 04/lianzheng/star/p2_04_010.py (缺少类型注解)
  - 04/lianzheng/star/p3_04_007.py (缺少类型注解)
  - 04/lianzheng/star/p3_04_008.py (缺少类型注解)
  - 04/lianzheng/star/p4_04_007.py (缺少类型注解)
  - 04/lianzheng/star/p4_04_008.py (缺少类型注解)
  - 04/lianzheng/star/p5_04_007.py (缺少类型注解)
  - 04/lianzheng/star/p5_04_008.py (缺少类型注解)
  - 04/lianzheng/star/task_11.py (缺少类型注解)
  - 04/lianzheng/star/task_12.py (缺少类型注解)
  - 04/lianzheng/star/xj04_001.py (缺少类型注解)
  - 04/lianzheng/star/xj04_002.py (缺少类型注解)
  - 04/lianzheng/star/xj04_003.py (缺少类型注解)
  - 04/lianzheng/star/xj04_004.py (缺少类型注解)
  - 04/lianzheng/star/xj04_005.py (缺少类型注解)
  - 04/lianzheng/star/xj04_p1_001.py (缺少类型注解)
  - 04/lianzheng/star/xj04_p1_002.py (缺少类型注解)
  - 04/lianzheng/star/xj04_p1_003.py (缺少类型注解)
  - 04/lianzheng/star/xj04_p1_004.py (缺少类型注解)
  - 04/lianzheng/star/xj04_p1_005.py (缺少类型注解)
  - 04/lianzheng/star/xj04_p2_001.py (缺少类型注解)
  - 04/lianzheng/star/xj04_p2_002.py (缺少类型注解)
  - 05/wuqu/star/obj_05_001.py (缺少类型注解)
  - 05/wuqu/star/obj_05_002.py (缺少类型注解)
  - 05/wuqu/star/obj_05_003.py (缺少类型注解)
  - 05/wuqu/star/p2_05_011.py (缺少类型注解)
  - 05/wuqu/star/p2_05_012.py (缺少类型注解)
  - 05/wuqu/star/p3_05_009.py (缺少类型注解)
  - 05/wuqu/star/p3_05_010.py (缺少类型注解)
  - 05/wuqu/star/p4_05_009.py (缺少类型注解)
  - 05/wuqu/star/p4_05_010.py (缺少类型注解)
  - 05/wuqu/star/p5_05_009.py (缺少类型注解)
  - 05/wuqu/star/p5_05_010.py (缺少类型注解)
  - 05/wuqu/star/task_13.py (缺少类型注解)
  - 05/wuqu/star/xj05_001.py (缺少类型注解)
  - 05/wuqu/star/xj05_002.py (缺少类型注解)
  - 05/wuqu/star/xj05_003.py (缺少类型注解)
  - 05/wuqu/star/xj05_004.py (缺少类型注解)
  - 05/wuqu/star/xj05_005.py (缺少类型注解)
  - 05/wuqu/star/xj05_p1_001.py (缺少类型注解)
  - 05/wuqu/star/xj05_p1_002.py (缺少类型注解)
  - 05/wuqu/star/xj05_p1_003.py (缺少类型注解)
  - 05/wuqu/star/xj05_p1_004.py (缺少类型注解)
  - 05/wuqu/star/xj05_p1_005.py (缺少类型注解)
  - 05/wuqu/star/xj05_p2_001.py (缺少类型注解)
  - 05/wuqu/star/xj05_p2_002.py (缺少类型注解)
  - 06/pojun/star/obj_06_001.py (缺少类型注解)
  - 06/pojun/star/obj_06_002.py (缺少类型注解)
  - 06/pojun/star/obj_06_003.py (缺少类型注解)
  - 06/pojun/star/p2_06_013.py (缺少类型注解)
  - 06/pojun/star/p2_06_014.py (缺少类型注解)
  - 06/pojun/star/p3_06_011.py (缺少类型注解)
  - 06/pojun/star/p3_06_012.py (缺少类型注解)
  - 06/pojun/star/p4_06_011.py (缺少类型注解)
  - 06/pojun/star/p4_06_012.py (缺少类型注解)
  - 06/pojun/star/p5_06_011.py (缺少类型注解)
  - 06/pojun/star/p5_06_012.py (缺少类型注解)
  - 06/pojun/star/task_14.py (缺少类型注解)
  - 06/pojun/star/xj06_001.py (缺少类型注解)
  - 06/pojun/star/xj06_002.py (缺少类型注解)
  - 06/pojun/star/xj06_003.py (缺少类型注解)
  - 06/pojun/star/xj06_004.py (缺少类型注解)
  - 06/pojun/star/xj06_005.py (缺少类型注解)
  - 06/pojun/star/xj06_p1_001.py (缺少类型注解)
  - 06/pojun/star/xj06_p1_002.py (缺少类型注解)
  - 06/pojun/star/xj06_p1_003.py (缺少类型注解)
  - 06/pojun/star/xj06_p1_004.py (缺少类型注解)
  - 06/pojun/star/xj06_p1_005.py (缺少类型注解)
  - 06/pojun/star/xj06_p2_001.py (缺少类型注解)
  - 06/pojun/star/xj06_p2_002.py (缺少类型注解)
  - 07/zuofu/star/obj_07_001.py (缺少类型注解)
  - 07/zuofu/star/obj_07_002.py (缺少类型注解)
  - 07/zuofu/star/obj_07_003.py (缺少类型注解)
  - 07/zuofu/star/obj_07_004.py (缺少类型注解)
  - 07/zuofu/star/p2_07_015.py (缺少类型注解)
  - 07/zuofu/star/p2_07_016.py (缺少类型注解)
  - 07/zuofu/star/p3_07_013.py (缺少类型注解)
  - 07/zuofu/star/p3_07_014.py (缺少类型注解)
  - 07/zuofu/star/p4_07_013.py (缺少类型注解)
  - 07/zuofu/star/p4_07_014.py (缺少类型注解)
  - 07/zuofu/star/p5_07_013.py (缺少类型注解)
  - 07/zuofu/star/p5_07_014.py (缺少类型注解)
  - 07/zuofu/star/xj07_001.py (缺少类型注解)
  - 07/zuofu/star/xj07_002.py (缺少类型注解)
  - 07/zuofu/star/xj07_003.py (缺少类型注解)
  - 07/zuofu/star/xj07_004.py (缺少类型注解)
  - 07/zuofu/star/xj07_005.py (缺少类型注解)
  - 07/zuofu/star/xj07_p1_001.py (缺少类型注解)
  - 07/zuofu/star/xj07_p1_002.py (缺少类型注解)
  - 07/zuofu/star/xj07_p1_003.py (缺少类型注解)
  - 07/zuofu/star/xj07_p1_004.py (缺少类型注解)
  - 07/zuofu/star/xj07_p1_005.py (缺少类型注解)
  - 07/zuofu/star/xj07_p2_001.py (缺少类型注解)
  - 08/youbi/star/obj_08_001.py (缺少类型注解)
  - 08/youbi/star/obj_08_002.py (缺少类型注解)
  - 08/youbi/star/obj_08_003.py (缺少类型注解)
  - 08/youbi/star/p2_08_017.py (缺少类型注解)
  - 08/youbi/star/p2_08_018.py (缺少类型注解)
  - 08/youbi/star/p3_08_015.py (缺少类型注解)
  - 08/youbi/star/p3_08_016.py (缺少类型注解)
  - 08/youbi/star/p4_08_015.py (缺少类型注解)
  - 08/youbi/star/p4_08_016.py (缺少类型注解)
  - 08/youbi/star/p5_08_015.py (缺少类型注解)
  - 08/youbi/star/p5_08_016.py (缺少类型注解)
  - 08/youbi/star/task_15.py (缺少类型注解)
  - 08/youbi/star/task_16.py (缺少类型注解)
  - 08/youbi/star/task_17.py (缺少类型注解)
  - 08/youbi/star/xj08_001.py (缺少类型注解)
  - 08/youbi/star/xj08_003.py (缺少类型注解)
  - 08/youbi/star/xj08_004.py (缺少类型注解)
  - 08/youbi/star/xj08_p1_001.py (缺少类型注解)
  - 08/youbi/star/xj08_p1_003.py (缺少类型注解)
  - 08/youbi/star/xj08_p1_004.py (缺少类型注解)
  - 08/youbi/star/xj_p3_006.py (缺少类型注解)
  - 08/youbi/star/xj_p3_007.py (缺少类型注解)
  - 09/tanlang/star/obj_09_001.py (缺少类型注解)
  - 09/tanlang/star/obj_09_002.py (缺少类型注解)
  - 09/tanlang/star/obj_09_003.py (缺少类型注解)
  - 09/tanlang/star/p2_09_019.py (缺少类型注解)
  - 09/tanlang/star/p2_09_020.py (缺少类型注解)
  - 09/tanlang/star/p3_09_017.py (缺少类型注解)
  - 09/tanlang/star/p3_09_018.py (缺少类型注解)
  - 09/tanlang/star/p4_09_017.py (缺少类型注解)
  - 09/tanlang/star/p4_09_018.py (缺少类型注解)
  - 09/tanlang/star/p5_09_017.py (缺少类型注解)
  - 09/tanlang/star/p5_09_018.py (缺少类型注解)
  - 09/tanlang/star/task_18.py (缺少类型注解)
  - 09/tanlang/star/task_19.py (缺少类型注解)
  - 09/tanlang/star/task_20.py (缺少类型注解)
  - 09/tanlang/star/web_001.py (缺少类型注解)
  - 09/tanlang/star/web_002.py (缺少类型注解)
  - 09/tanlang/star/web_003.py (缺少类型注解)
  - 09/tanlang/star/web_004.py (缺少类型注解)
  - 09/tanlang/star/web_005.py (缺少类型注解)
  - 09/tanlang/star/xj09_001.py (缺少类型注解)
  - 09/tanlang/star/xj09_002.py (缺少类型注解)
  - 09/tanlang/star/xj09_003.py (缺少类型注解)
  - 09/tanlang/star/xj09_004.py (缺少类型注解)
  - 09/tanlang/star/xj09_005.py (缺少类型注解)
  - 09/tanlang/star/xj09_p1_001.py (缺少类型注解)
  - 09/tanlang/star/xj09_p1_002.py (缺少类型注解)
  - 09/tanlang/star/xj09_p1_003.py (缺少类型注解)
  - 09/tanlang/star/xj09_p1_004.py (缺少类型注解)
  - 09/tanlang/star/xj09_p1_005.py (缺少类型注解)
  - 10/fubi/star/doc_001.py (缺少类型注解)
  - 10/fubi/star/doc_002.py (缺少类型注解)
  - 10/fubi/star/doc_003.py (缺少类型注解)
  - 10/fubi/star/doc_004.py (缺少类型注解)
  - 10/fubi/star/doc_005.py (缺少类型注解)
  - 10/fubi/star/obj_10_001.py (缺少类型注解)
  - 10/fubi/star/obj_10_002.py (缺少类型注解)
  - 10/fubi/star/obj_10_003.py (缺少类型注解)
  - 10/fubi/star/p2_10_021.py (缺少类型注解)
  - 10/fubi/star/p2_10_022.py (缺少类型注解)
  - 10/fubi/star/p3_10_019.py (缺少类型注解)
  - 10/fubi/star/p3_10_020.py (缺少类型注解)
  - 10/fubi/star/p4_10_019.py (缺少类型注解)
  - 10/fubi/star/p4_10_020.py (缺少类型注解)
  - 10/fubi/star/p5_10_019.py (缺少类型注解)
  - 10/fubi/star/p5_10_020.py (缺少类型注解)
  - 10/fubi/star/xj10_001.py (缺少类型注解)
  - 10/fubi/star/xj10_002.py (缺少类型注解)
  - 10/fubi/star/xj10_003.py (缺少类型注解)
  - 10/fubi/star/xj10_004.py (缺少类型注解)
  - 10/fubi/star/xj10_005.py (缺少类型注解)
  - 10/fubi/star/xj10_p1_001.py (缺少类型注解)
  - 10/fubi/star/xj10_p1_002.py (缺少类型注解)
  - 10/fubi/star/xj10_p1_003.py (缺少类型注解)
  - 10/fubi/star/xj10_p1_004.py (缺少类型注解)
  - 10/fubi/star/xj10_p1_005.py (缺少类型注解)

=== 质检完成 ===
发现问题文件: 208 个
=== 张志远(002) 代码质检任务 ===
时间: Tue Mar 24 04:00:01 AM CST 2026

📊 代码统计:
  XJ-01: 40 文件, 1720 行
  XJ-02: 35 文件, 1330 行
  XJ-03: 25 文件, 925 行
  XJ-04: 25 文件, 650 行
  XJ-05: 24 文件, 624 行
  XJ-06: 24 文件, 624 行
  XJ-07: 23 文件, 598 行
  XJ-08: 24 文件, 658 行
  XJ-09: 29 文件, 754 行
  XJ-10: 26 文件, 676 行
  总计: 275 文件, 8559 行

📈 质量指标:
  文档覆盖率: 100.0%
  类型注解覆盖率: 37.1%

⚠️ 需要改进的文件:
  - 02/lucun/star/c_02_001.py (缺少类型注解)
  - 02/lucun/star/c_02_002.py (缺少类型注解)
  - 02/lucun/star/c_02_003.py (缺少类型注解)
  - 02/lucun/star/c_02_004.py (缺少类型注解)
  - 02/lucun/star/c_02_005.py (缺少类型注解)
  - 02/lucun/star/p2_02_004.py (缺少类型注解)
  - 02/lucun/star/p2_02_005.py (缺少类型注解)
  - 02/lucun/star/p2_02_006.py (缺少类型注解)
  - 02/lucun/star/p3_02_003.py (缺少类型注解)
  - 02/lucun/star/p3_02_004.py (缺少类型注解)
  - 02/lucun/star/p4_02_003.py (缺少类型注解)
  - 02/lucun/star/p4_02_004.py (缺少类型注解)
  - 02/lucun/star/p5_02_003.py (缺少类型注解)
  - 02/lucun/star/p5_02_004.py (缺少类型注解)
  - 02/lucun/star/task_01.py (缺少类型注解)
  - 02/lucun/star/task_02.py (缺少类型注解)
  - 02/lucun/star/task_03.py (缺少类型注解)
  - 02/lucun/star/task_04.py (缺少类型注解)
  - 02/lucun/star/task_05.py (缺少类型注解)
  - 02/lucun/star/task_06.py (缺少类型注解)
  - 02/lucun/star/task_07.py (缺少类型注解)
  - 02/lucun/star/task_08.py (缺少类型注解)
  - 02/lucun/star/task_9.py (缺少类型注解)
  - 02/lucun/star/xj02_001.py (缺少类型注解)
  - 02/lucun/star/xj02_002.py (缺少类型注解)
  - 02/lucun/star/xj02_003.py (缺少类型注解)
  - 02/lucun/star/xj02_004.py (缺少类型注解)
  - 02/lucun/star/xj02_p0_001.py (缺少类型注解)
  - 02/lucun/star/xj02_p0_002.py (缺少类型注解)
  - 02/lucun/star/xj02_p0_003.py (缺少类型注解)
  - 02/lucun/star/xj02_p1_001.py (缺少类型注解)
  - 02/lucun/star/xj02_p1_003.py (缺少类型注解)
  - 02/lucun/star/xj02_p2_001.py (缺少类型注解)
  - 02/lucun/star/xj02_p2_002.py (缺少类型注解)
  - 02/lucun/star/xj_p3_002.py (缺少类型注解)
  - 04/lianzheng/star/obj_04_001.py (缺少类型注解)
  - 04/lianzheng/star/obj_04_002.py (缺少类型注解)
  - 04/lianzheng/star/obj_04_003.py (缺少类型注解)
  - 04/lianzheng/star/p2_04_009.py (缺少类型注解)
  - 04/lianzheng/star/p2_04_010.py (缺少类型注解)
  - 04/lianzheng/star/p3_04_007.py (缺少类型注解)
  - 04/lianzheng/star/p3_04_008.py (缺少类型注解)
  - 04/lianzheng/star/p4_04_007.py (缺少类型注解)
  - 04/lianzheng/star/p4_04_008.py (缺少类型注解)
  - 04/lianzheng/star/p5_04_007.py (缺少类型注解)
  - 04/lianzheng/star/p5_04_008.py (缺少类型注解)
  - 04/lianzheng/star/task_11.py (缺少类型注解)
  - 04/lianzheng/star/task_12.py (缺少类型注解)
  - 04/lianzheng/star/xj04_001.py (缺少类型注解)
  - 04/lianzheng/star/xj04_002.py (缺少类型注解)
  - 04/lianzheng/star/xj04_003.py (缺少类型注解)
  - 04/lianzheng/star/xj04_004.py (缺少类型注解)
  - 04/lianzheng/star/xj04_005.py (缺少类型注解)
  - 04/lianzheng/star/xj04_p1_001.py (缺少类型注解)
  - 04/lianzheng/star/xj04_p1_002.py (缺少类型注解)
  - 04/lianzheng/star/xj04_p1_003.py (缺少类型注解)
  - 04/lianzheng/star/xj04_p1_004.py (缺少类型注解)
  - 04/lianzheng/star/xj04_p1_005.py (缺少类型注解)
  - 04/lianzheng/star/xj04_p2_001.py (缺少类型注解)
  - 04/lianzheng/star/xj04_p2_002.py (缺少类型注解)
  - 05/wuqu/star/obj_05_001.py (缺少类型注解)
  - 05/wuqu/star/obj_05_002.py (缺少类型注解)
  - 05/wuqu/star/obj_05_003.py (缺少类型注解)
  - 05/wuqu/star/p2_05_011.py (缺少类型注解)
  - 05/wuqu/star/p2_05_012.py (缺少类型注解)
  - 05/wuqu/star/p3_05_009.py (缺少类型注解)
  - 05/wuqu/star/p3_05_010.py (缺少类型注解)
  - 05/wuqu/star/p4_05_009.py (缺少类型注解)
  - 05/wuqu/star/p4_05_010.py (缺少类型注解)
  - 05/wuqu/star/p5_05_009.py (缺少类型注解)
  - 05/wuqu/star/p5_05_010.py (缺少类型注解)
  - 05/wuqu/star/task_13.py (缺少类型注解)
  - 05/wuqu/star/xj05_001.py (缺少类型注解)
  - 05/wuqu/star/xj05_002.py (缺少类型注解)
  - 05/wuqu/star/xj05_003.py (缺少类型注解)
  - 05/wuqu/star/xj05_004.py (缺少类型注解)
  - 05/wuqu/star/xj05_005.py (缺少类型注解)
  - 05/wuqu/star/xj05_p1_001.py (缺少类型注解)
  - 05/wuqu/star/xj05_p1_002.py (缺少类型注解)
  - 05/wuqu/star/xj05_p1_003.py (缺少类型注解)
  - 05/wuqu/star/xj05_p1_004.py (缺少类型注解)
  - 05/wuqu/star/xj05_p1_005.py (缺少类型注解)
  - 05/wuqu/star/xj05_p2_001.py (缺少类型注解)
  - 05/wuqu/star/xj05_p2_002.py (缺少类型注解)
  - 06/pojun/star/obj_06_001.py (缺少类型注解)
  - 06/pojun/star/obj_06_002.py (缺少类型注解)
  - 06/pojun/star/obj_06_003.py (缺少类型注解)
  - 06/pojun/star/p2_06_013.py (缺少类型注解)
  - 06/pojun/star/p2_06_014.py (缺少类型注解)
  - 06/pojun/star/p3_06_011.py (缺少类型注解)
  - 06/pojun/star/p3_06_012.py (缺少类型注解)
  - 06/pojun/star/p4_06_011.py (缺少类型注解)
  - 06/pojun/star/p4_06_012.py (缺少类型注解)
  - 06/pojun/star/p5_06_011.py (缺少类型注解)
  - 06/pojun/star/p5_06_012.py (缺少类型注解)
  - 06/pojun/star/task_14.py (缺少类型注解)
  - 06/pojun/star/xj06_001.py (缺少类型注解)
  - 06/pojun/star/xj06_002.py (缺少类型注解)
  - 06/pojun/star/xj06_003.py (缺少类型注解)
  - 06/pojun/star/xj06_004.py (缺少类型注解)
  - 06/pojun/star/xj06_005.py (缺少类型注解)
  - 06/pojun/star/xj06_p1_001.py (缺少类型注解)
  - 06/pojun/star/xj06_p1_002.py (缺少类型注解)
  - 06/pojun/star/xj06_p1_003.py (缺少类型注解)
  - 06/pojun/star/xj06_p1_004.py (缺少类型注解)
  - 06/pojun/star/xj06_p1_005.py (缺少类型注解)
  - 06/pojun/star/xj06_p2_001.py (缺少类型注解)
  - 06/pojun/star/xj06_p2_002.py (缺少类型注解)
  - 07/zuofu/star/obj_07_001.py (缺少类型注解)
  - 07/zuofu/star/obj_07_002.py (缺少类型注解)
  - 07/zuofu/star/obj_07_003.py (缺少类型注解)
  - 07/zuofu/star/obj_07_004.py (缺少类型注解)
  - 07/zuofu/star/p2_07_015.py (缺少类型注解)
  - 07/zuofu/star/p2_07_016.py (缺少类型注解)
  - 07/zuofu/star/p3_07_013.py (缺少类型注解)
  - 07/zuofu/star/p3_07_014.py (缺少类型注解)
  - 07/zuofu/star/p4_07_013.py (缺少类型注解)
  - 07/zuofu/star/p4_07_014.py (缺少类型注解)
  - 07/zuofu/star/p5_07_013.py (缺少类型注解)
  - 07/zuofu/star/p5_07_014.py (缺少类型注解)
  - 07/zuofu/star/xj07_001.py (缺少类型注解)
  - 07/zuofu/star/xj07_002.py (缺少类型注解)
  - 07/zuofu/star/xj07_003.py (缺少类型注解)
  - 07/zuofu/star/xj07_004.py (缺少类型注解)
  - 07/zuofu/star/xj07_005.py (缺少类型注解)
  - 07/zuofu/star/xj07_p1_001.py (缺少类型注解)
  - 07/zuofu/star/xj07_p1_002.py (缺少类型注解)
  - 07/zuofu/star/xj07_p1_003.py (缺少类型注解)
  - 07/zuofu/star/xj07_p1_004.py (缺少类型注解)
  - 07/zuofu/star/xj07_p1_005.py (缺少类型注解)
  - 07/zuofu/star/xj07_p2_001.py (缺少类型注解)
  - 08/youbi/star/obj_08_001.py (缺少类型注解)
  - 08/youbi/star/obj_08_002.py (缺少类型注解)
  - 08/youbi/star/obj_08_003.py (缺少类型注解)
  - 08/youbi/star/p2_08_017.py (缺少类型注解)
  - 08/youbi/star/p2_08_018.py (缺少类型注解)
  - 08/youbi/star/p3_08_015.py (缺少类型注解)
  - 08/youbi/star/p3_08_016.py (缺少类型注解)
  - 08/youbi/star/p4_08_015.py (缺少类型注解)
  - 08/youbi/star/p4_08_016.py (缺少类型注解)
  - 08/youbi/star/p5_08_015.py (缺少类型注解)
  - 08/youbi/star/p5_08_016.py (缺少类型注解)
  - 08/youbi/star/task_15.py (缺少类型注解)
  - 08/youbi/star/task_16.py (缺少类型注解)
  - 08/youbi/star/task_17.py (缺少类型注解)
  - 08/youbi/star/xj08_001.py (缺少类型注解)
  - 08/youbi/star/xj08_003.py (缺少类型注解)
  - 08/youbi/star/xj08_004.py (缺少类型注解)
  - 08/youbi/star/xj08_p1_001.py (缺少类型注解)
  - 08/youbi/star/xj08_p1_003.py (缺少类型注解)
  - 08/youbi/star/xj08_p1_004.py (缺少类型注解)
  - 08/youbi/star/xj_p3_006.py (缺少类型注解)
  - 08/youbi/star/xj_p3_007.py (缺少类型注解)
  - 09/tanlang/star/obj_09_001.py (缺少类型注解)
  - 09/tanlang/star/obj_09_002.py (缺少类型注解)
  - 09/tanlang/star/obj_09_003.py (缺少类型注解)
  - 09/tanlang/star/p2_09_019.py (缺少类型注解)
  - 09/tanlang/star/p2_09_020.py (缺少类型注解)
  - 09/tanlang/star/p3_09_017.py (缺少类型注解)
  - 09/tanlang/star/p3_09_018.py (缺少类型注解)
  - 09/tanlang/star/p4_09_017.py (缺少类型注解)
  - 09/tanlang/star/p4_09_018.py (缺少类型注解)
  - 09/tanlang/star/p5_09_017.py (缺少类型注解)
  - 09/tanlang/star/p5_09_018.py (缺少类型注解)
  - 09/tanlang/star/task_18.py (缺少类型注解)
  - 09/tanlang/star/task_19.py (缺少类型注解)
  - 09/tanlang/star/task_20.py (缺少类型注解)
  - 09/tanlang/star/web_001.py (缺少类型注解)
  - 09/tanlang/star/web_002.py (缺少类型注解)
  - 09/tanlang/star/web_003.py (缺少类型注解)
  - 09/tanlang/star/web_004.py (缺少类型注解)
  - 09/tanlang/star/web_005.py (缺少类型注解)
  - 09/tanlang/star/xj09_001.py (缺少类型注解)
  - 09/tanlang/star/xj09_002.py (缺少类型注解)
  - 09/tanlang/star/xj09_003.py (缺少类型注解)
  - 09/tanlang/star/xj09_004.py (缺少类型注解)
  - 09/tanlang/star/xj09_005.py (缺少类型注解)
  - 09/tanlang/star/xj09_p1_001.py (缺少类型注解)
  - 09/tanlang/star/xj09_p1_002.py (缺少类型注解)
  - 09/tanlang/star/xj09_p1_003.py (缺少类型注解)
  - 09/tanlang/star/xj09_p1_004.py (缺少类型注解)
  - 09/tanlang/star/xj09_p1_005.py (缺少类型注解)
  - 10/fubi/star/doc_001.py (缺少类型注解)
  - 10/fubi/star/doc_002.py (缺少类型注解)
  - 10/fubi/star/doc_003.py (缺少类型注解)
  - 10/fubi/star/doc_004.py (缺少类型注解)
  - 10/fubi/star/doc_005.py (缺少类型注解)
  - 10/fubi/star/obj_10_001.py (缺少类型注解)
  - 10/fubi/star/obj_10_002.py (缺少类型注解)
  - 10/fubi/star/obj_10_003.py (缺少类型注解)
  - 10/fubi/star/p2_10_021.py (缺少类型注解)
  - 10/fubi/star/p2_10_022.py (缺少类型注解)
  - 10/fubi/star/p3_10_019.py (缺少类型注解)
  - 10/fubi/star/p3_10_020.py (缺少类型注解)
  - 10/fubi/star/p4_10_019.py (缺少类型注解)
  - 10/fubi/star/p4_10_020.py (缺少类型注解)
  - 10/fubi/star/p5_10_019.py (缺少类型注解)
  - 10/fubi/star/p5_10_020.py (缺少类型注解)
  - 10/fubi/star/xj10_001.py (缺少类型注解)
  - 10/fubi/star/xj10_002.py (缺少类型注解)
  - 10/fubi/star/xj10_003.py (缺少类型注解)
  - 10/fubi/star/xj10_004.py (缺少类型注解)
  - 10/fubi/star/xj10_005.py (缺少类型注解)
  - 10/fubi/star/xj10_p1_001.py (缺少类型注解)
  - 10/fubi/star/xj10_p1_002.py (缺少类型注解)
  - 10/fubi/star/xj10_p1_003.py (缺少类型注解)
  - 10/fubi/star/xj10_p1_004.py (缺少类型注解)
  - 10/fubi/star/xj10_p1_005.py (缺少类型注解)

=== 质检完成 ===
发现问题文件: 208 个
=== 张志远(002) 代码质检任务 ===
时间: Tue Mar 24 04:30:01 AM CST 2026

📊 代码统计:
  XJ-01: 40 文件, 1720 行
  XJ-02: 35 文件, 1330 行
  XJ-03: 25 文件, 925 行
  XJ-04: 25 文件, 650 行
  XJ-05: 24 文件, 624 行
  XJ-06: 24 文件, 624 行
  XJ-07: 23 文件, 598 行
  XJ-08: 24 文件, 658 行
  XJ-09: 29 文件, 754 行
  XJ-10: 26 文件, 676 行
  总计: 275 文件, 8559 行

📈 质量指标:
  文档覆盖率: 100.0%
  类型注解覆盖率: 37.1%

⚠️ 需要改进的文件:
  - 02/lucun/star/c_02_001.py (缺少类型注解)
  - 02/lucun/star/c_02_002.py (缺少类型注解)
  - 02/lucun/star/c_02_003.py (缺少类型注解)
  - 02/lucun/star/c_02_004.py (缺少类型注解)
  - 02/lucun/star/c_02_005.py (缺少类型注解)
  - 02/lucun/star/p2_02_004.py (缺少类型注解)
  - 02/lucun/star/p2_02_005.py (缺少类型注解)
  - 02/lucun/star/p2_02_006.py (缺少类型注解)
  - 02/lucun/star/p3_02_003.py (缺少类型注解)
  - 02/lucun/star/p3_02_004.py (缺少类型注解)
  - 02/lucun/star/p4_02_003.py (缺少类型注解)
  - 02/lucun/star/p4_02_004.py (缺少类型注解)
  - 02/lucun/star/p5_02_003.py (缺少类型注解)
  - 02/lucun/star/p5_02_004.py (缺少类型注解)
  - 02/lucun/star/task_01.py (缺少类型注解)
  - 02/lucun/star/task_02.py (缺少类型注解)
  - 02/lucun/star/task_03.py (缺少类型注解)
  - 02/lucun/star/task_04.py (缺少类型注解)
  - 02/lucun/star/task_05.py (缺少类型注解)
  - 02/lucun/star/task_06.py (缺少类型注解)
  - 02/lucun/star/task_07.py (缺少类型注解)
  - 02/lucun/star/task_08.py (缺少类型注解)
  - 02/lucun/star/task_9.py (缺少类型注解)
  - 02/lucun/star/xj02_001.py (缺少类型注解)
  - 02/lucun/star/xj02_002.py (缺少类型注解)
  - 02/lucun/star/xj02_003.py (缺少类型注解)
  - 02/lucun/star/xj02_004.py (缺少类型注解)
  - 02/lucun/star/xj02_p0_001.py (缺少类型注解)
  - 02/lucun/star/xj02_p0_002.py (缺少类型注解)
  - 02/lucun/star/xj02_p0_003.py (缺少类型注解)
  - 02/lucun/star/xj02_p1_001.py (缺少类型注解)
  - 02/lucun/star/xj02_p1_003.py (缺少类型注解)
  - 02/lucun/star/xj02_p2_001.py (缺少类型注解)
  - 02/lucun/star/xj02_p2_002.py (缺少类型注解)
  - 02/lucun/star/xj_p3_002.py (缺少类型注解)
  - 04/lianzheng/star/obj_04_001.py (缺少类型注解)
  - 04/lianzheng/star/obj_04_002.py (缺少类型注解)
  - 04/lianzheng/star/obj_04_003.py (缺少类型注解)
  - 04/lianzheng/star/p2_04_009.py (缺少类型注解)
  - 04/lianzheng/star/p2_04_010.py (缺少类型注解)
  - 04/lianzheng/star/p3_04_007.py (缺少类型注解)
  - 04/lianzheng/star/p3_04_008.py (缺少类型注解)
  - 04/lianzheng/star/p4_04_007.py (缺少类型注解)
  - 04/lianzheng/star/p4_04_008.py (缺少类型注解)
  - 04/lianzheng/star/p5_04_007.py (缺少类型注解)
  - 04/lianzheng/star/p5_04_008.py (缺少类型注解)
  - 04/lianzheng/star/task_11.py (缺少类型注解)
  - 04/lianzheng/star/task_12.py (缺少类型注解)
  - 04/lianzheng/star/xj04_001.py (缺少类型注解)
  - 04/lianzheng/star/xj04_002.py (缺少类型注解)
  - 04/lianzheng/star/xj04_003.py (缺少类型注解)
  - 04/lianzheng/star/xj04_004.py (缺少类型注解)
  - 04/lianzheng/star/xj04_005.py (缺少类型注解)
  - 04/lianzheng/star/xj04_p1_001.py (缺少类型注解)
  - 04/lianzheng/star/xj04_p1_002.py (缺少类型注解)
  - 04/lianzheng/star/xj04_p1_003.py (缺少类型注解)
  - 04/lianzheng/star/xj04_p1_004.py (缺少类型注解)
  - 04/lianzheng/star/xj04_p1_005.py (缺少类型注解)
  - 04/lianzheng/star/xj04_p2_001.py (缺少类型注解)
  - 04/lianzheng/star/xj04_p2_002.py (缺少类型注解)
  - 05/wuqu/star/obj_05_001.py (缺少类型注解)
  - 05/wuqu/star/obj_05_002.py (缺少类型注解)
  - 05/wuqu/star/obj_05_003.py (缺少类型注解)
  - 05/wuqu/star/p2_05_011.py (缺少类型注解)
  - 05/wuqu/star/p2_05_012.py (缺少类型注解)
  - 05/wuqu/star/p3_05_009.py (缺少类型注解)
  - 05/wuqu/star/p3_05_010.py (缺少类型注解)
  - 05/wuqu/star/p4_05_009.py (缺少类型注解)
  - 05/wuqu/star/p4_05_010.py (缺少类型注解)
  - 05/wuqu/star/p5_05_009.py (缺少类型注解)
  - 05/wuqu/star/p5_05_010.py (缺少类型注解)
  - 05/wuqu/star/task_13.py (缺少类型注解)
  - 05/wuqu/star/xj05_001.py (缺少类型注解)
  - 05/wuqu/star/xj05_002.py (缺少类型注解)
  - 05/wuqu/star/xj05_003.py (缺少类型注解)
  - 05/wuqu/star/xj05_004.py (缺少类型注解)
  - 05/wuqu/star/xj05_005.py (缺少类型注解)
  - 05/wuqu/star/xj05_p1_001.py (缺少类型注解)
  - 05/wuqu/star/xj05_p1_002.py (缺少类型注解)
  - 05/wuqu/star/xj05_p1_003.py (缺少类型注解)
  - 05/wuqu/star/xj05_p1_004.py (缺少类型注解)
  - 05/wuqu/star/xj05_p1_005.py (缺少类型注解)
  - 05/wuqu/star/xj05_p2_001.py (缺少类型注解)
  - 05/wuqu/star/xj05_p2_002.py (缺少类型注解)
  - 06/pojun/star/obj_06_001.py (缺少类型注解)
  - 06/pojun/star/obj_06_002.py (缺少类型注解)
  - 06/pojun/star/obj_06_003.py (缺少类型注解)
  - 06/pojun/star/p2_06_013.py (缺少类型注解)
  - 06/pojun/star/p2_06_014.py (缺少类型注解)
  - 06/pojun/star/p3_06_011.py (缺少类型注解)
  - 06/pojun/star/p3_06_012.py (缺少类型注解)
  - 06/pojun/star/p4_06_011.py (缺少类型注解)
  - 06/pojun/star/p4_06_012.py (缺少类型注解)
  - 06/pojun/star/p5_06_011.py (缺少类型注解)
  - 06/pojun/star/p5_06_012.py (缺少类型注解)
  - 06/pojun/star/task_14.py (缺少类型注解)
  - 06/pojun/star/xj06_001.py (缺少类型注解)
  - 06/pojun/star/xj06_002.py (缺少类型注解)
  - 06/pojun/star/xj06_003.py (缺少类型注解)
  - 06/pojun/star/xj06_004.py (缺少类型注解)
  - 06/pojun/star/xj06_005.py (缺少类型注解)
  - 06/pojun/star/xj06_p1_001.py (缺少类型注解)
  - 06/pojun/star/xj06_p1_002.py (缺少类型注解)
  - 06/pojun/star/xj06_p1_003.py (缺少类型注解)
  - 06/pojun/star/xj06_p1_004.py (缺少类型注解)
  - 06/pojun/star/xj06_p1_005.py (缺少类型注解)
  - 06/pojun/star/xj06_p2_001.py (缺少类型注解)
  - 06/pojun/star/xj06_p2_002.py (缺少类型注解)
  - 07/zuofu/star/obj_07_001.py (缺少类型注解)
  - 07/zuofu/star/obj_07_002.py (缺少类型注解)
  - 07/zuofu/star/obj_07_003.py (缺少类型注解)
  - 07/zuofu/star/obj_07_004.py (缺少类型注解)
  - 07/zuofu/star/p2_07_015.py (缺少类型注解)
  - 07/zuofu/star/p2_07_016.py (缺少类型注解)
  - 07/zuofu/star/p3_07_013.py (缺少类型注解)
  - 07/zuofu/star/p3_07_014.py (缺少类型注解)
  - 07/zuofu/star/p4_07_013.py (缺少类型注解)
  - 07/zuofu/star/p4_07_014.py (缺少类型注解)
  - 07/zuofu/star/p5_07_013.py (缺少类型注解)
  - 07/zuofu/star/p5_07_014.py (缺少类型注解)
  - 07/zuofu/star/xj07_001.py (缺少类型注解)
  - 07/zuofu/star/xj07_002.py (缺少类型注解)
  - 07/zuofu/star/xj07_003.py (缺少类型注解)
  - 07/zuofu/star/xj07_004.py (缺少类型注解)
  - 07/zuofu/star/xj07_005.py (缺少类型注解)
  - 07/zuofu/star/xj07_p1_001.py (缺少类型注解)
  - 07/zuofu/star/xj07_p1_002.py (缺少类型注解)
  - 07/zuofu/star/xj07_p1_003.py (缺少类型注解)
  - 07/zuofu/star/xj07_p1_004.py (缺少类型注解)
  - 07/zuofu/star/xj07_p1_005.py (缺少类型注解)
  - 07/zuofu/star/xj07_p2_001.py (缺少类型注解)
  - 08/youbi/star/obj_08_001.py (缺少类型注解)
  - 08/youbi/star/obj_08_002.py (缺少类型注解)
  - 08/youbi/star/obj_08_003.py (缺少类型注解)
  - 08/youbi/star/p2_08_017.py (缺少类型注解)
  - 08/youbi/star/p2_08_018.py (缺少类型注解)
  - 08/youbi/star/p3_08_015.py (缺少类型注解)
  - 08/youbi/star/p3_08_016.py (缺少类型注解)
  - 08/youbi/star/p4_08_015.py (缺少类型注解)
  - 08/youbi/star/p4_08_016.py (缺少类型注解)
  - 08/youbi/star/p5_08_015.py (缺少类型注解)
  - 08/youbi/star/p5_08_016.py (缺少类型注解)
  - 08/youbi/star/task_15.py (缺少类型注解)
  - 08/youbi/star/task_16.py (缺少类型注解)
  - 08/youbi/star/task_17.py (缺少类型注解)
  - 08/youbi/star/xj08_001.py (缺少类型注解)
  - 08/youbi/star/xj08_003.py (缺少类型注解)
  - 08/youbi/star/xj08_004.py (缺少类型注解)
  - 08/youbi/star/xj08_p1_001.py (缺少类型注解)
  - 08/youbi/star/xj08_p1_003.py (缺少类型注解)
  - 08/youbi/star/xj08_p1_004.py (缺少类型注解)
  - 08/youbi/star/xj_p3_006.py (缺少类型注解)
  - 08/youbi/star/xj_p3_007.py (缺少类型注解)
  - 09/tanlang/star/obj_09_001.py (缺少类型注解)
  - 09/tanlang/star/obj_09_002.py (缺少类型注解)
  - 09/tanlang/star/obj_09_003.py (缺少类型注解)
  - 09/tanlang/star/p2_09_019.py (缺少类型注解)
  - 09/tanlang/star/p2_09_020.py (缺少类型注解)
  - 09/tanlang/star/p3_09_017.py (缺少类型注解)
  - 09/tanlang/star/p3_09_018.py (缺少类型注解)
  - 09/tanlang/star/p4_09_017.py (缺少类型注解)
  - 09/tanlang/star/p4_09_018.py (缺少类型注解)
  - 09/tanlang/star/p5_09_017.py (缺少类型注解)
  - 09/tanlang/star/p5_09_018.py (缺少类型注解)
  - 09/tanlang/star/task_18.py (缺少类型注解)
  - 09/tanlang/star/task_19.py (缺少类型注解)
  - 09/tanlang/star/task_20.py (缺少类型注解)
  - 09/tanlang/star/web_001.py (缺少类型注解)
  - 09/tanlang/star/web_002.py (缺少类型注解)
  - 09/tanlang/star/web_003.py (缺少类型注解)
  - 09/tanlang/star/web_004.py (缺少类型注解)
  - 09/tanlang/star/web_005.py (缺少类型注解)
  - 09/tanlang/star/xj09_001.py (缺少类型注解)
  - 09/tanlang/star/xj09_002.py (缺少类型注解)
  - 09/tanlang/star/xj09_003.py (缺少类型注解)
  - 09/tanlang/star/xj09_004.py (缺少类型注解)
  - 09/tanlang/star/xj09_005.py (缺少类型注解)
  - 09/tanlang/star/xj09_p1_001.py (缺少类型注解)
  - 09/tanlang/star/xj09_p1_002.py (缺少类型注解)
  - 09/tanlang/star/xj09_p1_003.py (缺少类型注解)
  - 09/tanlang/star/xj09_p1_004.py (缺少类型注解)
  - 09/tanlang/star/xj09_p1_005.py (缺少类型注解)
  - 10/fubi/star/doc_001.py (缺少类型注解)
  - 10/fubi/star/doc_002.py (缺少类型注解)
  - 10/fubi/star/doc_003.py (缺少类型注解)
  - 10/fubi/star/doc_004.py (缺少类型注解)
  - 10/fubi/star/doc_005.py (缺少类型注解)
  - 10/fubi/star/obj_10_001.py (缺少类型注解)
  - 10/fubi/star/obj_10_002.py (缺少类型注解)
  - 10/fubi/star/obj_10_003.py (缺少类型注解)
  - 10/fubi/star/p2_10_021.py (缺少类型注解)
  - 10/fubi/star/p2_10_022.py (缺少类型注解)
  - 10/fubi/star/p3_10_019.py (缺少类型注解)
  - 10/fubi/star/p3_10_020.py (缺少类型注解)
  - 10/fubi/star/p4_10_019.py (缺少类型注解)
  - 10/fubi/star/p4_10_020.py (缺少类型注解)
  - 10/fubi/star/p5_10_019.py (缺少类型注解)
  - 10/fubi/star/p5_10_020.py (缺少类型注解)
  - 10/fubi/star/xj10_001.py (缺少类型注解)
  - 10/fubi/star/xj10_002.py (缺少类型注解)
  - 10/fubi/star/xj10_003.py (缺少类型注解)
  - 10/fubi/star/xj10_004.py (缺少类型注解)
  - 10/fubi/star/xj10_005.py (缺少类型注解)
  - 10/fubi/star/xj10_p1_001.py (缺少类型注解)
  - 10/fubi/star/xj10_p1_002.py (缺少类型注解)
  - 10/fubi/star/xj10_p1_003.py (缺少类型注解)
  - 10/fubi/star/xj10_p1_004.py (缺少类型注解)
  - 10/fubi/star/xj10_p1_005.py (缺少类型注解)

=== 质检完成 ===
发现问题文件: 208 个
=== 张志远(002) 代码质检任务 ===
时间: Tue Mar 24 05:00:01 AM CST 2026

📊 代码统计:
  XJ-01: 40 文件, 1720 行
  XJ-02: 35 文件, 1330 行
  XJ-03: 25 文件, 925 行
  XJ-04: 25 文件, 650 行
  XJ-05: 24 文件, 624 行
  XJ-06: 24 文件, 624 行
  XJ-07: 23 文件, 598 行
  XJ-08: 24 文件, 658 行
  XJ-09: 29 文件, 754 行
  XJ-10: 26 文件, 676 行
  总计: 275 文件, 8559 行

📈 质量指标:
  文档覆盖率: 100.0%
  类型注解覆盖率: 37.1%

⚠️ 需要改进的文件:
  - 02/lucun/star/c_02_001.py (缺少类型注解)
  - 02/lucun/star/c_02_002.py (缺少类型注解)
  - 02/lucun/star/c_02_003.py (缺少类型注解)
  - 02/lucun/star/c_02_004.py (缺少类型注解)
  - 02/lucun/star/c_02_005.py (缺少类型注解)
  - 02/lucun/star/p2_02_004.py (缺少类型注解)
  - 02/lucun/star/p2_02_005.py (缺少类型注解)
  - 02/lucun/star/p2_02_006.py (缺少类型注解)
  - 02/lucun/star/p3_02_003.py (缺少类型注解)
  - 02/lucun/star/p3_02_004.py (缺少类型注解)
  - 02/lucun/star/p4_02_003.py (缺少类型注解)
  - 02/lucun/star/p4_02_004.py (缺少类型注解)
  - 02/lucun/star/p5_02_003.py (缺少类型注解)
  - 02/lucun/star/p5_02_004.py (缺少类型注解)
  - 02/lucun/star/task_01.py (缺少类型注解)
  - 02/lucun/star/task_02.py (缺少类型注解)
  - 02/lucun/star/task_03.py (缺少类型注解)
  - 02/lucun/star/task_04.py (缺少类型注解)
  - 02/lucun/star/task_05.py (缺少类型注解)
  - 02/lucun/star/task_06.py (缺少类型注解)
  - 02/lucun/star/task_07.py (缺少类型注解)
  - 02/lucun/star/task_08.py (缺少类型注解)
  - 02/lucun/star/task_9.py (缺少类型注解)
  - 02/lucun/star/xj02_001.py (缺少类型注解)
  - 02/lucun/star/xj02_002.py (缺少类型注解)
  - 02/lucun/star/xj02_003.py (缺少类型注解)
  - 02/lucun/star/xj02_004.py (缺少类型注解)
  - 02/lucun/star/xj02_p0_001.py (缺少类型注解)
  - 02/lucun/star/xj02_p0_002.py (缺少类型注解)
  - 02/lucun/star/xj02_p0_003.py (缺少类型注解)
  - 02/lucun/star/xj02_p1_001.py (缺少类型注解)
  - 02/lucun/star/xj02_p1_003.py (缺少类型注解)
  - 02/lucun/star/xj02_p2_001.py (缺少类型注解)
  - 02/lucun/star/xj02_p2_002.py (缺少类型注解)
  - 02/lucun/star/xj_p3_002.py (缺少类型注解)
  - 04/lianzheng/star/obj_04_001.py (缺少类型注解)
  - 04/lianzheng/star/obj_04_002.py (缺少类型注解)
  - 04/lianzheng/star/obj_04_003.py (缺少类型注解)
  - 04/lianzheng/star/p2_04_009.py (缺少类型注解)
  - 04/lianzheng/star/p2_04_010.py (缺少类型注解)
  - 04/lianzheng/star/p3_04_007.py (缺少类型注解)
  - 04/lianzheng/star/p3_04_008.py (缺少类型注解)
  - 04/lianzheng/star/p4_04_007.py (缺少类型注解)
  - 04/lianzheng/star/p4_04_008.py (缺少类型注解)
  - 04/lianzheng/star/p5_04_007.py (缺少类型注解)
  - 04/lianzheng/star/p5_04_008.py (缺少类型注解)
  - 04/lianzheng/star/task_11.py (缺少类型注解)
  - 04/lianzheng/star/task_12.py (缺少类型注解)
  - 04/lianzheng/star/xj04_001.py (缺少类型注解)
  - 04/lianzheng/star/xj04_002.py (缺少类型注解)
  - 04/lianzheng/star/xj04_003.py (缺少类型注解)
  - 04/lianzheng/star/xj04_004.py (缺少类型注解)
  - 04/lianzheng/star/xj04_005.py (缺少类型注解)
  - 04/lianzheng/star/xj04_p1_001.py (缺少类型注解)
  - 04/lianzheng/star/xj04_p1_002.py (缺少类型注解)
  - 04/lianzheng/star/xj04_p1_003.py (缺少类型注解)
  - 04/lianzheng/star/xj04_p1_004.py (缺少类型注解)
  - 04/lianzheng/star/xj04_p1_005.py (缺少类型注解)
  - 04/lianzheng/star/xj04_p2_001.py (缺少类型注解)
  - 04/lianzheng/star/xj04_p2_002.py (缺少类型注解)
  - 05/wuqu/star/obj_05_001.py (缺少类型注解)
  - 05/wuqu/star/obj_05_002.py (缺少类型注解)
  - 05/wuqu/star/obj_05_003.py (缺少类型注解)
  - 05/wuqu/star/p2_05_011.py (缺少类型注解)
  - 05/wuqu/star/p2_05_012.py (缺少类型注解)
  - 05/wuqu/star/p3_05_009.py (缺少类型注解)
  - 05/wuqu/star/p3_05_010.py (缺少类型注解)
  - 05/wuqu/star/p4_05_009.py (缺少类型注解)
  - 05/wuqu/star/p4_05_010.py (缺少类型注解)
  - 05/wuqu/star/p5_05_009.py (缺少类型注解)
  - 05/wuqu/star/p5_05_010.py (缺少类型注解)
  - 05/wuqu/star/task_13.py (缺少类型注解)
  - 05/wuqu/star/xj05_001.py (缺少类型注解)
  - 05/wuqu/star/xj05_002.py (缺少类型注解)
  - 05/wuqu/star/xj05_003.py (缺少类型注解)
  - 05/wuqu/star/xj05_004.py (缺少类型注解)
  - 05/wuqu/star/xj05_005.py (缺少类型注解)
  - 05/wuqu/star/xj05_p1_001.py (缺少类型注解)
  - 05/wuqu/star/xj05_p1_002.py (缺少类型注解)
  - 05/wuqu/star/xj05_p1_003.py (缺少类型注解)
  - 05/wuqu/star/xj05_p1_004.py (缺少类型注解)
  - 05/wuqu/star/xj05_p1_005.py (缺少类型注解)
  - 05/wuqu/star/xj05_p2_001.py (缺少类型注解)
  - 05/wuqu/star/xj05_p2_002.py (缺少类型注解)
  - 06/pojun/star/obj_06_001.py (缺少类型注解)
  - 06/pojun/star/obj_06_002.py (缺少类型注解)
  - 06/pojun/star/obj_06_003.py (缺少类型注解)
  - 06/pojun/star/p2_06_013.py (缺少类型注解)
  - 06/pojun/star/p2_06_014.py (缺少类型注解)
  - 06/pojun/star/p3_06_011.py (缺少类型注解)
  - 06/pojun/star/p3_06_012.py (缺少类型注解)
  - 06/pojun/star/p4_06_011.py (缺少类型注解)
  - 06/pojun/star/p4_06_012.py (缺少类型注解)
  - 06/pojun/star/p5_06_011.py (缺少类型注解)
  - 06/pojun/star/p5_06_012.py (缺少类型注解)
  - 06/pojun/star/task_14.py (缺少类型注解)
  - 06/pojun/star/xj06_001.py (缺少类型注解)
  - 06/pojun/star/xj06_002.py (缺少类型注解)
  - 06/pojun/star/xj06_003.py (缺少类型注解)
  - 06/pojun/star/xj06_004.py (缺少类型注解)
  - 06/pojun/star/xj06_005.py (缺少类型注解)
  - 06/pojun/star/xj06_p1_001.py (缺少类型注解)
  - 06/pojun/star/xj06_p1_002.py (缺少类型注解)
  - 06/pojun/star/xj06_p1_003.py (缺少类型注解)
  - 06/pojun/star/xj06_p1_004.py (缺少类型注解)
  - 06/pojun/star/xj06_p1_005.py (缺少类型注解)
  - 06/pojun/star/xj06_p2_001.py (缺少类型注解)
  - 06/pojun/star/xj06_p2_002.py (缺少类型注解)
  - 07/zuofu/star/obj_07_001.py (缺少类型注解)
  - 07/zuofu/star/obj_07_002.py (缺少类型注解)
  - 07/zuofu/star/obj_07_003.py (缺少类型注解)
  - 07/zuofu/star/obj_07_004.py (缺少类型注解)
  - 07/zuofu/star/p2_07_015.py (缺少类型注解)
  - 07/zuofu/star/p2_07_016.py (缺少类型注解)
  - 07/zuofu/star/p3_07_013.py (缺少类型注解)
  - 07/zuofu/star/p3_07_014.py (缺少类型注解)
  - 07/zuofu/star/p4_07_013.py (缺少类型注解)
  - 07/zuofu/star/p4_07_014.py (缺少类型注解)
  - 07/zuofu/star/p5_07_013.py (缺少类型注解)
  - 07/zuofu/star/p5_07_014.py (缺少类型注解)
  - 07/zuofu/star/xj07_001.py (缺少类型注解)
  - 07/zuofu/star/xj07_002.py (缺少类型注解)
  - 07/zuofu/star/xj07_003.py (缺少类型注解)
  - 07/zuofu/star/xj07_004.py (缺少类型注解)
  - 07/zuofu/star/xj07_005.py (缺少类型注解)
  - 07/zuofu/star/xj07_p1_001.py (缺少类型注解)
  - 07/zuofu/star/xj07_p1_002.py (缺少类型注解)
  - 07/zuofu/star/xj07_p1_003.py (缺少类型注解)
  - 07/zuofu/star/xj07_p1_004.py (缺少类型注解)
  - 07/zuofu/star/xj07_p1_005.py (缺少类型注解)
  - 07/zuofu/star/xj07_p2_001.py (缺少类型注解)
  - 08/youbi/star/obj_08_001.py (缺少类型注解)
  - 08/youbi/star/obj_08_002.py (缺少类型注解)
  - 08/youbi/star/obj_08_003.py (缺少类型注解)
  - 08/youbi/star/p2_08_017.py (缺少类型注解)
  - 08/youbi/star/p2_08_018.py (缺少类型注解)
  - 08/youbi/star/p3_08_015.py (缺少类型注解)
  - 08/youbi/star/p3_08_016.py (缺少类型注解)
  - 08/youbi/star/p4_08_015.py (缺少类型注解)
  - 08/youbi/star/p4_08_016.py (缺少类型注解)
  - 08/youbi/star/p5_08_015.py (缺少类型注解)
  - 08/youbi/star/p5_08_016.py (缺少类型注解)
  - 08/youbi/star/task_15.py (缺少类型注解)
  - 08/youbi/star/task_16.py (缺少类型注解)
  - 08/youbi/star/task_17.py (缺少类型注解)
  - 08/youbi/star/xj08_001.py (缺少类型注解)
  - 08/youbi/star/xj08_003.py (缺少类型注解)
  - 08/youbi/star/xj08_004.py (缺少类型注解)
  - 08/youbi/star/xj08_p1_001.py (缺少类型注解)
  - 08/youbi/star/xj08_p1_003.py (缺少类型注解)
  - 08/youbi/star/xj08_p1_004.py (缺少类型注解)
  - 08/youbi/star/xj_p3_006.py (缺少类型注解)
  - 08/youbi/star/xj_p3_007.py (缺少类型注解)
  - 09/tanlang/star/obj_09_001.py (缺少类型注解)
  - 09/tanlang/star/obj_09_002.py (缺少类型注解)
  - 09/tanlang/star/obj_09_003.py (缺少类型注解)
  - 09/tanlang/star/p2_09_019.py (缺少类型注解)
  - 09/tanlang/star/p2_09_020.py (缺少类型注解)
  - 09/tanlang/star/p3_09_017.py (缺少类型注解)
  - 09/tanlang/star/p3_09_018.py (缺少类型注解)
  - 09/tanlang/star/p4_09_017.py (缺少类型注解)
  - 09/tanlang/star/p4_09_018.py (缺少类型注解)
  - 09/tanlang/star/p5_09_017.py (缺少类型注解)
  - 09/tanlang/star/p5_09_018.py (缺少类型注解)
  - 09/tanlang/star/task_18.py (缺少类型注解)
  - 09/tanlang/star/task_19.py (缺少类型注解)
  - 09/tanlang/star/task_20.py (缺少类型注解)
  - 09/tanlang/star/web_001.py (缺少类型注解)
  - 09/tanlang/star/web_002.py (缺少类型注解)
  - 09/tanlang/star/web_003.py (缺少类型注解)
  - 09/tanlang/star/web_004.py (缺少类型注解)
  - 09/tanlang/star/web_005.py (缺少类型注解)
  - 09/tanlang/star/xj09_001.py (缺少类型注解)
  - 09/tanlang/star/xj09_002.py (缺少类型注解)
  - 09/tanlang/star/xj09_003.py (缺少类型注解)
  - 09/tanlang/star/xj09_004.py (缺少类型注解)
  - 09/tanlang/star/xj09_005.py (缺少类型注解)
  - 09/tanlang/star/xj09_p1_001.py (缺少类型注解)
  - 09/tanlang/star/xj09_p1_002.py (缺少类型注解)
  - 09/tanlang/star/xj09_p1_003.py (缺少类型注解)
  - 09/tanlang/star/xj09_p1_004.py (缺少类型注解)
  - 09/tanlang/star/xj09_p1_005.py (缺少类型注解)
  - 10/fubi/star/doc_001.py (缺少类型注解)
  - 10/fubi/star/doc_002.py (缺少类型注解)
  - 10/fubi/star/doc_003.py (缺少类型注解)
  - 10/fubi/star/doc_004.py (缺少类型注解)
  - 10/fubi/star/doc_005.py (缺少类型注解)
  - 10/fubi/star/obj_10_001.py (缺少类型注解)
  - 10/fubi/star/obj_10_002.py (缺少类型注解)
  - 10/fubi/star/obj_10_003.py (缺少类型注解)
  - 10/fubi/star/p2_10_021.py (缺少类型注解)
  - 10/fubi/star/p2_10_022.py (缺少类型注解)
  - 10/fubi/star/p3_10_019.py (缺少类型注解)
  - 10/fubi/star/p3_10_020.py (缺少类型注解)
  - 10/fubi/star/p4_10_019.py (缺少类型注解)
  - 10/fubi/star/p4_10_020.py (缺少类型注解)
  - 10/fubi/star/p5_10_019.py (缺少类型注解)
  - 10/fubi/star/p5_10_020.py (缺少类型注解)
  - 10/fubi/star/xj10_001.py (缺少类型注解)
  - 10/fubi/star/xj10_002.py (缺少类型注解)
  - 10/fubi/star/xj10_003.py (缺少类型注解)
  - 10/fubi/star/xj10_004.py (缺少类型注解)
  - 10/fubi/star/xj10_005.py (缺少类型注解)
  - 10/fubi/star/xj10_p1_001.py (缺少类型注解)
  - 10/fubi/star/xj10_p1_002.py (缺少类型注解)
  - 10/fubi/star/xj10_p1_003.py (缺少类型注解)
  - 10/fubi/star/xj10_p1_004.py (缺少类型注解)
  - 10/fubi/star/xj10_p1_005.py (缺少类型注解)

=== 质检完成 ===
发现问题文件: 208 个
=== 张志远(002) 代码质检任务 ===
时间: Tue Mar 24 05:30:01 AM CST 2026

📊 代码统计:
  XJ-01: 40 文件, 1720 行
  XJ-02: 35 文件, 1330 行
  XJ-03: 25 文件, 925 行
  XJ-04: 25 文件, 650 行
  XJ-05: 24 文件, 624 行
  XJ-06: 24 文件, 624 行
  XJ-07: 23 文件, 598 行
  XJ-08: 24 文件, 658 行
  XJ-09: 29 文件, 754 行
  XJ-10: 26 文件, 676 行
  总计: 275 文件, 8559 行

📈 质量指标:
  文档覆盖率: 100.0%
  类型注解覆盖率: 37.1%

⚠️ 需要改进的文件:
  - 02/lucun/star/c_02_001.py (缺少类型注解)
  - 02/lucun/star/c_02_002.py (缺少类型注解)
  - 02/lucun/star/c_02_003.py (缺少类型注解)
  - 02/lucun/star/c_02_004.py (缺少类型注解)
  - 02/lucun/star/c_02_005.py (缺少类型注解)
  - 02/lucun/star/p2_02_004.py (缺少类型注解)
  - 02/lucun/star/p2_02_005.py (缺少类型注解)
  - 02/lucun/star/p2_02_006.py (缺少类型注解)
  - 02/lucun/star/p3_02_003.py (缺少类型注解)
  - 02/lucun/star/p3_02_004.py (缺少类型注解)
  - 02/lucun/star/p4_02_003.py (缺少类型注解)
  - 02/lucun/star/p4_02_004.py (缺少类型注解)
  - 02/lucun/star/p5_02_003.py (缺少类型注解)
  - 02/lucun/star/p5_02_004.py (缺少类型注解)
  - 02/lucun/star/task_01.py (缺少类型注解)
  - 02/lucun/star/task_02.py (缺少类型注解)
  - 02/lucun/star/task_03.py (缺少类型注解)
  - 02/lucun/star/task_04.py (缺少类型注解)
  - 02/lucun/star/task_05.py (缺少类型注解)
  - 02/lucun/star/task_06.py (缺少类型注解)
  - 02/lucun/star/task_07.py (缺少类型注解)
  - 02/lucun/star/task_08.py (缺少类型注解)
  - 02/lucun/star/task_9.py (缺少类型注解)
  - 02/lucun/star/xj02_001.py (缺少类型注解)
  - 02/lucun/star/xj02_002.py (缺少类型注解)
  - 02/lucun/star/xj02_003.py (缺少类型注解)
  - 02/lucun/star/xj02_004.py (缺少类型注解)
  - 02/lucun/star/xj02_p0_001.py (缺少类型注解)
  - 02/lucun/star/xj02_p0_002.py (缺少类型注解)
  - 02/lucun/star/xj02_p0_003.py (缺少类型注解)
  - 02/lucun/star/xj02_p1_001.py (缺少类型注解)
  - 02/lucun/star/xj02_p1_003.py (缺少类型注解)
  - 02/lucun/star/xj02_p2_001.py (缺少类型注解)
  - 02/lucun/star/xj02_p2_002.py (缺少类型注解)
  - 02/lucun/star/xj_p3_002.py (缺少类型注解)
  - 04/lianzheng/star/obj_04_001.py (缺少类型注解)
  - 04/lianzheng/star/obj_04_002.py (缺少类型注解)
  - 04/lianzheng/star/obj_04_003.py (缺少类型注解)
  - 04/lianzheng/star/p2_04_009.py (缺少类型注解)
  - 04/lianzheng/star/p2_04_010.py (缺少类型注解)
  - 04/lianzheng/star/p3_04_007.py (缺少类型注解)
  - 04/lianzheng/star/p3_04_008.py (缺少类型注解)
  - 04/lianzheng/star/p4_04_007.py (缺少类型注解)
  - 04/lianzheng/star/p4_04_008.py (缺少类型注解)
  - 04/lianzheng/star/p5_04_007.py (缺少类型注解)
  - 04/lianzheng/star/p5_04_008.py (缺少类型注解)
  - 04/lianzheng/star/task_11.py (缺少类型注解)
  - 04/lianzheng/star/task_12.py (缺少类型注解)
  - 04/lianzheng/star/xj04_001.py (缺少类型注解)
  - 04/lianzheng/star/xj04_002.py (缺少类型注解)
  - 04/lianzheng/star/xj04_003.py (缺少类型注解)
  - 04/lianzheng/star/xj04_004.py (缺少类型注解)
  - 04/lianzheng/star/xj04_005.py (缺少类型注解)
  - 04/lianzheng/star/xj04_p1_001.py (缺少类型注解)
  - 04/lianzheng/star/xj04_p1_002.py (缺少类型注解)
  - 04/lianzheng/star/xj04_p1_003.py (缺少类型注解)
  - 04/lianzheng/star/xj04_p1_004.py (缺少类型注解)
  - 04/lianzheng/star/xj04_p1_005.py (缺少类型注解)
  - 04/lianzheng/star/xj04_p2_001.py (缺少类型注解)
  - 04/lianzheng/star/xj04_p2_002.py (缺少类型注解)
  - 05/wuqu/star/obj_05_001.py (缺少类型注解)
  - 05/wuqu/star/obj_05_002.py (缺少类型注解)
  - 05/wuqu/star/obj_05_003.py (缺少类型注解)
  - 05/wuqu/star/p2_05_011.py (缺少类型注解)
  - 05/wuqu/star/p2_05_012.py (缺少类型注解)
  - 05/wuqu/star/p3_05_009.py (缺少类型注解)
  - 05/wuqu/star/p3_05_010.py (缺少类型注解)
  - 05/wuqu/star/p4_05_009.py (缺少类型注解)
  - 05/wuqu/star/p4_05_010.py (缺少类型注解)
  - 05/wuqu/star/p5_05_009.py (缺少类型注解)
  - 05/wuqu/star/p5_05_010.py (缺少类型注解)
  - 05/wuqu/star/task_13.py (缺少类型注解)
  - 05/wuqu/star/xj05_001.py (缺少类型注解)
  - 05/wuqu/star/xj05_002.py (缺少类型注解)
  - 05/wuqu/star/xj05_003.py (缺少类型注解)
  - 05/wuqu/star/xj05_004.py (缺少类型注解)
  - 05/wuqu/star/xj05_005.py (缺少类型注解)
  - 05/wuqu/star/xj05_p1_001.py (缺少类型注解)
  - 05/wuqu/star/xj05_p1_002.py (缺少类型注解)
  - 05/wuqu/star/xj05_p1_003.py (缺少类型注解)
  - 05/wuqu/star/xj05_p1_004.py (缺少类型注解)
  - 05/wuqu/star/xj05_p1_005.py (缺少类型注解)
  - 05/wuqu/star/xj05_p2_001.py (缺少类型注解)
  - 05/wuqu/star/xj05_p2_002.py (缺少类型注解)
  - 06/pojun/star/obj_06_001.py (缺少类型注解)
  - 06/pojun/star/obj_06_002.py (缺少类型注解)
  - 06/pojun/star/obj_06_003.py (缺少类型注解)
  - 06/pojun/star/p2_06_013.py (缺少类型注解)
  - 06/pojun/star/p2_06_014.py (缺少类型注解)
  - 06/pojun/star/p3_06_011.py (缺少类型注解)
  - 06/pojun/star/p3_06_012.py (缺少类型注解)
  - 06/pojun/star/p4_06_011.py (缺少类型注解)
  - 06/pojun/star/p4_06_012.py (缺少类型注解)
  - 06/pojun/star/p5_06_011.py (缺少类型注解)
  - 06/pojun/star/p5_06_012.py (缺少类型注解)
  - 06/pojun/star/task_14.py (缺少类型注解)
  - 06/pojun/star/xj06_001.py (缺少类型注解)
  - 06/pojun/star/xj06_002.py (缺少类型注解)
  - 06/pojun/star/xj06_003.py (缺少类型注解)
  - 06/pojun/star/xj06_004.py (缺少类型注解)
  - 06/pojun/star/xj06_005.py (缺少类型注解)
  - 06/pojun/star/xj06_p1_001.py (缺少类型注解)
  - 06/pojun/star/xj06_p1_002.py (缺少类型注解)
  - 06/pojun/star/xj06_p1_003.py (缺少类型注解)
  - 06/pojun/star/xj06_p1_004.py (缺少类型注解)
  - 06/pojun/star/xj06_p1_005.py (缺少类型注解)
  - 06/pojun/star/xj06_p2_001.py (缺少类型注解)
  - 06/pojun/star/xj06_p2_002.py (缺少类型注解)
  - 07/zuofu/star/obj_07_001.py (缺少类型注解)
  - 07/zuofu/star/obj_07_002.py (缺少类型注解)
  - 07/zuofu/star/obj_07_003.py (缺少类型注解)
  - 07/zuofu/star/obj_07_004.py (缺少类型注解)
  - 07/zuofu/star/p2_07_015.py (缺少类型注解)
  - 07/zuofu/star/p2_07_016.py (缺少类型注解)
  - 07/zuofu/star/p3_07_013.py (缺少类型注解)
  - 07/zuofu/star/p3_07_014.py (缺少类型注解)
  - 07/zuofu/star/p4_07_013.py (缺少类型注解)
  - 07/zuofu/star/p4_07_014.py (缺少类型注解)
  - 07/zuofu/star/p5_07_013.py (缺少类型注解)
  - 07/zuofu/star/p5_07_014.py (缺少类型注解)
  - 07/zuofu/star/xj07_001.py (缺少类型注解)
  - 07/zuofu/star/xj07_002.py (缺少类型注解)
  - 07/zuofu/star/xj07_003.py (缺少类型注解)
  - 07/zuofu/star/xj07_004.py (缺少类型注解)
  - 07/zuofu/star/xj07_005.py (缺少类型注解)
  - 07/zuofu/star/xj07_p1_001.py (缺少类型注解)
  - 07/zuofu/star/xj07_p1_002.py (缺少类型注解)
  - 07/zuofu/star/xj07_p1_003.py (缺少类型注解)
  - 07/zuofu/star/xj07_p1_004.py (缺少类型注解)
  - 07/zuofu/star/xj07_p1_005.py (缺少类型注解)
  - 07/zuofu/star/xj07_p2_001.py (缺少类型注解)
  - 08/youbi/star/obj_08_001.py (缺少类型注解)
  - 08/youbi/star/obj_08_002.py (缺少类型注解)
  - 08/youbi/star/obj_08_003.py (缺少类型注解)
  - 08/youbi/star/p2_08_017.py (缺少类型注解)
  - 08/youbi/star/p2_08_018.py (缺少类型注解)
  - 08/youbi/star/p3_08_015.py (缺少类型注解)
  - 08/youbi/star/p3_08_016.py (缺少类型注解)
  - 08/youbi/star/p4_08_015.py (缺少类型注解)
  - 08/youbi/star/p4_08_016.py (缺少类型注解)
  - 08/youbi/star/p5_08_015.py (缺少类型注解)
  - 08/youbi/star/p5_08_016.py (缺少类型注解)
  - 08/youbi/star/task_15.py (缺少类型注解)
  - 08/youbi/star/task_16.py (缺少类型注解)
  - 08/youbi/star/task_17.py (缺少类型注解)
  - 08/youbi/star/xj08_001.py (缺少类型注解)
  - 08/youbi/star/xj08_003.py (缺少类型注解)
  - 08/youbi/star/xj08_004.py (缺少类型注解)
  - 08/youbi/star/xj08_p1_001.py (缺少类型注解)
  - 08/youbi/star/xj08_p1_003.py (缺少类型注解)
  - 08/youbi/star/xj08_p1_004.py (缺少类型注解)
  - 08/youbi/star/xj_p3_006.py (缺少类型注解)
  - 08/youbi/star/xj_p3_007.py (缺少类型注解)
  - 09/tanlang/star/obj_09_001.py (缺少类型注解)
  - 09/tanlang/star/obj_09_002.py (缺少类型注解)
  - 09/tanlang/star/obj_09_003.py (缺少类型注解)
  - 09/tanlang/star/p2_09_019.py (缺少类型注解)
  - 09/tanlang/star/p2_09_020.py (缺少类型注解)
  - 09/tanlang/star/p3_09_017.py (缺少类型注解)
  - 09/tanlang/star/p3_09_018.py (缺少类型注解)
  - 09/tanlang/star/p4_09_017.py (缺少类型注解)
  - 09/tanlang/star/p4_09_018.py (缺少类型注解)
  - 09/tanlang/star/p5_09_017.py (缺少类型注解)
  - 09/tanlang/star/p5_09_018.py (缺少类型注解)
  - 09/tanlang/star/task_18.py (缺少类型注解)
  - 09/tanlang/star/task_19.py (缺少类型注解)
  - 09/tanlang/star/task_20.py (缺少类型注解)
  - 09/tanlang/star/web_001.py (缺少类型注解)
  - 09/tanlang/star/web_002.py (缺少类型注解)
  - 09/tanlang/star/web_003.py (缺少类型注解)
  - 09/tanlang/star/web_004.py (缺少类型注解)
  - 09/tanlang/star/web_005.py (缺少类型注解)
  - 09/tanlang/star/xj09_001.py (缺少类型注解)
  - 09/tanlang/star/xj09_002.py (缺少类型注解)
  - 09/tanlang/star/xj09_003.py (缺少类型注解)
  - 09/tanlang/star/xj09_004.py (缺少类型注解)
  - 09/tanlang/star/xj09_005.py (缺少类型注解)
  - 09/tanlang/star/xj09_p1_001.py (缺少类型注解)
  - 09/tanlang/star/xj09_p1_002.py (缺少类型注解)
  - 09/tanlang/star/xj09_p1_003.py (缺少类型注解)
  - 09/tanlang/star/xj09_p1_004.py (缺少类型注解)
  - 09/tanlang/star/xj09_p1_005.py (缺少类型注解)
  - 10/fubi/star/doc_001.py (缺少类型注解)
  - 10/fubi/star/doc_002.py (缺少类型注解)
  - 10/fubi/star/doc_003.py (缺少类型注解)
  - 10/fubi/star/doc_004.py (缺少类型注解)
  - 10/fubi/star/doc_005.py (缺少类型注解)
  - 10/fubi/star/obj_10_001.py (缺少类型注解)
  - 10/fubi/star/obj_10_002.py (缺少类型注解)
  - 10/fubi/star/obj_10_003.py (缺少类型注解)
  - 10/fubi/star/p2_10_021.py (缺少类型注解)
  - 10/fubi/star/p2_10_022.py (缺少类型注解)
  - 10/fubi/star/p3_10_019.py (缺少类型注解)
  - 10/fubi/star/p3_10_020.py (缺少类型注解)
  - 10/fubi/star/p4_10_019.py (缺少类型注解)
  - 10/fubi/star/p4_10_020.py (缺少类型注解)
  - 10/fubi/star/p5_10_019.py (缺少类型注解)
  - 10/fubi/star/p5_10_020.py (缺少类型注解)
  - 10/fubi/star/xj10_001.py (缺少类型注解)
  - 10/fubi/star/xj10_002.py (缺少类型注解)
  - 10/fubi/star/xj10_003.py (缺少类型注解)
  - 10/fubi/star/xj10_004.py (缺少类型注解)
  - 10/fubi/star/xj10_005.py (缺少类型注解)
  - 10/fubi/star/xj10_p1_001.py (缺少类型注解)
  - 10/fubi/star/xj10_p1_002.py (缺少类型注解)
  - 10/fubi/star/xj10_p1_003.py (缺少类型注解)
  - 10/fubi/star/xj10_p1_004.py (缺少类型注解)
  - 10/fubi/star/xj10_p1_005.py (缺少类型注解)

=== 质检完成 ===
发现问题文件: 208 个
=== 张志远(002) 代码质检任务 ===
时间: Tue Mar 24 06:00:01 AM CST 2026

📊 代码统计:
  XJ-01: 40 文件, 1720 行
  XJ-02: 35 文件, 1330 行
  XJ-03: 25 文件, 925 行
  XJ-04: 25 文件, 650 行
  XJ-05: 24 文件, 624 行
  XJ-06: 24 文件, 624 行
  XJ-07: 23 文件, 598 行
  XJ-08: 24 文件, 658 行
  XJ-09: 29 文件, 754 行
  XJ-10: 26 文件, 676 行
  总计: 275 文件, 8559 行

📈 质量指标:
  文档覆盖率: 100.0%
  类型注解覆盖率: 37.1%

⚠️ 需要改进的文件:
  - 02/lucun/star/c_02_001.py (缺少类型注解)
  - 02/lucun/star/c_02_002.py (缺少类型注解)
  - 02/lucun/star/c_02_003.py (缺少类型注解)
  - 02/lucun/star/c_02_004.py (缺少类型注解)
  - 02/lucun/star/c_02_005.py (缺少类型注解)
  - 02/lucun/star/p2_02_004.py (缺少类型注解)
  - 02/lucun/star/p2_02_005.py (缺少类型注解)
  - 02/lucun/star/p2_02_006.py (缺少类型注解)
  - 02/lucun/star/p3_02_003.py (缺少类型注解)
  - 02/lucun/star/p3_02_004.py (缺少类型注解)
  - 02/lucun/star/p4_02_003.py (缺少类型注解)
  - 02/lucun/star/p4_02_004.py (缺少类型注解)
  - 02/lucun/star/p5_02_003.py (缺少类型注解)
  - 02/lucun/star/p5_02_004.py (缺少类型注解)
  - 02/lucun/star/task_01.py (缺少类型注解)
  - 02/lucun/star/task_02.py (缺少类型注解)
  - 02/lucun/star/task_03.py (缺少类型注解)
  - 02/lucun/star/task_04.py (缺少类型注解)
  - 02/lucun/star/task_05.py (缺少类型注解)
  - 02/lucun/star/task_06.py (缺少类型注解)
  - 02/lucun/star/task_07.py (缺少类型注解)
  - 02/lucun/star/task_08.py (缺少类型注解)
  - 02/lucun/star/task_9.py (缺少类型注解)
  - 02/lucun/star/xj02_001.py (缺少类型注解)
  - 02/lucun/star/xj02_002.py (缺少类型注解)
  - 02/lucun/star/xj02_003.py (缺少类型注解)
  - 02/lucun/star/xj02_004.py (缺少类型注解)
  - 02/lucun/star/xj02_p0_001.py (缺少类型注解)
  - 02/lucun/star/xj02_p0_002.py (缺少类型注解)
  - 02/lucun/star/xj02_p0_003.py (缺少类型注解)
  - 02/lucun/star/xj02_p1_001.py (缺少类型注解)
  - 02/lucun/star/xj02_p1_003.py (缺少类型注解)
  - 02/lucun/star/xj02_p2_001.py (缺少类型注解)
  - 02/lucun/star/xj02_p2_002.py (缺少类型注解)
  - 02/lucun/star/xj_p3_002.py (缺少类型注解)
  - 04/lianzheng/star/obj_04_001.py (缺少类型注解)
  - 04/lianzheng/star/obj_04_002.py (缺少类型注解)
  - 04/lianzheng/star/obj_04_003.py (缺少类型注解)
  - 04/lianzheng/star/p2_04_009.py (缺少类型注解)
  - 04/lianzheng/star/p2_04_010.py (缺少类型注解)
  - 04/lianzheng/star/p3_04_007.py (缺少类型注解)
  - 04/lianzheng/star/p3_04_008.py (缺少类型注解)
  - 04/lianzheng/star/p4_04_007.py (缺少类型注解)
  - 04/lianzheng/star/p4_04_008.py (缺少类型注解)
  - 04/lianzheng/star/p5_04_007.py (缺少类型注解)
  - 04/lianzheng/star/p5_04_008.py (缺少类型注解)
  - 04/lianzheng/star/task_11.py (缺少类型注解)
  - 04/lianzheng/star/task_12.py (缺少类型注解)
  - 04/lianzheng/star/xj04_001.py (缺少类型注解)
  - 04/lianzheng/star/xj04_002.py (缺少类型注解)
  - 04/lianzheng/star/xj04_003.py (缺少类型注解)
  - 04/lianzheng/star/xj04_004.py (缺少类型注解)
  - 04/lianzheng/star/xj04_005.py (缺少类型注解)
  - 04/lianzheng/star/xj04_p1_001.py (缺少类型注解)
  - 04/lianzheng/star/xj04_p1_002.py (缺少类型注解)
  - 04/lianzheng/star/xj04_p1_003.py (缺少类型注解)
  - 04/lianzheng/star/xj04_p1_004.py (缺少类型注解)
  - 04/lianzheng/star/xj04_p1_005.py (缺少类型注解)
  - 04/lianzheng/star/xj04_p2_001.py (缺少类型注解)
  - 04/lianzheng/star/xj04_p2_002.py (缺少类型注解)
  - 05/wuqu/star/obj_05_001.py (缺少类型注解)
  - 05/wuqu/star/obj_05_002.py (缺少类型注解)
  - 05/wuqu/star/obj_05_003.py (缺少类型注解)
  - 05/wuqu/star/p2_05_011.py (缺少类型注解)
  - 05/wuqu/star/p2_05_012.py (缺少类型注解)
  - 05/wuqu/star/p3_05_009.py (缺少类型注解)
  - 05/wuqu/star/p3_05_010.py (缺少类型注解)
  - 05/wuqu/star/p4_05_009.py (缺少类型注解)
  - 05/wuqu/star/p4_05_010.py (缺少类型注解)
  - 05/wuqu/star/p5_05_009.py (缺少类型注解)
  - 05/wuqu/star/p5_05_010.py (缺少类型注解)
  - 05/wuqu/star/task_13.py (缺少类型注解)
  - 05/wuqu/star/xj05_001.py (缺少类型注解)
  - 05/wuqu/star/xj05_002.py (缺少类型注解)
  - 05/wuqu/star/xj05_003.py (缺少类型注解)
  - 05/wuqu/star/xj05_004.py (缺少类型注解)
  - 05/wuqu/star/xj05_005.py (缺少类型注解)
  - 05/wuqu/star/xj05_p1_001.py (缺少类型注解)
  - 05/wuqu/star/xj05_p1_002.py (缺少类型注解)
  - 05/wuqu/star/xj05_p1_003.py (缺少类型注解)
  - 05/wuqu/star/xj05_p1_004.py (缺少类型注解)
  - 05/wuqu/star/xj05_p1_005.py (缺少类型注解)
  - 05/wuqu/star/xj05_p2_001.py (缺少类型注解)
  - 05/wuqu/star/xj05_p2_002.py (缺少类型注解)
  - 06/pojun/star/obj_06_001.py (缺少类型注解)
  - 06/pojun/star/obj_06_002.py (缺少类型注解)
  - 06/pojun/star/obj_06_003.py (缺少类型注解)
  - 06/pojun/star/p2_06_013.py (缺少类型注解)
  - 06/pojun/star/p2_06_014.py (缺少类型注解)
  - 06/pojun/star/p3_06_011.py (缺少类型注解)
  - 06/pojun/star/p3_06_012.py (缺少类型注解)
  - 06/pojun/star/p4_06_011.py (缺少类型注解)
  - 06/pojun/star/p4_06_012.py (缺少类型注解)
  - 06/pojun/star/p5_06_011.py (缺少类型注解)
  - 06/pojun/star/p5_06_012.py (缺少类型注解)
  - 06/pojun/star/task_14.py (缺少类型注解)
  - 06/pojun/star/xj06_001.py (缺少类型注解)
  - 06/pojun/star/xj06_002.py (缺少类型注解)
  - 06/pojun/star/xj06_003.py (缺少类型注解)
  - 06/pojun/star/xj06_004.py (缺少类型注解)
  - 06/pojun/star/xj06_005.py (缺少类型注解)
  - 06/pojun/star/xj06_p1_001.py (缺少类型注解)
  - 06/pojun/star/xj06_p1_002.py (缺少类型注解)
  - 06/pojun/star/xj06_p1_003.py (缺少类型注解)
  - 06/pojun/star/xj06_p1_004.py (缺少类型注解)
  - 06/pojun/star/xj06_p1_005.py (缺少类型注解)
  - 06/pojun/star/xj06_p2_001.py (缺少类型注解)
  - 06/pojun/star/xj06_p2_002.py (缺少类型注解)
  - 07/zuofu/star/obj_07_001.py (缺少类型注解)
  - 07/zuofu/star/obj_07_002.py (缺少类型注解)
  - 07/zuofu/star/obj_07_003.py (缺少类型注解)
  - 07/zuofu/star/obj_07_004.py (缺少类型注解)
  - 07/zuofu/star/p2_07_015.py (缺少类型注解)
  - 07/zuofu/star/p2_07_016.py (缺少类型注解)
  - 07/zuofu/star/p3_07_013.py (缺少类型注解)
  - 07/zuofu/star/p3_07_014.py (缺少类型注解)
  - 07/zuofu/star/p4_07_013.py (缺少类型注解)
  - 07/zuofu/star/p4_07_014.py (缺少类型注解)
  - 07/zuofu/star/p5_07_013.py (缺少类型注解)
  - 07/zuofu/star/p5_07_014.py (缺少类型注解)
  - 07/zuofu/star/xj07_001.py (缺少类型注解)
  - 07/zuofu/star/xj07_002.py (缺少类型注解)
  - 07/zuofu/star/xj07_003.py (缺少类型注解)
  - 07/zuofu/star/xj07_004.py (缺少类型注解)
  - 07/zuofu/star/xj07_005.py (缺少类型注解)
  - 07/zuofu/star/xj07_p1_001.py (缺少类型注解)
  - 07/zuofu/star/xj07_p1_002.py (缺少类型注解)
  - 07/zuofu/star/xj07_p1_003.py (缺少类型注解)
  - 07/zuofu/star/xj07_p1_004.py (缺少类型注解)
  - 07/zuofu/star/xj07_p1_005.py (缺少类型注解)
  - 07/zuofu/star/xj07_p2_001.py (缺少类型注解)
  - 08/youbi/star/obj_08_001.py (缺少类型注解)
  - 08/youbi/star/obj_08_002.py (缺少类型注解)
  - 08/youbi/star/obj_08_003.py (缺少类型注解)
  - 08/youbi/star/p2_08_017.py (缺少类型注解)
  - 08/youbi/star/p2_08_018.py (缺少类型注解)
  - 08/youbi/star/p3_08_015.py (缺少类型注解)
  - 08/youbi/star/p3_08_016.py (缺少类型注解)
  - 08/youbi/star/p4_08_015.py (缺少类型注解)
  - 08/youbi/star/p4_08_016.py (缺少类型注解)
  - 08/youbi/star/p5_08_015.py (缺少类型注解)
  - 08/youbi/star/p5_08_016.py (缺少类型注解)
  - 08/youbi/star/task_15.py (缺少类型注解)
  - 08/youbi/star/task_16.py (缺少类型注解)
  - 08/youbi/star/task_17.py (缺少类型注解)
  - 08/youbi/star/xj08_001.py (缺少类型注解)
  - 08/youbi/star/xj08_003.py (缺少类型注解)
  - 08/youbi/star/xj08_004.py (缺少类型注解)
  - 08/youbi/star/xj08_p1_001.py (缺少类型注解)
  - 08/youbi/star/xj08_p1_003.py (缺少类型注解)
  - 08/youbi/star/xj08_p1_004.py (缺少类型注解)
  - 08/youbi/star/xj_p3_006.py (缺少类型注解)
  - 08/youbi/star/xj_p3_007.py (缺少类型注解)
  - 09/tanlang/star/obj_09_001.py (缺少类型注解)
  - 09/tanlang/star/obj_09_002.py (缺少类型注解)
  - 09/tanlang/star/obj_09_003.py (缺少类型注解)
  - 09/tanlang/star/p2_09_019.py (缺少类型注解)
  - 09/tanlang/star/p2_09_020.py (缺少类型注解)
  - 09/tanlang/star/p3_09_017.py (缺少类型注解)
  - 09/tanlang/star/p3_09_018.py (缺少类型注解)
  - 09/tanlang/star/p4_09_017.py (缺少类型注解)
  - 09/tanlang/star/p4_09_018.py (缺少类型注解)
  - 09/tanlang/star/p5_09_017.py (缺少类型注解)
  - 09/tanlang/star/p5_09_018.py (缺少类型注解)
  - 09/tanlang/star/task_18.py (缺少类型注解)
  - 09/tanlang/star/task_19.py (缺少类型注解)
  - 09/tanlang/star/task_20.py (缺少类型注解)
  - 09/tanlang/star/web_001.py (缺少类型注解)
  - 09/tanlang/star/web_002.py (缺少类型注解)
  - 09/tanlang/star/web_003.py (缺少类型注解)
  - 09/tanlang/star/web_004.py (缺少类型注解)
  - 09/tanlang/star/web_005.py (缺少类型注解)
  - 09/tanlang/star/xj09_001.py (缺少类型注解)
  - 09/tanlang/star/xj09_002.py (缺少类型注解)
  - 09/tanlang/star/xj09_003.py (缺少类型注解)
  - 09/tanlang/star/xj09_004.py (缺少类型注解)
  - 09/tanlang/star/xj09_005.py (缺少类型注解)
  - 09/tanlang/star/xj09_p1_001.py (缺少类型注解)
  - 09/tanlang/star/xj09_p1_002.py (缺少类型注解)
  - 09/tanlang/star/xj09_p1_003.py (缺少类型注解)
  - 09/tanlang/star/xj09_p1_004.py (缺少类型注解)
  - 09/tanlang/star/xj09_p1_005.py (缺少类型注解)
  - 10/fubi/star/doc_001.py (缺少类型注解)
  - 10/fubi/star/doc_002.py (缺少类型注解)
  - 10/fubi/star/doc_003.py (缺少类型注解)
  - 10/fubi/star/doc_004.py (缺少类型注解)
  - 10/fubi/star/doc_005.py (缺少类型注解)
  - 10/fubi/star/obj_10_001.py (缺少类型注解)
  - 10/fubi/star/obj_10_002.py (缺少类型注解)
  - 10/fubi/star/obj_10_003.py (缺少类型注解)
  - 10/fubi/star/p2_10_021.py (缺少类型注解)
  - 10/fubi/star/p2_10_022.py (缺少类型注解)
  - 10/fubi/star/p3_10_019.py (缺少类型注解)
  - 10/fubi/star/p3_10_020.py (缺少类型注解)
  - 10/fubi/star/p4_10_019.py (缺少类型注解)
  - 10/fubi/star/p4_10_020.py (缺少类型注解)
  - 10/fubi/star/p5_10_019.py (缺少类型注解)
  - 10/fubi/star/p5_10_020.py (缺少类型注解)
  - 10/fubi/star/xj10_001.py (缺少类型注解)
  - 10/fubi/star/xj10_002.py (缺少类型注解)
  - 10/fubi/star/xj10_003.py (缺少类型注解)
  - 10/fubi/star/xj10_004.py (缺少类型注解)
  - 10/fubi/star/xj10_005.py (缺少类型注解)
  - 10/fubi/star/xj10_p1_001.py (缺少类型注解)
  - 10/fubi/star/xj10_p1_002.py (缺少类型注解)
  - 10/fubi/star/xj10_p1_003.py (缺少类型注解)
  - 10/fubi/star/xj10_p1_004.py (缺少类型注解)
  - 10/fubi/star/xj10_p1_005.py (缺少类型注解)

=== 质检完成 ===
发现问题文件: 208 个
=== 张志远(002) 代码质检任务 ===
时间: Tue Mar 24 06:30:01 AM CST 2026

📊 代码统计:
  XJ-01: 40 文件, 1720 行
  XJ-02: 35 文件, 1330 行
  XJ-03: 25 文件, 925 行
  XJ-04: 25 文件, 650 行
  XJ-05: 24 文件, 624 行
  XJ-06: 24 文件, 624 行
  XJ-07: 23 文件, 598 行
  XJ-08: 24 文件, 658 行
  XJ-09: 29 文件, 754 行
  XJ-10: 26 文件, 676 行
  总计: 275 文件, 8559 行

📈 质量指标:
  文档覆盖率: 100.0%
  类型注解覆盖率: 37.1%

⚠️ 需要改进的文件:
  - 02/lucun/star/c_02_001.py (缺少类型注解)
  - 02/lucun/star/c_02_002.py (缺少类型注解)
  - 02/lucun/star/c_02_003.py (缺少类型注解)
  - 02/lucun/star/c_02_004.py (缺少类型注解)
  - 02/lucun/star/c_02_005.py (缺少类型注解)
  - 02/lucun/star/p2_02_004.py (缺少类型注解)
  - 02/lucun/star/p2_02_005.py (缺少类型注解)
  - 02/lucun/star/p2_02_006.py (缺少类型注解)
  - 02/lucun/star/p3_02_003.py (缺少类型注解)
  - 02/lucun/star/p3_02_004.py (缺少类型注解)
  - 02/lucun/star/p4_02_003.py (缺少类型注解)
  - 02/lucun/star/p4_02_004.py (缺少类型注解)
  - 02/lucun/star/p5_02_003.py (缺少类型注解)
  - 02/lucun/star/p5_02_004.py (缺少类型注解)
  - 02/lucun/star/task_01.py (缺少类型注解)
  - 02/lucun/star/task_02.py (缺少类型注解)
  - 02/lucun/star/task_03.py (缺少类型注解)
  - 02/lucun/star/task_04.py (缺少类型注解)
  - 02/lucun/star/task_05.py (缺少类型注解)
  - 02/lucun/star/task_06.py (缺少类型注解)
  - 02/lucun/star/task_07.py (缺少类型注解)
  - 02/lucun/star/task_08.py (缺少类型注解)
  - 02/lucun/star/task_9.py (缺少类型注解)
  - 02/lucun/star/xj02_001.py (缺少类型注解)
  - 02/lucun/star/xj02_002.py (缺少类型注解)
  - 02/lucun/star/xj02_003.py (缺少类型注解)
  - 02/lucun/star/xj02_004.py (缺少类型注解)
  - 02/lucun/star/xj02_p0_001.py (缺少类型注解)
  - 02/lucun/star/xj02_p0_002.py (缺少类型注解)
  - 02/lucun/star/xj02_p0_003.py (缺少类型注解)
  - 02/lucun/star/xj02_p1_001.py (缺少类型注解)
  - 02/lucun/star/xj02_p1_003.py (缺少类型注解)
  - 02/lucun/star/xj02_p2_001.py (缺少类型注解)
  - 02/lucun/star/xj02_p2_002.py (缺少类型注解)
  - 02/lucun/star/xj_p3_002.py (缺少类型注解)
  - 04/lianzheng/star/obj_04_001.py (缺少类型注解)
  - 04/lianzheng/star/obj_04_002.py (缺少类型注解)
  - 04/lianzheng/star/obj_04_003.py (缺少类型注解)
  - 04/lianzheng/star/p2_04_009.py (缺少类型注解)
  - 04/lianzheng/star/p2_04_010.py (缺少类型注解)
  - 04/lianzheng/star/p3_04_007.py (缺少类型注解)
  - 04/lianzheng/star/p3_04_008.py (缺少类型注解)
  - 04/lianzheng/star/p4_04_007.py (缺少类型注解)
  - 04/lianzheng/star/p4_04_008.py (缺少类型注解)
  - 04/lianzheng/star/p5_04_007.py (缺少类型注解)
  - 04/lianzheng/star/p5_04_008.py (缺少类型注解)
  - 04/lianzheng/star/task_11.py (缺少类型注解)
  - 04/lianzheng/star/task_12.py (缺少类型注解)
  - 04/lianzheng/star/xj04_001.py (缺少类型注解)
  - 04/lianzheng/star/xj04_002.py (缺少类型注解)
  - 04/lianzheng/star/xj04_003.py (缺少类型注解)
  - 04/lianzheng/star/xj04_004.py (缺少类型注解)
  - 04/lianzheng/star/xj04_005.py (缺少类型注解)
  - 04/lianzheng/star/xj04_p1_001.py (缺少类型注解)
  - 04/lianzheng/star/xj04_p1_002.py (缺少类型注解)
  - 04/lianzheng/star/xj04_p1_003.py (缺少类型注解)
  - 04/lianzheng/star/xj04_p1_004.py (缺少类型注解)
  - 04/lianzheng/star/xj04_p1_005.py (缺少类型注解)
  - 04/lianzheng/star/xj04_p2_001.py (缺少类型注解)
  - 04/lianzheng/star/xj04_p2_002.py (缺少类型注解)
  - 05/wuqu/star/obj_05_001.py (缺少类型注解)
  - 05/wuqu/star/obj_05_002.py (缺少类型注解)
  - 05/wuqu/star/obj_05_003.py (缺少类型注解)
  - 05/wuqu/star/p2_05_011.py (缺少类型注解)
  - 05/wuqu/star/p2_05_012.py (缺少类型注解)
  - 05/wuqu/star/p3_05_009.py (缺少类型注解)
  - 05/wuqu/star/p3_05_010.py (缺少类型注解)
  - 05/wuqu/star/p4_05_009.py (缺少类型注解)
  - 05/wuqu/star/p4_05_010.py (缺少类型注解)
  - 05/wuqu/star/p5_05_009.py (缺少类型注解)
  - 05/wuqu/star/p5_05_010.py (缺少类型注解)
  - 05/wuqu/star/task_13.py (缺少类型注解)
  - 05/wuqu/star/xj05_001.py (缺少类型注解)
  - 05/wuqu/star/xj05_002.py (缺少类型注解)
  - 05/wuqu/star/xj05_003.py (缺少类型注解)
  - 05/wuqu/star/xj05_004.py (缺少类型注解)
  - 05/wuqu/star/xj05_005.py (缺少类型注解)
  - 05/wuqu/star/xj05_p1_001.py (缺少类型注解)
  - 05/wuqu/star/xj05_p1_002.py (缺少类型注解)
  - 05/wuqu/star/xj05_p1_003.py (缺少类型注解)
  - 05/wuqu/star/xj05_p1_004.py (缺少类型注解)
  - 05/wuqu/star/xj05_p1_005.py (缺少类型注解)
  - 05/wuqu/star/xj05_p2_001.py (缺少类型注解)
  - 05/wuqu/star/xj05_p2_002.py (缺少类型注解)
  - 06/pojun/star/obj_06_001.py (缺少类型注解)
  - 06/pojun/star/obj_06_002.py (缺少类型注解)
  - 06/pojun/star/obj_06_003.py (缺少类型注解)
  - 06/pojun/star/p2_06_013.py (缺少类型注解)
  - 06/pojun/star/p2_06_014.py (缺少类型注解)
  - 06/pojun/star/p3_06_011.py (缺少类型注解)
  - 06/pojun/star/p3_06_012.py (缺少类型注解)
  - 06/pojun/star/p4_06_011.py (缺少类型注解)
  - 06/pojun/star/p4_06_012.py (缺少类型注解)
  - 06/pojun/star/p5_06_011.py (缺少类型注解)
  - 06/pojun/star/p5_06_012.py (缺少类型注解)
  - 06/pojun/star/task_14.py (缺少类型注解)
  - 06/pojun/star/xj06_001.py (缺少类型注解)
  - 06/pojun/star/xj06_002.py (缺少类型注解)
  - 06/pojun/star/xj06_003.py (缺少类型注解)
  - 06/pojun/star/xj06_004.py (缺少类型注解)
  - 06/pojun/star/xj06_005.py (缺少类型注解)
  - 06/pojun/star/xj06_p1_001.py (缺少类型注解)
  - 06/pojun/star/xj06_p1_002.py (缺少类型注解)
  - 06/pojun/star/xj06_p1_003.py (缺少类型注解)
  - 06/pojun/star/xj06_p1_004.py (缺少类型注解)
  - 06/pojun/star/xj06_p1_005.py (缺少类型注解)
  - 06/pojun/star/xj06_p2_001.py (缺少类型注解)
  - 06/pojun/star/xj06_p2_002.py (缺少类型注解)
  - 07/zuofu/star/obj_07_001.py (缺少类型注解)
  - 07/zuofu/star/obj_07_002.py (缺少类型注解)
  - 07/zuofu/star/obj_07_003.py (缺少类型注解)
  - 07/zuofu/star/obj_07_004.py (缺少类型注解)
  - 07/zuofu/star/p2_07_015.py (缺少类型注解)
  - 07/zuofu/star/p2_07_016.py (缺少类型注解)
  - 07/zuofu/star/p3_07_013.py (缺少类型注解)
  - 07/zuofu/star/p3_07_014.py (缺少类型注解)
  - 07/zuofu/star/p4_07_013.py (缺少类型注解)
  - 07/zuofu/star/p4_07_014.py (缺少类型注解)
  - 07/zuofu/star/p5_07_013.py (缺少类型注解)
  - 07/zuofu/star/p5_07_014.py (缺少类型注解)
  - 07/zuofu/star/xj07_001.py (缺少类型注解)
  - 07/zuofu/star/xj07_002.py (缺少类型注解)
  - 07/zuofu/star/xj07_003.py (缺少类型注解)
  - 07/zuofu/star/xj07_004.py (缺少类型注解)
  - 07/zuofu/star/xj07_005.py (缺少类型注解)
  - 07/zuofu/star/xj07_p1_001.py (缺少类型注解)
  - 07/zuofu/star/xj07_p1_002.py (缺少类型注解)
  - 07/zuofu/star/xj07_p1_003.py (缺少类型注解)
  - 07/zuofu/star/xj07_p1_004.py (缺少类型注解)
  - 07/zuofu/star/xj07_p1_005.py (缺少类型注解)
  - 07/zuofu/star/xj07_p2_001.py (缺少类型注解)
  - 08/youbi/star/obj_08_001.py (缺少类型注解)
  - 08/youbi/star/obj_08_002.py (缺少类型注解)
  - 08/youbi/star/obj_08_003.py (缺少类型注解)
  - 08/youbi/star/p2_08_017.py (缺少类型注解)
  - 08/youbi/star/p2_08_018.py (缺少类型注解)
  - 08/youbi/star/p3_08_015.py (缺少类型注解)
  - 08/youbi/star/p3_08_016.py (缺少类型注解)
  - 08/youbi/star/p4_08_015.py (缺少类型注解)
  - 08/youbi/star/p4_08_016.py (缺少类型注解)
  - 08/youbi/star/p5_08_015.py (缺少类型注解)
  - 08/youbi/star/p5_08_016.py (缺少类型注解)
  - 08/youbi/star/task_15.py (缺少类型注解)
  - 08/youbi/star/task_16.py (缺少类型注解)
  - 08/youbi/star/task_17.py (缺少类型注解)
  - 08/youbi/star/xj08_001.py (缺少类型注解)
  - 08/youbi/star/xj08_003.py (缺少类型注解)
  - 08/youbi/star/xj08_004.py (缺少类型注解)
  - 08/youbi/star/xj08_p1_001.py (缺少类型注解)
  - 08/youbi/star/xj08_p1_003.py (缺少类型注解)
  - 08/youbi/star/xj08_p1_004.py (缺少类型注解)
  - 08/youbi/star/xj_p3_006.py (缺少类型注解)
  - 08/youbi/star/xj_p3_007.py (缺少类型注解)
  - 09/tanlang/star/obj_09_001.py (缺少类型注解)
  - 09/tanlang/star/obj_09_002.py (缺少类型注解)
  - 09/tanlang/star/obj_09_003.py (缺少类型注解)
  - 09/tanlang/star/p2_09_019.py (缺少类型注解)
  - 09/tanlang/star/p2_09_020.py (缺少类型注解)
  - 09/tanlang/star/p3_09_017.py (缺少类型注解)
  - 09/tanlang/star/p3_09_018.py (缺少类型注解)
  - 09/tanlang/star/p4_09_017.py (缺少类型注解)
  - 09/tanlang/star/p4_09_018.py (缺少类型注解)
  - 09/tanlang/star/p5_09_017.py (缺少类型注解)
  - 09/tanlang/star/p5_09_018.py (缺少类型注解)
  - 09/tanlang/star/task_18.py (缺少类型注解)
  - 09/tanlang/star/task_19.py (缺少类型注解)
  - 09/tanlang/star/task_20.py (缺少类型注解)
  - 09/tanlang/star/web_001.py (缺少类型注解)
  - 09/tanlang/star/web_002.py (缺少类型注解)
  - 09/tanlang/star/web_003.py (缺少类型注解)
  - 09/tanlang/star/web_004.py (缺少类型注解)
  - 09/tanlang/star/web_005.py (缺少类型注解)
  - 09/tanlang/star/xj09_001.py (缺少类型注解)
  - 09/tanlang/star/xj09_002.py (缺少类型注解)
  - 09/tanlang/star/xj09_003.py (缺少类型注解)
  - 09/tanlang/star/xj09_004.py (缺少类型注解)
  - 09/tanlang/star/xj09_005.py (缺少类型注解)
  - 09/tanlang/star/xj09_p1_001.py (缺少类型注解)
  - 09/tanlang/star/xj09_p1_002.py (缺少类型注解)
  - 09/tanlang/star/xj09_p1_003.py (缺少类型注解)
  - 09/tanlang/star/xj09_p1_004.py (缺少类型注解)
  - 09/tanlang/star/xj09_p1_005.py (缺少类型注解)
  - 10/fubi/star/doc_001.py (缺少类型注解)
  - 10/fubi/star/doc_002.py (缺少类型注解)
  - 10/fubi/star/doc_003.py (缺少类型注解)
  - 10/fubi/star/doc_004.py (缺少类型注解)
  - 10/fubi/star/doc_005.py (缺少类型注解)
  - 10/fubi/star/obj_10_001.py (缺少类型注解)
  - 10/fubi/star/obj_10_002.py (缺少类型注解)
  - 10/fubi/star/obj_10_003.py (缺少类型注解)
  - 10/fubi/star/p2_10_021.py (缺少类型注解)
  - 10/fubi/star/p2_10_022.py (缺少类型注解)
  - 10/fubi/star/p3_10_019.py (缺少类型注解)
  - 10/fubi/star/p3_10_020.py (缺少类型注解)
  - 10/fubi/star/p4_10_019.py (缺少类型注解)
  - 10/fubi/star/p4_10_020.py (缺少类型注解)
  - 10/fubi/star/p5_10_019.py (缺少类型注解)
  - 10/fubi/star/p5_10_020.py (缺少类型注解)
  - 10/fubi/star/xj10_001.py (缺少类型注解)
  - 10/fubi/star/xj10_002.py (缺少类型注解)
  - 10/fubi/star/xj10_003.py (缺少类型注解)
  - 10/fubi/star/xj10_004.py (缺少类型注解)
  - 10/fubi/star/xj10_005.py (缺少类型注解)
  - 10/fubi/star/xj10_p1_001.py (缺少类型注解)
  - 10/fubi/star/xj10_p1_002.py (缺少类型注解)
  - 10/fubi/star/xj10_p1_003.py (缺少类型注解)
  - 10/fubi/star/xj10_p1_004.py (缺少类型注解)
  - 10/fubi/star/xj10_p1_005.py (缺少类型注解)

=== 质检完成 ===
发现问题文件: 208 个
=== 张志远(002) 代码质检任务 ===
时间: Tue Mar 24 07:00:01 AM CST 2026

📊 代码统计:
  XJ-01: 40 文件, 1720 行
  XJ-02: 35 文件, 1330 行
  XJ-03: 25 文件, 925 行
  XJ-04: 25 文件, 650 行
  XJ-05: 24 文件, 624 行
  XJ-06: 24 文件, 624 行
  XJ-07: 23 文件, 598 行
  XJ-08: 24 文件, 658 行
  XJ-09: 29 文件, 754 行
  XJ-10: 26 文件, 676 行
  总计: 275 文件, 8559 行

📈 质量指标:
  文档覆盖率: 100.0%
  类型注解覆盖率: 37.1%

⚠️ 需要改进的文件:
  - 02/lucun/star/c_02_001.py (缺少类型注解)
  - 02/lucun/star/c_02_002.py (缺少类型注解)
  - 02/lucun/star/c_02_003.py (缺少类型注解)
  - 02/lucun/star/c_02_004.py (缺少类型注解)
  - 02/lucun/star/c_02_005.py (缺少类型注解)
  - 02/lucun/star/p2_02_004.py (缺少类型注解)
  - 02/lucun/star/p2_02_005.py (缺少类型注解)
  - 02/lucun/star/p2_02_006.py (缺少类型注解)
  - 02/lucun/star/p3_02_003.py (缺少类型注解)
  - 02/lucun/star/p3_02_004.py (缺少类型注解)
  - 02/lucun/star/p4_02_003.py (缺少类型注解)
  - 02/lucun/star/p4_02_004.py (缺少类型注解)
  - 02/lucun/star/p5_02_003.py (缺少类型注解)
  - 02/lucun/star/p5_02_004.py (缺少类型注解)
  - 02/lucun/star/task_01.py (缺少类型注解)
  - 02/lucun/star/task_02.py (缺少类型注解)
  - 02/lucun/star/task_03.py (缺少类型注解)
  - 02/lucun/star/task_04.py (缺少类型注解)
  - 02/lucun/star/task_05.py (缺少类型注解)
  - 02/lucun/star/task_06.py (缺少类型注解)
  - 02/lucun/star/task_07.py (缺少类型注解)
  - 02/lucun/star/task_08.py (缺少类型注解)
  - 02/lucun/star/task_9.py (缺少类型注解)
  - 02/lucun/star/xj02_001.py (缺少类型注解)
  - 02/lucun/star/xj02_002.py (缺少类型注解)
  - 02/lucun/star/xj02_003.py (缺少类型注解)
  - 02/lucun/star/xj02_004.py (缺少类型注解)
  - 02/lucun/star/xj02_p0_001.py (缺少类型注解)
  - 02/lucun/star/xj02_p0_002.py (缺少类型注解)
  - 02/lucun/star/xj02_p0_003.py (缺少类型注解)
  - 02/lucun/star/xj02_p1_001.py (缺少类型注解)
  - 02/lucun/star/xj02_p1_003.py (缺少类型注解)
  - 02/lucun/star/xj02_p2_001.py (缺少类型注解)
  - 02/lucun/star/xj02_p2_002.py (缺少类型注解)
  - 02/lucun/star/xj_p3_002.py (缺少类型注解)
  - 04/lianzheng/star/obj_04_001.py (缺少类型注解)
  - 04/lianzheng/star/obj_04_002.py (缺少类型注解)
  - 04/lianzheng/star/obj_04_003.py (缺少类型注解)
  - 04/lianzheng/star/p2_04_009.py (缺少类型注解)
  - 04/lianzheng/star/p2_04_010.py (缺少类型注解)
  - 04/lianzheng/star/p3_04_007.py (缺少类型注解)
  - 04/lianzheng/star/p3_04_008.py (缺少类型注解)
  - 04/lianzheng/star/p4_04_007.py (缺少类型注解)
  - 04/lianzheng/star/p4_04_008.py (缺少类型注解)
  - 04/lianzheng/star/p5_04_007.py (缺少类型注解)
  - 04/lianzheng/star/p5_04_008.py (缺少类型注解)
  - 04/lianzheng/star/task_11.py (缺少类型注解)
  - 04/lianzheng/star/task_12.py (缺少类型注解)
  - 04/lianzheng/star/xj04_001.py (缺少类型注解)
  - 04/lianzheng/star/xj04_002.py (缺少类型注解)
  - 04/lianzheng/star/xj04_003.py (缺少类型注解)
  - 04/lianzheng/star/xj04_004.py (缺少类型注解)
  - 04/lianzheng/star/xj04_005.py (缺少类型注解)
  - 04/lianzheng/star/xj04_p1_001.py (缺少类型注解)
  - 04/lianzheng/star/xj04_p1_002.py (缺少类型注解)
  - 04/lianzheng/star/xj04_p1_003.py (缺少类型注解)
  - 04/lianzheng/star/xj04_p1_004.py (缺少类型注解)
  - 04/lianzheng/star/xj04_p1_005.py (缺少类型注解)
  - 04/lianzheng/star/xj04_p2_001.py (缺少类型注解)
  - 04/lianzheng/star/xj04_p2_002.py (缺少类型注解)
  - 05/wuqu/star/obj_05_001.py (缺少类型注解)
  - 05/wuqu/star/obj_05_002.py (缺少类型注解)
  - 05/wuqu/star/obj_05_003.py (缺少类型注解)
  - 05/wuqu/star/p2_05_011.py (缺少类型注解)
  - 05/wuqu/star/p2_05_012.py (缺少类型注解)
  - 05/wuqu/star/p3_05_009.py (缺少类型注解)
  - 05/wuqu/star/p3_05_010.py (缺少类型注解)
  - 05/wuqu/star/p4_05_009.py (缺少类型注解)
  - 05/wuqu/star/p4_05_010.py (缺少类型注解)
  - 05/wuqu/star/p5_05_009.py (缺少类型注解)
  - 05/wuqu/star/p5_05_010.py (缺少类型注解)
  - 05/wuqu/star/task_13.py (缺少类型注解)
  - 05/wuqu/star/xj05_001.py (缺少类型注解)
  - 05/wuqu/star/xj05_002.py (缺少类型注解)
  - 05/wuqu/star/xj05_003.py (缺少类型注解)
  - 05/wuqu/star/xj05_004.py (缺少类型注解)
  - 05/wuqu/star/xj05_005.py (缺少类型注解)
  - 05/wuqu/star/xj05_p1_001.py (缺少类型注解)
  - 05/wuqu/star/xj05_p1_002.py (缺少类型注解)
  - 05/wuqu/star/xj05_p1_003.py (缺少类型注解)
  - 05/wuqu/star/xj05_p1_004.py (缺少类型注解)
  - 05/wuqu/star/xj05_p1_005.py (缺少类型注解)
  - 05/wuqu/star/xj05_p2_001.py (缺少类型注解)
  - 05/wuqu/star/xj05_p2_002.py (缺少类型注解)
  - 06/pojun/star/obj_06_001.py (缺少类型注解)
  - 06/pojun/star/obj_06_002.py (缺少类型注解)
  - 06/pojun/star/obj_06_003.py (缺少类型注解)
  - 06/pojun/star/p2_06_013.py (缺少类型注解)
  - 06/pojun/star/p2_06_014.py (缺少类型注解)
  - 06/pojun/star/p3_06_011.py (缺少类型注解)
  - 06/pojun/star/p3_06_012.py (缺少类型注解)
  - 06/pojun/star/p4_06_011.py (缺少类型注解)
  - 06/pojun/star/p4_06_012.py (缺少类型注解)
  - 06/pojun/star/p5_06_011.py (缺少类型注解)
  - 06/pojun/star/p5_06_012.py (缺少类型注解)
  - 06/pojun/star/task_14.py (缺少类型注解)
  - 06/pojun/star/xj06_001.py (缺少类型注解)
  - 06/pojun/star/xj06_002.py (缺少类型注解)
  - 06/pojun/star/xj06_003.py (缺少类型注解)
  - 06/pojun/star/xj06_004.py (缺少类型注解)
  - 06/pojun/star/xj06_005.py (缺少类型注解)
  - 06/pojun/star/xj06_p1_001.py (缺少类型注解)
  - 06/pojun/star/xj06_p1_002.py (缺少类型注解)
  - 06/pojun/star/xj06_p1_003.py (缺少类型注解)
  - 06/pojun/star/xj06_p1_004.py (缺少类型注解)
  - 06/pojun/star/xj06_p1_005.py (缺少类型注解)
  - 06/pojun/star/xj06_p2_001.py (缺少类型注解)
  - 06/pojun/star/xj06_p2_002.py (缺少类型注解)
  - 07/zuofu/star/obj_07_001.py (缺少类型注解)
  - 07/zuofu/star/obj_07_002.py (缺少类型注解)
  - 07/zuofu/star/obj_07_003.py (缺少类型注解)
  - 07/zuofu/star/obj_07_004.py (缺少类型注解)
  - 07/zuofu/star/p2_07_015.py (缺少类型注解)
  - 07/zuofu/star/p2_07_016.py (缺少类型注解)
  - 07/zuofu/star/p3_07_013.py (缺少类型注解)
  - 07/zuofu/star/p3_07_014.py (缺少类型注解)
  - 07/zuofu/star/p4_07_013.py (缺少类型注解)
  - 07/zuofu/star/p4_07_014.py (缺少类型注解)
  - 07/zuofu/star/p5_07_013.py (缺少类型注解)
  - 07/zuofu/star/p5_07_014.py (缺少类型注解)
  - 07/zuofu/star/xj07_001.py (缺少类型注解)
  - 07/zuofu/star/xj07_002.py (缺少类型注解)
  - 07/zuofu/star/xj07_003.py (缺少类型注解)
  - 07/zuofu/star/xj07_004.py (缺少类型注解)
  - 07/zuofu/star/xj07_005.py (缺少类型注解)
  - 07/zuofu/star/xj07_p1_001.py (缺少类型注解)
  - 07/zuofu/star/xj07_p1_002.py (缺少类型注解)
  - 07/zuofu/star/xj07_p1_003.py (缺少类型注解)
  - 07/zuofu/star/xj07_p1_004.py (缺少类型注解)
  - 07/zuofu/star/xj07_p1_005.py (缺少类型注解)
  - 07/zuofu/star/xj07_p2_001.py (缺少类型注解)
  - 08/youbi/star/obj_08_001.py (缺少类型注解)
  - 08/youbi/star/obj_08_002.py (缺少类型注解)
  - 08/youbi/star/obj_08_003.py (缺少类型注解)
  - 08/youbi/star/p2_08_017.py (缺少类型注解)
  - 08/youbi/star/p2_08_018.py (缺少类型注解)
  - 08/youbi/star/p3_08_015.py (缺少类型注解)
  - 08/youbi/star/p3_08_016.py (缺少类型注解)
  - 08/youbi/star/p4_08_015.py (缺少类型注解)
  - 08/youbi/star/p4_08_016.py (缺少类型注解)
  - 08/youbi/star/p5_08_015.py (缺少类型注解)
  - 08/youbi/star/p5_08_016.py (缺少类型注解)
  - 08/youbi/star/task_15.py (缺少类型注解)
  - 08/youbi/star/task_16.py (缺少类型注解)
  - 08/youbi/star/task_17.py (缺少类型注解)
  - 08/youbi/star/xj08_001.py (缺少类型注解)
  - 08/youbi/star/xj08_003.py (缺少类型注解)
  - 08/youbi/star/xj08_004.py (缺少类型注解)
  - 08/youbi/star/xj08_p1_001.py (缺少类型注解)
  - 08/youbi/star/xj08_p1_003.py (缺少类型注解)
  - 08/youbi/star/xj08_p1_004.py (缺少类型注解)
  - 08/youbi/star/xj_p3_006.py (缺少类型注解)
  - 08/youbi/star/xj_p3_007.py (缺少类型注解)
  - 09/tanlang/star/obj_09_001.py (缺少类型注解)
  - 09/tanlang/star/obj_09_002.py (缺少类型注解)
  - 09/tanlang/star/obj_09_003.py (缺少类型注解)
  - 09/tanlang/star/p2_09_019.py (缺少类型注解)
  - 09/tanlang/star/p2_09_020.py (缺少类型注解)
  - 09/tanlang/star/p3_09_017.py (缺少类型注解)
  - 09/tanlang/star/p3_09_018.py (缺少类型注解)
  - 09/tanlang/star/p4_09_017.py (缺少类型注解)
  - 09/tanlang/star/p4_09_018.py (缺少类型注解)
  - 09/tanlang/star/p5_09_017.py (缺少类型注解)
  - 09/tanlang/star/p5_09_018.py (缺少类型注解)
  - 09/tanlang/star/task_18.py (缺少类型注解)
  - 09/tanlang/star/task_19.py (缺少类型注解)
  - 09/tanlang/star/task_20.py (缺少类型注解)
  - 09/tanlang/star/web_001.py (缺少类型注解)
  - 09/tanlang/star/web_002.py (缺少类型注解)
  - 09/tanlang/star/web_003.py (缺少类型注解)
  - 09/tanlang/star/web_004.py (缺少类型注解)
  - 09/tanlang/star/web_005.py (缺少类型注解)
  - 09/tanlang/star/xj09_001.py (缺少类型注解)
  - 09/tanlang/star/xj09_002.py (缺少类型注解)
  - 09/tanlang/star/xj09_003.py (缺少类型注解)
  - 09/tanlang/star/xj09_004.py (缺少类型注解)
  - 09/tanlang/star/xj09_005.py (缺少类型注解)
  - 09/tanlang/star/xj09_p1_001.py (缺少类型注解)
  - 09/tanlang/star/xj09_p1_002.py (缺少类型注解)
  - 09/tanlang/star/xj09_p1_003.py (缺少类型注解)
  - 09/tanlang/star/xj09_p1_004.py (缺少类型注解)
  - 09/tanlang/star/xj09_p1_005.py (缺少类型注解)
  - 10/fubi/star/doc_001.py (缺少类型注解)
  - 10/fubi/star/doc_002.py (缺少类型注解)
  - 10/fubi/star/doc_003.py (缺少类型注解)
  - 10/fubi/star/doc_004.py (缺少类型注解)
  - 10/fubi/star/doc_005.py (缺少类型注解)
  - 10/fubi/star/obj_10_001.py (缺少类型注解)
  - 10/fubi/star/obj_10_002.py (缺少类型注解)
  - 10/fubi/star/obj_10_003.py (缺少类型注解)
  - 10/fubi/star/p2_10_021.py (缺少类型注解)
  - 10/fubi/star/p2_10_022.py (缺少类型注解)
  - 10/fubi/star/p3_10_019.py (缺少类型注解)
  - 10/fubi/star/p3_10_020.py (缺少类型注解)
  - 10/fubi/star/p4_10_019.py (缺少类型注解)
  - 10/fubi/star/p4_10_020.py (缺少类型注解)
  - 10/fubi/star/p5_10_019.py (缺少类型注解)
  - 10/fubi/star/p5_10_020.py (缺少类型注解)
  - 10/fubi/star/xj10_001.py (缺少类型注解)
  - 10/fubi/star/xj10_002.py (缺少类型注解)
  - 10/fubi/star/xj10_003.py (缺少类型注解)
  - 10/fubi/star/xj10_004.py (缺少类型注解)
  - 10/fubi/star/xj10_005.py (缺少类型注解)
  - 10/fubi/star/xj10_p1_001.py (缺少类型注解)
  - 10/fubi/star/xj10_p1_002.py (缺少类型注解)
  - 10/fubi/star/xj10_p1_003.py (缺少类型注解)
  - 10/fubi/star/xj10_p1_004.py (缺少类型注解)
  - 10/fubi/star/xj10_p1_005.py (缺少类型注解)

=== 质检完成 ===
发现问题文件: 208 个
=== 张志远(002) 代码质检任务 ===
时间: Tue Mar 24 07:30:01 AM CST 2026

📊 代码统计:
  XJ-01: 40 文件, 1720 行
  XJ-02: 35 文件, 1330 行
  XJ-03: 25 文件, 925 行
  XJ-04: 25 文件, 650 行
  XJ-05: 24 文件, 624 行
  XJ-06: 24 文件, 624 行
  XJ-07: 23 文件, 598 行
  XJ-08: 24 文件, 658 行
  XJ-09: 29 文件, 754 行
  XJ-10: 26 文件, 676 行
  总计: 275 文件, 8559 行

📈 质量指标:
  文档覆盖率: 100.0%
  类型注解覆盖率: 37.1%

⚠️ 需要改进的文件:
  - 02/lucun/star/c_02_001.py (缺少类型注解)
  - 02/lucun/star/c_02_002.py (缺少类型注解)
  - 02/lucun/star/c_02_003.py (缺少类型注解)
  - 02/lucun/star/c_02_004.py (缺少类型注解)
  - 02/lucun/star/c_02_005.py (缺少类型注解)
  - 02/lucun/star/p2_02_004.py (缺少类型注解)
  - 02/lucun/star/p2_02_005.py (缺少类型注解)
  - 02/lucun/star/p2_02_006.py (缺少类型注解)
  - 02/lucun/star/p3_02_003.py (缺少类型注解)
  - 02/lucun/star/p3_02_004.py (缺少类型注解)
  - 02/lucun/star/p4_02_003.py (缺少类型注解)
  - 02/lucun/star/p4_02_004.py (缺少类型注解)
  - 02/lucun/star/p5_02_003.py (缺少类型注解)
  - 02/lucun/star/p5_02_004.py (缺少类型注解)
  - 02/lucun/star/task_01.py (缺少类型注解)
  - 02/lucun/star/task_02.py (缺少类型注解)
  - 02/lucun/star/task_03.py (缺少类型注解)
  - 02/lucun/star/task_04.py (缺少类型注解)
  - 02/lucun/star/task_05.py (缺少类型注解)
  - 02/lucun/star/task_06.py (缺少类型注解)
  - 02/lucun/star/task_07.py (缺少类型注解)
  - 02/lucun/star/task_08.py (缺少类型注解)
  - 02/lucun/star/task_9.py (缺少类型注解)
  - 02/lucun/star/xj02_001.py (缺少类型注解)
  - 02/lucun/star/xj02_002.py (缺少类型注解)
  - 02/lucun/star/xj02_003.py (缺少类型注解)
  - 02/lucun/star/xj02_004.py (缺少类型注解)
  - 02/lucun/star/xj02_p0_001.py (缺少类型注解)
  - 02/lucun/star/xj02_p0_002.py (缺少类型注解)
  - 02/lucun/star/xj02_p0_003.py (缺少类型注解)
  - 02/lucun/star/xj02_p1_001.py (缺少类型注解)
  - 02/lucun/star/xj02_p1_003.py (缺少类型注解)
  - 02/lucun/star/xj02_p2_001.py (缺少类型注解)
  - 02/lucun/star/xj02_p2_002.py (缺少类型注解)
  - 02/lucun/star/xj_p3_002.py (缺少类型注解)
  - 04/lianzheng/star/obj_04_001.py (缺少类型注解)
  - 04/lianzheng/star/obj_04_002.py (缺少类型注解)
  - 04/lianzheng/star/obj_04_003.py (缺少类型注解)
  - 04/lianzheng/star/p2_04_009.py (缺少类型注解)
  - 04/lianzheng/star/p2_04_010.py (缺少类型注解)
  - 04/lianzheng/star/p3_04_007.py (缺少类型注解)
  - 04/lianzheng/star/p3_04_008.py (缺少类型注解)
  - 04/lianzheng/star/p4_04_007.py (缺少类型注解)
  - 04/lianzheng/star/p4_04_008.py (缺少类型注解)
  - 04/lianzheng/star/p5_04_007.py (缺少类型注解)
  - 04/lianzheng/star/p5_04_008.py (缺少类型注解)
  - 04/lianzheng/star/task_11.py (缺少类型注解)
  - 04/lianzheng/star/task_12.py (缺少类型注解)
  - 04/lianzheng/star/xj04_001.py (缺少类型注解)
  - 04/lianzheng/star/xj04_002.py (缺少类型注解)
  - 04/lianzheng/star/xj04_003.py (缺少类型注解)
  - 04/lianzheng/star/xj04_004.py (缺少类型注解)
  - 04/lianzheng/star/xj04_005.py (缺少类型注解)
  - 04/lianzheng/star/xj04_p1_001.py (缺少类型注解)
  - 04/lianzheng/star/xj04_p1_002.py (缺少类型注解)
  - 04/lianzheng/star/xj04_p1_003.py (缺少类型注解)
  - 04/lianzheng/star/xj04_p1_004.py (缺少类型注解)
  - 04/lianzheng/star/xj04_p1_005.py (缺少类型注解)
  - 04/lianzheng/star/xj04_p2_001.py (缺少类型注解)
  - 04/lianzheng/star/xj04_p2_002.py (缺少类型注解)
  - 05/wuqu/star/obj_05_001.py (缺少类型注解)
  - 05/wuqu/star/obj_05_002.py (缺少类型注解)
  - 05/wuqu/star/obj_05_003.py (缺少类型注解)
  - 05/wuqu/star/p2_05_011.py (缺少类型注解)
  - 05/wuqu/star/p2_05_012.py (缺少类型注解)
  - 05/wuqu/star/p3_05_009.py (缺少类型注解)
  - 05/wuqu/star/p3_05_010.py (缺少类型注解)
  - 05/wuqu/star/p4_05_009.py (缺少类型注解)
  - 05/wuqu/star/p4_05_010.py (缺少类型注解)
  - 05/wuqu/star/p5_05_009.py (缺少类型注解)
  - 05/wuqu/star/p5_05_010.py (缺少类型注解)
  - 05/wuqu/star/task_13.py (缺少类型注解)
  - 05/wuqu/star/xj05_001.py (缺少类型注解)
  - 05/wuqu/star/xj05_002.py (缺少类型注解)
  - 05/wuqu/star/xj05_003.py (缺少类型注解)
  - 05/wuqu/star/xj05_004.py (缺少类型注解)
  - 05/wuqu/star/xj05_005.py (缺少类型注解)
  - 05/wuqu/star/xj05_p1_001.py (缺少类型注解)
  - 05/wuqu/star/xj05_p1_002.py (缺少类型注解)
  - 05/wuqu/star/xj05_p1_003.py (缺少类型注解)
  - 05/wuqu/star/xj05_p1_004.py (缺少类型注解)
  - 05/wuqu/star/xj05_p1_005.py (缺少类型注解)
  - 05/wuqu/star/xj05_p2_001.py (缺少类型注解)
  - 05/wuqu/star/xj05_p2_002.py (缺少类型注解)
  - 06/pojun/star/obj_06_001.py (缺少类型注解)
  - 06/pojun/star/obj_06_002.py (缺少类型注解)
  - 06/pojun/star/obj_06_003.py (缺少类型注解)
  - 06/pojun/star/p2_06_013.py (缺少类型注解)
  - 06/pojun/star/p2_06_014.py (缺少类型注解)
  - 06/pojun/star/p3_06_011.py (缺少类型注解)
  - 06/pojun/star/p3_06_012.py (缺少类型注解)
  - 06/pojun/star/p4_06_011.py (缺少类型注解)
  - 06/pojun/star/p4_06_012.py (缺少类型注解)
  - 06/pojun/star/p5_06_011.py (缺少类型注解)
  - 06/pojun/star/p5_06_012.py (缺少类型注解)
  - 06/pojun/star/task_14.py (缺少类型注解)
  - 06/pojun/star/xj06_001.py (缺少类型注解)
  - 06/pojun/star/xj06_002.py (缺少类型注解)
  - 06/pojun/star/xj06_003.py (缺少类型注解)
  - 06/pojun/star/xj06_004.py (缺少类型注解)
  - 06/pojun/star/xj06_005.py (缺少类型注解)
  - 06/pojun/star/xj06_p1_001.py (缺少类型注解)
  - 06/pojun/star/xj06_p1_002.py (缺少类型注解)
  - 06/pojun/star/xj06_p1_003.py (缺少类型注解)
  - 06/pojun/star/xj06_p1_004.py (缺少类型注解)
  - 06/pojun/star/xj06_p1_005.py (缺少类型注解)
  - 06/pojun/star/xj06_p2_001.py (缺少类型注解)
  - 06/pojun/star/xj06_p2_002.py (缺少类型注解)
  - 07/zuofu/star/obj_07_001.py (缺少类型注解)
  - 07/zuofu/star/obj_07_002.py (缺少类型注解)
  - 07/zuofu/star/obj_07_003.py (缺少类型注解)
  - 07/zuofu/star/obj_07_004.py (缺少类型注解)
  - 07/zuofu/star/p2_07_015.py (缺少类型注解)
  - 07/zuofu/star/p2_07_016.py (缺少类型注解)
  - 07/zuofu/star/p3_07_013.py (缺少类型注解)
  - 07/zuofu/star/p3_07_014.py (缺少类型注解)
  - 07/zuofu/star/p4_07_013.py (缺少类型注解)
  - 07/zuofu/star/p4_07_014.py (缺少类型注解)
  - 07/zuofu/star/p5_07_013.py (缺少类型注解)
  - 07/zuofu/star/p5_07_014.py (缺少类型注解)
  - 07/zuofu/star/xj07_001.py (缺少类型注解)
  - 07/zuofu/star/xj07_002.py (缺少类型注解)
  - 07/zuofu/star/xj07_003.py (缺少类型注解)
  - 07/zuofu/star/xj07_004.py (缺少类型注解)
  - 07/zuofu/star/xj07_005.py (缺少类型注解)
  - 07/zuofu/star/xj07_p1_001.py (缺少类型注解)
  - 07/zuofu/star/xj07_p1_002.py (缺少类型注解)
  - 07/zuofu/star/xj07_p1_003.py (缺少类型注解)
  - 07/zuofu/star/xj07_p1_004.py (缺少类型注解)
  - 07/zuofu/star/xj07_p1_005.py (缺少类型注解)
  - 07/zuofu/star/xj07_p2_001.py (缺少类型注解)
  - 08/youbi/star/obj_08_001.py (缺少类型注解)
  - 08/youbi/star/obj_08_002.py (缺少类型注解)
  - 08/youbi/star/obj_08_003.py (缺少类型注解)
  - 08/youbi/star/p2_08_017.py (缺少类型注解)
  - 08/youbi/star/p2_08_018.py (缺少类型注解)
  - 08/youbi/star/p3_08_015.py (缺少类型注解)
  - 08/youbi/star/p3_08_016.py (缺少类型注解)
  - 08/youbi/star/p4_08_015.py (缺少类型注解)
  - 08/youbi/star/p4_08_016.py (缺少类型注解)
  - 08/youbi/star/p5_08_015.py (缺少类型注解)
  - 08/youbi/star/p5_08_016.py (缺少类型注解)
  - 08/youbi/star/task_15.py (缺少类型注解)
  - 08/youbi/star/task_16.py (缺少类型注解)
  - 08/youbi/star/task_17.py (缺少类型注解)
  - 08/youbi/star/xj08_001.py (缺少类型注解)
  - 08/youbi/star/xj08_003.py (缺少类型注解)
  - 08/youbi/star/xj08_004.py (缺少类型注解)
  - 08/youbi/star/xj08_p1_001.py (缺少类型注解)
  - 08/youbi/star/xj08_p1_003.py (缺少类型注解)
  - 08/youbi/star/xj08_p1_004.py (缺少类型注解)
  - 08/youbi/star/xj_p3_006.py (缺少类型注解)
  - 08/youbi/star/xj_p3_007.py (缺少类型注解)
  - 09/tanlang/star/obj_09_001.py (缺少类型注解)
  - 09/tanlang/star/obj_09_002.py (缺少类型注解)
  - 09/tanlang/star/obj_09_003.py (缺少类型注解)
  - 09/tanlang/star/p2_09_019.py (缺少类型注解)
  - 09/tanlang/star/p2_09_020.py (缺少类型注解)
  - 09/tanlang/star/p3_09_017.py (缺少类型注解)
  - 09/tanlang/star/p3_09_018.py (缺少类型注解)
  - 09/tanlang/star/p4_09_017.py (缺少类型注解)
  - 09/tanlang/star/p4_09_018.py (缺少类型注解)
  - 09/tanlang/star/p5_09_017.py (缺少类型注解)
  - 09/tanlang/star/p5_09_018.py (缺少类型注解)
  - 09/tanlang/star/task_18.py (缺少类型注解)
  - 09/tanlang/star/task_19.py (缺少类型注解)
  - 09/tanlang/star/task_20.py (缺少类型注解)
  - 09/tanlang/star/web_001.py (缺少类型注解)
  - 09/tanlang/star/web_002.py (缺少类型注解)
  - 09/tanlang/star/web_003.py (缺少类型注解)
  - 09/tanlang/star/web_004.py (缺少类型注解)
  - 09/tanlang/star/web_005.py (缺少类型注解)
  - 09/tanlang/star/xj09_001.py (缺少类型注解)
  - 09/tanlang/star/xj09_002.py (缺少类型注解)
  - 09/tanlang/star/xj09_003.py (缺少类型注解)
  - 09/tanlang/star/xj09_004.py (缺少类型注解)
  - 09/tanlang/star/xj09_005.py (缺少类型注解)
  - 09/tanlang/star/xj09_p1_001.py (缺少类型注解)
  - 09/tanlang/star/xj09_p1_002.py (缺少类型注解)
  - 09/tanlang/star/xj09_p1_003.py (缺少类型注解)
  - 09/tanlang/star/xj09_p1_004.py (缺少类型注解)
  - 09/tanlang/star/xj09_p1_005.py (缺少类型注解)
  - 10/fubi/star/doc_001.py (缺少类型注解)
  - 10/fubi/star/doc_002.py (缺少类型注解)
  - 10/fubi/star/doc_003.py (缺少类型注解)
  - 10/fubi/star/doc_004.py (缺少类型注解)
  - 10/fubi/star/doc_005.py (缺少类型注解)
  - 10/fubi/star/obj_10_001.py (缺少类型注解)
  - 10/fubi/star/obj_10_002.py (缺少类型注解)
  - 10/fubi/star/obj_10_003.py (缺少类型注解)
  - 10/fubi/star/p2_10_021.py (缺少类型注解)
  - 10/fubi/star/p2_10_022.py (缺少类型注解)
  - 10/fubi/star/p3_10_019.py (缺少类型注解)
  - 10/fubi/star/p3_10_020.py (缺少类型注解)
  - 10/fubi/star/p4_10_019.py (缺少类型注解)
  - 10/fubi/star/p4_10_020.py (缺少类型注解)
  - 10/fubi/star/p5_10_019.py (缺少类型注解)
  - 10/fubi/star/p5_10_020.py (缺少类型注解)
  - 10/fubi/star/xj10_001.py (缺少类型注解)
  - 10/fubi/star/xj10_002.py (缺少类型注解)
  - 10/fubi/star/xj10_003.py (缺少类型注解)
  - 10/fubi/star/xj10_004.py (缺少类型注解)
  - 10/fubi/star/xj10_005.py (缺少类型注解)
  - 10/fubi/star/xj10_p1_001.py (缺少类型注解)
  - 10/fubi/star/xj10_p1_002.py (缺少类型注解)
  - 10/fubi/star/xj10_p1_003.py (缺少类型注解)
  - 10/fubi/star/xj10_p1_004.py (缺少类型注解)
  - 10/fubi/star/xj10_p1_005.py (缺少类型注解)

=== 质检完成 ===
发现问题文件: 208 个
=== 张志远(002) 代码质检任务 ===
时间: Tue Mar 24 08:00:01 AM CST 2026

📊 代码统计:
  XJ-01: 40 文件, 1720 行
  XJ-02: 35 文件, 1330 行
  XJ-03: 25 文件, 925 行
  XJ-04: 25 文件, 650 行
  XJ-05: 24 文件, 624 行
  XJ-06: 24 文件, 624 行
  XJ-07: 23 文件, 598 行
  XJ-08: 24 文件, 658 行
  XJ-09: 29 文件, 754 行
  XJ-10: 26 文件, 676 行
  总计: 275 文件, 8559 行

📈 质量指标:
  文档覆盖率: 100.0%
  类型注解覆盖率: 37.1%

⚠️ 需要改进的文件:
  - 02/lucun/star/c_02_001.py (缺少类型注解)
  - 02/lucun/star/c_02_002.py (缺少类型注解)
  - 02/lucun/star/c_02_003.py (缺少类型注解)
  - 02/lucun/star/c_02_004.py (缺少类型注解)
  - 02/lucun/star/c_02_005.py (缺少类型注解)
  - 02/lucun/star/p2_02_004.py (缺少类型注解)
  - 02/lucun/star/p2_02_005.py (缺少类型注解)
  - 02/lucun/star/p2_02_006.py (缺少类型注解)
  - 02/lucun/star/p3_02_003.py (缺少类型注解)
  - 02/lucun/star/p3_02_004.py (缺少类型注解)
  - 02/lucun/star/p4_02_003.py (缺少类型注解)
  - 02/lucun/star/p4_02_004.py (缺少类型注解)
  - 02/lucun/star/p5_02_003.py (缺少类型注解)
  - 02/lucun/star/p5_02_004.py (缺少类型注解)
  - 02/lucun/star/task_01.py (缺少类型注解)
  - 02/lucun/star/task_02.py (缺少类型注解)
  - 02/lucun/star/task_03.py (缺少类型注解)
  - 02/lucun/star/task_04.py (缺少类型注解)
  - 02/lucun/star/task_05.py (缺少类型注解)
  - 02/lucun/star/task_06.py (缺少类型注解)
  - 02/lucun/star/task_07.py (缺少类型注解)
  - 02/lucun/star/task_08.py (缺少类型注解)
  - 02/lucun/star/task_9.py (缺少类型注解)
  - 02/lucun/star/xj02_001.py (缺少类型注解)
  - 02/lucun/star/xj02_002.py (缺少类型注解)
  - 02/lucun/star/xj02_003.py (缺少类型注解)
  - 02/lucun/star/xj02_004.py (缺少类型注解)
  - 02/lucun/star/xj02_p0_001.py (缺少类型注解)
  - 02/lucun/star/xj02_p0_002.py (缺少类型注解)
  - 02/lucun/star/xj02_p0_003.py (缺少类型注解)
  - 02/lucun/star/xj02_p1_001.py (缺少类型注解)
  - 02/lucun/star/xj02_p1_003.py (缺少类型注解)
  - 02/lucun/star/xj02_p2_001.py (缺少类型注解)
  - 02/lucun/star/xj02_p2_002.py (缺少类型注解)
  - 02/lucun/star/xj_p3_002.py (缺少类型注解)
  - 04/lianzheng/star/obj_04_001.py (缺少类型注解)
  - 04/lianzheng/star/obj_04_002.py (缺少类型注解)
  - 04/lianzheng/star/obj_04_003.py (缺少类型注解)
  - 04/lianzheng/star/p2_04_009.py (缺少类型注解)
  - 04/lianzheng/star/p2_04_010.py (缺少类型注解)
  - 04/lianzheng/star/p3_04_007.py (缺少类型注解)
  - 04/lianzheng/star/p3_04_008.py (缺少类型注解)
  - 04/lianzheng/star/p4_04_007.py (缺少类型注解)
  - 04/lianzheng/star/p4_04_008.py (缺少类型注解)
  - 04/lianzheng/star/p5_04_007.py (缺少类型注解)
  - 04/lianzheng/star/p5_04_008.py (缺少类型注解)
  - 04/lianzheng/star/task_11.py (缺少类型注解)
  - 04/lianzheng/star/task_12.py (缺少类型注解)
  - 04/lianzheng/star/xj04_001.py (缺少类型注解)
  - 04/lianzheng/star/xj04_002.py (缺少类型注解)
  - 04/lianzheng/star/xj04_003.py (缺少类型注解)
  - 04/lianzheng/star/xj04_004.py (缺少类型注解)
  - 04/lianzheng/star/xj04_005.py (缺少类型注解)
  - 04/lianzheng/star/xj04_p1_001.py (缺少类型注解)
  - 04/lianzheng/star/xj04_p1_002.py (缺少类型注解)
  - 04/lianzheng/star/xj04_p1_003.py (缺少类型注解)
  - 04/lianzheng/star/xj04_p1_004.py (缺少类型注解)
  - 04/lianzheng/star/xj04_p1_005.py (缺少类型注解)
  - 04/lianzheng/star/xj04_p2_001.py (缺少类型注解)
  - 04/lianzheng/star/xj04_p2_002.py (缺少类型注解)
  - 05/wuqu/star/obj_05_001.py (缺少类型注解)
  - 05/wuqu/star/obj_05_002.py (缺少类型注解)
  - 05/wuqu/star/obj_05_003.py (缺少类型注解)
  - 05/wuqu/star/p2_05_011.py (缺少类型注解)
  - 05/wuqu/star/p2_05_012.py (缺少类型注解)
  - 05/wuqu/star/p3_05_009.py (缺少类型注解)
  - 05/wuqu/star/p3_05_010.py (缺少类型注解)
  - 05/wuqu/star/p4_05_009.py (缺少类型注解)
  - 05/wuqu/star/p4_05_010.py (缺少类型注解)
  - 05/wuqu/star/p5_05_009.py (缺少类型注解)
  - 05/wuqu/star/p5_05_010.py (缺少类型注解)
  - 05/wuqu/star/task_13.py (缺少类型注解)
  - 05/wuqu/star/xj05_001.py (缺少类型注解)
  - 05/wuqu/star/xj05_002.py (缺少类型注解)
  - 05/wuqu/star/xj05_003.py (缺少类型注解)
  - 05/wuqu/star/xj05_004.py (缺少类型注解)
  - 05/wuqu/star/xj05_005.py (缺少类型注解)
  - 05/wuqu/star/xj05_p1_001.py (缺少类型注解)
  - 05/wuqu/star/xj05_p1_002.py (缺少类型注解)
  - 05/wuqu/star/xj05_p1_003.py (缺少类型注解)
  - 05/wuqu/star/xj05_p1_004.py (缺少类型注解)
  - 05/wuqu/star/xj05_p1_005.py (缺少类型注解)
  - 05/wuqu/star/xj05_p2_001.py (缺少类型注解)
  - 05/wuqu/star/xj05_p2_002.py (缺少类型注解)
  - 06/pojun/star/obj_06_001.py (缺少类型注解)
  - 06/pojun/star/obj_06_002.py (缺少类型注解)
  - 06/pojun/star/obj_06_003.py (缺少类型注解)
  - 06/pojun/star/p2_06_013.py (缺少类型注解)
  - 06/pojun/star/p2_06_014.py (缺少类型注解)
  - 06/pojun/star/p3_06_011.py (缺少类型注解)
  - 06/pojun/star/p3_06_012.py (缺少类型注解)
  - 06/pojun/star/p4_06_011.py (缺少类型注解)
  - 06/pojun/star/p4_06_012.py (缺少类型注解)
  - 06/pojun/star/p5_06_011.py (缺少类型注解)
  - 06/pojun/star/p5_06_012.py (缺少类型注解)
  - 06/pojun/star/task_14.py (缺少类型注解)
  - 06/pojun/star/xj06_001.py (缺少类型注解)
  - 06/pojun/star/xj06_002.py (缺少类型注解)
  - 06/pojun/star/xj06_003.py (缺少类型注解)
  - 06/pojun/star/xj06_004.py (缺少类型注解)
  - 06/pojun/star/xj06_005.py (缺少类型注解)
  - 06/pojun/star/xj06_p1_001.py (缺少类型注解)
  - 06/pojun/star/xj06_p1_002.py (缺少类型注解)
  - 06/pojun/star/xj06_p1_003.py (缺少类型注解)
  - 06/pojun/star/xj06_p1_004.py (缺少类型注解)
  - 06/pojun/star/xj06_p1_005.py (缺少类型注解)
  - 06/pojun/star/xj06_p2_001.py (缺少类型注解)
  - 06/pojun/star/xj06_p2_002.py (缺少类型注解)
  - 07/zuofu/star/obj_07_001.py (缺少类型注解)
  - 07/zuofu/star/obj_07_002.py (缺少类型注解)
  - 07/zuofu/star/obj_07_003.py (缺少类型注解)
  - 07/zuofu/star/obj_07_004.py (缺少类型注解)
  - 07/zuofu/star/p2_07_015.py (缺少类型注解)
  - 07/zuofu/star/p2_07_016.py (缺少类型注解)
  - 07/zuofu/star/p3_07_013.py (缺少类型注解)
  - 07/zuofu/star/p3_07_014.py (缺少类型注解)
  - 07/zuofu/star/p4_07_013.py (缺少类型注解)
  - 07/zuofu/star/p4_07_014.py (缺少类型注解)
  - 07/zuofu/star/p5_07_013.py (缺少类型注解)
  - 07/zuofu/star/p5_07_014.py (缺少类型注解)
  - 07/zuofu/star/xj07_001.py (缺少类型注解)
  - 07/zuofu/star/xj07_002.py (缺少类型注解)
  - 07/zuofu/star/xj07_003.py (缺少类型注解)
  - 07/zuofu/star/xj07_004.py (缺少类型注解)
  - 07/zuofu/star/xj07_005.py (缺少类型注解)
  - 07/zuofu/star/xj07_p1_001.py (缺少类型注解)
  - 07/zuofu/star/xj07_p1_002.py (缺少类型注解)
  - 07/zuofu/star/xj07_p1_003.py (缺少类型注解)
  - 07/zuofu/star/xj07_p1_004.py (缺少类型注解)
  - 07/zuofu/star/xj07_p1_005.py (缺少类型注解)
  - 07/zuofu/star/xj07_p2_001.py (缺少类型注解)
  - 08/youbi/star/obj_08_001.py (缺少类型注解)
  - 08/youbi/star/obj_08_002.py (缺少类型注解)
  - 08/youbi/star/obj_08_003.py (缺少类型注解)
  - 08/youbi/star/p2_08_017.py (缺少类型注解)
  - 08/youbi/star/p2_08_018.py (缺少类型注解)
  - 08/youbi/star/p3_08_015.py (缺少类型注解)
  - 08/youbi/star/p3_08_016.py (缺少类型注解)
  - 08/youbi/star/p4_08_015.py (缺少类型注解)
  - 08/youbi/star/p4_08_016.py (缺少类型注解)
  - 08/youbi/star/p5_08_015.py (缺少类型注解)
  - 08/youbi/star/p5_08_016.py (缺少类型注解)
  - 08/youbi/star/task_15.py (缺少类型注解)
  - 08/youbi/star/task_16.py (缺少类型注解)
  - 08/youbi/star/task_17.py (缺少类型注解)
  - 08/youbi/star/xj08_001.py (缺少类型注解)
  - 08/youbi/star/xj08_003.py (缺少类型注解)
  - 08/youbi/star/xj08_004.py (缺少类型注解)
  - 08/youbi/star/xj08_p1_001.py (缺少类型注解)
  - 08/youbi/star/xj08_p1_003.py (缺少类型注解)
  - 08/youbi/star/xj08_p1_004.py (缺少类型注解)
  - 08/youbi/star/xj_p3_006.py (缺少类型注解)
  - 08/youbi/star/xj_p3_007.py (缺少类型注解)
  - 09/tanlang/star/obj_09_001.py (缺少类型注解)
  - 09/tanlang/star/obj_09_002.py (缺少类型注解)
  - 09/tanlang/star/obj_09_003.py (缺少类型注解)
  - 09/tanlang/star/p2_09_019.py (缺少类型注解)
  - 09/tanlang/star/p2_09_020.py (缺少类型注解)
  - 09/tanlang/star/p3_09_017.py (缺少类型注解)
  - 09/tanlang/star/p3_09_018.py (缺少类型注解)
  - 09/tanlang/star/p4_09_017.py (缺少类型注解)
  - 09/tanlang/star/p4_09_018.py (缺少类型注解)
  - 09/tanlang/star/p5_09_017.py (缺少类型注解)
  - 09/tanlang/star/p5_09_018.py (缺少类型注解)
  - 09/tanlang/star/task_18.py (缺少类型注解)
  - 09/tanlang/star/task_19.py (缺少类型注解)
  - 09/tanlang/star/task_20.py (缺少类型注解)
  - 09/tanlang/star/web_001.py (缺少类型注解)
  - 09/tanlang/star/web_002.py (缺少类型注解)
  - 09/tanlang/star/web_003.py (缺少类型注解)
  - 09/tanlang/star/web_004.py (缺少类型注解)
  - 09/tanlang/star/web_005.py (缺少类型注解)
  - 09/tanlang/star/xj09_001.py (缺少类型注解)
  - 09/tanlang/star/xj09_002.py (缺少类型注解)
  - 09/tanlang/star/xj09_003.py (缺少类型注解)
  - 09/tanlang/star/xj09_004.py (缺少类型注解)
  - 09/tanlang/star/xj09_005.py (缺少类型注解)
  - 09/tanlang/star/xj09_p1_001.py (缺少类型注解)
  - 09/tanlang/star/xj09_p1_002.py (缺少类型注解)
  - 09/tanlang/star/xj09_p1_003.py (缺少类型注解)
  - 09/tanlang/star/xj09_p1_004.py (缺少类型注解)
  - 09/tanlang/star/xj09_p1_005.py (缺少类型注解)
  - 10/fubi/star/doc_001.py (缺少类型注解)
  - 10/fubi/star/doc_002.py (缺少类型注解)
  - 10/fubi/star/doc_003.py (缺少类型注解)
  - 10/fubi/star/doc_004.py (缺少类型注解)
  - 10/fubi/star/doc_005.py (缺少类型注解)
  - 10/fubi/star/obj_10_001.py (缺少类型注解)
  - 10/fubi/star/obj_10_002.py (缺少类型注解)
  - 10/fubi/star/obj_10_003.py (缺少类型注解)
  - 10/fubi/star/p2_10_021.py (缺少类型注解)
  - 10/fubi/star/p2_10_022.py (缺少类型注解)
  - 10/fubi/star/p3_10_019.py (缺少类型注解)
  - 10/fubi/star/p3_10_020.py (缺少类型注解)
  - 10/fubi/star/p4_10_019.py (缺少类型注解)
  - 10/fubi/star/p4_10_020.py (缺少类型注解)
  - 10/fubi/star/p5_10_019.py (缺少类型注解)
  - 10/fubi/star/p5_10_020.py (缺少类型注解)
  - 10/fubi/star/xj10_001.py (缺少类型注解)
  - 10/fubi/star/xj10_002.py (缺少类型注解)
  - 10/fubi/star/xj10_003.py (缺少类型注解)
  - 10/fubi/star/xj10_004.py (缺少类型注解)
  - 10/fubi/star/xj10_005.py (缺少类型注解)
  - 10/fubi/star/xj10_p1_001.py (缺少类型注解)
  - 10/fubi/star/xj10_p1_002.py (缺少类型注解)
  - 10/fubi/star/xj10_p1_003.py (缺少类型注解)
  - 10/fubi/star/xj10_p1_004.py (缺少类型注解)
  - 10/fubi/star/xj10_p1_005.py (缺少类型注解)

=== 质检完成 ===
发现问题文件: 208 个
=== 张志远(002) 代码质检任务 ===
时间: Tue Mar 24 08:30:01 AM CST 2026

📊 代码统计:
  XJ-01: 40 文件, 1720 行
  XJ-02: 35 文件, 1330 行
  XJ-03: 25 文件, 925 行
  XJ-04: 25 文件, 650 行
  XJ-05: 24 文件, 624 行
  XJ-06: 24 文件, 624 行
  XJ-07: 23 文件, 598 行
  XJ-08: 24 文件, 658 行
  XJ-09: 29 文件, 754 行
  XJ-10: 26 文件, 676 行
  总计: 275 文件, 8559 行

📈 质量指标:
  文档覆盖率: 100.0%
  类型注解覆盖率: 37.1%

⚠️ 需要改进的文件:
  - 02/lucun/star/c_02_001.py (缺少类型注解)
  - 02/lucun/star/c_02_002.py (缺少类型注解)
  - 02/lucun/star/c_02_003.py (缺少类型注解)
  - 02/lucun/star/c_02_004.py (缺少类型注解)
  - 02/lucun/star/c_02_005.py (缺少类型注解)
  - 02/lucun/star/p2_02_004.py (缺少类型注解)
  - 02/lucun/star/p2_02_005.py (缺少类型注解)
  - 02/lucun/star/p2_02_006.py (缺少类型注解)
  - 02/lucun/star/p3_02_003.py (缺少类型注解)
  - 02/lucun/star/p3_02_004.py (缺少类型注解)
  - 02/lucun/star/p4_02_003.py (缺少类型注解)
  - 02/lucun/star/p4_02_004.py (缺少类型注解)
  - 02/lucun/star/p5_02_003.py (缺少类型注解)
  - 02/lucun/star/p5_02_004.py (缺少类型注解)
  - 02/lucun/star/task_01.py (缺少类型注解)
  - 02/lucun/star/task_02.py (缺少类型注解)
  - 02/lucun/star/task_03.py (缺少类型注解)
  - 02/lucun/star/task_04.py (缺少类型注解)
  - 02/lucun/star/task_05.py (缺少类型注解)
  - 02/lucun/star/task_06.py (缺少类型注解)
  - 02/lucun/star/task_07.py (缺少类型注解)
  - 02/lucun/star/task_08.py (缺少类型注解)
  - 02/lucun/star/task_9.py (缺少类型注解)
  - 02/lucun/star/xj02_001.py (缺少类型注解)
  - 02/lucun/star/xj02_002.py (缺少类型注解)
  - 02/lucun/star/xj02_003.py (缺少类型注解)
  - 02/lucun/star/xj02_004.py (缺少类型注解)
  - 02/lucun/star/xj02_p0_001.py (缺少类型注解)
  - 02/lucun/star/xj02_p0_002.py (缺少类型注解)
  - 02/lucun/star/xj02_p0_003.py (缺少类型注解)
  - 02/lucun/star/xj02_p1_001.py (缺少类型注解)
  - 02/lucun/star/xj02_p1_003.py (缺少类型注解)
  - 02/lucun/star/xj02_p2_001.py (缺少类型注解)
  - 02/lucun/star/xj02_p2_002.py (缺少类型注解)
  - 02/lucun/star/xj_p3_002.py (缺少类型注解)
  - 04/lianzheng/star/obj_04_001.py (缺少类型注解)
  - 04/lianzheng/star/obj_04_002.py (缺少类型注解)
  - 04/lianzheng/star/obj_04_003.py (缺少类型注解)
  - 04/lianzheng/star/p2_04_009.py (缺少类型注解)
  - 04/lianzheng/star/p2_04_010.py (缺少类型注解)
  - 04/lianzheng/star/p3_04_007.py (缺少类型注解)
  - 04/lianzheng/star/p3_04_008.py (缺少类型注解)
  - 04/lianzheng/star/p4_04_007.py (缺少类型注解)
  - 04/lianzheng/star/p4_04_008.py (缺少类型注解)
  - 04/lianzheng/star/p5_04_007.py (缺少类型注解)
  - 04/lianzheng/star/p5_04_008.py (缺少类型注解)
  - 04/lianzheng/star/task_11.py (缺少类型注解)
  - 04/lianzheng/star/task_12.py (缺少类型注解)
  - 04/lianzheng/star/xj04_001.py (缺少类型注解)
  - 04/lianzheng/star/xj04_002.py (缺少类型注解)
  - 04/lianzheng/star/xj04_003.py (缺少类型注解)
  - 04/lianzheng/star/xj04_004.py (缺少类型注解)
  - 04/lianzheng/star/xj04_005.py (缺少类型注解)
  - 04/lianzheng/star/xj04_p1_001.py (缺少类型注解)
  - 04/lianzheng/star/xj04_p1_002.py (缺少类型注解)
  - 04/lianzheng/star/xj04_p1_003.py (缺少类型注解)
  - 04/lianzheng/star/xj04_p1_004.py (缺少类型注解)
  - 04/lianzheng/star/xj04_p1_005.py (缺少类型注解)
  - 04/lianzheng/star/xj04_p2_001.py (缺少类型注解)
  - 04/lianzheng/star/xj04_p2_002.py (缺少类型注解)
  - 05/wuqu/star/obj_05_001.py (缺少类型注解)
  - 05/wuqu/star/obj_05_002.py (缺少类型注解)
  - 05/wuqu/star/obj_05_003.py (缺少类型注解)
  - 05/wuqu/star/p2_05_011.py (缺少类型注解)
  - 05/wuqu/star/p2_05_012.py (缺少类型注解)
  - 05/wuqu/star/p3_05_009.py (缺少类型注解)
  - 05/wuqu/star/p3_05_010.py (缺少类型注解)
  - 05/wuqu/star/p4_05_009.py (缺少类型注解)
  - 05/wuqu/star/p4_05_010.py (缺少类型注解)
  - 05/wuqu/star/p5_05_009.py (缺少类型注解)
  - 05/wuqu/star/p5_05_010.py (缺少类型注解)
  - 05/wuqu/star/task_13.py (缺少类型注解)
  - 05/wuqu/star/xj05_001.py (缺少类型注解)
  - 05/wuqu/star/xj05_002.py (缺少类型注解)
  - 05/wuqu/star/xj05_003.py (缺少类型注解)
  - 05/wuqu/star/xj05_004.py (缺少类型注解)
  - 05/wuqu/star/xj05_005.py (缺少类型注解)
  - 05/wuqu/star/xj05_p1_001.py (缺少类型注解)
  - 05/wuqu/star/xj05_p1_002.py (缺少类型注解)
  - 05/wuqu/star/xj05_p1_003.py (缺少类型注解)
  - 05/wuqu/star/xj05_p1_004.py (缺少类型注解)
  - 05/wuqu/star/xj05_p1_005.py (缺少类型注解)
  - 05/wuqu/star/xj05_p2_001.py (缺少类型注解)
  - 05/wuqu/star/xj05_p2_002.py (缺少类型注解)
  - 06/pojun/star/obj_06_001.py (缺少类型注解)
  - 06/pojun/star/obj_06_002.py (缺少类型注解)
  - 06/pojun/star/obj_06_003.py (缺少类型注解)
  - 06/pojun/star/p2_06_013.py (缺少类型注解)
  - 06/pojun/star/p2_06_014.py (缺少类型注解)
  - 06/pojun/star/p3_06_011.py (缺少类型注解)
  - 06/pojun/star/p3_06_012.py (缺少类型注解)
  - 06/pojun/star/p4_06_011.py (缺少类型注解)
  - 06/pojun/star/p4_06_012.py (缺少类型注解)
  - 06/pojun/star/p5_06_011.py (缺少类型注解)
  - 06/pojun/star/p5_06_012.py (缺少类型注解)
  - 06/pojun/star/task_14.py (缺少类型注解)
  - 06/pojun/star/xj06_001.py (缺少类型注解)
  - 06/pojun/star/xj06_002.py (缺少类型注解)
  - 06/pojun/star/xj06_003.py (缺少类型注解)
  - 06/pojun/star/xj06_004.py (缺少类型注解)
  - 06/pojun/star/xj06_005.py (缺少类型注解)
  - 06/pojun/star/xj06_p1_001.py (缺少类型注解)
  - 06/pojun/star/xj06_p1_002.py (缺少类型注解)
  - 06/pojun/star/xj06_p1_003.py (缺少类型注解)
  - 06/pojun/star/xj06_p1_004.py (缺少类型注解)
  - 06/pojun/star/xj06_p1_005.py (缺少类型注解)
  - 06/pojun/star/xj06_p2_001.py (缺少类型注解)
  - 06/pojun/star/xj06_p2_002.py (缺少类型注解)
  - 07/zuofu/star/obj_07_001.py (缺少类型注解)
  - 07/zuofu/star/obj_07_002.py (缺少类型注解)
  - 07/zuofu/star/obj_07_003.py (缺少类型注解)
  - 07/zuofu/star/obj_07_004.py (缺少类型注解)
  - 07/zuofu/star/p2_07_015.py (缺少类型注解)
  - 07/zuofu/star/p2_07_016.py (缺少类型注解)
  - 07/zuofu/star/p3_07_013.py (缺少类型注解)
  - 07/zuofu/star/p3_07_014.py (缺少类型注解)
  - 07/zuofu/star/p4_07_013.py (缺少类型注解)
  - 07/zuofu/star/p4_07_014.py (缺少类型注解)
  - 07/zuofu/star/p5_07_013.py (缺少类型注解)
  - 07/zuofu/star/p5_07_014.py (缺少类型注解)
  - 07/zuofu/star/xj07_001.py (缺少类型注解)
  - 07/zuofu/star/xj07_002.py (缺少类型注解)
  - 07/zuofu/star/xj07_003.py (缺少类型注解)
  - 07/zuofu/star/xj07_004.py (缺少类型注解)
  - 07/zuofu/star/xj07_005.py (缺少类型注解)
  - 07/zuofu/star/xj07_p1_001.py (缺少类型注解)
  - 07/zuofu/star/xj07_p1_002.py (缺少类型注解)
  - 07/zuofu/star/xj07_p1_003.py (缺少类型注解)
  - 07/zuofu/star/xj07_p1_004.py (缺少类型注解)
  - 07/zuofu/star/xj07_p1_005.py (缺少类型注解)
  - 07/zuofu/star/xj07_p2_001.py (缺少类型注解)
  - 08/youbi/star/obj_08_001.py (缺少类型注解)
  - 08/youbi/star/obj_08_002.py (缺少类型注解)
  - 08/youbi/star/obj_08_003.py (缺少类型注解)
  - 08/youbi/star/p2_08_017.py (缺少类型注解)
  - 08/youbi/star/p2_08_018.py (缺少类型注解)
  - 08/youbi/star/p3_08_015.py (缺少类型注解)
  - 08/youbi/star/p3_08_016.py (缺少类型注解)
  - 08/youbi/star/p4_08_015.py (缺少类型注解)
  - 08/youbi/star/p4_08_016.py (缺少类型注解)
  - 08/youbi/star/p5_08_015.py (缺少类型注解)
  - 08/youbi/star/p5_08_016.py (缺少类型注解)
  - 08/youbi/star/task_15.py (缺少类型注解)
  - 08/youbi/star/task_16.py (缺少类型注解)
  - 08/youbi/star/task_17.py (缺少类型注解)
  - 08/youbi/star/xj08_001.py (缺少类型注解)
  - 08/youbi/star/xj08_003.py (缺少类型注解)
  - 08/youbi/star/xj08_004.py (缺少类型注解)
  - 08/youbi/star/xj08_p1_001.py (缺少类型注解)
  - 08/youbi/star/xj08_p1_003.py (缺少类型注解)
  - 08/youbi/star/xj08_p1_004.py (缺少类型注解)
  - 08/youbi/star/xj_p3_006.py (缺少类型注解)
  - 08/youbi/star/xj_p3_007.py (缺少类型注解)
  - 09/tanlang/star/obj_09_001.py (缺少类型注解)
  - 09/tanlang/star/obj_09_002.py (缺少类型注解)
  - 09/tanlang/star/obj_09_003.py (缺少类型注解)
  - 09/tanlang/star/p2_09_019.py (缺少类型注解)
  - 09/tanlang/star/p2_09_020.py (缺少类型注解)
  - 09/tanlang/star/p3_09_017.py (缺少类型注解)
  - 09/tanlang/star/p3_09_018.py (缺少类型注解)
  - 09/tanlang/star/p4_09_017.py (缺少类型注解)
  - 09/tanlang/star/p4_09_018.py (缺少类型注解)
  - 09/tanlang/star/p5_09_017.py (缺少类型注解)
  - 09/tanlang/star/p5_09_018.py (缺少类型注解)
  - 09/tanlang/star/task_18.py (缺少类型注解)
  - 09/tanlang/star/task_19.py (缺少类型注解)
  - 09/tanlang/star/task_20.py (缺少类型注解)
  - 09/tanlang/star/web_001.py (缺少类型注解)
  - 09/tanlang/star/web_002.py (缺少类型注解)
  - 09/tanlang/star/web_003.py (缺少类型注解)
  - 09/tanlang/star/web_004.py (缺少类型注解)
  - 09/tanlang/star/web_005.py (缺少类型注解)
  - 09/tanlang/star/xj09_001.py (缺少类型注解)
  - 09/tanlang/star/xj09_002.py (缺少类型注解)
  - 09/tanlang/star/xj09_003.py (缺少类型注解)
  - 09/tanlang/star/xj09_004.py (缺少类型注解)
  - 09/tanlang/star/xj09_005.py (缺少类型注解)
  - 09/tanlang/star/xj09_p1_001.py (缺少类型注解)
  - 09/tanlang/star/xj09_p1_002.py (缺少类型注解)
  - 09/tanlang/star/xj09_p1_003.py (缺少类型注解)
  - 09/tanlang/star/xj09_p1_004.py (缺少类型注解)
  - 09/tanlang/star/xj09_p1_005.py (缺少类型注解)
  - 10/fubi/star/doc_001.py (缺少类型注解)
  - 10/fubi/star/doc_002.py (缺少类型注解)
  - 10/fubi/star/doc_003.py (缺少类型注解)
  - 10/fubi/star/doc_004.py (缺少类型注解)
  - 10/fubi/star/doc_005.py (缺少类型注解)
  - 10/fubi/star/obj_10_001.py (缺少类型注解)
  - 10/fubi/star/obj_10_002.py (缺少类型注解)
  - 10/fubi/star/obj_10_003.py (缺少类型注解)
  - 10/fubi/star/p2_10_021.py (缺少类型注解)
  - 10/fubi/star/p2_10_022.py (缺少类型注解)
  - 10/fubi/star/p3_10_019.py (缺少类型注解)
  - 10/fubi/star/p3_10_020.py (缺少类型注解)
  - 10/fubi/star/p4_10_019.py (缺少类型注解)
  - 10/fubi/star/p4_10_020.py (缺少类型注解)
  - 10/fubi/star/p5_10_019.py (缺少类型注解)
  - 10/fubi/star/p5_10_020.py (缺少类型注解)
  - 10/fubi/star/xj10_001.py (缺少类型注解)
  - 10/fubi/star/xj10_002.py (缺少类型注解)
  - 10/fubi/star/xj10_003.py (缺少类型注解)
  - 10/fubi/star/xj10_004.py (缺少类型注解)
  - 10/fubi/star/xj10_005.py (缺少类型注解)
  - 10/fubi/star/xj10_p1_001.py (缺少类型注解)
  - 10/fubi/star/xj10_p1_002.py (缺少类型注解)
  - 10/fubi/star/xj10_p1_003.py (缺少类型注解)
  - 10/fubi/star/xj10_p1_004.py (缺少类型注解)
  - 10/fubi/star/xj10_p1_005.py (缺少类型注解)

=== 质检完成 ===
发现问题文件: 208 个
